1.0000000000e+02,1.0000000000e+01,0.0000000000e+00,1.9937701225e+00
1.0000000000e+02,1.0000000000e+01,1.0000000000e+00,2.9820246696e+00
1.0000000000e+02,1.0000000000e+01,2.0000000000e+00,4.3433866501e+00
1.0000000000e+02,1.0000000000e+01,3.0000000000e+00,6.0404901505e+00
1.0000000000e+02,1.0000000000e+01,4.0000000000e+00,7.6499609947e+00
1.0000000000e+02,1.0000000000e+01,5.0000000000e+00,9.1646461487e+00
1.0000000000e+02,1.0000000000e+01,6.0000000000e+00,1.0596540451e+01
1.0000000000e+02,1.0000000000e+01,7.0000000000e+00,1.1979442596e+01
1.0000000000e+02,1.0000000000e+01,8.0000000000e+00,1.3341988564e+01
1.0000000000e+02,1.0000000000e+01,9.0000000000e+00,1.4707043648e+01
1.0000000000e+02,1.0000000000e+01,1.0000000000e+01,1.6092216492e+01
1.0000000000e+02,1.0000000000e+01,1.1000000000e+01,1.7511030197e+01
1.0000000000e+02,1.0000000000e+01,1.2000000000e+01,1.8973945618e+01
1.0000000000e+02,1.0000000000e+01,1.3000000000e+01,2.0489147186e+01
1.0000000000e+02,1.0000000000e+01,1.4000000000e+01,2.2063104630e+01
1.0000000000e+02,1.0000000000e+01,1.5000000000e+01,2.3700988770e+01
1.0000000000e+02,1.0000000000e+01,1.6000000000e+01,2.5406986237e+01
1.0000000000e+02,1.0000000000e+01,1.7000000000e+01,2.7184503555e+01
1.0000000000e+02,1.0000000000e+01,1.8000000000e+01,2.9036352158e+01
1.0000000000e+02,1.0000000000e+01,1.9000000000e+01,3.0964859009e+01
1.0000000000e+02,1.0000000000e+01,2.0000000000e+01,3.2971965790e+01
1.0000000000e+02,1.0000000000e+01,2.1000000000e+01,3.5059303284e+01
1.0000000000e+02,1.0000000000e+01,2.2000000000e+01,3.7228256226e+01
1.0000000000e+02,1.0000000000e+01,2.3000000000e+01,3.9479988098e+01
1.0000000000e+02,1.0000000000e+01,2.4000000000e+01,4.1815490723e+01
1.0000000000e+02,1.0000000000e+01,2.5000000000e+01,4.4235622406e+01
1.0000000000e+02,1.0000000000e+01,2.6000000000e+01,4.6741119385e+01
1.0000000000e+02,1.0000000000e+01,2.7000000000e+01,4.9332592010e+01
1.0000000000e+02,1.0000000000e+01,2.8000000000e+01,5.2010597229e+01
1.0000000000e+02,1.0000000000e+01,2.9000000000e+01,5.4775588989e+01
1.0000000000e+02,1.0000000000e+01,3.0000000000e+01,5.7627998352e+01
1.0000000000e+02,1.0000000000e+01,3.1000000000e+01,6.0568141937e+01
1.0000000000e+02,1.4000000000e+01,0.0000000000e+00,2.0051896572e+00
1.0000000000e+02,1.4000000000e+01,1.0000000000e+00,2.8376858234e+00
1.0000000000e+02,1.4000000000e+01,2.0000000000e+00,4.1396703720e+00
1.0000000000e+02,1.4000000000e+01,3.0000000000e+00,5.8924002647e+00
1.0000000000e+02,1.4000000000e+01,4.0000000000e+00,7.6248974800e+00
1.0000000000e+02,1.4000000000e+01,5.0000000000e+00,9.2874813080e+00
1.0000000000e+02,1.4000000000e+01,6.0000000000e+00,1.0840697289e+01
1.0000000000e+02,1.4000000000e+01,7.0000000000e+00,1.2304676056e+01
1.0000000000e+02,1.4000000000e+01,8.0000000000e+00,1.3701309204e+01
1.0000000000e+02,1.4000000000e+01,9.0000000000e+00,1.5052724838e+01
1.0000000000e+02,1.4000000000e+01,1.0000000000e+01,1.6377639771e+01
1.0000000000e+02,1.4000000000e+01,1.1000000000e+01,1.7691392899e+01
1.0000000000e+02,1.4000000000e+01,1.2000000000e+01,1.9006378174e+01
1.0000000000e+02,1.4000000000e+01,1.3000000000e+01,2.0332597733e+01
1.0000000000e+02,1.4000000000e+01,1.4000000000e+01,2.1678161621e+01
1.0000000000e+02,1.4000000000e+01,1.5000000000e+01,2.3049676895e+01
1.0000000000e+02,1.4000000000e+01,1.6000000000e+01,2.4452583313e+01
1.0000000000e+02,1.4000000000e+01,1.7000000000e+01,2.5891374588e+01
1.0000000000e+02,1.4000000000e+01,1.8000000000e+01,2.7369792938e+01
1.0000000000e+02,1.4000000000e+01,1.9000000000e+01,2.8890989304e+01
1.0000000000e+02,1.4000000000e+01,2.0000000000e+01,3.0457614899e+01
1.0000000000e+02,1.4000000000e+01,2.1000000000e+01,3.2071929932e+01
1.0000000000e+02,1.4000000000e+01,2.2000000000e+01,3.3735855103e+01
1.0000000000e+02,1.4000000000e+01,2.3000000000e+01,3.5451049805e+01
1.0000000000e+02,1.4000000000e+01,2.4000000000e+01,3.7218933105e+01
1.0000000000e+02,1.4000000000e+01,2.5000000000e+01,3.9040733337e+01
1.0000000000e+02,1.4000000000e+01,2.6000000000e+01,4.0917526245e+01
1.0000000000e+02,1.4000000000e+01,2.7000000000e+01,4.2850238800e+01
1.0000000000e+02,1.4000000000e+01,2.8000000000e+01,4.4839683533e+01
1.0000000000e+02,1.4000000000e+01,2.9000000000e+01,4.6886581421e+01
1.0000000000e+02,1.4000000000e+01,3.0000000000e+01,4.8991550446e+01
1.0000000000e+02,1.4000000000e+01,3.1000000000e+01,5.1155143738e+01
1.0000000000e+02,1.9000000000e+01,0.0000000000e+00,2.0057823658e+00
1.0000000000e+02,1.9000000000e+01,1.0000000000e+00,2.7195208073e+00
1.0000000000e+02,1.9000000000e+01,2.0000000000e+00,3.9422216415e+00
1.0000000000e+02,1.9000000000e+01,3.0000000000e+00,5.7027311325e+00
1.0000000000e+02,1.9000000000e+01,4.0000000000e+00,7.5709633827e+00
1.0000000000e+02,1.9000000000e+01,5.0000000000e+00,9.4914093018e+00
1.0000000000e+02,1.9000000000e+01,6.0000000000e+00,1.1368366241e+01
1.0000000000e+02,1.9000000000e+01,7.0000000000e+00,1.3197553635e+01
1.0000000000e+02,1.9000000000e+01,8.0000000000e+00,1.4978255272e+01
1.0000000000e+02,1.9000000000e+01,9.0000000000e+00,1.6723051071e+01
1.0000000000e+02,1.9000000000e+01,1.0000000000e+01,1.8445100784e+01
1.0000000000e+02,1.9000000000e+01,1.1000000000e+01,2.0157661438e+01
1.0000000000e+02,1.9000000000e+01,1.2000000000e+01,2.1872589111e+01
1.0000000000e+02,1.9000000000e+01,1.3000000000e+01,2.3600269318e+01
1.0000000000e+02,1.9000000000e+01,1.4000000000e+01,2.5349609375e+01
1.0000000000e+02,1.9000000000e+01,1.5000000000e+01,2.7128200531e+01
1.0000000000e+02,1.9000000000e+01,1.6000000000e+01,2.8942508698e+01
1.0000000000e+02,1.9000000000e+01,1.7000000000e+01,3.0798027039e+01
1.0000000000e+02,1.9000000000e+01,1.8000000000e+01,3.2699447632e+01
1.0000000000e+02,1.9000000000e+01,1.9000000000e+01,3.4650779724e+01
1.0000000000e+02,1.9000000000e+01,2.0000000000e+01,3.6655456543e+01
1.0000000000e+02,1.9000000000e+01,2.1000000000e+01,3.8716442108e+01
1.0000000000e+02,1.9000000000e+01,2.2000000000e+01,4.0836280823e+01
1.0000000000e+02,1.9000000000e+01,2.3000000000e+01,4.3017181396e+01
1.0000000000e+02,1.9000000000e+01,2.4000000000e+01,4.5261077881e+01
1.0000000000e+02,1.9000000000e+01,2.5000000000e+01,4.7569625854e+01
1.0000000000e+02,1.9000000000e+01,2.6000000000e+01,4.9944286346e+01
1.0000000000e+02,1.9000000000e+01,2.7000000000e+01,5.2386337280e+01
1.0000000000e+02,1.9000000000e+01,2.8000000000e+01,5.4896892548e+01
1.0000000000e+02,1.9000000000e+01,2.9000000000e+01,5.7476943970e+01
1.0000000000e+02,1.9000000000e+01,3.0000000000e+01,6.0127353668e+01
1.0000000000e+02,1.9000000000e+01,3.1000000000e+01,6.2848880768e+01
1.0000000000e+02,2.7000000000e+01,0.0000000000e+00,1.9942065477e+00
1.0000000000e+02,2.7000000000e+01,1.0000000000e+00,2.5472524166e+00
1.0000000000e+02,2.7000000000e+01,2.0000000000e+00,3.6813721657e+00
1.0000000000e+02,2.7000000000e+01,3.0000000000e+00,5.3594937325e+00
1.0000000000e+02,2.7000000000e+01,4.0000000000e+00,7.2350950241e+00
1.0000000000e+02,2.7000000000e+01,5.0000000000e+00,9.2634944916e+00
1.0000000000e+02,2.7000000000e+01,6.0000000000e+00,1.1323480606e+01
1.0000000000e+02,2.7000000000e+01,7.0000000000e+00,1.3393453598e+01
1.0000000000e+02,2.7000000000e+01,8.0000000000e+00,1.5442731857e+01
1.0000000000e+02,2.7000000000e+01,9.0000000000e+00,1.7469154358e+01
1.0000000000e+02,2.7000000000e+01,1.0000000000e+01,1.9472740173e+01
1.0000000000e+02,2.7000000000e+01,1.1000000000e+01,2.1459394455e+01
1.0000000000e+02,2.7000000000e+01,1.2000000000e+01,2.3436124802e+01
1.0000000000e+02,2.7000000000e+01,1.3000000000e+01,2.5410640717e+01
1.0000000000e+02,2.7000000000e+01,1.4000000000e+01,2.7390415192e+01
1.0000000000e+02,2.7000000000e+01,1.5000000000e+01,2.9382501602e+01
1.0000000000e+02,2.7000000000e+01,1.6000000000e+01,3.1393323898e+01
1.0000000000e+02,2.7000000000e+01,1.7000000000e+01,3.3428688049e+01
1.0000000000e+02,2.7000000000e+01,1.8000000000e+01,3.5493793488e+01
1.0000000000e+02,2.7000000000e+01,1.9000000000e+01,3.7593246460e+01
1.0000000000e+02,2.7000000000e+01,2.0000000000e+01,3.9731159210e+01
1.0000000000e+02,2.7000000000e+01,2.1000000000e+01,4.1911148071e+01
1.0000000000e+02,2.7000000000e+01,2.2000000000e+01,4.4136451721e+01
1.0000000000e+02,2.7000000000e+01,2.3000000000e+01,4.6409915924e+01
1.0000000000e+02,2.7000000000e+01,2.4000000000e+01,4.8734066010e+01
1.0000000000e+02,2.7000000000e+01,2.5000000000e+01,5.1111167908e+01
1.0000000000e+02,2.7000000000e+01,2.6000000000e+01,5.3543216705e+01
1.0000000000e+02,2.7000000000e+01,2.7000000000e+01,5.6031997681e+01
1.0000000000e+02,2.7000000000e+01,2.8000000000e+01,5.8579086304e+01
1.0000000000e+02,2.7000000000e+01,2.9000000000e+01,6.1185920715e+01
1.0000000000e+02,2.7000000000e+01,3.0000000000e+01,6.3853755951e+01
1.0000000000e+02,2.7000000000e+01,3.1000000000e+01,6.6583732605e+01
1.0000000000e+02,3.7000000000e+01,0.0000000000e+00,1.9995632172e+00
1.0000000000e+02,3.7000000000e+01,1.0000000000e+00,2.4136765003e+00
1.0000000000e+02,3.7000000000e+01,2.0000000000e+00,3.3674089909e+00
1.0000000000e+02,3.7000000000e+01,3.0000000000e+00,4.8187842369e+00
1.0000000000e+02,3.7000000000e+01,4.0000000000e+00,6.4713487625e+00
1.0000000000e+02,3.7000000000e+01,5.0000000000e+00,8.3297100067e+00
1.0000000000e+02,3.7000000000e+01,6.0000000000e+00,1.0270678520e+01
1.0000000000e+02,3.7000000000e+01,7.0000000000e+00,1.2291502953e+01
1.0000000000e+02,3.7000000000e+01,8.0000000000e+00,1.4336488724e+01
1.0000000000e+02,3.7000000000e+01,9.0000000000e+00,1.6404939651e+01
1.0000000000e+02,3.7000000000e+01,1.0000000000e+01,1.8476747513e+01
1.0000000000e+02,3.7000000000e+01,1.1000000000e+01,2.0553365707e+01
1.0000000000e+02,3.7000000000e+01,1.2000000000e+01,2.2631071091e+01
1.0000000000e+02,3.7000000000e+01,1.3000000000e+01,2.4712921143e+01
1.0000000000e+02,3.7000000000e+01,1.4000000000e+01,2.6801048279e+01
1.0000000000e+02,3.7000000000e+01,1.5000000000e+01,2.8899379730e+01
1.0000000000e+02,3.7000000000e+01,1.6000000000e+01,3.1011631012e+01
1.0000000000e+02,3.7000000000e+01,1.7000000000e+01,3.3141860962e+01
1.0000000000e+02,3.7000000000e+01,1.8000000000e+01,3.5293903351e+01
1.0000000000e+02,3.7000000000e+01,1.9000000000e+01,3.7471504211e+01
1.0000000000e+02,3.7000000000e+01,2.0000000000e+01,3.9678157806e+01
1.0000000000e+02,3.7000000000e+01,2.1000000000e+01,4.1917121887e+01
1.0000000000e+02,3.7000000000e+01,2.2000000000e+01,4.4191406250e+01
1.0000000000e+02,3.7000000000e+01,2.3000000000e+01,4.6503780365e+01
1.0000000000e+02,3.7000000000e+01,2.4000000000e+01,4.8856781006e+01
1.0000000000e+02,3.7000000000e+01,2.5000000000e+01,5.1252723694e+01
1.0000000000e+02,3.7000000000e+01,2.6000000000e+01,5.3693717957e+01
1.0000000000e+02,3.7000000000e+01,2.7000000000e+01,5.6181690216e+01
1.0000000000e+02,3.7000000000e+01,2.8000000000e+01,5.8718391418e+01
1.0000000000e+02,3.7000000000e+01,2.9000000000e+01,6.1305408478e+01
1.0000000000e+02,3.7000000000e+01,3.0000000000e+01,6.3944183350e+01
1.0000000000e+02,3.7000000000e+01,3.1000000000e+01,6.6636039734e+01
1.0000000000e+02,5.2000000000e+01,0.0000000000e+00,2.0059063435e+00
1.0000000000e+02,5.2000000000e+01,1.0000000000e+00,2.1883480549e+00
1.0000000000e+02,5.2000000000e+01,2.0000000000e+00,2.8133542538e+00
1.0000000000e+02,5.2000000000e+01,3.0000000000e+00,3.8671441078e+00
1.0000000000e+02,5.2000000000e+01,4.0000000000e+00,5.0845499039e+00
1.0000000000e+02,5.2000000000e+01,5.0000000000e+00,6.4949336052e+00
1.0000000000e+02,5.2000000000e+01,6.0000000000e+00,8.0120334625e+00
1.0000000000e+02,5.2000000000e+01,7.0000000000e+00,9.6519279480e+00
1.0000000000e+02,5.2000000000e+01,8.0000000000e+00,1.1368589401e+01
1.0000000000e+02,5.2000000000e+01,9.0000000000e+00,1.3170796394e+01
1.0000000000e+02,5.2000000000e+01,1.0000000000e+01,1.5033570290e+01
1.0000000000e+02,5.2000000000e+01,1.1000000000e+01,1.6961469650e+01
1.0000000000e+02,5.2000000000e+01,1.2000000000e+01,1.8941505432e+01
1.0000000000e+02,5.2000000000e+01,1.3000000000e+01,2.0976251602e+01
1.0000000000e+02,5.2000000000e+01,1.4000000000e+01,2.3059513092e+01
1.0000000000e+02,5.2000000000e+01,1.5000000000e+01,2.5193248749e+01
1.0000000000e+02,5.2000000000e+01,1.6000000000e+01,2.7374870300e+01
1.0000000000e+02,5.2000000000e+01,1.7000000000e+01,2.9606164932e+01
1.0000000000e+02,5.2000000000e+01,1.8000000000e+01,3.1886444092e+01
1.0000000000e+02,5.2000000000e+01,1.9000000000e+01,3.4217384338e+01
1.0000000000e+02,5.2000000000e+01,2.0000000000e+01,3.6599296570e+01
1.0000000000e+02,5.2000000000e+01,2.1000000000e+01,3.9033737183e+01
1.0000000000e+02,5.2000000000e+01,2.2000000000e+01,4.1521499634e+01
1.0000000000e+02,5.2000000000e+01,2.3000000000e+01,4.4064029694e+01
1.0000000000e+02,5.2000000000e+01,2.4000000000e+01,4.6662322998e+01
1.0000000000e+02,5.2000000000e+01,2.5000000000e+01,4.9317680359e+01
1.0000000000e+02,5.2000000000e+01,2.6000000000e+01,5.2031169891e+01
1.0000000000e+02,5.2000000000e+01,2.7000000000e+01,5.4803966522e+01
1.0000000000e+02,5.2000000000e+01,2.8000000000e+01,5.7637081146e+01
1.0000000000e+02,5.2000000000e+01,2.9000000000e+01,6.0531570435e+01
1.0000000000e+02,5.2000000000e+01,3.0000000000e+01,6.3488395691e+01
1.0000000000e+02,5.2000000000e+01,3.1000000000e+01,6.6508476257e+01
1.0000000000e+02,7.2000000000e+01,0.0000000000e+00,2.0027253628e+00
1.0000000000e+02,7.2000000000e+01,1.0000000000e+00,1.9824337959e+00
1.0000000000e+02,7.2000000000e+01,2.0000000000e+00,2.3767790794e+00
1.0000000000e+02,7.2000000000e+01,3.0000000000e+00,3.1430771351e+00
1.0000000000e+02,7.2000000000e+01,4.0000000000e+00,4.0191745758e+00
1.0000000000e+02,7.2000000000e+01,5.0000000000e+00,5.0292282104e+00
1.0000000000e+02,7.2000000000e+01,6.0000000000e+00,6.1107020378e+00
1.0000000000e+02,7.2000000000e+01,7.0000000000e+00,7.2791819572e+00
1.0000000000e+02,7.2000000000e+01,8.0000000000e+00,8.5049829483e+00
1.0000000000e+02,7.2000000000e+01,9.0000000000e+00,9.7979974747e+00
1.0000000000e+02,7.2000000000e+01,1.0000000000e+01,1.1140457153e+01
1.0000000000e+02,7.2000000000e+01,1.1000000000e+01,1.2539389610e+01
1.0000000000e+02,7.2000000000e+01,1.2000000000e+01,1.3983285904e+01
1.0000000000e+02,7.2000000000e+01,1.3000000000e+01,1.5477126122e+01
1.0000000000e+02,7.2000000000e+01,1.4000000000e+01,1.7013442993e+01
1.0000000000e+02,7.2000000000e+01,1.5000000000e+01,1.8595651627e+01
1.0000000000e+02,7.2000000000e+01,1.6000000000e+01,2.0219015121e+01
1.0000000000e+02,7.2000000000e+01,1.7000000000e+01,2.1885896683e+01
1.0000000000e+02,7.2000000000e+01,1.8000000000e+01,2.3593358994e+01
1.0000000000e+02,7.2000000000e+01,1.9000000000e+01,2.5343074799e+01
1.0000000000e+02,7.2000000000e+01,2.0000000000e+01,2.7133275986e+01
1.0000000000e+02,7.2000000000e+01,2.1000000000e+01,2.8965208054e+01
1.0000000000e+02,7.2000000000e+01,2.2000000000e+01,3.0837833405e+01
1.0000000000e+02,7.2000000000e+01,2.3000000000e+01,3.2752124786e+01
1.0000000000e+02,7.2000000000e+01,2.4000000000e+01,3.4707523346e+01
1.0000000000e+02,7.2000000000e+01,2.5000000000e+01,3.6704814911e+01
1.0000000000e+02,7.2000000000e+01,2.6000000000e+01,3.8743778229e+01
1.0000000000e+02,7.2000000000e+01,2.7000000000e+01,4.0825023651e+01
1.0000000000e+02,7.2000000000e+01,2.8000000000e+01,4.2948589325e+01
1.0000000000e+02,7.2000000000e+01,2.9000000000e+01,4.5114944458e+01
1.0000000000e+02,7.2000000000e+01,3.0000000000e+01,4.7324279785e+01
1.0000000000e+02,7.2000000000e+01,3.1000000000e+01,4.9576988220e+01
1.0000000000e+02,1.0000000000e+02,0.0000000000e+00,2.0024130344e+00
1.0000000000e+02,1.0000000000e+02,1.0000000000e+00,1.6949138641e+00
1.0000000000e+02,1.0000000000e+02,2.0000000000e+00,1.8799034357e+00
1.0000000000e+02,1.0000000000e+02,3.0000000000e+00,2.3792035580e+00
1.0000000000e+02,1.0000000000e+02,4.0000000000e+00,2.9610066414e+00
1.0000000000e+02,1.0000000000e+02,5.0000000000e+00,3.6238396168e+00
1.0000000000e+02,1.0000000000e+02,6.0000000000e+00,4.3300976753e+00
1.0000000000e+02,1.0000000000e+02,7.0000000000e+00,5.0836129189e+00
1.0000000000e+02,1.0000000000e+02,8.0000000000e+00,5.8703022003e+00
1.0000000000e+02,1.0000000000e+02,9.0000000000e+00,6.6929855347e+00
1.0000000000e+02,1.0000000000e+02,1.0000000000e+01,7.5445437431e+00
1.0000000000e+02,1.0000000000e+02,1.1000000000e+01,8.4270353317e+00
1.0000000000e+02,1.0000000000e+02,1.2000000000e+01,9.3364057541e+00
1.0000000000e+02,1.0000000000e+02,1.3000000000e+01,1.0274144173e+01
1.0000000000e+02,1.0000000000e+02,1.4000000000e+01,1.1237779617e+01
1.0000000000e+02,1.0000000000e+02,1.5000000000e+01,1.2228515625e+01
1.0000000000e+02,1.0000000000e+02,1.6000000000e+01,1.3244699478e+01
1.0000000000e+02,1.0000000000e+02,1.7000000000e+01,1.4287264824e+01
1.0000000000e+02,1.0000000000e+02,1.8000000000e+01,1.5355191231e+01
1.0000000000e+02,1.0000000000e+02,1.9000000000e+01,1.6449029922e+01
1.0000000000e+02,1.0000000000e+02,2.0000000000e+01,1.7568407059e+01
1.0000000000e+02,1.0000000000e+02,2.1000000000e+01,1.8713426590e+01
1.0000000000e+02,1.0000000000e+02,2.2000000000e+01,1.9884239197e+01
1.0000000000e+02,1.0000000000e+02,2.3000000000e+01,2.1080621719e+01
1.0000000000e+02,1.0000000000e+02,2.4000000000e+01,2.2303035736e+01
1.0000000000e+02,1.0000000000e+02,2.5000000000e+01,2.3551074982e+01
1.0000000000e+02,1.0000000000e+02,2.6000000000e+01,2.4825378418e+01
1.0000000000e+02,1.0000000000e+02,2.7000000000e+01,2.6125415802e+01
1.0000000000e+02,1.0000000000e+02,2.8000000000e+01,2.7451953888e+01
1.0000000000e+02,1.0000000000e+02,2.9000000000e+01,2.8804346085e+01
1.0000000000e+02,1.0000000000e+02,3.0000000000e+01,3.0183494568e+01
1.0000000000e+02,1.0000000000e+02,3.1000000000e+01,3.1588632584e+01
1.0000000000e+02,1.3900000000e+02,0.0000000000e+00,2.0105924606e+00
1.0000000000e+02,1.3900000000e+02,1.0000000000e+00,1.5181840658e+00
1.0000000000e+02,1.3900000000e+02,2.0000000000e+00,1.5520149469e+00
1.0000000000e+02,1.3900000000e+02,3.0000000000e+00,1.8523783684e+00
1.0000000000e+02,1.3900000000e+02,4.0000000000e+00,2.1835534573e+00
1.0000000000e+02,1.3900000000e+02,5.0000000000e+00,2.5373983383e+00
1.0000000000e+02,1.3900000000e+02,6.0000000000e+00,2.8860547543e+00
1.0000000000e+02,1.3900000000e+02,7.0000000000e+00,3.2321424484e+00
1.0000000000e+02,1.3900000000e+02,8.0000000000e+00,3.5681571960e+00
1.0000000000e+02,1.3900000000e+02,9.0000000000e+00,3.8964748383e+00
1.0000000000e+02,1.3900000000e+02,1.0000000000e+01,4.2143931389e+00
1.0000000000e+02,1.3900000000e+02,1.1000000000e+01,4.5238428116e+00
1.0000000000e+02,1.3900000000e+02,1.2000000000e+01,4.8236751556e+00
1.0000000000e+02,1.3900000000e+02,1.3000000000e+01,5.1155014038e+00
1.0000000000e+02,1.3900000000e+02,1.4000000000e+01,5.3987555504e+00
1.0000000000e+02,1.3900000000e+02,1.5000000000e+01,5.6748037338e+00
1.0000000000e+02,1.3900000000e+02,1.6000000000e+01,5.9433436394e+00
1.0000000000e+02,1.3900000000e+02,1.7000000000e+01,6.2055125237e+00
1.0000000000e+02,1.3900000000e+02,1.8000000000e+01,6.4611768723e+00
1.0000000000e+02,1.3900000000e+02,1.9000000000e+01,6.7112450600e+00
1.0000000000e+02,1.3900000000e+02,2.0000000000e+01,6.9557070732e+00
1.0000000000e+02,1.3900000000e+02,2.1000000000e+01,7.1952776909e+00
1.0000000000e+02,1.3900000000e+02,2.2000000000e+01,7.4300127029e+00
1.0000000000e+02,1.3900000000e+02,2.3000000000e+01,7.6605162621e+00
1.0000000000e+02,1.3900000000e+02,2.4000000000e+01,7.8868274689e+00
1.0000000000e+02,1.3900000000e+02,2.5000000000e+01,8.1094970703e+00
1.0000000000e+02,1.3900000000e+02,2.6000000000e+01,8.3285236359e+00
1.0000000000e+02,1.3900000000e+02,2.7000000000e+01,8.5444173813e+00
1.0000000000e+02,1.3900000000e+02,2.8000000000e+01,8.7571554184e+00
1.0000000000e+02,1.3900000000e+02,2.9000000000e+01,8.9671955109e+00
1.0000000000e+02,1.3900000000e+02,3.0000000000e+01,9.1745176315e+00
1.0000000000e+02,1.3900000000e+02,3.1000000000e+01,9.3795108795e+00
1.0000000000e+02,1.9300000000e+02,0.0000000000e+00,1.9936228991e+00
1.0000000000e+02,1.9300000000e+02,1.0000000000e+00,1.3333344460e+00
1.0000000000e+02,1.9300000000e+02,2.0000000000e+00,1.2913916111e+00
1.0000000000e+02,1.9300000000e+02,3.0000000000e+00,1.4752316475e+00
1.0000000000e+02,1.9300000000e+02,4.0000000000e+00,1.6754882336e+00
1.0000000000e+02,1.9300000000e+02,5.0000000000e+00,1.8759171963e+00
1.0000000000e+02,1.9300000000e+02,6.0000000000e+00,2.0614230633e+00
1.0000000000e+02,1.9300000000e+02,7.0000000000e+00,2.2326843739e+00
1.0000000000e+02,1.9300000000e+02,8.0000000000e+00,2.3883857727e+00
1.0000000000e+02,1.9300000000e+02,9.0000000000e+00,2.5302813053e+00
1.0000000000e+02,1.9300000000e+02,1.0000000000e+01,2.6591954231e+00
1.0000000000e+02,1.9300000000e+02,1.1000000000e+01,2.7766587734e+00
1.0000000000e+02,1.9300000000e+02,1.2000000000e+01,2.8837740421e+00
1.0000000000e+02,1.9300000000e+02,1.3000000000e+01,2.9817252159e+00
1.0000000000e+02,1.9300000000e+02,1.4000000000e+01,3.0715155602e+00
1.0000000000e+02,1.9300000000e+02,1.5000000000e+01,3.1540338993e+00
1.0000000000e+02,1.9300000000e+02,1.6000000000e+01,3.2301187515e+00
1.0000000000e+02,1.9300000000e+02,1.7000000000e+01,3.3004314899e+00
1.0000000000e+02,1.9300000000e+02,1.8000000000e+01,3.3656563759e+00
1.0000000000e+02,1.9300000000e+02,1.9000000000e+01,3.4262850285e+00
1.0000000000e+02,1.9300000000e+02,2.0000000000e+01,3.4828724861e+00
1.0000000000e+02,1.9300000000e+02,2.1000000000e+01,3.5357847214e+00
1.0000000000e+02,1.9300000000e+02,2.2000000000e+01,3.5854718685e+00
1.0000000000e+02,1.9300000000e+02,2.3000000000e+01,3.6322069168e+00
1.0000000000e+02,1.9300000000e+02,2.4000000000e+01,3.6763570309e+00
1.0000000000e+02,1.9300000000e+02,2.5000000000e+01,3.7181251049e+00
1.0000000000e+02,1.9300000000e+02,2.6000000000e+01,3.7578136921e+00
1.0000000000e+02,1.9300000000e+02,2.7000000000e+01,3.7955722809e+00
1.0000000000e+02,1.9300000000e+02,2.8000000000e+01,3.8316504955e+00
1.0000000000e+02,1.9300000000e+02,2.9000000000e+01,3.8661603928e+00
1.0000000000e+02,1.9300000000e+02,3.0000000000e+01,3.8993079662e+00
1.0000000000e+02,1.9300000000e+02,3.1000000000e+01,3.9311771393e+00
1.0000000000e+02,2.6800000000e+02,0.0000000000e+00,1.9964892864e+00
1.0000000000e+02,2.6800000000e+02,1.0000000000e+00,1.1921343803e+00
1.0000000000e+02,2.6800000000e+02,2.0000000000e+00,1.1067848206e+00
1.0000000000e+02,2.6800000000e+02,3.0000000000e+00,1.2261513472e+00
1.0000000000e+02,2.6800000000e+02,4.0000000000e+00,1.3510816097e+00
1.0000000000e+02,2.6800000000e+02,5.0000000000e+00,1.4650329351e+00
1.0000000000e+02,2.6800000000e+02,6.0000000000e+00,1.5610897541e+00
1.0000000000e+02,2.6800000000e+02,7.0000000000e+00,1.6413666010e+00
1.0000000000e+02,2.6800000000e+02,8.0000000000e+00,1.7077343464e+00
1.0000000000e+02,2.6800000000e+02,9.0000000000e+00,1.7627010345e+00
1.0000000000e+02,2.6800000000e+02,1.0000000000e+01,1.8082666397e+00
1.0000000000e+02,2.6800000000e+02,1.1000000000e+01,1.8462086916e+00
1.0000000000e+02,2.6800000000e+02,1.2000000000e+01,1.8779499531e+00
1.0000000000e+02,2.6800000000e+02,1.3000000000e+01,1.9046599865e+00
1.0000000000e+02,2.6800000000e+02,1.4000000000e+01,1.9272829294e+00
1.0000000000e+02,2.6800000000e+02,1.5000000000e+01,1.9465776682e+00
1.0000000000e+02,2.6800000000e+02,1.6000000000e+01,1.9631626606e+00
1.0000000000e+02,2.6800000000e+02,1.7000000000e+01,1.9775314331e+00
1.0000000000e+02,2.6800000000e+02,1.8000000000e+01,1.9900900126e+00
1.0000000000e+02,2.6800000000e+02,1.9000000000e+01,2.0011613369e+00
1.0000000000e+02,2.6800000000e+02,2.0000000000e+01,2.0110135078e+00
1.0000000000e+02,2.6800000000e+02,2.1000000000e+01,2.0198600292e+00
1.0000000000e+02,2.6800000000e+02,2.2000000000e+01,2.0278797150e+00
1.0000000000e+02,2.6800000000e+02,2.3000000000e+01,2.0352151394e+00
1.0000000000e+02,2.6800000000e+02,2.4000000000e+01,2.0419855118e+00
1.0000000000e+02,2.6800000000e+02,2.5000000000e+01,2.0482878685e+00
1.0000000000e+02,2.6800000000e+02,2.6000000000e+01,2.0542020798e+00
1.0000000000e+02,2.6800000000e+02,2.7000000000e+01,2.0597946644e+00
1.0000000000e+02,2.6800000000e+02,2.8000000000e+01,2.0651202202e+00
1.0000000000e+02,2.6800000000e+02,2.9000000000e+01,2.0702238083e+00
1.0000000000e+02,2.6800000000e+02,3.0000000000e+01,2.0751435757e+00
1.0000000000e+02,2.6800000000e+02,3.1000000000e+01,2.0799102783e+00
1.0000000000e+02,3.7300000000e+02,0.0000000000e+00,1.9939721823e+00
1.0000000000e+02,3.7300000000e+02,1.0000000000e+00,1.0370229483e+00
1.0000000000e+02,3.7300000000e+02,2.0000000000e+00,9.0778249502e-01
1.0000000000e+02,3.7300000000e+02,3.0000000000e+00,9.7628635168e-01
1.0000000000e+02,3.7300000000e+02,4.0000000000e+00,1.0517504215e+00
1.0000000000e+02,3.7300000000e+02,5.0000000000e+00,1.1165485382e+00
1.0000000000e+02,3.7300000000e+02,6.0000000000e+00,1.1670933962e+00
1.0000000000e+02,3.7300000000e+02,7.0000000000e+00,1.2058365345e+00
1.0000000000e+02,3.7300000000e+02,8.0000000000e+00,1.2352161407e+00
1.0000000000e+02,3.7300000000e+02,9.0000000000e+00,1.2575269938e+00
1.0000000000e+02,3.7300000000e+02,1.0000000000e+01,1.2745316029e+00
1.0000000000e+02,3.7300000000e+02,1.1000000000e+01,1.2875902653e+00
1.0000000000e+02,3.7300000000e+02,1.2000000000e+01,1.2977149487e+00
1.0000000000e+02,3.7300000000e+02,1.3000000000e+01,1.3056590557e+00
1.0000000000e+02,3.7300000000e+02,1.4000000000e+01,1.3119800091e+00
1.0000000000e+02,3.7300000000e+02,1.5000000000e+01,1.3170906305e+00
1.0000000000e+02,3.7300000000e+02,1.6000000000e+01,1.3212969303e+00
1.0000000000e+02,3.7300000000e+02,1.7000000000e+01,1.3248256445e+00
1.0000000000e+02,3.7300000000e+02,1.8000000000e+01,1.3278459311e+00
1.0000000000e+02,3.7300000000e+02,1.9000000000e+01,1.3304840326e+00
1.0000000000e+02,3.7300000000e+02,2.0000000000e+01,1.3328337669e+00
1.0000000000e+02,3.7300000000e+02,2.1000000000e+01,1.3349659443e+00
1.0000000000e+02,3.7300000000e+02,2.2000000000e+01,1.3369338512e+00
1.0000000000e+02,3.7300000000e+02,2.3000000000e+01,1.3387773037e+00
1.0000000000e+02,3.7300000000e+02,2.4000000000e+01,1.3405263424e+00
1.0000000000e+02,3.7300000000e+02,2.5000000000e+01,1.3422045708e+00
1.0000000000e+02,3.7300000000e+02,2.6000000000e+01,1.3438286781e+00
1.0000000000e+02,3.7300000000e+02,2.7000000000e+01,1.3454123735e+00
1.0000000000e+02,3.7300000000e+02,2.8000000000e+01,1.3469655514e+00
1.0000000000e+02,3.7300000000e+02,2.9000000000e+01,1.3484958410e+00
1.0000000000e+02,3.7300000000e+02,3.0000000000e+01,1.3500093222e+00
1.0000000000e+02,3.7300000000e+02,3.1000000000e+01,1.3515108824e+00
1.0000000000e+02,5.1800000000e+02,0.0000000000e+00,2.0114092827e+00
1.0000000000e+02,5.1800000000e+02,1.0000000000e+00,9.4056117535e-01
1.0000000000e+02,5.1800000000e+02,2.0000000000e+00,8.1086111069e-01
1.0000000000e+02,5.1800000000e+02,3.0000000000e+00,8.5735750198e-01
1.0000000000e+02,5.1800000000e+02,4.0000000000e+00,9.0462470055e-01
1.0000000000e+02,5.1800000000e+02,5.0000000000e+00,9.3961292505e-01
1.0000000000e+02,5.1800000000e+02,6.0000000000e+00,9.6336400509e-01
1.0000000000e+02,5.1800000000e+02,7.0000000000e+00,9.7919642925e-01
1.0000000000e+02,5.1800000000e+02,8.0000000000e+00,9.8971325159e-01
1.0000000000e+02,5.1800000000e+02,9.0000000000e+00,9.9675285816e-01
1.0000000000e+02,5.1800000000e+02,1.0000000000e+01,1.0015287399e+00
1.0000000000e+02,5.1800000000e+02,1.1000000000e+01,1.0048329830e+00
1.0000000000e+02,5.1800000000e+02,1.2000000000e+01,1.0071781874e+00
1.0000000000e+02,5.1800000000e+02,1.3000000000e+01,1.0088963509e+00
1.0000000000e+02,5.1800000000e+02,1.4000000000e+01,1.0102028847e+00
1.0000000000e+02,5.1800000000e+02,1.5000000000e+01,1.0112380981e+00
1.0000000000e+02,5.1800000000e+02,1.6000000000e+01,1.0120936632e+00
1.0000000000e+02,5.1800000000e+02,1.7000000000e+01,1.0128301382e+00
1.0000000000e+02,5.1800000000e+02,1.8000000000e+01,1.0134871006e+00
1.0000000000e+02,5.1800000000e+02,1.9000000000e+01,1.0140910149e+00
1.0000000000e+02,5.1800000000e+02,2.0000000000e+01,1.0146596432e+00
1.0000000000e+02,5.1800000000e+02,2.1000000000e+01,1.0152046680e+00
1.0000000000e+02,5.1800000000e+02,2.2000000000e+01,1.0157338381e+00
1.0000000000e+02,5.1800000000e+02,2.3000000000e+01,1.0162527561e+00
1.0000000000e+02,5.1800000000e+02,2.4000000000e+01,1.0167646408e+00
1.0000000000e+02,5.1800000000e+02,2.5000000000e+01,1.0172722340e+00
1.0000000000e+02,5.1800000000e+02,2.6000000000e+01,1.0177770853e+00
1.0000000000e+02,5.1800000000e+02,2.7000000000e+01,1.0182802677e+00
1.0000000000e+02,5.1800000000e+02,2.8000000000e+01,1.0187824965e+00
1.0000000000e+02,5.1800000000e+02,2.9000000000e+01,1.0192846060e+00
1.0000000000e+02,5.1800000000e+02,3.0000000000e+01,1.0197868347e+00
1.0000000000e+02,5.1800000000e+02,3.1000000000e+01,1.0202893019e+00
1.0000000000e+02,7.2000000000e+02,0.0000000000e+00,1.9964388609e+00
1.0000000000e+02,7.2000000000e+02,1.0000000000e+00,8.4289234877e-01
1.0000000000e+02,7.2000000000e+02,2.0000000000e+00,7.3393487930e-01
1.0000000000e+02,7.2000000000e+02,3.0000000000e+00,7.8958302736e-01
1.0000000000e+02,7.2000000000e+02,4.0000000000e+00,8.3998918533e-01
1.0000000000e+02,7.2000000000e+02,5.0000000000e+00,8.7386101484e-01
1.0000000000e+02,7.2000000000e+02,6.0000000000e+00,8.9535790682e-01
1.0000000000e+02,7.2000000000e+02,7.0000000000e+00,9.0873157978e-01
1.0000000000e+02,7.2000000000e+02,8.0000000000e+00,9.1708511114e-01
1.0000000000e+02,7.2000000000e+02,9.0000000000e+00,9.2236292362e-01
1.0000000000e+02,7.2000000000e+02,1.0000000000e+01,9.2577272654e-01
1.0000000000e+02,7.2000000000e+02,1.1000000000e+01,9.2804497480e-01
1.0000000000e+02,7.2000000000e+02,1.2000000000e+01,9.2962402105e-01
1.0000000000e+02,7.2000000000e+02,1.3000000000e+01,9.3077862263e-01
1.0000000000e+02,7.2000000000e+02,1.4000000000e+01,9.3167257309e-01
1.0000000000e+02,7.2000000000e+02,1.5000000000e+01,9.3240600824e-01
1.0000000000e+02,7.2000000000e+02,1.6000000000e+01,9.3304008245e-01
1.0000000000e+02,7.2000000000e+02,1.7000000000e+01,9.3361258507e-01
1.0000000000e+02,7.2000000000e+02,1.8000000000e+01,9.3414676189e-01
1.0000000000e+02,7.2000000000e+02,1.9000000000e+01,9.3465721607e-01
1.0000000000e+02,7.2000000000e+02,2.0000000000e+01,9.3515300751e-01
1.0000000000e+02,7.2000000000e+02,2.1000000000e+01,9.3563956022e-01
1.0000000000e+02,7.2000000000e+02,2.2000000000e+01,9.3612051010e-01
1.0000000000e+02,7.2000000000e+02,2.3000000000e+01,9.3659830093e-01
1.0000000000e+02,7.2000000000e+02,2.4000000000e+01,9.3707400560e-01
1.0000000000e+02,7.2000000000e+02,2.5000000000e+01,9.3754863739e-01
1.0000000000e+02,7.2000000000e+02,2.6000000000e+01,9.3802297115e-01
1.0000000000e+02,7.2000000000e+02,2.7000000000e+01,9.3849694729e-01
1.0000000000e+02,7.2000000000e+02,2.8000000000e+01,9.3897116184e-01
1.0000000000e+02,7.2000000000e+02,2.9000000000e+01,9.3944573402e-01
1.0000000000e+02,7.2000000000e+02,3.0000000000e+01,9.3992054462e-01
1.0000000000e+02,7.2000000000e+02,3.1000000000e+01,9.4039583206e-01
1.0000000000e+02,1.0000000000e+03,0.0000000000e+00,1.9934200048e+00
1.0000000000e+02,1.0000000000e+03,1.0000000000e+00,7.4517756701e-01
1.0000000000e+02,1.0000000000e+03,2.0000000000e+00,6.4305281639e-01
1.0000000000e+02,1.0000000000e+03,3.0000000000e+00,6.7374616861e-01
1.0000000000e+02,1.0000000000e+03,4.0000000000e+00,6.9806504250e-01
1.0000000000e+02,1.0000000000e+03,5.0000000000e+00,7.1182286739e-01
1.0000000000e+02,1.0000000000e+03,6.0000000000e+00,7.1916276217e-01
1.0000000000e+02,1.0000000000e+03,7.0000000000e+00,7.2304481268e-01
1.0000000000e+02,1.0000000000e+03,8.0000000000e+00,7.2513025999e-01
1.0000000000e+02,1.0000000000e+03,9.0000000000e+00,7.2628682852e-01
1.0000000000e+02,1.0000000000e+03,1.0000000000e+01,7.2696256638e-01
1.0000000000e+02,1.0000000000e+03,1.1000000000e+01,7.2738802433e-01
1.0000000000e+02,1.0000000000e+03,1.2000000000e+01,7.2768247128e-01
1.0000000000e+02,1.0000000000e+03,1.3000000000e+01,7.2790777683e-01
1.0000000000e+02,1.0000000000e+03,1.4000000000e+01,7.2809642553e-01
1.0000000000e+02,1.0000000000e+03,1.5000000000e+01,7.2826570272e-01
1.0000000000e+02,1.0000000000e+03,1.6000000000e+01,7.2842448950e-01
1.0000000000e+02,1.0000000000e+03,1.7000000000e+01,7.2857773304e-01
1.0000000000e+02,1.0000000000e+03,1.8000000000e+01,7.2872799635e-01
1.0000000000e+02,1.0000000000e+03,1.9000000000e+01,7.2887676954e-01
1.0000000000e+02,1.0000000000e+03,2.0000000000e+01,7.2902476788e-01
1.0000000000e+02,1.0000000000e+03,2.1000000000e+01,7.2917240858e-01
1.0000000000e+02,1.0000000000e+03,2.2000000000e+01,7.2931987047e-01
1.0000000000e+02,1.0000000000e+03,2.3000000000e+01,7.2946739197e-01
1.0000000000e+02,1.0000000000e+03,2.4000000000e+01,7.2961497307e-01
1.0000000000e+02,1.0000000000e+03,2.5000000000e+01,7.2976267338e-01
1.0000000000e+02,1.0000000000e+03,2.6000000000e+01,7.2991031408e-01
1.0000000000e+02,1.0000000000e+03,2.7000000000e+01,7.3005825281e-01
1.0000000000e+02,1.0000000000e+03,2.8000000000e+01,7.3020637035e-01
1.0000000000e+02,1.0000000000e+03,2.9000000000e+01,7.3035454750e-01
1.0000000000e+02,1.0000000000e+03,3.0000000000e+01,7.3050290346e-01
1.0000000000e+02,1.0000000000e+03,3.1000000000e+01,7.3065137863e-01
1.3900000000e+02,1.0000000000e+01,0.0000000000e+00,2.0066840649e+00
1.3900000000e+02,1.0000000000e+01,1.0000000000e+00,2.5435907841e+00
1.3900000000e+02,1.0000000000e+01,2.0000000000e+00,3.3234355450e+00
1.3900000000e+02,1.0000000000e+01,3.0000000000e+00,4.3112998009e+00
1.3900000000e+02,1.0000000000e+01,4.0000000000e+00,5.2619657516e+00
1.3900000000e+02,1.0000000000e+01,5.0000000000e+00,6.1621103287e+00
1.3900000000e+02,1.0000000000e+01,6.0000000000e+00,7.0189166069e+00
1.3900000000e+02,1.0000000000e+01,7.0000000000e+00,7.8517246246e+00
1.3900000000e+02,1.0000000000e+01,8.0000000000e+00,8.6773958206e+00
1.3900000000e+02,1.0000000000e+01,9.0000000000e+00,9.5094480515e+00
1.3900000000e+02,1.0000000000e+01,1.0000000000e+01,1.0358308792e+01
1.3900000000e+02,1.0000000000e+01,1.1000000000e+01,1.1231989861e+01
1.3900000000e+02,1.0000000000e+01,1.2000000000e+01,1.2136685371e+01
1.3900000000e+02,1.0000000000e+01,1.3000000000e+01,1.3077235222e+01
1.3900000000e+02,1.0000000000e+01,1.4000000000e+01,1.4057462692e+01
1.3900000000e+02,1.0000000000e+01,1.5000000000e+01,1.5080422401e+01
1.3900000000e+02,1.0000000000e+01,1.6000000000e+01,1.6148574829e+01
1.3900000000e+02,1.0000000000e+01,1.7000000000e+01,1.7263925552e+01
1.3900000000e+02,1.0000000000e+01,1.8000000000e+01,1.8428123474e+01
1.3900000000e+02,1.0000000000e+01,1.9000000000e+01,1.9642532349e+01
1.3900000000e+02,1.0000000000e+01,2.0000000000e+01,2.0908281326e+01
1.3900000000e+02,1.0000000000e+01,2.1000000000e+01,2.2226322174e+01
1.3900000000e+02,1.0000000000e+01,2.2000000000e+01,2.3597457886e+01
1.3900000000e+02,1.0000000000e+01,2.3000000000e+01,2.5022361755e+01
1.3900000000e+02,1.0000000000e+01,2.4000000000e+01,2.6501609802e+01
1.3900000000e+02,1.0000000000e+01,2.5000000000e+01,2.8035690308e+01
1.3900000000e+02,1.0000000000e+01,2.6000000000e+01,2.9625020981e+01
1.3900000000e+02,1.0000000000e+01,2.7000000000e+01,3.1269960403e+01
1.3900000000e+02,1.0000000000e+01,2.8000000000e+01,3.2970817566e+01
1.3900000000e+02,1.0000000000e+01,2.9000000000e+01,3.4727851868e+01
1.3900000000e+02,1.0000000000e+01,3.0000000000e+01,3.6541301727e+01
1.3900000000e+02,1.0000000000e+01,3.1000000000e+01,3.8411361694e+01
1.3900000000e+02,1.4000000000e+01,0.0000000000e+00,1.9996024370e+00
1.3900000000e+02,1.4000000000e+01,1.0000000000e+00,2.4452145100e+00
1.3900000000e+02,1.4000000000e+01,2.0000000000e+00,3.3227603436e+00
1.3900000000e+02,1.4000000000e+01,3.0000000000e+00,4.4890308380e+00
1.3900000000e+02,1.4000000000e+01,4.0000000000e+00,5.6600251198e+00
1.3900000000e+02,1.4000000000e+01,5.0000000000e+00,6.7769026756e+00
1.3900000000e+02,1.4000000000e+01,6.0000000000e+00,7.8160080910e+00
1.3900000000e+02,1.4000000000e+01,7.0000000000e+00,8.7874011993e+00
1.3900000000e+02,1.4000000000e+01,8.0000000000e+00,9.7051763535e+00
1.3900000000e+02,1.4000000000e+01,9.0000000000e+00,1.0583810806e+01
1.3900000000e+02,1.4000000000e+01,1.0000000000e+01,1.1435799599e+01
1.3900000000e+02,1.4000000000e+01,1.1000000000e+01,1.2271481514e+01
1.3900000000e+02,1.4000000000e+01,1.2000000000e+01,1.3099260330e+01
1.3900000000e+02,1.4000000000e+01,1.3000000000e+01,1.3925955772e+01
1.3900000000e+02,1.4000000000e+01,1.4000000000e+01,1.4757107735e+01
1.3900000000e+02,1.4000000000e+01,1.5000000000e+01,1.5597252846e+01
1.3900000000e+02,1.4000000000e+01,1.6000000000e+01,1.6450124741e+01
1.3900000000e+02,1.4000000000e+01,1.7000000000e+01,1.7318824768e+01
1.3900000000e+02,1.4000000000e+01,1.8000000000e+01,1.8205940247e+01
1.3900000000e+02,1.4000000000e+01,1.9000000000e+01,1.9113649368e+01
1.3900000000e+02,1.4000000000e+01,2.0000000000e+01,2.0043802261e+01
1.3900000000e+02,1.4000000000e+01,2.1000000000e+01,2.0997966766e+01
1.3900000000e+02,1.4000000000e+01,2.2000000000e+01,2.1977497101e+01
1.3900000000e+02,1.4000000000e+01,2.3000000000e+01,2.2983545303e+01
1.3900000000e+02,1.4000000000e+01,2.4000000000e+01,2.4017122269e+01
1.3900000000e+02,1.4000000000e+01,2.5000000000e+01,2.5079097748e+01
1.3900000000e+02,1.4000000000e+01,2.6000000000e+01,2.6170234680e+01
1.3900000000e+02,1.4000000000e+01,2.7000000000e+01,2.7291202545e+01
1.3900000000e+02,1.4000000000e+01,2.8000000000e+01,2.8442581177e+01
1.3900000000e+02,1.4000000000e+01,2.9000000000e+01,2.9624893188e+01
1.3900000000e+02,1.4000000000e+01,3.0000000000e+01,3.0838584900e+01
1.3900000000e+02,1.4000000000e+01,3.1000000000e+01,3.2084068298e+01
1.3900000000e+02,1.9000000000e+01,0.0000000000e+00,2.0011832714e+00
1.3900000000e+02,1.9000000000e+01,1.0000000000e+00,2.3540172577e+00
1.3900000000e+02,1.9000000000e+01,2.0000000000e+00,3.1626772881e+00
1.3900000000e+02,1.9000000000e+01,3.0000000000e+00,4.3377227783e+00
1.3900000000e+02,1.9000000000e+01,4.0000000000e+00,5.6093907356e+00
1.3900000000e+02,1.9000000000e+01,5.0000000000e+00,6.9126634598e+00
1.3900000000e+02,1.9000000000e+01,6.0000000000e+00,8.1910839081e+00
1.3900000000e+02,1.9000000000e+01,7.0000000000e+00,9.4378156662e+00
1.3900000000e+02,1.9000000000e+01,8.0000000000e+00,1.0654777527e+01
1.3900000000e+02,1.9000000000e+01,9.0000000000e+00,1.1850601196e+01
1.3900000000e+02,1.9000000000e+01,1.0000000000e+01,1.3035050392e+01
1.3900000000e+02,1.9000000000e+01,1.1000000000e+01,1.4217524529e+01
1.3900000000e+02,1.9000000000e+01,1.2000000000e+01,1.5406421661e+01
1.3900000000e+02,1.9000000000e+01,1.3000000000e+01,1.6609016418e+01
1.3900000000e+02,1.9000000000e+01,1.4000000000e+01,1.7831504822e+01
1.3900000000e+02,1.9000000000e+01,1.5000000000e+01,1.9079145432e+01
1.3900000000e+02,1.9000000000e+01,1.6000000000e+01,2.0356382370e+01
1.3900000000e+02,1.9000000000e+01,1.7000000000e+01,2.1666984558e+01
1.3900000000e+02,1.9000000000e+01,1.8000000000e+01,2.3014152527e+01
1.3900000000e+02,1.9000000000e+01,1.9000000000e+01,2.4400604248e+01
1.3900000000e+02,1.9000000000e+01,2.0000000000e+01,2.5828670502e+01
1.3900000000e+02,1.9000000000e+01,2.1000000000e+01,2.7300342560e+01
1.3900000000e+02,1.9000000000e+01,2.2000000000e+01,2.8817337036e+01
1.3900000000e+02,1.9000000000e+01,2.3000000000e+01,3.0381134033e+01
1.3900000000e+02,1.9000000000e+01,2.4000000000e+01,3.1993019104e+01
1.3900000000e+02,1.9000000000e+01,2.5000000000e+01,3.3654098511e+01
1.3900000000e+02,1.9000000000e+01,2.6000000000e+01,3.5365333557e+01
1.3900000000e+02,1.9000000000e+01,2.7000000000e+01,3.7127578735e+01
1.3900000000e+02,1.9000000000e+01,2.8000000000e+01,3.8941574097e+01
1.3900000000e+02,1.9000000000e+01,2.9000000000e+01,4.0807945251e+01
1.3900000000e+02,1.9000000000e+01,3.0000000000e+01,4.2727279663e+01
1.3900000000e+02,1.9000000000e+01,3.1000000000e+01,4.4700065613e+01
1.3900000000e+02,2.7000000000e+01,0.0000000000e+00,2.0064032078e+00
1.3900000000e+02,2.7000000000e+01,1.0000000000e+00,2.2536122799e+00
1.3900000000e+02,2.7000000000e+01,2.0000000000e+00,2.9779214859e+00
1.3900000000e+02,2.7000000000e+01,3.0000000000e+00,4.1095943451e+00
1.3900000000e+02,2.7000000000e+01,4.0000000000e+00,5.4230604172e+00
1.3900000000e+02,2.7000000000e+01,5.0000000000e+00,6.8755216599e+00
1.3900000000e+02,2.7000000000e+01,6.0000000000e+00,8.3933572769e+00
1.3900000000e+02,2.7000000000e+01,7.0000000000e+00,9.9561023712e+00
1.3900000000e+02,2.7000000000e+01,8.0000000000e+00,1.1544410706e+01
1.3900000000e+02,2.7000000000e+01,9.0000000000e+00,1.3154874802e+01
1.3900000000e+02,2.7000000000e+01,1.0000000000e+01,1.4786764145e+01
1.3900000000e+02,2.7000000000e+01,1.1000000000e+01,1.6443473816e+01
1.3900000000e+02,2.7000000000e+01,1.2000000000e+01,1.8129211426e+01
1.3900000000e+02,2.7000000000e+01,1.3000000000e+01,1.9848903656e+01
1.3900000000e+02,2.7000000000e+01,1.4000000000e+01,2.1607370377e+01
1.3900000000e+02,2.7000000000e+01,1.5000000000e+01,2.3409240723e+01
1.3900000000e+02,2.7000000000e+01,1.6000000000e+01,2.5258752823e+01
1.3900000000e+02,2.7000000000e+01,1.7000000000e+01,2.7159770966e+01
1.3900000000e+02,2.7000000000e+01,1.8000000000e+01,2.9115756989e+01
1.3900000000e+02,2.7000000000e+01,1.9000000000e+01,3.1129795074e+01
1.3900000000e+02,2.7000000000e+01,2.0000000000e+01,3.3204627991e+01
1.3900000000e+02,2.7000000000e+01,2.1000000000e+01,3.5342689514e+01
1.3900000000e+02,2.7000000000e+01,2.2000000000e+01,3.7546127319e+01
1.3900000000e+02,2.7000000000e+01,2.3000000000e+01,3.9816844940e+01
1.3900000000e+02,2.7000000000e+01,2.4000000000e+01,4.2156532288e+01
1.3900000000e+02,2.7000000000e+01,2.5000000000e+01,4.4566680908e+01
1.3900000000e+02,2.7000000000e+01,2.6000000000e+01,4.7048614502e+01
1.3900000000e+02,2.7000000000e+01,2.7000000000e+01,4.9603507996e+01
1.3900000000e+02,2.7000000000e+01,2.8000000000e+01,5.2232402802e+01
1.3900000000e+02,2.7000000000e+01,2.9000000000e+01,5.4936225891e+01
1.3900000000e+02,2.7000000000e+01,3.0000000000e+01,5.7715797424e+01
1.3900000000e+02,2.7000000000e+01,3.1000000000e+01,6.0571861267e+01
1.3900000000e+02,3.7000000000e+01,0.0000000000e+00,2.0060307980e+00
1.3900000000e+02,3.7000000000e+01,1.0000000000e+00,2.0938191414e+00
1.3900000000e+02,3.7000000000e+01,2.0000000000e+00,2.6114392281e+00
1.3900000000e+02,3.7000000000e+01,3.0000000000e+00,3.5019819736e+00
1.3900000000e+02,3.7000000000e+01,4.0000000000e+00,4.5690412521e+00
1.3900000000e+02,3.7000000000e+01,5.0000000000e+00,5.7932305336e+00
1.3900000000e+02,3.7000000000e+01,6.0000000000e+00,7.1159291267e+00
1.3900000000e+02,3.7000000000e+01,7.0000000000e+00,8.5223302841e+00
1.3900000000e+02,3.7000000000e+01,8.0000000000e+00,9.9883556366e+00
1.3900000000e+02,3.7000000000e+01,9.0000000000e+00,1.1505998611e+01
1.3900000000e+02,3.7000000000e+01,1.0000000000e+01,1.3066634178e+01
1.3900000000e+02,3.7000000000e+01,1.1000000000e+01,1.4667675972e+01
1.3900000000e+02,3.7000000000e+01,1.2000000000e+01,1.6307277679e+01
1.3900000000e+02,3.7000000000e+01,1.3000000000e+01,1.7985824585e+01
1.3900000000e+02,3.7000000000e+01,1.4000000000e+01,1.9704235077e+01
1.3900000000e+02,3.7000000000e+01,1.5000000000e+01,2.1464183807e+01
1.3900000000e+02,3.7000000000e+01,1.6000000000e+01,2.3267549515e+01
1.3900000000e+02,3.7000000000e+01,1.7000000000e+01,2.5116411209e+01
1.3900000000e+02,3.7000000000e+01,1.8000000000e+01,2.7012840271e+01
1.3900000000e+02,3.7000000000e+01,1.9000000000e+01,2.8958894730e+01
1.3900000000e+02,3.7000000000e+01,2.0000000000e+01,3.0956539154e+01
1.3900000000e+02,3.7000000000e+01,2.1000000000e+01,3.3007637024e+01
1.3900000000e+02,3.7000000000e+01,2.2000000000e+01,3.5113929749e+01
1.3900000000e+02,3.7000000000e+01,2.3000000000e+01,3.7277046204e+01
1.3900000000e+02,3.7000000000e+01,2.4000000000e+01,3.9498481750e+01
1.3900000000e+02,3.7000000000e+01,2.5000000000e+01,4.1779613495e+01
1.3900000000e+02,3.7000000000e+01,2.6000000000e+01,4.4121719360e+01
1.3900000000e+02,3.7000000000e+01,2.7000000000e+01,4.6525951385e+01
1.3900000000e+02,3.7000000000e+01,2.8000000000e+01,4.8993385315e+01
1.3900000000e+02,3.7000000000e+01,2.9000000000e+01,5.1524990082e+01
1.3900000000e+02,3.7000000000e+01,3.0000000000e+01,5.4121639252e+01
1.3900000000e+02,3.7000000000e+01,3.1000000000e+01,5.6784164429e+01
1.3900000000e+02,5.2000000000e+01,0.0000000000e+00,2.0024101734e+00
1.3900000000e+02,5.2000000000e+01,1.0000000000e+00,1.9646879435e+00
1.3900000000e+02,5.2000000000e+01,2.0000000000e+00,2.3783512115e+00
1.3900000000e+02,5.2000000000e+01,3.0000000000e+00,3.1477909088e+00
1.3900000000e+02,5.2000000000e+01,4.0000000000e+00,4.0722541809e+00
1.3900000000e+02,5.2000000000e+01,5.0000000000e+00,5.1478419304e+00
1.3900000000e+02,5.2000000000e+01,6.0000000000e+00,6.3217682838e+00
1.3900000000e+02,5.2000000000e+01,7.0000000000e+00,7.5915102959e+00
1.3900000000e+02,5.2000000000e+01,8.0000000000e+00,8.9321136475e+00
1.3900000000e+02,5.2000000000e+01,9.0000000000e+00,1.0340468407e+01
1.3900000000e+02,5.2000000000e+01,1.0000000000e+01,1.1804032326e+01
1.3900000000e+02,5.2000000000e+01,1.1000000000e+01,1.3320302963e+01
1.3900000000e+02,5.2000000000e+01,1.2000000000e+01,1.4883313179e+01
1.3900000000e+02,5.2000000000e+01,1.3000000000e+01,1.6491558075e+01
1.3900000000e+02,5.2000000000e+01,1.4000000000e+01,1.8142574310e+01
1.3900000000e+02,5.2000000000e+01,1.5000000000e+01,1.9835775375e+01
1.3900000000e+02,5.2000000000e+01,1.6000000000e+01,2.1570533752e+01
1.3900000000e+02,5.2000000000e+01,1.7000000000e+01,2.3346929550e+01
1.3900000000e+02,5.2000000000e+01,1.8000000000e+01,2.5165235519e+01
1.3900000000e+02,5.2000000000e+01,1.9000000000e+01,2.7025962830e+01
1.3900000000e+02,5.2000000000e+01,2.0000000000e+01,2.8929792404e+01
1.3900000000e+02,5.2000000000e+01,2.1000000000e+01,3.0877483368e+01
1.3900000000e+02,5.2000000000e+01,2.2000000000e+01,3.2869873047e+01
1.3900000000e+02,5.2000000000e+01,2.3000000000e+01,3.4907821655e+01
1.3900000000e+02,5.2000000000e+01,2.4000000000e+01,3.6992202759e+01
1.3900000000e+02,5.2000000000e+01,2.5000000000e+01,3.9123901367e+01
1.3900000000e+02,5.2000000000e+01,2.6000000000e+01,4.1303749084e+01
1.3900000000e+02,5.2000000000e+01,2.7000000000e+01,4.3532596588e+01
1.3900000000e+02,5.2000000000e+01,2.8000000000e+01,4.5811244965e+01
1.3900000000e+02,5.2000000000e+01,2.9000000000e+01,4.8140457153e+01
1.3900000000e+02,5.2000000000e+01,3.0000000000e+01,5.0520969391e+01
1.3900000000e+02,5.2000000000e+01,3.1000000000e+01,5.2953475952e+01
1.3900000000e+02,7.2000000000e+01,0.0000000000e+00,2.0033040047e+00
1.3900000000e+02,7.2000000000e+01,1.0000000000e+00,1.7663557529e+00
1.3900000000e+02,7.2000000000e+01,2.0000000000e+00,1.9869748354e+00
1.3900000000e+02,7.2000000000e+01,3.0000000000e+00,2.5153982639e+00
1.3900000000e+02,7.2000000000e+01,4.0000000000e+00,3.1545562744e+00
1.3900000000e+02,7.2000000000e+01,5.0000000000e+00,3.8924741745e+00
1.3900000000e+02,7.2000000000e+01,6.0000000000e+00,4.6940021515e+00
1.3900000000e+02,7.2000000000e+01,7.0000000000e+00,5.5570859909e+00
1.3900000000e+02,7.2000000000e+01,8.0000000000e+00,6.4674625397e+00
1.3900000000e+02,7.2000000000e+01,9.0000000000e+00,7.4240016937e+00
1.3900000000e+02,7.2000000000e+01,1.0000000000e+01,8.4192943573e+00
1.3900000000e+02,7.2000000000e+01,1.1000000000e+01,9.4525623322e+00
1.3900000000e+02,7.2000000000e+01,1.2000000000e+01,1.0519618034e+01
1.3900000000e+02,7.2000000000e+01,1.3000000000e+01,1.1619887352e+01
1.3900000000e+02,7.2000000000e+01,1.4000000000e+01,1.2750980377e+01
1.3900000000e+02,7.2000000000e+01,1.5000000000e+01,1.3912474632e+01
1.3900000000e+02,7.2000000000e+01,1.6000000000e+01,1.5103118896e+01
1.3900000000e+02,7.2000000000e+01,1.7000000000e+01,1.6322574615e+01
1.3900000000e+02,7.2000000000e+01,1.8000000000e+01,1.7570327759e+01
1.3900000000e+02,7.2000000000e+01,1.9000000000e+01,1.8846111298e+01
1.3900000000e+02,7.2000000000e+01,2.0000000000e+01,2.0149856567e+01
1.3900000000e+02,7.2000000000e+01,2.1000000000e+01,2.1481388092e+01
1.3900000000e+02,7.2000000000e+01,2.2000000000e+01,2.2840877533e+01
1.3900000000e+02,7.2000000000e+01,2.3000000000e+01,2.4228239059e+01
1.3900000000e+02,7.2000000000e+01,2.4000000000e+01,2.5643774033e+01
1.3900000000e+02,7.2000000000e+01,2.5000000000e+01,2.7087493896e+01
1.3900000000e+02,7.2000000000e+01,2.6000000000e+01,2.8559734344e+01
1.3900000000e+02,7.2000000000e+01,2.7000000000e+01,3.0060583115e+01
1.3900000000e+02,7.2000000000e+01,2.8000000000e+01,3.1590389252e+01
1.3900000000e+02,7.2000000000e+01,2.9000000000e+01,3.3149299622e+01
1.3900000000e+02,7.2000000000e+01,3.0000000000e+01,3.4737632751e+01
1.3900000000e+02,7.2000000000e+01,3.1000000000e+01,3.6355606079e+01
1.3900000000e+02,1.0000000000e+02,0.0000000000e+00,2.0028181076e+00
1.3900000000e+02,1.0000000000e+02,1.0000000000e+00,1.5684808493e+00
1.3900000000e+02,1.0000000000e+02,2.0000000000e+00,1.6680189371e+00
1.3900000000e+02,1.0000000000e+02,3.0000000000e+00,2.0302815437e+00
1.3900000000e+02,1.0000000000e+02,4.0000000000e+00,2.4642477036e+00
1.3900000000e+02,1.0000000000e+02,5.0000000000e+00,2.9530305862e+00
1.3900000000e+02,1.0000000000e+02,6.0000000000e+00,3.4691884518e+00
1.3900000000e+02,1.0000000000e+02,7.0000000000e+00,4.0107617378e+00
1.3900000000e+02,1.0000000000e+02,8.0000000000e+00,4.5683422089e+00
1.3900000000e+02,1.0000000000e+02,9.0000000000e+00,5.1416668892e+00
1.3900000000e+02,1.0000000000e+02,1.0000000000e+01,5.7263221741e+00
1.3900000000e+02,1.0000000000e+02,1.1000000000e+01,6.3225526810e+00
1.3900000000e+02,1.0000000000e+02,1.2000000000e+01,6.9279117584e+00
1.3900000000e+02,1.0000000000e+02,1.3000000000e+01,7.5428347588e+00
1.3900000000e+02,1.0000000000e+02,1.4000000000e+01,8.1657838821e+00
1.3900000000e+02,1.0000000000e+02,1.5000000000e+01,8.7972440720e+00
1.3900000000e+02,1.0000000000e+02,1.6000000000e+01,9.4361963272e+00
1.3900000000e+02,1.0000000000e+02,1.7000000000e+01,1.0083201408e+01
1.3900000000e+02,1.0000000000e+02,1.8000000000e+01,1.0737474442e+01
1.3900000000e+02,1.0000000000e+02,1.9000000000e+01,1.1399616241e+01
1.3900000000e+02,1.0000000000e+02,2.0000000000e+01,1.2069017410e+01
1.3900000000e+02,1.0000000000e+02,2.1000000000e+01,1.2746247292e+01
1.3900000000e+02,1.0000000000e+02,2.2000000000e+01,1.3430871010e+01
1.3900000000e+02,1.0000000000e+02,2.3000000000e+01,1.4123373032e+01
1.3900000000e+02,1.0000000000e+02,2.4000000000e+01,1.4823456764e+01
1.3900000000e+02,1.0000000000e+02,2.5000000000e+01,1.5531522751e+01
1.3900000000e+02,1.0000000000e+02,2.6000000000e+01,1.6247381210e+01
1.3900000000e+02,1.0000000000e+02,2.7000000000e+01,1.6971374512e+01
1.3900000000e+02,1.0000000000e+02,2.8000000000e+01,1.7703374863e+01
1.3900000000e+02,1.0000000000e+02,2.9000000000e+01,1.8443691254e+01
1.3900000000e+02,1.0000000000e+02,3.0000000000e+01,1.9192230225e+01
1.3900000000e+02,1.0000000000e+02,3.1000000000e+01,1.9949281693e+01
1.3900000000e+02,1.3900000000e+02,0.0000000000e+00,2.0024638176e+00
1.3900000000e+02,1.3900000000e+02,1.0000000000e+00,1.3909598589e+00
1.3900000000e+02,1.3900000000e+02,2.0000000000e+00,1.3895341158e+00
1.3900000000e+02,1.3900000000e+02,3.0000000000e+00,1.6106221676e+00
1.3900000000e+02,1.3900000000e+02,4.0000000000e+00,1.8688625097e+00
1.3900000000e+02,1.3900000000e+02,5.0000000000e+00,2.1448106766e+00
1.3900000000e+02,1.3900000000e+02,6.0000000000e+00,2.4198575020e+00
1.3900000000e+02,1.3900000000e+02,7.0000000000e+00,2.6921560764e+00
1.3900000000e+02,1.3900000000e+02,8.0000000000e+00,2.9576315880e+00
1.3900000000e+02,1.3900000000e+02,9.0000000000e+00,3.2163102627e+00
1.3900000000e+02,1.3900000000e+02,1.0000000000e+01,3.4672737122e+00
1.3900000000e+02,1.3900000000e+02,1.1000000000e+01,3.7108795643e+00
1.3900000000e+02,1.3900000000e+02,1.2000000000e+01,3.9471378326e+00
1.3900000000e+02,1.3900000000e+02,1.3000000000e+01,4.1764388084e+00
1.3900000000e+02,1.3900000000e+02,1.4000000000e+01,4.3990902901e+00
1.3900000000e+02,1.3900000000e+02,1.5000000000e+01,4.6154494286e+00
1.3900000000e+02,1.3900000000e+02,1.6000000000e+01,4.8259067535e+00
1.3900000000e+02,1.3900000000e+02,1.7000000000e+01,5.0307755470e+00
1.3900000000e+02,1.3900000000e+02,1.8000000000e+01,5.2304434776e+00
1.3900000000e+02,1.3900000000e+02,1.9000000000e+01,5.4251942635e+00
1.3900000000e+02,1.3900000000e+02,2.0000000000e+01,5.6153707504e+00
1.3900000000e+02,1.3900000000e+02,2.1000000000e+01,5.8012404442e+00
1.3900000000e+02,1.3900000000e+02,2.2000000000e+01,5.9830861092e+00
1.3900000000e+02,1.3900000000e+02,2.3000000000e+01,6.1611738205e+00
1.3900000000e+02,1.3900000000e+02,2.4000000000e+01,6.3357129097e+00
1.3900000000e+02,1.3900000000e+02,2.5000000000e+01,6.5069851875e+00
1.3900000000e+02,1.3900000000e+02,2.6000000000e+01,6.6751203537e+00
1.3900000000e+02,1.3900000000e+02,2.7000000000e+01,6.8404197693e+00
1.3900000000e+02,1.3900000000e+02,2.8000000000e+01,7.0029487610e+00
1.3900000000e+02,1.3900000000e+02,2.9000000000e+01,7.1630158424e+00
1.3900000000e+02,1.3900000000e+02,3.0000000000e+01,7.3206424713e+00
1.3900000000e+02,1.3900000000e+02,3.1000000000e+01,7.4761309624e+00
1.3900000000e+02,1.9300000000e+02,0.0000000000e+00,1.9996377230e+00
1.3900000000e+02,1.9300000000e+02,1.0000000000e+00,1.4513431787e+00
1.3900000000e+02,1.9300000000e+02,2.0000000000e+00,1.4675420523e+00
1.3900000000e+02,1.9300000000e+02,3.0000000000e+00,1.6257938147e+00
1.3900000000e+02,1.9300000000e+02,4.0000000000e+00,1.7842593193e+00
1.3900000000e+02,1.9300000000e+02,5.0000000000e+00,1.9346365929e+00
1.3900000000e+02,1.9300000000e+02,6.0000000000e+00,2.0676968098e+00
1.3900000000e+02,1.9300000000e+02,7.0000000000e+00,2.1860785484e+00
1.3900000000e+02,1.9300000000e+02,8.0000000000e+00,2.2897863388e+00
1.3900000000e+02,1.9300000000e+02,9.0000000000e+00,2.3811786175e+00
1.3900000000e+02,1.9300000000e+02,1.0000000000e+01,2.4614672661e+00
1.3900000000e+02,1.9300000000e+02,1.1000000000e+01,2.5323023796e+00
1.3900000000e+02,1.9300000000e+02,1.2000000000e+01,2.5948915482e+00
1.3900000000e+02,1.9300000000e+02,1.3000000000e+01,2.6503508091e+00
1.3900000000e+02,1.9300000000e+02,1.4000000000e+01,2.6996827126e+00
1.3900000000e+02,1.9300000000e+02,1.5000000000e+01,2.7436392307e+00
1.3900000000e+02,1.9300000000e+02,1.6000000000e+01,2.7830173969e+00
1.3900000000e+02,1.9300000000e+02,1.7000000000e+01,2.8183240891e+00
1.3900000000e+02,1.9300000000e+02,1.8000000000e+01,2.8501856327e+00
1.3900000000e+02,1.9300000000e+02,1.9000000000e+01,2.8789441586e+00
1.3900000000e+02,1.9300000000e+02,2.0000000000e+01,2.9050910473e+00
1.3900000000e+02,1.9300000000e+02,2.1000000000e+01,2.9288578033e+00
1.3900000000e+02,1.9300000000e+02,2.2000000000e+01,2.9506306648e+00
1.3900000000e+02,1.9300000000e+02,2.3000000000e+01,2.9705674648e+00
1.3900000000e+02,1.9300000000e+02,2.4000000000e+01,2.9889717102e+00
1.3900000000e+02,1.9300000000e+02,2.5000000000e+01,3.0059518814e+00
1.3900000000e+02,1.9300000000e+02,2.6000000000e+01,3.0217461586e+00
1.3900000000e+02,1.9300000000e+02,2.7000000000e+01,3.0364315510e+00
1.3900000000e+02,1.9300000000e+02,2.8000000000e+01,3.0501940250e+00
1.3900000000e+02,1.9300000000e+02,2.9000000000e+01,3.0630891323e+00
1.3900000000e+02,1.9300000000e+02,3.0000000000e+01,3.0752625465e+00
1.3900000000e+02,1.9300000000e+02,3.1000000000e+01,3.0867557526e+00
1.3900000000e+02,2.6800000000e+02,0.0000000000e+00,2.0024225712e+00
1.3900000000e+02,2.6800000000e+02,1.0000000000e+00,1.0762223005e+00
1.3900000000e+02,2.6800000000e+02,2.0000000000e+00,9.4545638561e-01
1.3900000000e+02,2.6800000000e+02,3.0000000000e+00,1.0211696625e+00
1.3900000000e+02,2.6800000000e+02,4.0000000000e+00,1.1222058535e+00
1.3900000000e+02,2.6800000000e+02,5.0000000000e+00,1.2222329378e+00
1.3900000000e+02,2.6800000000e+02,6.0000000000e+00,1.3123563528e+00
1.3900000000e+02,2.6800000000e+02,7.0000000000e+00,1.3915617466e+00
1.3900000000e+02,2.6800000000e+02,8.0000000000e+00,1.4601827860e+00
1.3900000000e+02,2.6800000000e+02,9.0000000000e+00,1.5194114447e+00
1.3900000000e+02,2.6800000000e+02,1.0000000000e+01,1.5704498291e+00
1.3900000000e+02,2.6800000000e+02,1.1000000000e+01,1.6144881248e+00
1.3900000000e+02,2.6800000000e+02,1.2000000000e+01,1.6525671482e+00
1.3900000000e+02,2.6800000000e+02,1.3000000000e+01,1.6856011152e+00
1.3900000000e+02,2.6800000000e+02,1.4000000000e+01,1.7143665552e+00
1.3900000000e+02,2.6800000000e+02,1.5000000000e+01,1.7395248413e+00
1.3900000000e+02,2.6800000000e+02,1.6000000000e+01,1.7616330385e+00
1.3900000000e+02,2.6800000000e+02,1.7000000000e+01,1.7811619043e+00
1.3900000000e+02,2.6800000000e+02,1.8000000000e+01,1.7985067368e+00
1.3900000000e+02,2.6800000000e+02,1.9000000000e+01,1.8140004873e+00
1.3900000000e+02,2.6800000000e+02,2.0000000000e+01,1.8279242516e+00
1.3900000000e+02,2.6800000000e+02,2.1000000000e+01,1.8405146599e+00
1.3900000000e+02,2.6800000000e+02,2.2000000000e+01,1.8519712687e+00
1.3900000000e+02,2.6800000000e+02,2.3000000000e+01,1.8624625206e+00
1.3900000000e+02,2.6800000000e+02,2.4000000000e+01,1.8721319437e+00
1.3900000000e+02,2.6800000000e+02,2.5000000000e+01,1.8810998201e+00
1.3900000000e+02,2.6800000000e+02,2.6000000000e+01,1.8894691467e+00
1.3900000000e+02,2.6800000000e+02,2.7000000000e+01,1.8973270655e+00
1.3900000000e+02,2.6800000000e+02,2.8000000000e+01,1.9047476053e+00
1.3900000000e+02,2.6800000000e+02,2.9000000000e+01,1.9117939472e+00
1.3900000000e+02,2.6800000000e+02,3.0000000000e+01,1.9185204506e+00
1.3900000000e+02,2.6800000000e+02,3.1000000000e+01,1.9249725342e+00
1.3900000000e+02,3.7300000000e+02,0.0000000000e+00,1.9991019964e+00
1.3900000000e+02,3.7300000000e+02,1.0000000000e+00,9.9789524078e-01
1.3900000000e+02,3.7300000000e+02,2.0000000000e+00,8.7771075964e-01
1.3900000000e+02,3.7300000000e+02,3.0000000000e+00,9.3519759178e-01
1.3900000000e+02,3.7300000000e+02,4.0000000000e+00,1.0049713850e+00
1.3900000000e+02,3.7300000000e+02,5.0000000000e+00,1.0648422241e+00
1.3900000000e+02,3.7300000000e+02,6.0000000000e+00,1.1123707294e+00
1.3900000000e+02,3.7300000000e+02,7.0000000000e+00,1.1489911079e+00
1.3900000000e+02,3.7300000000e+02,8.0000000000e+00,1.1770051718e+00
1.3900000000e+02,3.7300000000e+02,9.0000000000e+00,1.1983923912e+00
1.3900000000e+02,3.7300000000e+02,1.0000000000e+01,1.2147886753e+00
1.3900000000e+02,3.7300000000e+02,1.1000000000e+01,1.2274338007e+00
1.3900000000e+02,3.7300000000e+02,1.2000000000e+01,1.2372735739e+00
1.3900000000e+02,3.7300000000e+02,1.3000000000e+01,1.2450115681e+00
1.3900000000e+02,3.7300000000e+02,1.4000000000e+01,1.2511755228e+00
1.3900000000e+02,3.7300000000e+02,1.5000000000e+01,1.2561565638e+00
1.3900000000e+02,3.7300000000e+02,1.6000000000e+01,1.2602481842e+00
1.3900000000e+02,3.7300000000e+02,1.7000000000e+01,1.2636686563e+00
1.3900000000e+02,3.7300000000e+02,1.8000000000e+01,1.2665820122e+00
1.3900000000e+02,3.7300000000e+02,1.9000000000e+01,1.2691111565e+00
1.3900000000e+02,3.7300000000e+02,2.0000000000e+01,1.2713488340e+00
1.3900000000e+02,3.7300000000e+02,2.1000000000e+01,1.2733643055e+00
1.3900000000e+02,3.7300000000e+02,2.2000000000e+01,1.2752108574e+00
1.3900000000e+02,3.7300000000e+02,2.3000000000e+01,1.2769285440e+00
1.3900000000e+02,3.7300000000e+02,2.4000000000e+01,1.2785477638e+00
1.3900000000e+02,3.7300000000e+02,2.5000000000e+01,1.2800917625e+00
1.3900000000e+02,3.7300000000e+02,2.6000000000e+01,1.2815783024e+00
1.3900000000e+02,3.7300000000e+02,2.7000000000e+01,1.2830209732e+00
1.3900000000e+02,3.7300000000e+02,2.8000000000e+01,1.2844303846e+00
1.3900000000e+02,3.7300000000e+02,2.9000000000e+01,1.2858144045e+00
1.3900000000e+02,3.7300000000e+02,3.0000000000e+01,1.2871794701e+00
1.3900000000e+02,3.7300000000e+02,3.1000000000e+01,1.2885301113e+00
1.3900000000e+02,5.1800000000e+02,0.0000000000e+00,1.9960181713e+00
1.3900000000e+02,5.1800000000e+02,1.0000000000e+00,8.6142885685e-01
1.3900000000e+02,5.1800000000e+02,2.0000000000e+00,7.0764660835e-01
1.3900000000e+02,5.1800000000e+02,3.0000000000e+00,7.3434937000e-01
1.3900000000e+02,5.1800000000e+02,4.0000000000e+00,7.7002549171e-01
1.3900000000e+02,5.1800000000e+02,5.0000000000e+00,7.9807084799e-01
1.3900000000e+02,5.1800000000e+02,6.0000000000e+00,8.1777226925e-01
1.3900000000e+02,5.1800000000e+02,7.0000000000e+00,8.3122348785e-01
1.3900000000e+02,5.1800000000e+02,8.0000000000e+00,8.4033715725e-01
1.3900000000e+02,5.1800000000e+02,9.0000000000e+00,8.4653759003e-01
1.3900000000e+02,5.1800000000e+02,1.0000000000e+01,8.5080087185e-01
1.3900000000e+02,5.1800000000e+02,1.1000000000e+01,8.5378044844e-01
1.3900000000e+02,5.1800000000e+02,1.2000000000e+01,8.5590881109e-01
1.3900000000e+02,5.1800000000e+02,1.3000000000e+01,8.5747140646e-01
1.3900000000e+02,5.1800000000e+02,1.4000000000e+01,8.5865676403e-01
1.3900000000e+02,5.1800000000e+02,1.5000000000e+01,8.5958963633e-01
1.3900000000e+02,5.1800000000e+02,1.6000000000e+01,8.6035311222e-01
1.3900000000e+02,5.1800000000e+02,1.7000000000e+01,8.6100244522e-01
1.3900000000e+02,5.1800000000e+02,1.8000000000e+01,8.6157464981e-01
1.3900000000e+02,5.1800000000e+02,1.9000000000e+01,8.6209470034e-01
1.3900000000e+02,5.1800000000e+02,2.0000000000e+01,8.6257940531e-01
1.3900000000e+02,5.1800000000e+02,2.1000000000e+01,8.6304020882e-01
1.3900000000e+02,5.1800000000e+02,2.2000000000e+01,8.6348479986e-01
1.3900000000e+02,5.1800000000e+02,2.3000000000e+01,8.6391854286e-01
1.3900000000e+02,5.1800000000e+02,2.4000000000e+01,8.6434495449e-01
1.3900000000e+02,5.1800000000e+02,2.5000000000e+01,8.6476665735e-01
1.3900000000e+02,5.1800000000e+02,2.6000000000e+01,8.6518520117e-01
1.3900000000e+02,5.1800000000e+02,2.7000000000e+01,8.6560189724e-01
1.3900000000e+02,5.1800000000e+02,2.8000000000e+01,8.6601758003e-01
1.3900000000e+02,5.1800000000e+02,2.9000000000e+01,8.6643266678e-01
1.3900000000e+02,5.1800000000e+02,3.0000000000e+01,8.6684787273e-01
1.3900000000e+02,5.1800000000e+02,3.1000000000e+01,8.6726307869e-01
1.3900000000e+02,7.2000000000e+02,0.0000000000e+00,1.9994189739e+00
1.3900000000e+02,7.2000000000e+02,1.0000000000e+00,7.4895858765e-01
1.3900000000e+02,7.2000000000e+02,2.0000000000e+00,6.1896729469e-01
1.3900000000e+02,7.2000000000e+02,3.0000000000e+00,6.5755522251e-01
1.3900000000e+02,7.2000000000e+02,4.0000000000e+00,6.9986963272e-01
1.3900000000e+02,7.2000000000e+02,5.0000000000e+00,7.3065668344e-01
1.3900000000e+02,7.2000000000e+02,6.0000000000e+00,7.5113606453e-01
1.3900000000e+02,7.2000000000e+02,7.0000000000e+00,7.6438409090e-01
1.3900000000e+02,7.2000000000e+02,8.0000000000e+00,7.7292490005e-01
1.3900000000e+02,7.2000000000e+02,9.0000000000e+00,7.7846705914e-01
1.3900000000e+02,7.2000000000e+02,1.0000000000e+01,7.8211659193e-01
1.3900000000e+02,7.2000000000e+02,1.1000000000e+01,7.8457355499e-01
1.3900000000e+02,7.2000000000e+02,1.2000000000e+01,7.8627800941e-01
1.3900000000e+02,7.2000000000e+02,1.3000000000e+01,7.8750681877e-01
1.3900000000e+02,7.2000000000e+02,1.4000000000e+01,7.8843379021e-01
1.3900000000e+02,7.2000000000e+02,1.5000000000e+01,7.8916895390e-01
1.3900000000e+02,7.2000000000e+02,1.6000000000e+01,7.8978145123e-01
1.3900000000e+02,7.2000000000e+02,1.7000000000e+01,7.9031556845e-01
1.3900000000e+02,7.2000000000e+02,1.8000000000e+01,7.9079943895e-01
1.3900000000e+02,7.2000000000e+02,1.9000000000e+01,7.9125094414e-01
1.3900000000e+02,7.2000000000e+02,2.0000000000e+01,7.9168170691e-01
1.3900000000e+02,7.2000000000e+02,2.1000000000e+01,7.9209905863e-01
1.3900000000e+02,7.2000000000e+02,2.2000000000e+01,7.9250788689e-01
1.3900000000e+02,7.2000000000e+02,2.3000000000e+01,7.9291141033e-01
1.3900000000e+02,7.2000000000e+02,2.4000000000e+01,7.9331135750e-01
1.3900000000e+02,7.2000000000e+02,2.5000000000e+01,7.9370927811e-01
1.3900000000e+02,7.2000000000e+02,2.6000000000e+01,7.9410600662e-01
1.3900000000e+02,7.2000000000e+02,2.7000000000e+01,7.9450213909e-01
1.3900000000e+02,7.2000000000e+02,2.8000000000e+01,7.9489791393e-01
1.3900000000e+02,7.2000000000e+02,2.9000000000e+01,7.9529356956e-01
1.3900000000e+02,7.2000000000e+02,3.0000000000e+01,7.9568946362e-01
1.3900000000e+02,7.2000000000e+02,3.1000000000e+01,7.9608565569e-01
1.3900000000e+02,1.0000000000e+03,0.0000000000e+00,2.0070803165e+00
1.3900000000e+02,1.0000000000e+03,1.0000000000e+00,6.7574697733e-01
1.3900000000e+02,1.0000000000e+03,2.0000000000e+00,5.4202395678e-01
1.3900000000e+02,1.0000000000e+03,3.0000000000e+00,5.6419640779e-01
1.3900000000e+02,1.0000000000e+03,4.0000000000e+00,5.8754450083e-01
1.3900000000e+02,1.0000000000e+03,5.0000000000e+00,6.0191035271e-01
1.3900000000e+02,1.0000000000e+03,6.0000000000e+00,6.1003333330e-01
1.3900000000e+02,1.0000000000e+03,7.0000000000e+00,6.1452227831e-01
1.3900000000e+02,1.0000000000e+03,8.0000000000e+00,6.1701488495e-01
1.3900000000e+02,1.0000000000e+03,9.0000000000e+00,6.1842590570e-01
1.3900000000e+02,1.0000000000e+03,1.0000000000e+01,6.1925393343e-01
1.3900000000e+02,1.0000000000e+03,1.1000000000e+01,6.1976665258e-01
1.3900000000e+02,1.0000000000e+03,1.2000000000e+01,6.2010848522e-01
1.3900000000e+02,1.0000000000e+03,1.3000000000e+01,6.2035739422e-01
1.3900000000e+02,1.0000000000e+03,1.4000000000e+01,6.2055534124e-01
1.3900000000e+02,1.0000000000e+03,1.5000000000e+01,6.2072539330e-01
1.3900000000e+02,1.0000000000e+03,1.6000000000e+01,6.2088006735e-01
1.3900000000e+02,1.0000000000e+03,1.7000000000e+01,6.2102627754e-01
1.3900000000e+02,1.0000000000e+03,1.8000000000e+01,6.2116783857e-01
1.3900000000e+02,1.0000000000e+03,1.9000000000e+01,6.2130689621e-01
1.3900000000e+02,1.0000000000e+03,2.0000000000e+01,6.2144446373e-01
1.3900000000e+02,1.0000000000e+03,2.1000000000e+01,6.2158137560e-01
1.3900000000e+02,1.0000000000e+03,2.2000000000e+01,6.2171798944e-01
1.3900000000e+02,1.0000000000e+03,2.3000000000e+01,6.2185436487e-01
1.3900000000e+02,1.0000000000e+03,2.4000000000e+01,6.2199085951e-01
1.3900000000e+02,1.0000000000e+03,2.5000000000e+01,6.2212729454e-01
1.3900000000e+02,1.0000000000e+03,2.6000000000e+01,6.2226384878e-01
1.3900000000e+02,1.0000000000e+03,2.7000000000e+01,6.2240052223e-01
1.3900000000e+02,1.0000000000e+03,2.8000000000e+01,6.2253737450e-01
1.3900000000e+02,1.0000000000e+03,2.9000000000e+01,6.2267422676e-01
1.3900000000e+02,1.0000000000e+03,3.0000000000e+01,6.2281125784e-01
1.3900000000e+02,1.0000000000e+03,3.1000000000e+01,6.2294846773e-01
1.9300000000e+02,1.0000000000e+01,0.0000000000e+00,1.9968497753e+00
1.9300000000e+02,1.0000000000e+01,1.0000000000e+00,2.3185510635e+00
1.9300000000e+02,1.0000000000e+01,2.0000000000e+00,2.9660418034e+00
1.9300000000e+02,1.0000000000e+01,3.0000000000e+00,3.7351453304e+00
1.9300000000e+02,1.0000000000e+01,4.0000000000e+00,4.4559273720e+00
1.9300000000e+02,1.0000000000e+01,5.0000000000e+00,5.1106228828e+00
1.9300000000e+02,1.0000000000e+01,6.0000000000e+00,5.7088341713e+00
1.9300000000e+02,1.0000000000e+01,7.0000000000e+00,6.2667741776e+00
1.9300000000e+02,1.0000000000e+01,8.0000000000e+00,6.7984695435e+00
1.9300000000e+02,1.0000000000e+01,9.0000000000e+00,7.3149218559e+00
1.9300000000e+02,1.0000000000e+01,1.0000000000e+01,7.8245153427e+00
1.9300000000e+02,1.0000000000e+01,1.1000000000e+01,8.3336381912e+00
1.9300000000e+02,1.0000000000e+01,1.2000000000e+01,8.8472042084e+00
1.9300000000e+02,1.0000000000e+01,1.3000000000e+01,9.3690357208e+00
1.9300000000e+02,1.0000000000e+01,1.4000000000e+01,9.9021482468e+00
1.9300000000e+02,1.0000000000e+01,1.5000000000e+01,1.0448950768e+01
1.9300000000e+02,1.0000000000e+01,1.6000000000e+01,1.1011391640e+01
1.9300000000e+02,1.0000000000e+01,1.7000000000e+01,1.1591059685e+01
1.9300000000e+02,1.0000000000e+01,1.8000000000e+01,1.2189268112e+01
1.9300000000e+02,1.0000000000e+01,1.9000000000e+01,1.2807109833e+01
1.9300000000e+02,1.0000000000e+01,2.0000000000e+01,1.3445504189e+01
1.9300000000e+02,1.0000000000e+01,2.1000000000e+01,1.4105223656e+01
1.9300000000e+02,1.0000000000e+01,2.2000000000e+01,1.4786931038e+01
1.9300000000e+02,1.0000000000e+01,2.3000000000e+01,1.5491189003e+01
1.9300000000e+02,1.0000000000e+01,2.4000000000e+01,1.6218484879e+01
1.9300000000e+02,1.0000000000e+01,2.5000000000e+01,1.6969242096e+01
1.9300000000e+02,1.0000000000e+01,2.6000000000e+01,1.7743822098e+01
1.9300000000e+02,1.0000000000e+01,2.7000000000e+01,1.8542543411e+01
1.9300000000e+02,1.0000000000e+01,2.8000000000e+01,1.9365684509e+01
1.9300000000e+02,1.0000000000e+01,2.9000000000e+01,2.0213491440e+01
1.9300000000e+02,1.0000000000e+01,3.0000000000e+01,2.1086177826e+01
1.9300000000e+02,1.0000000000e+01,3.1000000000e+01,2.1983934402e+01
1.9300000000e+02,1.4000000000e+01,0.0000000000e+00,1.9910585880e+00
1.9300000000e+02,1.4000000000e+01,1.0000000000e+00,2.2202270031e+00
1.9300000000e+02,1.4000000000e+01,2.0000000000e+00,2.8477144241e+00
1.9300000000e+02,1.4000000000e+01,3.0000000000e+00,3.6689562798e+00
1.9300000000e+02,1.4000000000e+01,4.0000000000e+00,4.4924001694e+00
1.9300000000e+02,1.4000000000e+01,5.0000000000e+00,5.2657818794e+00
1.9300000000e+02,1.4000000000e+01,6.0000000000e+00,5.9770240784e+00
1.9300000000e+02,1.4000000000e+01,7.0000000000e+00,6.6337623596e+00
1.9300000000e+02,1.4000000000e+01,8.0000000000e+00,7.2473831177e+00
1.9300000000e+02,1.4000000000e+01,9.0000000000e+00,7.8287916183e+00
1.9300000000e+02,1.4000000000e+01,1.0000000000e+01,8.3872327805e+00
1.9300000000e+02,1.4000000000e+01,1.1000000000e+01,8.9302339554e+00
1.9300000000e+02,1.4000000000e+01,1.2000000000e+01,9.4638452530e+00
1.9300000000e+02,1.4000000000e+01,1.3000000000e+01,9.9929304123e+00
1.9300000000e+02,1.4000000000e+01,1.4000000000e+01,1.0521416664e+01
1.9300000000e+02,1.4000000000e+01,1.5000000000e+01,1.1052500725e+01
1.9300000000e+02,1.4000000000e+01,1.6000000000e+01,1.1588798523e+01
1.9300000000e+02,1.4000000000e+01,1.7000000000e+01,1.2132481575e+01
1.9300000000e+02,1.4000000000e+01,1.8000000000e+01,1.2685355186e+01
1.9300000000e+02,1.4000000000e+01,1.9000000000e+01,1.3248932838e+01
1.9300000000e+02,1.4000000000e+01,2.0000000000e+01,1.3824499130e+01
1.9300000000e+02,1.4000000000e+01,2.1000000000e+01,1.4413148880e+01
1.9300000000e+02,1.4000000000e+01,2.2000000000e+01,1.5015815735e+01
1.9300000000e+02,1.4000000000e+01,2.3000000000e+01,1.5633308411e+01
1.9300000000e+02,1.4000000000e+01,2.4000000000e+01,1.6266324997e+01
1.9300000000e+02,1.4000000000e+01,2.5000000000e+01,1.6915473938e+01
1.9300000000e+02,1.4000000000e+01,2.6000000000e+01,1.7581285477e+01
1.9300000000e+02,1.4000000000e+01,2.7000000000e+01,1.8264226913e+01
1.9300000000e+02,1.4000000000e+01,2.8000000000e+01,1.8964708328e+01
1.9300000000e+02,1.4000000000e+01,2.9000000000e+01,1.9683090210e+01
1.9300000000e+02,1.4000000000e+01,3.0000000000e+01,2.0419696808e+01
1.9300000000e+02,1.4000000000e+01,3.1000000000e+01,2.1174812317e+01
1.9300000000e+02,1.9000000000e+01,0.0000000000e+00,1.9998644590e+00
1.9300000000e+02,1.9000000000e+01,1.0000000000e+00,2.1774239540e+00
1.9300000000e+02,1.9000000000e+01,2.0000000000e+00,2.7600438595e+00
1.9300000000e+02,1.9000000000e+01,3.0000000000e+00,3.6090183258e+00
1.9300000000e+02,1.9000000000e+01,4.0000000000e+00,4.5367441177e+00
1.9300000000e+02,1.9000000000e+01,5.0000000000e+00,5.4800791740e+00
1.9300000000e+02,1.9000000000e+01,6.0000000000e+00,6.4001369476e+00
1.9300000000e+02,1.9000000000e+01,7.0000000000e+00,7.2893810272e+00
1.9300000000e+02,1.9000000000e+01,8.0000000000e+00,8.1493959427e+00
1.9300000000e+02,1.9000000000e+01,9.0000000000e+00,8.9863815308e+00
1.9300000000e+02,1.9000000000e+01,1.0000000000e+01,9.8074731827e+00
1.9300000000e+02,1.9000000000e+01,1.1000000000e+01,1.0619553566e+01
1.9300000000e+02,1.9000000000e+01,1.2000000000e+01,1.1428784370e+01
1.9300000000e+02,1.9000000000e+01,1.3000000000e+01,1.2240492821e+01
1.9300000000e+02,1.9000000000e+01,1.4000000000e+01,1.3059226036e+01
1.9300000000e+02,1.9000000000e+01,1.5000000000e+01,1.3888839722e+01
1.9300000000e+02,1.9000000000e+01,1.6000000000e+01,1.4732601166e+01
1.9300000000e+02,1.9000000000e+01,1.7000000000e+01,1.5593280792e+01
1.9300000000e+02,1.9000000000e+01,1.8000000000e+01,1.6473234177e+01
1.9300000000e+02,1.9000000000e+01,1.9000000000e+01,1.7374477386e+01
1.9300000000e+02,1.9000000000e+01,2.0000000000e+01,1.8298730850e+01
1.9300000000e+02,1.9000000000e+01,2.1000000000e+01,1.9247484207e+01
1.9300000000e+02,1.9000000000e+01,2.2000000000e+01,2.0222013474e+01
1.9300000000e+02,1.9000000000e+01,2.3000000000e+01,2.1223434448e+01
1.9300000000e+02,1.9000000000e+01,2.4000000000e+01,2.2252708435e+01
1.9300000000e+02,1.9000000000e+01,2.5000000000e+01,2.3310686111e+01
1.9300000000e+02,1.9000000000e+01,2.6000000000e+01,2.4398101807e+01
1.9300000000e+02,1.9000000000e+01,2.7000000000e+01,2.5515605927e+01
1.9300000000e+02,1.9000000000e+01,2.8000000000e+01,2.6663768768e+01
1.9300000000e+02,1.9000000000e+01,2.9000000000e+01,2.7843095779e+01
1.9300000000e+02,1.9000000000e+01,3.0000000000e+01,2.9054027557e+01
1.9300000000e+02,1.9000000000e+01,3.1000000000e+01,3.0296962738e+01
1.9300000000e+02,2.7000000000e+01,0.0000000000e+00,1.9929255247e+00
1.9300000000e+02,2.7000000000e+01,1.0000000000e+00,2.0245735645e+00
1.9300000000e+02,2.7000000000e+01,2.0000000000e+00,2.4345602989e+00
1.9300000000e+02,2.7000000000e+01,3.0000000000e+00,3.1208534241e+00
1.9300000000e+02,2.7000000000e+01,4.0000000000e+00,3.9344608784e+00
1.9300000000e+02,2.7000000000e+01,5.0000000000e+00,4.8282403946e+00
1.9300000000e+02,2.7000000000e+01,6.0000000000e+00,5.7592782974e+00
1.9300000000e+02,2.7000000000e+01,7.0000000000e+00,6.7075757980e+00
1.9300000000e+02,2.7000000000e+01,8.0000000000e+00,7.6612396240e+00
1.9300000000e+02,2.7000000000e+01,9.0000000000e+00,8.6156110764e+00
1.9300000000e+02,2.7000000000e+01,1.0000000000e+01,9.5698661804e+00
1.9300000000e+02,2.7000000000e+01,1.1000000000e+01,1.0525263786e+01
1.9300000000e+02,2.7000000000e+01,1.2000000000e+01,1.1484202385e+01
1.9300000000e+02,2.7000000000e+01,1.3000000000e+01,1.2449511528e+01
1.9300000000e+02,2.7000000000e+01,1.4000000000e+01,1.3424145699e+01
1.9300000000e+02,2.7000000000e+01,1.5000000000e+01,1.4410969734e+01
1.9300000000e+02,2.7000000000e+01,1.6000000000e+01,1.5412680626e+01
1.9300000000e+02,2.7000000000e+01,1.7000000000e+01,1.6431756973e+01
1.9300000000e+02,2.7000000000e+01,1.8000000000e+01,1.7470441818e+01
1.9300000000e+02,2.7000000000e+01,1.9000000000e+01,1.8530769348e+01
1.9300000000e+02,2.7000000000e+01,2.0000000000e+01,1.9614547729e+01
1.9300000000e+02,2.7000000000e+01,2.1000000000e+01,2.0723411560e+01
1.9300000000e+02,2.7000000000e+01,2.2000000000e+01,2.1858814240e+01
1.9300000000e+02,2.7000000000e+01,2.3000000000e+01,2.3022048950e+01
1.9300000000e+02,2.7000000000e+01,2.4000000000e+01,2.4214279175e+01
1.9300000000e+02,2.7000000000e+01,2.5000000000e+01,2.5436536789e+01
1.9300000000e+02,2.7000000000e+01,2.6000000000e+01,2.6689756393e+01
1.9300000000e+02,2.7000000000e+01,2.7000000000e+01,2.7974765778e+01
1.9300000000e+02,2.7000000000e+01,2.8000000000e+01,2.9292306900e+01
1.9300000000e+02,2.7000000000e+01,2.9000000000e+01,3.0643049240e+01
1.9300000000e+02,2.7000000000e+01,3.0000000000e+01,3.2027595520e+01
1.9300000000e+02,2.7000000000e+01,3.1000000000e+01,3.3446487427e+01
1.9300000000e+02,3.7000000000e+01,0.0000000000e+00,2.0052559376e+00
1.9300000000e+02,3.7000000000e+01,1.0000000000e+00,2.0404257774e+00
1.9300000000e+02,3.7000000000e+01,2.0000000000e+00,2.5095896721e+00
1.9300000000e+02,3.7000000000e+01,3.0000000000e+00,3.2501068115e+00
1.9300000000e+02,3.7000000000e+01,4.0000000000e+00,4.1169061661e+00
1.9300000000e+02,3.7000000000e+01,5.0000000000e+00,5.0764274597e+00
1.9300000000e+02,3.7000000000e+01,6.0000000000e+00,6.0748262405e+00
1.9300000000e+02,3.7000000000e+01,7.0000000000e+00,7.0927996635e+00
1.9300000000e+02,3.7000000000e+01,8.0000000000e+00,8.1068859100e+00
1.9300000000e+02,3.7000000000e+01,9.0000000000e+00,9.1083507538e+00
1.9300000000e+02,3.7000000000e+01,1.0000000000e+01,1.0089345932e+01
1.9300000000e+02,3.7000000000e+01,1.1000000000e+01,1.1047489166e+01
1.9300000000e+02,3.7000000000e+01,1.2000000000e+01,1.1981659889e+01
1.9300000000e+02,3.7000000000e+01,1.3000000000e+01,1.2892556190e+01
1.9300000000e+02,3.7000000000e+01,1.4000000000e+01,1.3781529427e+01
1.9300000000e+02,3.7000000000e+01,1.5000000000e+01,1.4650462151e+01
1.9300000000e+02,3.7000000000e+01,1.6000000000e+01,1.5501435280e+01
1.9300000000e+02,3.7000000000e+01,1.7000000000e+01,1.6336603165e+01
1.9300000000e+02,3.7000000000e+01,1.8000000000e+01,1.7158098221e+01
1.9300000000e+02,3.7000000000e+01,1.9000000000e+01,1.7967975616e+01
1.9300000000e+02,3.7000000000e+01,2.0000000000e+01,1.8768180847e+01
1.9300000000e+02,3.7000000000e+01,2.1000000000e+01,1.9560535431e+01
1.9300000000e+02,3.7000000000e+01,2.2000000000e+01,2.0346733093e+01
1.9300000000e+02,3.7000000000e+01,2.3000000000e+01,2.1128334045e+01
1.9300000000e+02,3.7000000000e+01,2.4000000000e+01,2.1906784058e+01
1.9300000000e+02,3.7000000000e+01,2.5000000000e+01,2.2683404922e+01
1.9300000000e+02,3.7000000000e+01,2.6000000000e+01,2.3459415436e+01
1.9300000000e+02,3.7000000000e+01,2.7000000000e+01,2.4235937119e+01
1.9300000000e+02,3.7000000000e+01,2.8000000000e+01,2.5013984680e+01
1.9300000000e+02,3.7000000000e+01,2.9000000000e+01,2.5794502258e+01
1.9300000000e+02,3.7000000000e+01,3.0000000000e+01,2.6578359604e+01
1.9300000000e+02,3.7000000000e+01,3.1000000000e+01,2.7366340637e+01
1.9300000000e+02,5.2000000000e+01,0.0000000000e+00,2.0051598549e+00
1.9300000000e+02,5.2000000000e+01,1.0000000000e+00,1.7685229778e+00
1.9300000000e+02,5.2000000000e+01,2.0000000000e+00,1.9878400564e+00
1.9300000000e+02,5.2000000000e+01,3.0000000000e+00,2.5077185631e+00
1.9300000000e+02,5.2000000000e+01,4.0000000000e+00,3.1748430729e+00
1.9300000000e+02,5.2000000000e+01,5.0000000000e+00,3.9634923935e+00
1.9300000000e+02,5.2000000000e+01,6.0000000000e+00,4.8434720039e+00
1.9300000000e+02,5.2000000000e+01,7.0000000000e+00,5.8036236763e+00
1.9300000000e+02,5.2000000000e+01,8.0000000000e+00,6.8314661980e+00
1.9300000000e+02,5.2000000000e+01,9.0000000000e+00,7.9199490547e+00
1.9300000000e+02,5.2000000000e+01,1.0000000000e+01,9.0628938675e+00
1.9300000000e+02,5.2000000000e+01,1.1000000000e+01,1.0256114960e+01
1.9300000000e+02,5.2000000000e+01,1.2000000000e+01,1.1496530533e+01
1.9300000000e+02,5.2000000000e+01,1.3000000000e+01,1.2781955719e+01
1.9300000000e+02,5.2000000000e+01,1.4000000000e+01,1.4110987663e+01
1.9300000000e+02,5.2000000000e+01,1.5000000000e+01,1.5482716560e+01
1.9300000000e+02,5.2000000000e+01,1.6000000000e+01,1.6896699905e+01
1.9300000000e+02,5.2000000000e+01,1.7000000000e+01,1.8352769852e+01
1.9300000000e+02,5.2000000000e+01,1.8000000000e+01,1.9851034164e+01
1.9300000000e+02,5.2000000000e+01,1.9000000000e+01,2.1391742706e+01
1.9300000000e+02,5.2000000000e+01,2.0000000000e+01,2.2975280762e+01
1.9300000000e+02,5.2000000000e+01,2.1000000000e+01,2.4602125168e+01
1.9300000000e+02,5.2000000000e+01,2.2000000000e+01,2.6272804260e+01
1.9300000000e+02,5.2000000000e+01,2.3000000000e+01,2.7987878799e+01
1.9300000000e+02,5.2000000000e+01,2.4000000000e+01,2.9747930527e+01
1.9300000000e+02,5.2000000000e+01,2.5000000000e+01,3.1553543091e+01
1.9300000000e+02,5.2000000000e+01,2.6000000000e+01,3.3405303955e+01
1.9300000000e+02,5.2000000000e+01,2.7000000000e+01,3.5303787231e+01
1.9300000000e+02,5.2000000000e+01,2.8000000000e+01,3.7249542236e+01
1.9300000000e+02,5.2000000000e+01,2.9000000000e+01,3.9243103027e+01
1.9300000000e+02,5.2000000000e+01,3.0000000000e+01,4.1284992218e+01
1.9300000000e+02,5.2000000000e+01,3.1000000000e+01,4.3375686646e+01
1.9300000000e+02,7.2000000000e+01,0.0000000000e+00,1.9961180687e+00
1.9300000000e+02,7.2000000000e+01,1.0000000000e+00,1.5935764313e+00
1.9300000000e+02,7.2000000000e+01,2.0000000000e+00,1.7091962099e+00
1.9300000000e+02,7.2000000000e+01,3.0000000000e+00,2.0889196396e+00
1.9300000000e+02,7.2000000000e+01,4.0000000000e+00,2.5754363537e+00
1.9300000000e+02,7.2000000000e+01,5.0000000000e+00,3.1400308609e+00
1.9300000000e+02,7.2000000000e+01,6.0000000000e+00,3.7589821815e+00
1.9300000000e+02,7.2000000000e+01,7.0000000000e+00,4.4236745834e+00
1.9300000000e+02,7.2000000000e+01,8.0000000000e+00,5.1254496574e+00
1.9300000000e+02,7.2000000000e+01,9.0000000000e+00,5.8599696159e+00
1.9300000000e+02,7.2000000000e+01,1.0000000000e+01,6.6229467392e+00
1.9300000000e+02,7.2000000000e+01,1.1000000000e+01,7.4118757248e+00
1.9300000000e+02,7.2000000000e+01,1.2000000000e+01,8.2243490219e+00
1.9300000000e+02,7.2000000000e+01,1.3000000000e+01,9.0588512421e+00
1.9300000000e+02,7.2000000000e+01,1.4000000000e+01,9.9139776230e+00
1.9300000000e+02,7.2000000000e+01,1.5000000000e+01,1.0788809776e+01
1.9300000000e+02,7.2000000000e+01,1.6000000000e+01,1.1682531357e+01
1.9300000000e+02,7.2000000000e+01,1.7000000000e+01,1.2594614029e+01
1.9300000000e+02,7.2000000000e+01,1.8000000000e+01,1.3524608612e+01
1.9300000000e+02,7.2000000000e+01,1.9000000000e+01,1.4472240448e+01
1.9300000000e+02,7.2000000000e+01,2.0000000000e+01,1.5437303543e+01
1.9300000000e+02,7.2000000000e+01,2.1000000000e+01,1.6419689178e+01
1.9300000000e+02,7.2000000000e+01,2.2000000000e+01,1.7419343948e+01
1.9300000000e+02,7.2000000000e+01,2.3000000000e+01,1.8436279297e+01
1.9300000000e+02,7.2000000000e+01,2.4000000000e+01,1.9470535278e+01
1.9300000000e+02,7.2000000000e+01,2.5000000000e+01,2.0522199631e+01
1.9300000000e+02,7.2000000000e+01,2.6000000000e+01,2.1591377258e+01
1.9300000000e+02,7.2000000000e+01,2.7000000000e+01,2.2678199768e+01
1.9300000000e+02,7.2000000000e+01,2.8000000000e+01,2.3782814026e+01
1.9300000000e+02,7.2000000000e+01,2.9000000000e+01,2.4905380249e+01
1.9300000000e+02,7.2000000000e+01,3.0000000000e+01,2.6046064377e+01
1.9300000000e+02,7.2000000000e+01,3.1000000000e+01,2.7205047607e+01
1.9300000000e+02,1.0000000000e+02,0.0000000000e+00,1.9972070456e+00
1.9300000000e+02,1.0000000000e+02,1.0000000000e+00,1.4760895967e+00
1.9300000000e+02,1.0000000000e+02,2.0000000000e+00,1.5318790674e+00
1.9300000000e+02,1.0000000000e+02,3.0000000000e+00,1.8111445904e+00
1.9300000000e+02,1.0000000000e+02,4.0000000000e+00,2.1604220867e+00
1.9300000000e+02,1.0000000000e+02,5.0000000000e+00,2.5515084267e+00
1.9300000000e+02,1.0000000000e+02,6.0000000000e+00,2.9652955532e+00
1.9300000000e+02,1.0000000000e+02,7.0000000000e+00,3.3954358101e+00
1.9300000000e+02,1.0000000000e+02,8.0000000000e+00,3.8363950253e+00
1.9300000000e+02,1.0000000000e+02,9.0000000000e+00,4.2856669426e+00
1.9300000000e+02,1.0000000000e+02,1.0000000000e+01,4.7411661148e+00
1.9300000000e+02,1.0000000000e+02,1.1000000000e+01,5.2016100883e+00
1.9300000000e+02,1.0000000000e+02,1.2000000000e+01,5.6661939621e+00
1.9300000000e+02,1.0000000000e+02,1.3000000000e+01,6.1341533661e+00
1.9300000000e+02,1.0000000000e+02,1.4000000000e+01,6.6052489281e+00
1.9300000000e+02,1.0000000000e+02,1.5000000000e+01,7.0789871216e+00
1.9300000000e+02,1.0000000000e+02,1.6000000000e+01,7.5553874969e+00
1.9300000000e+02,1.0000000000e+02,1.7000000000e+01,8.0341300964e+00
1.9300000000e+02,1.0000000000e+02,1.8000000000e+01,8.5153455734e+00
1.9300000000e+02,1.0000000000e+02,1.9000000000e+01,8.9988336563e+00
1.9300000000e+02,1.0000000000e+02,2.0000000000e+01,9.4847631454e+00
1.9300000000e+02,1.0000000000e+02,2.1000000000e+01,9.9730310440e+00
1.9300000000e+02,1.0000000000e+02,2.2000000000e+01,1.0463805199e+01
1.9300000000e+02,1.0000000000e+02,2.3000000000e+01,1.0957052231e+01
1.9300000000e+02,1.0000000000e+02,2.4000000000e+01,1.1452924728e+01
1.9300000000e+02,1.0000000000e+02,2.5000000000e+01,1.1951440811e+01
1.9300000000e+02,1.0000000000e+02,2.6000000000e+01,1.2452738762e+01
1.9300000000e+02,1.0000000000e+02,2.7000000000e+01,1.2956871033e+01
1.9300000000e+02,1.0000000000e+02,2.8000000000e+01,1.3463957787e+01
1.9300000000e+02,1.0000000000e+02,2.9000000000e+01,1.3974071503e+01
1.9300000000e+02,1.0000000000e+02,3.0000000000e+01,1.4487321854e+01
1.9300000000e+02,1.0000000000e+02,3.1000000000e+01,1.5003796577e+01
1.9300000000e+02,1.3900000000e+02,0.0000000000e+00,2.0031323433e+00
1.9300000000e+02,1.3900000000e+02,1.0000000000e+00,1.2812629938e+00
1.9300000000e+02,1.3900000000e+02,2.0000000000e+00,1.2123458385e+00
1.9300000000e+02,1.3900000000e+02,3.0000000000e+00,1.3743588924e+00
1.9300000000e+02,1.3900000000e+02,4.0000000000e+00,1.5910074711e+00
1.9300000000e+02,1.3900000000e+02,5.0000000000e+00,1.8286452293e+00
1.9300000000e+02,1.3900000000e+02,6.0000000000e+00,2.0705602169e+00
1.9300000000e+02,1.3900000000e+02,7.0000000000e+00,2.3110945225e+00
1.9300000000e+02,1.3900000000e+02,8.0000000000e+00,2.5469598770e+00
1.9300000000e+02,1.3900000000e+02,9.0000000000e+00,2.7767450809e+00
1.9300000000e+02,1.3900000000e+02,1.0000000000e+01,2.9998731613e+00
1.9300000000e+02,1.3900000000e+02,1.1000000000e+01,3.2160954475e+00
1.9300000000e+02,1.3900000000e+02,1.2000000000e+01,3.4255633354e+00
1.9300000000e+02,1.3900000000e+02,1.3000000000e+01,3.6284055710e+00
1.9300000000e+02,1.3900000000e+02,1.4000000000e+01,3.8249745369e+00
1.9300000000e+02,1.3900000000e+02,1.5000000000e+01,4.0155215263e+00
1.9300000000e+02,1.3900000000e+02,1.6000000000e+01,4.2004327774e+00
1.9300000000e+02,1.3900000000e+02,1.7000000000e+01,4.3799896240e+00
1.9300000000e+02,1.3900000000e+02,1.8000000000e+01,4.5545573235e+00
1.9300000000e+02,1.3900000000e+02,1.9000000000e+01,4.7244086266e+00
1.9300000000e+02,1.3900000000e+02,2.0000000000e+01,4.8898720741e+00
1.9300000000e+02,1.3900000000e+02,2.1000000000e+01,5.0511984825e+00
1.9300000000e+02,1.3900000000e+02,2.2000000000e+01,5.2086791992e+00
1.9300000000e+02,1.3900000000e+02,2.3000000000e+01,5.3625373840e+00
1.9300000000e+02,1.3900000000e+02,2.4000000000e+01,5.5130300522e+00
1.9300000000e+02,1.3900000000e+02,2.5000000000e+01,5.6603517532e+00
1.9300000000e+02,1.3900000000e+02,2.6000000000e+01,5.8047304153e+00
1.9300000000e+02,1.3900000000e+02,2.7000000000e+01,5.9463324547e+00
1.9300000000e+02,1.3900000000e+02,2.8000000000e+01,6.0853643417e+00
1.9300000000e+02,1.3900000000e+02,2.9000000000e+01,6.2219643593e+00
1.9300000000e+02,1.3900000000e+02,3.0000000000e+01,6.3563199043e+00
1.9300000000e+02,1.3900000000e+02,3.1000000000e+01,6.4885454178e+00
1.9300000000e+02,1.9300000000e+02,0.0000000000e+00,1.9988862276e+00
1.9300000000e+02,1.9300000000e+02,1.0000000000e+00,1.1607680321e+00
1.9300000000e+02,1.9300000000e+02,2.0000000000e+00,1.0501780510e+00
1.9300000000e+02,1.9300000000e+02,3.0000000000e+00,1.1479963064e+00
1.9300000000e+02,1.9300000000e+02,4.0000000000e+00,1.2830766439e+00
1.9300000000e+02,1.9300000000e+02,5.0000000000e+00,1.4237338305e+00
1.9300000000e+02,1.9300000000e+02,6.0000000000e+00,1.5584816933e+00
1.9300000000e+02,1.9300000000e+02,7.0000000000e+00,1.6839807034e+00
1.9300000000e+02,1.9300000000e+02,8.0000000000e+00,1.7994050980e+00
1.9300000000e+02,1.9300000000e+02,9.0000000000e+00,1.9049553871e+00
1.9300000000e+02,1.9300000000e+02,1.0000000000e+01,2.0013015270e+00
1.9300000000e+02,1.9300000000e+02,1.1000000000e+01,2.0892000198e+00
1.9300000000e+02,1.9300000000e+02,1.2000000000e+01,2.1694772243e+00
1.9300000000e+02,1.9300000000e+02,1.3000000000e+01,2.2428793907e+00
1.9300000000e+02,1.9300000000e+02,1.4000000000e+01,2.3101339340e+00
1.9300000000e+02,1.9300000000e+02,1.5000000000e+01,2.3718681335e+00
1.9300000000e+02,1.9300000000e+02,1.6000000000e+01,2.4286744595e+00
1.9300000000e+02,1.9300000000e+02,1.7000000000e+01,2.4810571671e+00
1.9300000000e+02,1.9300000000e+02,1.8000000000e+01,2.5294873714e+00
1.9300000000e+02,1.9300000000e+02,1.9000000000e+01,2.5743653774e+00
1.9300000000e+02,1.9300000000e+02,2.0000000000e+01,2.6160635948e+00
1.9300000000e+02,1.9300000000e+02,2.1000000000e+01,2.6548988819e+00
1.9300000000e+02,1.9300000000e+02,2.2000000000e+01,2.6911652088e+00
1.9300000000e+02,1.9300000000e+02,2.3000000000e+01,2.7251145840e+00
1.9300000000e+02,1.9300000000e+02,2.4000000000e+01,2.7569794655e+00
1.9300000000e+02,1.9300000000e+02,2.5000000000e+01,2.7869620323e+00
1.9300000000e+02,1.9300000000e+02,2.6000000000e+01,2.8152463436e+00
1.9300000000e+02,1.9300000000e+02,2.7000000000e+01,2.8419947624e+00
1.9300000000e+02,1.9300000000e+02,2.8000000000e+01,2.8673536777e+00
1.9300000000e+02,1.9300000000e+02,2.9000000000e+01,2.8914556503e+00
1.9300000000e+02,1.9300000000e+02,3.0000000000e+01,2.9144165516e+00
1.9300000000e+02,1.9300000000e+02,3.1000000000e+01,2.9363448620e+00
1.9300000000e+02,2.6800000000e+02,0.0000000000e+00,1.9923671484e+00
1.9300000000e+02,2.6800000000e+02,1.0000000000e+00,9.7336703539e-01
1.9300000000e+02,2.6800000000e+02,2.0000000000e+00,8.0000227690e-01
1.9300000000e+02,2.6800000000e+02,3.0000000000e+00,8.3241677284e-01
1.9300000000e+02,2.6800000000e+02,4.0000000000e+00,8.9390116930e-01
1.9300000000e+02,2.6800000000e+02,5.0000000000e+00,9.5645481348e-01
1.9300000000e+02,2.6800000000e+02,6.0000000000e+00,1.0117820501e+00
1.9300000000e+02,2.6800000000e+02,7.0000000000e+00,1.0588912964e+00
1.9300000000e+02,2.6800000000e+02,8.0000000000e+00,1.0982314348e+00
1.9300000000e+02,2.6800000000e+02,9.0000000000e+00,1.1308937073e+00
1.9300000000e+02,2.6800000000e+02,1.0000000000e+01,1.1579498053e+00
1.9300000000e+02,2.6800000000e+02,1.1000000000e+01,1.1803884506e+00
1.9300000000e+02,2.6800000000e+02,1.2000000000e+01,1.1990429163e+00
1.9300000000e+02,2.6800000000e+02,1.3000000000e+01,1.2146092653e+00
1.9300000000e+02,2.6800000000e+02,1.4000000000e+01,1.2276564837e+00
1.9300000000e+02,2.6800000000e+02,1.5000000000e+01,1.2386481762e+00
1.9300000000e+02,2.6800000000e+02,1.6000000000e+01,1.2479612827e+00
1.9300000000e+02,2.6800000000e+02,1.7000000000e+01,1.2559013367e+00
1.9300000000e+02,2.6800000000e+02,1.8000000000e+01,1.2627166510e+00
1.9300000000e+02,2.6800000000e+02,1.9000000000e+01,1.2686086893e+00
1.9300000000e+02,2.6800000000e+02,2.0000000000e+01,1.2737418413e+00
1.9300000000e+02,2.6800000000e+02,2.1000000000e+01,1.2782495022e+00
1.9300000000e+02,2.6800000000e+02,2.2000000000e+01,1.2822414637e+00
1.9300000000e+02,2.6800000000e+02,2.3000000000e+01,1.2858067751e+00
1.9300000000e+02,2.6800000000e+02,2.4000000000e+01,1.2890191078e+00
1.9300000000e+02,2.6800000000e+02,2.5000000000e+01,1.2919389009e+00
1.9300000000e+02,2.6800000000e+02,2.6000000000e+01,1.2946157455e+00
1.9300000000e+02,2.6800000000e+02,2.7000000000e+01,1.2970904112e+00
1.9300000000e+02,2.6800000000e+02,2.8000000000e+01,1.2993971109e+00
1.9300000000e+02,2.6800000000e+02,2.9000000000e+01,1.3015639782e+00
1.9300000000e+02,2.6800000000e+02,3.0000000000e+01,1.3036142588e+00
1.9300000000e+02,2.6800000000e+02,3.1000000000e+01,1.3055672646e+00
1.9300000000e+02,3.7300000000e+02,0.0000000000e+00,2.0001306534e+00
1.9300000000e+02,3.7300000000e+02,1.0000000000e+00,8.9269673824e-01
1.9300000000e+02,3.7300000000e+02,2.0000000000e+00,7.1808451414e-01
1.9300000000e+02,3.7300000000e+02,3.0000000000e+00,7.3873788118e-01
1.9300000000e+02,3.7300000000e+02,4.0000000000e+00,7.8142976761e-01
1.9300000000e+02,3.7300000000e+02,5.0000000000e+00,8.2155913115e-01
1.9300000000e+02,3.7300000000e+02,6.0000000000e+00,8.5452985764e-01
1.9300000000e+02,3.7300000000e+02,7.0000000000e+00,8.8057082891e-01
1.9300000000e+02,3.7300000000e+02,8.0000000000e+00,9.0084654093e-01
1.9300000000e+02,3.7300000000e+02,9.0000000000e+00,9.1658604145e-01
1.9300000000e+02,3.7300000000e+02,1.0000000000e+01,9.2882454395e-01
1.9300000000e+02,3.7300000000e+02,1.1000000000e+01,9.3838703632e-01
1.9300000000e+02,3.7300000000e+02,1.2000000000e+01,9.4590741396e-01
1.9300000000e+02,3.7300000000e+02,1.3000000000e+01,9.5187073946e-01
1.9300000000e+02,3.7300000000e+02,1.4000000000e+01,9.5664411783e-01
1.9300000000e+02,3.7300000000e+02,1.5000000000e+01,9.6050649881e-01
1.9300000000e+02,3.7300000000e+02,1.6000000000e+01,9.6366953850e-01
1.9300000000e+02,3.7300000000e+02,1.7000000000e+01,9.6629428864e-01
1.9300000000e+02,3.7300000000e+02,1.8000000000e+01,9.6850347519e-01
1.9300000000e+02,3.7300000000e+02,1.9000000000e+01,9.7039097548e-01
1.9300000000e+02,3.7300000000e+02,2.0000000000e+01,9.7202908993e-01
1.9300000000e+02,3.7300000000e+02,2.1000000000e+01,9.7347325087e-01
1.9300000000e+02,3.7300000000e+02,2.2000000000e+01,9.7476619482e-01
1.9300000000e+02,3.7300000000e+02,2.3000000000e+01,9.7594106197e-01
1.9300000000e+02,3.7300000000e+02,2.4000000000e+01,9.7702360153e-01
1.9300000000e+02,3.7300000000e+02,2.5000000000e+01,9.7803401947e-01
1.9300000000e+02,3.7300000000e+02,2.6000000000e+01,9.7898763418e-01
1.9300000000e+02,3.7300000000e+02,2.7000000000e+01,9.7989702225e-01
1.9300000000e+02,3.7300000000e+02,2.8000000000e+01,9.8077142239e-01
1.9300000000e+02,3.7300000000e+02,2.9000000000e+01,9.8161870241e-01
1.9300000000e+02,3.7300000000e+02,3.0000000000e+01,9.8244458437e-01
1.9300000000e+02,3.7300000000e+02,3.1000000000e+01,9.8325395584e-01
1.9300000000e+02,5.1800000000e+02,0.0000000000e+00,1.9988914728e+00
1.9300000000e+02,5.1800000000e+02,1.0000000000e+00,7.5408774614e-01
1.9300000000e+02,5.1800000000e+02,2.0000000000e+00,5.7307893038e-01
1.9300000000e+02,5.1800000000e+02,3.0000000000e+00,5.8596026897e-01
1.9300000000e+02,5.1800000000e+02,4.0000000000e+00,6.1852091551e-01
1.9300000000e+02,5.1800000000e+02,5.0000000000e+00,6.4677751064e-01
1.9300000000e+02,5.1800000000e+02,6.0000000000e+00,6.6797757149e-01
1.9300000000e+02,5.1800000000e+02,7.0000000000e+00,6.8315213919e-01
1.9300000000e+02,5.1800000000e+02,8.0000000000e+00,6.9385516644e-01
1.9300000000e+02,5.1800000000e+02,9.0000000000e+00,7.0138508081e-01
1.9300000000e+02,5.1800000000e+02,1.0000000000e+01,7.0670813322e-01
1.9300000000e+02,5.1800000000e+02,1.1000000000e+01,7.1050781012e-01
1.9300000000e+02,5.1800000000e+02,1.2000000000e+01,7.1325862408e-01
1.9300000000e+02,5.1800000000e+02,1.3000000000e+01,7.1528720856e-01
1.9300000000e+02,5.1800000000e+02,1.4000000000e+01,7.1681779623e-01
1.9300000000e+02,5.1800000000e+02,1.5000000000e+01,7.1800434589e-01
1.9300000000e+02,5.1800000000e+02,1.6000000000e+01,7.1895253658e-01
1.9300000000e+02,5.1800000000e+02,1.7000000000e+01,7.1973514557e-01
1.9300000000e+02,5.1800000000e+02,1.8000000000e+01,7.2040253878e-01
1.9300000000e+02,5.1800000000e+02,1.9000000000e+01,7.2098940611e-01
1.9300000000e+02,5.1800000000e+02,2.0000000000e+01,7.2152012587e-01
1.9300000000e+02,5.1800000000e+02,2.1000000000e+01,7.2201156616e-01
1.9300000000e+02,5.1800000000e+02,2.2000000000e+01,7.2247540951e-01
1.9300000000e+02,5.1800000000e+02,2.3000000000e+01,7.2292000055e-01
1.9300000000e+02,5.1800000000e+02,2.4000000000e+01,7.2335112095e-01
1.9300000000e+02,5.1800000000e+02,2.5000000000e+01,7.2377294302e-01
1.9300000000e+02,5.1800000000e+02,2.6000000000e+01,7.2418814898e-01
1.9300000000e+02,5.1800000000e+02,2.7000000000e+01,7.2459900379e-01
1.9300000000e+02,5.1800000000e+02,2.8000000000e+01,7.2500681877e-01
1.9300000000e+02,5.1800000000e+02,2.9000000000e+01,7.2541278601e-01
1.9300000000e+02,5.1800000000e+02,3.0000000000e+01,7.2581750154e-01
1.9300000000e+02,5.1800000000e+02,3.1000000000e+01,7.2622144222e-01
1.9300000000e+02,7.2000000000e+02,0.0000000000e+00,1.9939864874e+00
1.9300000000e+02,7.2000000000e+02,1.0000000000e+00,6.6211318970e-01
1.9300000000e+02,7.2000000000e+02,2.0000000000e+00,4.8591428995e-01
1.9300000000e+02,7.2000000000e+02,3.0000000000e+00,4.8975718021e-01
1.9300000000e+02,7.2000000000e+02,4.0000000000e+00,5.0738137960e-01
1.9300000000e+02,7.2000000000e+02,5.0000000000e+00,5.2082335949e-01
1.9300000000e+02,7.2000000000e+02,6.0000000000e+00,5.2948015928e-01
1.9300000000e+02,7.2000000000e+02,7.0000000000e+00,5.3479582071e-01
1.9300000000e+02,7.2000000000e+02,8.0000000000e+00,5.3802478313e-01
1.9300000000e+02,7.2000000000e+02,9.0000000000e+00,5.3999435902e-01
1.9300000000e+02,7.2000000000e+02,1.0000000000e+01,5.4121297598e-01
1.9300000000e+02,7.2000000000e+02,1.1000000000e+01,5.4198485613e-01
1.9300000000e+02,7.2000000000e+02,1.2000000000e+01,5.4249048233e-01
1.9300000000e+02,7.2000000000e+02,1.3000000000e+01,5.4283690453e-01
1.9300000000e+02,7.2000000000e+02,1.4000000000e+01,5.4308760166e-01
1.9300000000e+02,7.2000000000e+02,1.5000000000e+01,5.4328054190e-01
1.9300000000e+02,7.2000000000e+02,1.6000000000e+01,5.4343849421e-01
1.9300000000e+02,7.2000000000e+02,1.7000000000e+01,5.4357522726e-01
1.9300000000e+02,7.2000000000e+02,1.8000000000e+01,5.4369902611e-01
1.9300000000e+02,7.2000000000e+02,1.9000000000e+01,5.4381483793e-01
1.9300000000e+02,7.2000000000e+02,2.0000000000e+01,5.4392588139e-01
1.9300000000e+02,7.2000000000e+02,2.1000000000e+01,5.4403400421e-01
1.9300000000e+02,7.2000000000e+02,2.2000000000e+01,5.4414033890e-01
1.9300000000e+02,7.2000000000e+02,2.3000000000e+01,5.4424560070e-01
1.9300000000e+02,7.2000000000e+02,2.4000000000e+01,5.4435032606e-01
1.9300000000e+02,7.2000000000e+02,2.5000000000e+01,5.4445469379e-01
1.9300000000e+02,7.2000000000e+02,2.6000000000e+01,5.4455900192e-01
1.9300000000e+02,7.2000000000e+02,2.7000000000e+01,5.4466325045e-01
1.9300000000e+02,7.2000000000e+02,2.8000000000e+01,5.4476749897e-01
1.9300000000e+02,7.2000000000e+02,2.9000000000e+01,5.4487192631e-01
1.9300000000e+02,7.2000000000e+02,3.0000000000e+01,5.4497641325e-01
1.9300000000e+02,7.2000000000e+02,3.1000000000e+01,5.4508101940e-01
1.9300000000e+02,1.0000000000e+03,0.0000000000e+00,2.0082764626e+00
1.9300000000e+02,1.0000000000e+03,1.0000000000e+00,6.1917507648e-01
1.9300000000e+02,1.0000000000e+03,2.0000000000e+00,4.7125393152e-01
1.9300000000e+02,1.0000000000e+03,3.0000000000e+00,4.8586291075e-01
1.9300000000e+02,1.0000000000e+03,4.0000000000e+00,5.0501346588e-01
1.9300000000e+02,1.0000000000e+03,5.0000000000e+00,5.1743376255e-01
1.9300000000e+02,1.0000000000e+03,6.0000000000e+00,5.2467203140e-01
1.9300000000e+02,1.0000000000e+03,7.0000000000e+00,5.2878081799e-01
1.9300000000e+02,1.0000000000e+03,8.0000000000e+00,5.3111135960e-01
1.9300000000e+02,1.0000000000e+03,9.0000000000e+00,5.3244793415e-01
1.9300000000e+02,1.0000000000e+03,1.0000000000e+01,5.3323090076e-01
1.9300000000e+02,1.0000000000e+03,1.1000000000e+01,5.3370451927e-01
1.9300000000e+02,1.0000000000e+03,1.2000000000e+01,5.3400456905e-01
1.9300000000e+02,1.0000000000e+03,1.3000000000e+01,5.3420680761e-01
1.9300000000e+02,1.0000000000e+03,1.4000000000e+01,5.3435349464e-01
1.9300000000e+02,1.0000000000e+03,1.5000000000e+01,5.3446871042e-01
1.9300000000e+02,1.0000000000e+03,1.6000000000e+01,5.3456580639e-01
1.9300000000e+02,1.0000000000e+03,1.7000000000e+01,5.3465247154e-01
1.9300000000e+02,1.0000000000e+03,1.8000000000e+01,5.3473323584e-01
1.9300000000e+02,1.0000000000e+03,1.9000000000e+01,5.3481066227e-01
1.9300000000e+02,1.0000000000e+03,2.0000000000e+01,5.3488600254e-01
1.9300000000e+02,1.0000000000e+03,2.1000000000e+01,5.3496026993e-01
1.9300000000e+02,1.0000000000e+03,2.2000000000e+01,5.3503388166e-01
1.9300000000e+02,1.0000000000e+03,2.3000000000e+01,5.3510719538e-01
1.9300000000e+02,1.0000000000e+03,2.4000000000e+01,5.3518038988e-01
1.9300000000e+02,1.0000000000e+03,2.5000000000e+01,5.3525352478e-01
1.9300000000e+02,1.0000000000e+03,2.6000000000e+01,5.3532660007e-01
1.9300000000e+02,1.0000000000e+03,2.7000000000e+01,5.3539973497e-01
1.9300000000e+02,1.0000000000e+03,2.8000000000e+01,5.3547286987e-01
1.9300000000e+02,1.0000000000e+03,2.9000000000e+01,5.3554612398e-01
1.9300000000e+02,1.0000000000e+03,3.0000000000e+01,5.3561949730e-01
1.9300000000e+02,1.0000000000e+03,3.1000000000e+01,5.3569287062e-01
2.6800000000e+02,1.0000000000e+01,0.0000000000e+00,1.9943459034e+00
2.6800000000e+02,1.0000000000e+01,1.0000000000e+00,2.1566185951e+00
2.6800000000e+02,1.0000000000e+01,2.0000000000e+00,2.6158277988e+00
2.6800000000e+02,1.0000000000e+01,3.0000000000e+00,3.1592059135e+00
2.6800000000e+02,1.0000000000e+01,4.0000000000e+00,3.6661238670e+00
2.6800000000e+02,1.0000000000e+01,5.0000000000e+00,4.1206674576e+00
2.6800000000e+02,1.0000000000e+01,6.0000000000e+00,4.5312175751e+00
2.6800000000e+02,1.0000000000e+01,7.0000000000e+00,4.9100985527e+00
2.6800000000e+02,1.0000000000e+01,8.0000000000e+00,5.2677960396e+00
2.6800000000e+02,1.0000000000e+01,9.0000000000e+00,5.6124033928e+00
2.6800000000e+02,1.0000000000e+01,1.0000000000e+01,5.9500226974e+00
2.6800000000e+02,1.0000000000e+01,1.1000000000e+01,6.2852630615e+00
2.6800000000e+02,1.0000000000e+01,1.2000000000e+01,6.6216473579e+00
2.6800000000e+02,1.0000000000e+01,1.3000000000e+01,6.9619011879e+00
2.6800000000e+02,1.0000000000e+01,1.4000000000e+01,7.3081665039e+00
2.6800000000e+02,1.0000000000e+01,1.5000000000e+01,7.6621460915e+00
2.6800000000e+02,1.0000000000e+01,1.6000000000e+01,8.0252151489e+00
2.6800000000e+02,1.0000000000e+01,1.7000000000e+01,8.3984909058e+00
2.6800000000e+02,1.0000000000e+01,1.8000000000e+01,8.7828960419e+00
2.6800000000e+02,1.0000000000e+01,1.9000000000e+01,9.1791963577e+00
2.6800000000e+02,1.0000000000e+01,2.0000000000e+01,9.5880317688e+00
2.6800000000e+02,1.0000000000e+01,2.1000000000e+01,1.0009943962e+01
2.6800000000e+02,1.0000000000e+01,2.2000000000e+01,1.0445394516e+01
2.6800000000e+02,1.0000000000e+01,2.3000000000e+01,1.0894773483e+01
2.6800000000e+02,1.0000000000e+01,2.4000000000e+01,1.1358421326e+01
2.6800000000e+02,1.0000000000e+01,2.5000000000e+01,1.1836629868e+01
2.6800000000e+02,1.0000000000e+01,2.6000000000e+01,1.2329648018e+01
2.6800000000e+02,1.0000000000e+01,2.7000000000e+01,1.2837700844e+01
2.6800000000e+02,1.0000000000e+01,2.8000000000e+01,1.3360976219e+01
2.6800000000e+02,1.0000000000e+01,2.9000000000e+01,1.3899645805e+01
2.6800000000e+02,1.0000000000e+01,3.0000000000e+01,1.4453855515e+01
2.6800000000e+02,1.0000000000e+01,3.1000000000e+01,1.5023736000e+01
2.6800000000e+02,1.4000000000e+01,0.0000000000e+00,1.9857735634e+00
2.6800000000e+02,1.4000000000e+01,1.0000000000e+00,2.1255495548e+00
2.6800000000e+02,1.4000000000e+01,2.0000000000e+00,2.5889730453e+00
2.6800000000e+02,1.4000000000e+01,3.0000000000e+00,3.2082495689e+00
2.6800000000e+02,1.4000000000e+01,4.0000000000e+00,3.8353884220e+00
2.6800000000e+02,1.4000000000e+01,5.0000000000e+00,4.4267759323e+00
2.6800000000e+02,1.4000000000e+01,6.0000000000e+00,4.9713482857e+00
2.6800000000e+02,1.4000000000e+01,7.0000000000e+00,5.4739670753e+00
2.6800000000e+02,1.4000000000e+01,8.0000000000e+00,5.9428758621e+00
2.6800000000e+02,1.4000000000e+01,9.0000000000e+00,6.3862543106e+00
2.6800000000e+02,1.4000000000e+01,1.0000000000e+01,6.8111338615e+00
2.6800000000e+02,1.4000000000e+01,1.1000000000e+01,7.2232871056e+00
2.6800000000e+02,1.4000000000e+01,1.2000000000e+01,7.6273794174e+00
2.6800000000e+02,1.4000000000e+01,1.3000000000e+01,8.0271749496e+00
2.6800000000e+02,1.4000000000e+01,1.4000000000e+01,8.4257211685e+00
2.6800000000e+02,1.4000000000e+01,1.5000000000e+01,8.8254985809e+00
2.6800000000e+02,1.4000000000e+01,1.6000000000e+01,9.2285480499e+00
2.6800000000e+02,1.4000000000e+01,1.7000000000e+01,9.6365547180e+00
2.6800000000e+02,1.4000000000e+01,1.8000000000e+01,1.0050927162e+01
2.6800000000e+02,1.4000000000e+01,1.9000000000e+01,1.0472846031e+01
2.6800000000e+02,1.4000000000e+01,2.0000000000e+01,1.0903310776e+01
2.6800000000e+02,1.4000000000e+01,2.1000000000e+01,1.1343173981e+01
2.6800000000e+02,1.4000000000e+01,2.2000000000e+01,1.1793162346e+01
2.6800000000e+02,1.4000000000e+01,2.3000000000e+01,1.2253904343e+01
2.6800000000e+02,1.4000000000e+01,2.4000000000e+01,1.2725939751e+01
2.6800000000e+02,1.4000000000e+01,2.5000000000e+01,1.3209743500e+01
2.6800000000e+02,1.4000000000e+01,2.6000000000e+01,1.3705725670e+01
2.6800000000e+02,1.4000000000e+01,2.7000000000e+01,1.4214243889e+01
2.6800000000e+02,1.4000000000e+01,2.8000000000e+01,1.4735616684e+01
2.6800000000e+02,1.4000000000e+01,2.9000000000e+01,1.5270122528e+01
2.6800000000e+02,1.4000000000e+01,3.0000000000e+01,1.5818009377e+01
2.6800000000e+02,1.4000000000e+01,3.1000000000e+01,1.6379493713e+01
2.6800000000e+02,1.9000000000e+01,0.0000000000e+00,1.9957602024e+00
2.6800000000e+02,1.9000000000e+01,1.0000000000e+00,2.0115027428e+00
2.6800000000e+02,1.9000000000e+01,2.0000000000e+00,2.3283200264e+00
2.6800000000e+02,1.9000000000e+01,3.0000000000e+00,2.8492681980e+00
2.6800000000e+02,1.9000000000e+01,4.0000000000e+00,3.4462206364e+00
2.6800000000e+02,1.9000000000e+01,5.0000000000e+00,4.0713577271e+00
2.6800000000e+02,1.9000000000e+01,6.0000000000e+00,4.6974825859e+00
2.6800000000e+02,1.9000000000e+01,7.0000000000e+00,5.3152766228e+00
2.6800000000e+02,1.9000000000e+01,8.0000000000e+00,5.9229116440e+00
2.6800000000e+02,1.9000000000e+01,9.0000000000e+00,6.5223760605e+00
2.6800000000e+02,1.9000000000e+01,1.0000000000e+01,7.1170549393e+00
2.6800000000e+02,1.9000000000e+01,1.1000000000e+01,7.7106857300e+00
2.6800000000e+02,1.9000000000e+01,1.2000000000e+01,8.3068542480e+00
2.6800000000e+02,1.9000000000e+01,1.3000000000e+01,8.9088191986e+00
2.6800000000e+02,1.9000000000e+01,1.4000000000e+01,9.5194492340e+00
2.6800000000e+02,1.9000000000e+01,1.5000000000e+01,1.0141236305e+01
2.6800000000e+02,1.9000000000e+01,1.6000000000e+01,1.0776330948e+01
2.6800000000e+02,1.9000000000e+01,1.7000000000e+01,1.1426583290e+01
2.6800000000e+02,1.9000000000e+01,1.8000000000e+01,1.2093585968e+01
2.6800000000e+02,1.9000000000e+01,1.9000000000e+01,1.2778711319e+01
2.6800000000e+02,1.9000000000e+01,2.0000000000e+01,1.3483141899e+01
2.6800000000e+02,1.9000000000e+01,2.1000000000e+01,1.4207903862e+01
2.6800000000e+02,1.9000000000e+01,2.2000000000e+01,1.4953882217e+01
2.6800000000e+02,1.9000000000e+01,2.3000000000e+01,1.5721851349e+01
2.6800000000e+02,1.9000000000e+01,2.4000000000e+01,1.6512479782e+01
2.6800000000e+02,1.9000000000e+01,2.5000000000e+01,1.7326364517e+01
2.6800000000e+02,1.9000000000e+01,2.6000000000e+01,1.8164011002e+01
2.6800000000e+02,1.9000000000e+01,2.7000000000e+01,1.9025878906e+01
2.6800000000e+02,1.9000000000e+01,2.8000000000e+01,1.9912359238e+01
2.6800000000e+02,1.9000000000e+01,2.9000000000e+01,2.0823810577e+01
2.6800000000e+02,1.9000000000e+01,3.0000000000e+01,2.1760538101e+01
2.6800000000e+02,1.9000000000e+01,3.1000000000e+01,2.2722814560e+01
2.6800000000e+02,2.7000000000e+01,0.0000000000e+00,1.9976912737e+00
2.6800000000e+02,2.7000000000e+01,1.0000000000e+00,2.0020842552e+00
2.6800000000e+02,2.7000000000e+01,2.0000000000e+00,2.3846747875e+00
2.6800000000e+02,2.7000000000e+01,3.0000000000e+00,2.9974131584e+00
2.6800000000e+02,2.7000000000e+01,4.0000000000e+00,3.7141411304e+00
2.6800000000e+02,2.7000000000e+01,5.0000000000e+00,4.4844398499e+00
2.6800000000e+02,2.7000000000e+01,6.0000000000e+00,5.2680454254e+00
2.6800000000e+02,2.7000000000e+01,7.0000000000e+00,6.0455145836e+00
2.6800000000e+02,2.7000000000e+01,8.0000000000e+00,6.8062105179e+00
2.6800000000e+02,2.7000000000e+01,9.0000000000e+00,7.5467076302e+00
2.6800000000e+02,2.7000000000e+01,1.0000000000e+01,8.2669496536e+00
2.6800000000e+02,2.7000000000e+01,1.1000000000e+01,8.9688816071e+00
2.6800000000e+02,2.7000000000e+01,1.2000000000e+01,9.6552572250e+00
2.6800000000e+02,2.7000000000e+01,1.3000000000e+01,1.0329133987e+01
2.6800000000e+02,2.7000000000e+01,1.4000000000e+01,1.0993541718e+01
2.6800000000e+02,2.7000000000e+01,1.5000000000e+01,1.1651350975e+01
2.6800000000e+02,2.7000000000e+01,1.6000000000e+01,1.2305192947e+01
2.6800000000e+02,2.7000000000e+01,1.7000000000e+01,1.2957448959e+01
2.6800000000e+02,2.7000000000e+01,1.8000000000e+01,1.3610254288e+01
2.6800000000e+02,2.7000000000e+01,1.9000000000e+01,1.4265505791e+01
2.6800000000e+02,2.7000000000e+01,2.0000000000e+01,1.4924896240e+01
2.6800000000e+02,2.7000000000e+01,2.1000000000e+01,1.5589928627e+01
2.6800000000e+02,2.7000000000e+01,2.2000000000e+01,1.6261936188e+01
2.6800000000e+02,2.7000000000e+01,2.3000000000e+01,1.6942104340e+01
2.6800000000e+02,2.7000000000e+01,2.4000000000e+01,1.7631490707e+01
2.6800000000e+02,2.7000000000e+01,2.5000000000e+01,1.8331039429e+01
2.6800000000e+02,2.7000000000e+01,2.6000000000e+01,1.9041589737e+01
2.6800000000e+02,2.7000000000e+01,2.7000000000e+01,1.9763893127e+01
2.6800000000e+02,2.7000000000e+01,2.8000000000e+01,2.0498634338e+01
2.6800000000e+02,2.7000000000e+01,2.9000000000e+01,2.1246408463e+01
2.6800000000e+02,2.7000000000e+01,3.0000000000e+01,2.2007770538e+01
2.6800000000e+02,2.7000000000e+01,3.1000000000e+01,2.2783206940e+01
2.6800000000e+02,3.7000000000e+01,0.0000000000e+00,2.0132839680e+00
2.6800000000e+02,3.7000000000e+01,1.0000000000e+00,1.8119719028e+00
2.6800000000e+02,3.7000000000e+01,2.0000000000e+00,2.0199706554e+00
2.6800000000e+02,3.7000000000e+01,3.0000000000e+00,2.4751980305e+00
2.6800000000e+02,3.7000000000e+01,4.0000000000e+00,3.0538203716e+00
2.6800000000e+02,3.7000000000e+01,5.0000000000e+00,3.7181248665e+00
2.6800000000e+02,3.7000000000e+01,6.0000000000e+00,4.4376630783e+00
2.6800000000e+02,3.7000000000e+01,7.0000000000e+00,5.1947393417e+00
2.6800000000e+02,3.7000000000e+01,8.0000000000e+00,5.9760718346e+00
2.6800000000e+02,3.7000000000e+01,9.0000000000e+00,6.7731432915e+00
2.6800000000e+02,3.7000000000e+01,1.0000000000e+01,7.5804944038e+00
2.6800000000e+02,3.7000000000e+01,1.1000000000e+01,8.3948898315e+00
2.6800000000e+02,3.7000000000e+01,1.2000000000e+01,9.2146978378e+00
2.6800000000e+02,3.7000000000e+01,1.3000000000e+01,1.0039330482e+01
2.6800000000e+02,3.7000000000e+01,1.4000000000e+01,1.0868921280e+01
2.6800000000e+02,3.7000000000e+01,1.5000000000e+01,1.1704051971e+01
2.6800000000e+02,3.7000000000e+01,1.6000000000e+01,1.2545588493e+01
2.6800000000e+02,3.7000000000e+01,1.7000000000e+01,1.3394554138e+01
2.6800000000e+02,3.7000000000e+01,1.8000000000e+01,1.4252050400e+01
2.6800000000e+02,3.7000000000e+01,1.9000000000e+01,1.5119197845e+01
2.6800000000e+02,3.7000000000e+01,2.0000000000e+01,1.5997109413e+01
2.6800000000e+02,3.7000000000e+01,2.1000000000e+01,1.6886861801e+01
2.6800000000e+02,3.7000000000e+01,2.2000000000e+01,1.7789476395e+01
2.6800000000e+02,3.7000000000e+01,2.3000000000e+01,1.8705930710e+01
2.6800000000e+02,3.7000000000e+01,2.4000000000e+01,1.9637134552e+01
2.6800000000e+02,3.7000000000e+01,2.5000000000e+01,2.0583934784e+01
2.6800000000e+02,3.7000000000e+01,2.6000000000e+01,2.1547130585e+01
2.6800000000e+02,3.7000000000e+01,2.7000000000e+01,2.2527452469e+01
2.6800000000e+02,3.7000000000e+01,2.8000000000e+01,2.3525585175e+01
2.6800000000e+02,3.7000000000e+01,2.9000000000e+01,2.4542152405e+01
2.6800000000e+02,3.7000000000e+01,3.0000000000e+01,2.5577743530e+01
2.6800000000e+02,3.7000000000e+01,3.1000000000e+01,2.6632892609e+01
2.6800000000e+02,5.2000000000e+01,0.0000000000e+00,2.0031037331e+00
2.6800000000e+02,5.2000000000e+01,1.0000000000e+00,1.6749515533e+00
2.6800000000e+02,5.2000000000e+01,2.0000000000e+00,1.8124659061e+00
2.6800000000e+02,5.2000000000e+01,3.0000000000e+00,2.2082791328e+00
2.6800000000e+02,5.2000000000e+01,4.0000000000e+00,2.7232406139e+00
2.6800000000e+02,5.2000000000e+01,5.0000000000e+00,3.3239243031e+00
2.6800000000e+02,5.2000000000e+01,6.0000000000e+00,3.9849774837e+00
2.6800000000e+02,5.2000000000e+01,7.0000000000e+00,4.6931886673e+00
2.6800000000e+02,5.2000000000e+01,8.0000000000e+00,5.4373502731e+00
2.6800000000e+02,5.2000000000e+01,9.0000000000e+00,6.2101645470e+00
2.6800000000e+02,5.2000000000e+01,1.0000000000e+01,7.0055623055e+00
2.6800000000e+02,5.2000000000e+01,1.1000000000e+01,7.8194718361e+00
2.6800000000e+02,5.2000000000e+01,1.2000000000e+01,8.6486053467e+00
2.6800000000e+02,5.2000000000e+01,1.3000000000e+01,9.4908380508e+00
2.6800000000e+02,5.2000000000e+01,1.4000000000e+01,1.0344548225e+01
2.6800000000e+02,5.2000000000e+01,1.5000000000e+01,1.1208772659e+01
2.6800000000e+02,5.2000000000e+01,1.6000000000e+01,1.2082884789e+01
2.6800000000e+02,5.2000000000e+01,1.7000000000e+01,1.2966605186e+01
2.6800000000e+02,5.2000000000e+01,1.8000000000e+01,1.3859876633e+01
2.6800000000e+02,5.2000000000e+01,1.9000000000e+01,1.4762821198e+01
2.6800000000e+02,5.2000000000e+01,2.0000000000e+01,1.5675683975e+01
2.6800000000e+02,5.2000000000e+01,2.1000000000e+01,1.6598808289e+01
2.6800000000e+02,5.2000000000e+01,2.2000000000e+01,1.7532600403e+01
2.6800000000e+02,5.2000000000e+01,2.3000000000e+01,1.8477500916e+01
2.6800000000e+02,5.2000000000e+01,2.4000000000e+01,1.9433986664e+01
2.6800000000e+02,5.2000000000e+01,2.5000000000e+01,2.0402540207e+01
2.6800000000e+02,5.2000000000e+01,2.6000000000e+01,2.1383649826e+01
2.6800000000e+02,5.2000000000e+01,2.7000000000e+01,2.2377805710e+01
2.6800000000e+02,5.2000000000e+01,2.8000000000e+01,2.3385486603e+01
2.6800000000e+02,5.2000000000e+01,2.9000000000e+01,2.4407150269e+01
2.6800000000e+02,5.2000000000e+01,3.0000000000e+01,2.5443258286e+01
2.6800000000e+02,5.2000000000e+01,3.1000000000e+01,2.6494234085e+01
2.6800000000e+02,7.2000000000e+01,0.0000000000e+00,1.9986207485e+00
2.6800000000e+02,7.2000000000e+01,1.0000000000e+00,1.5253163576e+00
2.6800000000e+02,7.2000000000e+01,2.0000000000e+00,1.5771741867e+00
2.6800000000e+02,7.2000000000e+01,3.0000000000e+00,1.8703351021e+00
2.6800000000e+02,7.2000000000e+01,4.0000000000e+00,2.2601482868e+00
2.6800000000e+02,7.2000000000e+01,5.0000000000e+00,2.7158420086e+00
2.6800000000e+02,7.2000000000e+01,6.0000000000e+00,3.2152819633e+00
2.6800000000e+02,7.2000000000e+01,7.0000000000e+00,3.7498440742e+00
2.6800000000e+02,7.2000000000e+01,8.0000000000e+00,4.3113517761e+00
2.6800000000e+02,7.2000000000e+01,9.0000000000e+00,4.8957238197e+00
2.6800000000e+02,7.2000000000e+01,1.0000000000e+01,5.4988079071e+00
2.6800000000e+02,7.2000000000e+01,1.1000000000e+01,6.1183142662e+00
2.6800000000e+02,7.2000000000e+01,1.2000000000e+01,6.7518410683e+00
2.6800000000e+02,7.2000000000e+01,1.3000000000e+01,7.3980236053e+00
2.6800000000e+02,7.2000000000e+01,1.4000000000e+01,8.0554113388e+00
2.6800000000e+02,7.2000000000e+01,1.5000000000e+01,8.7231731415e+00
2.6800000000e+02,7.2000000000e+01,1.6000000000e+01,9.4004383087e+00
2.6800000000e+02,7.2000000000e+01,1.7000000000e+01,1.0086712837e+01
2.6800000000e+02,7.2000000000e+01,1.8000000000e+01,1.0781488419e+01
2.6800000000e+02,7.2000000000e+01,1.9000000000e+01,1.1484497070e+01
2.6800000000e+02,7.2000000000e+01,2.0000000000e+01,1.2195466995e+01
2.6800000000e+02,7.2000000000e+01,2.1000000000e+01,1.2914284706e+01
2.6800000000e+02,7.2000000000e+01,2.2000000000e+01,1.3640831947e+01
2.6800000000e+02,7.2000000000e+01,2.3000000000e+01,1.4375094414e+01
2.6800000000e+02,7.2000000000e+01,2.4000000000e+01,1.5117059708e+01
2.6800000000e+02,7.2000000000e+01,2.5000000000e+01,1.5866777420e+01
2.6800000000e+02,7.2000000000e+01,2.6000000000e+01,1.6624309540e+01
2.6800000000e+02,7.2000000000e+01,2.7000000000e+01,1.7389743805e+01
2.6800000000e+02,7.2000000000e+01,2.8000000000e+01,1.8163181305e+01
2.6800000000e+02,7.2000000000e+01,2.9000000000e+01,1.8944744110e+01
2.6800000000e+02,7.2000000000e+01,3.0000000000e+01,1.9734560013e+01
2.6800000000e+02,7.2000000000e+01,3.1000000000e+01,2.0532760620e+01
2.6800000000e+02,1.0000000000e+02,0.0000000000e+00,2.0061011314e+00
2.6800000000e+02,1.0000000000e+02,1.0000000000e+00,1.3811240196e+00
2.6800000000e+02,1.0000000000e+02,2.0000000000e+00,1.3630498648e+00
2.6800000000e+02,1.0000000000e+02,3.0000000000e+00,1.5715203285e+00
2.6800000000e+02,1.0000000000e+02,4.0000000000e+00,1.8522441387e+00
2.6800000000e+02,1.0000000000e+02,5.0000000000e+00,2.1726891994e+00
2.6800000000e+02,1.0000000000e+02,6.0000000000e+00,2.5139927864e+00
2.6800000000e+02,1.0000000000e+02,7.0000000000e+00,2.8693149090e+00
2.6800000000e+02,1.0000000000e+02,8.0000000000e+00,3.2330839634e+00
2.6800000000e+02,1.0000000000e+02,9.0000000000e+00,3.6028828621e+00
2.6800000000e+02,1.0000000000e+02,1.0000000000e+01,3.9764740467e+00
2.6800000000e+02,1.0000000000e+02,1.1000000000e+01,4.3528676033e+00
2.6800000000e+02,1.0000000000e+02,1.2000000000e+01,4.7310113907e+00
2.6800000000e+02,1.0000000000e+02,1.3000000000e+01,5.1105051041e+00
2.6800000000e+02,1.0000000000e+02,1.4000000000e+01,5.4908094406e+00
2.6800000000e+02,1.0000000000e+02,1.5000000000e+01,5.8718032837e+00
2.6800000000e+02,1.0000000000e+02,1.6000000000e+01,6.2532000542e+00
2.6800000000e+02,1.0000000000e+02,1.7000000000e+01,6.6350164413e+00
2.6800000000e+02,1.0000000000e+02,1.8000000000e+01,7.0171041489e+00
2.6800000000e+02,1.0000000000e+02,1.9000000000e+01,7.3995475769e+00
2.6800000000e+02,1.0000000000e+02,2.0000000000e+01,7.7822823524e+00
2.6800000000e+02,1.0000000000e+02,2.1000000000e+01,8.1654233932e+00
2.6800000000e+02,1.0000000000e+02,2.2000000000e+01,8.5489549637e+00
2.6800000000e+02,1.0000000000e+02,2.3000000000e+01,8.9330081940e+00
2.6800000000e+02,1.0000000000e+02,2.4000000000e+01,9.3175983429e+00
2.6800000000e+02,1.0000000000e+02,2.5000000000e+01,9.7028551102e+00
2.6800000000e+02,1.0000000000e+02,2.6000000000e+01,1.0088820457e+01
2.6800000000e+02,1.0000000000e+02,2.7000000000e+01,1.0475614548e+01
2.6800000000e+02,1.0000000000e+02,2.8000000000e+01,1.0863298416e+01
2.6800000000e+02,1.0000000000e+02,2.9000000000e+01,1.1251981735e+01
2.6800000000e+02,1.0000000000e+02,3.0000000000e+01,1.1641735077e+01
2.6800000000e+02,1.0000000000e+02,3.1000000000e+01,1.2032662392e+01
2.6800000000e+02,1.3900000000e+02,0.0000000000e+00,2.0015571117e+00
2.6800000000e+02,1.3900000000e+02,1.0000000000e+00,1.2882225513e+00
2.6800000000e+02,1.3900000000e+02,2.0000000000e+00,1.2252553701e+00
2.6800000000e+02,1.3900000000e+02,3.0000000000e+00,1.3662174940e+00
2.6800000000e+02,1.3900000000e+02,4.0000000000e+00,1.5539922714e+00
2.6800000000e+02,1.3900000000e+02,5.0000000000e+00,1.7590401173e+00
2.6800000000e+02,1.3900000000e+02,6.0000000000e+00,1.9666724205e+00
2.6800000000e+02,1.3900000000e+02,7.0000000000e+00,2.1723563671e+00
2.6800000000e+02,1.3900000000e+02,8.0000000000e+00,2.3731553555e+00
2.6800000000e+02,1.3900000000e+02,9.0000000000e+00,2.5681681633e+00
2.6800000000e+02,1.3900000000e+02,1.0000000000e+01,2.7568051815e+00
2.6800000000e+02,1.3900000000e+02,1.1000000000e+01,2.9390883446e+00
2.6800000000e+02,1.3900000000e+02,1.2000000000e+01,3.1150572300e+00
2.6800000000e+02,1.3900000000e+02,1.3000000000e+01,3.2850008011e+00
2.6800000000e+02,1.3900000000e+02,1.4000000000e+01,3.4491345882e+00
2.6800000000e+02,1.3900000000e+02,1.5000000000e+01,3.6078164577e+00
2.6800000000e+02,1.3900000000e+02,1.6000000000e+01,3.7612941265e+00
2.6800000000e+02,1.3900000000e+02,1.7000000000e+01,3.9099268913e+00
2.6800000000e+02,1.3900000000e+02,1.8000000000e+01,4.0539498329e+00
2.6800000000e+02,1.3900000000e+02,1.9000000000e+01,4.1936969757e+00
2.6800000000e+02,1.3900000000e+02,2.0000000000e+01,4.3293766975e+00
2.6800000000e+02,1.3900000000e+02,2.1000000000e+01,4.4612922668e+00
2.6800000000e+02,1.3900000000e+02,2.2000000000e+01,4.5896253586e+00
2.6800000000e+02,1.3900000000e+02,2.3000000000e+01,4.7146444321e+00
2.6800000000e+02,1.3900000000e+02,2.4000000000e+01,4.8365063667e+00
2.6800000000e+02,1.3900000000e+02,2.5000000000e+01,4.9554486275e+00
2.6800000000e+02,1.3900000000e+02,2.6000000000e+01,5.0716066360e+00
2.6800000000e+02,1.3900000000e+02,2.7000000000e+01,5.1851892471e+00
2.6800000000e+02,1.3900000000e+02,2.8000000000e+01,5.2963142395e+00
2.6800000000e+02,1.3900000000e+02,2.9000000000e+01,5.4051632881e+00
2.6800000000e+02,1.3900000000e+02,3.0000000000e+01,5.5118412971e+00
2.6800000000e+02,1.3900000000e+02,3.1000000000e+01,5.6165060997e+00
2.6800000000e+02,1.9300000000e+02,0.0000000000e+00,1.9954791069e+00
2.6800000000e+02,1.9300000000e+02,1.0000000000e+00,1.0662361383e+00
2.6800000000e+02,1.9300000000e+02,2.0000000000e+00,8.9522212744e-01
2.6800000000e+02,1.9300000000e+02,3.0000000000e+00,9.5200097561e-01
2.6800000000e+02,1.9300000000e+02,4.0000000000e+00,1.0536657572e+00
2.6800000000e+02,1.9300000000e+02,5.0000000000e+00,1.1654353142e+00
2.6800000000e+02,1.9300000000e+02,6.0000000000e+00,1.2742841244e+00
2.6800000000e+02,1.9300000000e+02,7.0000000000e+00,1.3763445616e+00
2.6800000000e+02,1.9300000000e+02,8.0000000000e+00,1.4702420235e+00
2.6800000000e+02,1.9300000000e+02,9.0000000000e+00,1.5559298992e+00
2.6800000000e+02,1.9300000000e+02,1.0000000000e+01,1.6338348389e+00
2.6800000000e+02,1.9300000000e+02,1.1000000000e+01,1.7045664787e+00
2.6800000000e+02,1.9300000000e+02,1.2000000000e+01,1.7688045502e+00
2.6800000000e+02,1.9300000000e+02,1.3000000000e+01,1.8271962404e+00
2.6800000000e+02,1.9300000000e+02,1.4000000000e+01,1.8803622723e+00
2.6800000000e+02,1.9300000000e+02,1.5000000000e+01,1.9288576841e+00
2.6800000000e+02,1.9300000000e+02,1.6000000000e+01,1.9731909037e+00
2.6800000000e+02,1.9300000000e+02,1.7000000000e+01,2.0138099194e+00
2.6800000000e+02,1.9300000000e+02,1.8000000000e+01,2.0511176586e+00
2.6800000000e+02,1.9300000000e+02,1.9000000000e+01,2.0854690075e+00
2.6800000000e+02,1.9300000000e+02,2.0000000000e+01,2.1171798706e+00
2.6800000000e+02,1.9300000000e+02,2.1000000000e+01,2.1465296745e+00
2.6800000000e+02,1.9300000000e+02,2.2000000000e+01,2.1737658978e+00
2.6800000000e+02,1.9300000000e+02,2.3000000000e+01,2.1991095543e+00
2.6800000000e+02,1.9300000000e+02,2.4000000000e+01,2.2227544785e+00
2.6800000000e+02,1.9300000000e+02,2.5000000000e+01,2.2448749542e+00
2.6800000000e+02,1.9300000000e+02,2.6000000000e+01,2.2656247616e+00
2.6800000000e+02,1.9300000000e+02,2.7000000000e+01,2.2851419449e+00
2.6800000000e+02,1.9300000000e+02,2.8000000000e+01,2.3035478592e+00
2.6800000000e+02,1.9300000000e+02,2.9000000000e+01,2.3209533691e+00
2.6800000000e+02,1.9300000000e+02,3.0000000000e+01,2.3374547958e+00
2.6800000000e+02,1.9300000000e+02,3.1000000000e+01,2.3531415462e+00
2.6800000000e+02,2.6800000000e+02,0.0000000000e+00,1.9977924824e+00
2.6800000000e+02,2.6800000000e+02,1.0000000000e+00,9.7584187984e-01
2.6800000000e+02,2.6800000000e+02,2.0000000000e+00,8.0490815639e-01
2.6800000000e+02,2.6800000000e+02,3.0000000000e+00,8.3327168226e-01
2.6800000000e+02,2.6800000000e+02,4.0000000000e+00,8.9252364635e-01
2.6800000000e+02,2.6800000000e+02,5.0000000000e+00,9.5375198126e-01
2.6800000000e+02,2.6800000000e+02,6.0000000000e+00,1.0088783503e+00
2.6800000000e+02,2.6800000000e+02,7.0000000000e+00,1.0565226078e+00
2.6800000000e+02,2.6800000000e+02,8.0000000000e+00,1.0969302654e+00
2.6800000000e+02,2.6800000000e+02,9.0000000000e+00,1.1309852600e+00
2.6800000000e+02,2.6800000000e+02,1.0000000000e+01,1.1596255302e+00
2.6800000000e+02,2.6800000000e+02,1.1000000000e+01,1.1837340593e+00
2.6800000000e+02,2.6800000000e+02,1.2000000000e+01,1.2040754557e+00
2.6800000000e+02,2.6800000000e+02,1.3000000000e+01,1.2212946415e+00
2.6800000000e+02,2.6800000000e+02,1.4000000000e+01,1.2359299660e+00
2.6800000000e+02,2.6800000000e+02,1.5000000000e+01,1.2484239340e+00
2.6800000000e+02,2.6800000000e+02,1.6000000000e+01,1.2591435909e+00
2.6800000000e+02,2.6800000000e+02,1.7000000000e+01,1.2683883905e+00
2.6800000000e+02,2.6800000000e+02,1.8000000000e+01,1.2764070034e+00
2.6800000000e+02,2.6800000000e+02,1.9000000000e+01,1.2834028006e+00
2.6800000000e+02,2.6800000000e+02,2.0000000000e+01,1.2895449400e+00
2.6800000000e+02,2.6800000000e+02,2.1000000000e+01,1.2949720621e+00
2.6800000000e+02,2.6800000000e+02,2.2000000000e+01,1.2998002768e+00
2.6800000000e+02,2.6800000000e+02,2.3000000000e+01,1.3041251898e+00
2.6800000000e+02,2.6800000000e+02,2.4000000000e+01,1.3080266714e+00
2.6800000000e+02,2.6800000000e+02,2.5000000000e+01,1.3115713596e+00
2.6800000000e+02,2.6800000000e+02,2.6000000000e+01,1.3148150444e+00
2.6800000000e+02,2.6800000000e+02,2.7000000000e+01,1.3178040981e+00
2.6800000000e+02,2.6800000000e+02,2.8000000000e+01,1.3205777407e+00
2.6800000000e+02,2.6800000000e+02,2.9000000000e+01,1.3231689930e+00
2.6800000000e+02,2.6800000000e+02,3.0000000000e+01,1.3256052732e+00
2.6800000000e+02,2.6800000000e+02,3.1000000000e+01,1.3279104233e+00
2.6800000000e+02,3.7300000000e+02,0.0000000000e+00,2.0090460777e+00
2.6800000000e+02,3.7300000000e+02,1.0000000000e+00,8.0171602964e-01
2.6800000000e+02,3.7300000000e+02,2.0000000000e+00,5.8120882511e-01
2.6800000000e+02,3.7300000000e+02,3.0000000000e+00,5.7442331314e-01
2.6800000000e+02,3.7300000000e+02,4.0000000000e+00,5.9941536188e-01
2.6800000000e+02,3.7300000000e+02,5.0000000000e+00,6.2638378143e-01
2.6800000000e+02,3.7300000000e+02,6.0000000000e+00,6.4899170399e-01
2.6800000000e+02,3.7300000000e+02,7.0000000000e+00,6.6663730145e-01
2.6800000000e+02,3.7300000000e+02,8.0000000000e+00,6.8003797531e-01
2.6800000000e+02,3.7300000000e+02,9.0000000000e+00,6.9011425972e-01
2.6800000000e+02,3.7300000000e+02,1.0000000000e+01,6.9767582417e-01
2.6800000000e+02,3.7300000000e+02,1.1000000000e+01,7.0336395502e-01
2.6800000000e+02,3.7300000000e+02,1.2000000000e+01,7.0766592026e-01
2.6800000000e+02,3.7300000000e+02,1.3000000000e+01,7.1094429493e-01
2.6800000000e+02,3.7300000000e+02,1.4000000000e+01,7.1346688271e-01
2.6800000000e+02,3.7300000000e+02,1.5000000000e+01,7.1543061733e-01
2.6800000000e+02,3.7300000000e+02,1.6000000000e+01,7.1698027849e-01
2.6800000000e+02,3.7300000000e+02,1.7000000000e+01,7.1822220087e-01
2.6800000000e+02,3.7300000000e+02,1.8000000000e+01,7.1923512220e-01
2.6800000000e+02,3.7300000000e+02,1.9000000000e+01,7.2007697821e-01
2.6800000000e+02,3.7300000000e+02,2.0000000000e+01,7.2079074383e-01
2.6800000000e+02,3.7300000000e+02,2.1000000000e+01,7.2140842676e-01
2.6800000000e+02,3.7300000000e+02,2.2000000000e+01,7.2195398808e-01
2.6800000000e+02,3.7300000000e+02,2.3000000000e+01,7.2244507074e-01
2.6800000000e+02,3.7300000000e+02,2.4000000000e+01,7.2289514542e-01
2.6800000000e+02,3.7300000000e+02,2.5000000000e+01,7.2331428528e-01
2.6800000000e+02,3.7300000000e+02,2.6000000000e+01,7.2370982170e-01
2.6800000000e+02,3.7300000000e+02,2.7000000000e+01,7.2408777475e-01
2.6800000000e+02,3.7300000000e+02,2.8000000000e+01,7.2445249557e-01
2.6800000000e+02,3.7300000000e+02,2.9000000000e+01,7.2480708361e-01
2.6800000000e+02,3.7300000000e+02,3.0000000000e+01,7.2515422106e-01
2.6800000000e+02,3.7300000000e+02,3.1000000000e+01,7.2549581528e-01
2.6800000000e+02,5.1800000000e+02,0.0000000000e+00,2.0012040138e+00
2.6800000000e+02,5.1800000000e+02,1.0000000000e+00,6.9656008482e-01
2.6800000000e+02,5.1800000000e+02,2.0000000000e+00,4.8251333833e-01
2.6800000000e+02,5.1800000000e+02,3.0000000000e+00,4.7770667076e-01
2.6800000000e+02,5.1800000000e+02,4.0000000000e+00,4.9922886491e-01
2.6800000000e+02,5.1800000000e+02,5.0000000000e+00,5.2064728737e-01
2.6800000000e+02,5.1800000000e+02,6.0000000000e+00,5.3774303198e-01
2.6800000000e+02,5.1800000000e+02,7.0000000000e+00,5.5063802004e-01
2.6800000000e+02,5.1800000000e+02,8.0000000000e+00,5.6022101641e-01
2.6800000000e+02,5.1800000000e+02,9.0000000000e+00,5.6733965874e-01
2.6800000000e+02,5.1800000000e+02,1.0000000000e+01,5.7265782356e-01
2.6800000000e+02,5.1800000000e+02,1.1000000000e+01,5.7666474581e-01
2.6800000000e+02,5.1800000000e+02,1.2000000000e+01,5.7971453667e-01
2.6800000000e+02,5.1800000000e+02,1.3000000000e+01,5.8206230402e-01
2.6800000000e+02,5.1800000000e+02,1.4000000000e+01,5.8389252424e-01
2.6800000000e+02,5.1800000000e+02,1.5000000000e+01,5.8533877134e-01
2.6800000000e+02,5.1800000000e+02,1.6000000000e+01,5.8649897575e-01
2.6800000000e+02,5.1800000000e+02,1.7000000000e+01,5.8744454384e-01
2.6800000000e+02,5.1800000000e+02,1.8000000000e+01,5.8822870255e-01
2.6800000000e+02,5.1800000000e+02,1.9000000000e+01,5.8889091015e-01
2.6800000000e+02,5.1800000000e+02,2.0000000000e+01,5.8946043253e-01
2.6800000000e+02,5.1800000000e+02,2.1000000000e+01,5.8995950222e-01
2.6800000000e+02,5.1800000000e+02,2.2000000000e+01,5.9040474892e-01
2.6800000000e+02,5.1800000000e+02,2.3000000000e+01,5.9080886841e-01
2.6800000000e+02,5.1800000000e+02,2.4000000000e+01,5.9118139744e-01
2.6800000000e+02,5.1800000000e+02,2.5000000000e+01,5.9152972698e-01
2.6800000000e+02,5.1800000000e+02,2.6000000000e+01,5.9185928106e-01
2.6800000000e+02,5.1800000000e+02,2.7000000000e+01,5.9217464924e-01
2.6800000000e+02,5.1800000000e+02,2.8000000000e+01,5.9247887135e-01
2.6800000000e+02,5.1800000000e+02,2.9000000000e+01,5.9277462959e-01
2.6800000000e+02,5.1800000000e+02,3.0000000000e+01,5.9306395054e-01
2.6800000000e+02,5.1800000000e+02,3.1000000000e+01,5.9334820509e-01
2.6800000000e+02,7.2000000000e+02,0.0000000000e+00,1.9973940849e+00
2.6800000000e+02,7.2000000000e+02,1.0000000000e+00,6.0561442375e-01
2.6800000000e+02,7.2000000000e+02,2.0000000000e+00,4.0560308099e-01
2.6800000000e+02,7.2000000000e+02,3.0000000000e+00,4.0086412430e-01
2.6800000000e+02,7.2000000000e+02,4.0000000000e+00,4.1534131765e-01
2.6800000000e+02,7.2000000000e+02,5.0000000000e+00,4.2768231034e-01
2.6800000000e+02,7.2000000000e+02,6.0000000000e+00,4.3605509400e-01
2.6800000000e+02,7.2000000000e+02,7.0000000000e+00,4.4140118361e-01
2.6800000000e+02,7.2000000000e+02,8.0000000000e+00,4.4476053119e-01
2.6800000000e+02,7.2000000000e+02,9.0000000000e+00,4.4687414169e-01
2.6800000000e+02,7.2000000000e+02,1.0000000000e+01,4.4821882248e-01
2.6800000000e+02,7.2000000000e+02,1.1000000000e+01,4.4909095764e-01
2.6800000000e+02,7.2000000000e+02,1.2000000000e+01,4.4967234135e-01
2.6800000000e+02,7.2000000000e+02,1.3000000000e+01,4.5007437468e-01
2.6800000000e+02,7.2000000000e+02,1.4000000000e+01,4.5036539435e-01
2.6800000000e+02,7.2000000000e+02,1.5000000000e+01,4.5058730245e-01
2.6800000000e+02,7.2000000000e+02,1.6000000000e+01,4.5076620579e-01
2.6800000000e+02,7.2000000000e+02,1.7000000000e+01,4.5091807842e-01
2.6800000000e+02,7.2000000000e+02,1.8000000000e+01,4.5105299354e-01
2.6800000000e+02,7.2000000000e+02,1.9000000000e+01,4.5117726922e-01
2.6800000000e+02,7.2000000000e+02,2.0000000000e+01,4.5129483938e-01
2.6800000000e+02,7.2000000000e+02,2.1000000000e+01,4.5140826702e-01
2.6800000000e+02,7.2000000000e+02,2.2000000000e+01,4.5151901245e-01
2.6800000000e+02,7.2000000000e+02,2.3000000000e+01,4.5162820816e-01
2.6800000000e+02,7.2000000000e+02,2.4000000000e+01,4.5173633099e-01
2.6800000000e+02,7.2000000000e+02,2.5000000000e+01,4.5184397697e-01
2.6800000000e+02,7.2000000000e+02,2.6000000000e+01,4.5195129514e-01
2.6800000000e+02,7.2000000000e+02,2.7000000000e+01,4.5205843449e-01
2.6800000000e+02,7.2000000000e+02,2.8000000000e+01,4.5216557384e-01
2.6800000000e+02,7.2000000000e+02,2.9000000000e+01,4.5227274299e-01
2.6800000000e+02,7.2000000000e+02,3.0000000000e+01,4.5238003135e-01
2.6800000000e+02,7.2000000000e+02,3.1000000000e+01,4.5248737931e-01
2.6800000000e+02,1.0000000000e+03,0.0000000000e+00,1.9984412193e+00
2.6800000000e+02,1.0000000000e+03,1.0000000000e+00,5.5301088095e-01
2.6800000000e+02,1.0000000000e+03,2.0000000000e+00,3.7931030989e-01
2.6800000000e+02,1.0000000000e+03,3.0000000000e+00,3.8360351324e-01
2.6800000000e+02,1.0000000000e+03,4.0000000000e+00,3.9924594760e-01
2.6800000000e+02,1.0000000000e+03,5.0000000000e+00,4.1058439016e-01
2.6800000000e+02,1.0000000000e+03,6.0000000000e+00,4.1766262054e-01
2.6800000000e+02,1.0000000000e+03,7.0000000000e+00,4.2192068696e-01
2.6800000000e+02,1.0000000000e+03,8.0000000000e+00,4.2446759343e-01
2.6800000000e+02,1.0000000000e+03,9.0000000000e+00,4.2600029707e-01
2.6800000000e+02,1.0000000000e+03,1.0000000000e+01,4.2693480849e-01
2.6800000000e+02,1.0000000000e+03,1.1000000000e+01,4.2751577497e-01
2.6800000000e+02,1.0000000000e+03,1.2000000000e+01,4.2788690329e-01
2.6800000000e+02,1.0000000000e+03,1.3000000000e+01,4.2813271284e-01
2.6800000000e+02,1.0000000000e+03,1.4000000000e+01,4.2830327153e-01
2.6800000000e+02,1.0000000000e+03,1.5000000000e+01,4.2842844129e-01
2.6800000000e+02,1.0000000000e+03,1.6000000000e+01,4.2852598429e-01
2.6800000000e+02,1.0000000000e+03,1.7000000000e+01,4.2860677838e-01
2.6800000000e+02,1.0000000000e+03,1.8000000000e+01,4.2867732048e-01
2.6800000000e+02,1.0000000000e+03,1.9000000000e+01,4.2874157429e-01
2.6800000000e+02,1.0000000000e+03,2.0000000000e+01,4.2880195379e-01
2.6800000000e+02,1.0000000000e+03,2.1000000000e+01,4.2886000872e-01
2.6800000000e+02,1.0000000000e+03,2.2000000000e+01,4.2891660333e-01
2.6800000000e+02,1.0000000000e+03,2.3000000000e+01,4.2897224426e-01
2.6800000000e+02,1.0000000000e+03,2.4000000000e+01,4.2902740836e-01
2.6800000000e+02,1.0000000000e+03,2.5000000000e+01,4.2908227444e-01
2.6800000000e+02,1.0000000000e+03,2.6000000000e+01,4.2913699150e-01
2.6800000000e+02,1.0000000000e+03,2.7000000000e+01,4.2919152975e-01
2.6800000000e+02,1.0000000000e+03,2.8000000000e+01,4.2924612761e-01
2.6800000000e+02,1.0000000000e+03,2.9000000000e+01,4.2930075526e-01
2.6800000000e+02,1.0000000000e+03,3.0000000000e+01,4.2935532331e-01
2.6800000000e+02,1.0000000000e+03,3.1000000000e+01,4.2940995097e-01
3.7300000000e+02,1.0000000000e+01,0.0000000000e+00,2.0012264252e+00
3.7300000000e+02,1.0000000000e+01,1.0000000000e+00,2.0484280586e+00
3.7300000000e+02,1.0000000000e+01,2.0000000000e+00,2.2997345924e+00
3.7300000000e+02,1.0000000000e+01,3.0000000000e+00,2.6292483807e+00
3.7300000000e+02,1.0000000000e+01,4.0000000000e+00,2.9498500824e+00
3.7300000000e+02,1.0000000000e+01,5.0000000000e+00,3.2462749481e+00
3.7300000000e+02,1.0000000000e+01,6.0000000000e+00,3.5201392174e+00
3.7300000000e+02,1.0000000000e+01,7.0000000000e+00,3.7773823738e+00
3.7300000000e+02,1.0000000000e+01,8.0000000000e+00,4.0237822533e+00
3.7300000000e+02,1.0000000000e+01,9.0000000000e+00,4.2640805244e+00
3.7300000000e+02,1.0000000000e+01,1.0000000000e+01,4.5019841194e+00
3.7300000000e+02,1.0000000000e+01,1.1000000000e+01,4.7403635979e+00
3.7300000000e+02,1.0000000000e+01,1.2000000000e+01,4.9814491272e+00
3.7300000000e+02,1.0000000000e+01,1.3000000000e+01,5.2269906998e+00
3.7300000000e+02,1.0000000000e+01,1.4000000000e+01,5.4783759117e+00
3.7300000000e+02,1.0000000000e+01,1.5000000000e+01,5.7367162704e+00
3.7300000000e+02,1.0000000000e+01,1.6000000000e+01,6.0029139519e+00
3.7300000000e+02,1.0000000000e+01,1.7000000000e+01,6.2777066231e+00
3.7300000000e+02,1.0000000000e+01,1.8000000000e+01,6.5617041588e+00
3.7300000000e+02,1.0000000000e+01,1.9000000000e+01,6.8554139137e+00
3.7300000000e+02,1.0000000000e+01,2.0000000000e+01,7.1592636108e+00
3.7300000000e+02,1.0000000000e+01,2.1000000000e+01,7.4736127853e+00
3.7300000000e+02,1.0000000000e+01,2.2000000000e+01,7.7987689972e+00
3.7300000000e+02,1.0000000000e+01,2.3000000000e+01,8.1349935532e+00
3.7300000000e+02,1.0000000000e+01,2.4000000000e+01,8.4825105667e+00
3.7300000000e+02,1.0000000000e+01,2.5000000000e+01,8.8415174484e+00
3.7300000000e+02,1.0000000000e+01,2.6000000000e+01,9.2121801376e+00
3.7300000000e+02,1.0000000000e+01,2.7000000000e+01,9.5946464539e+00
3.7300000000e+02,1.0000000000e+01,2.8000000000e+01,9.9890432358e+00
3.7300000000e+02,1.0000000000e+01,2.9000000000e+01,1.0395483971e+01
3.7300000000e+02,1.0000000000e+01,3.0000000000e+01,1.0814065933e+01
3.7300000000e+02,1.0000000000e+01,3.1000000000e+01,1.1244873047e+01
3.7300000000e+02,1.4000000000e+01,0.0000000000e+00,1.9987723827e+00
3.7300000000e+02,1.4000000000e+01,1.0000000000e+00,1.9828757048e+00
3.7300000000e+02,1.4000000000e+01,2.0000000000e+00,2.2205607891e+00
3.7300000000e+02,1.4000000000e+01,3.0000000000e+00,2.5913219452e+00
3.7300000000e+02,1.4000000000e+01,4.0000000000e+00,2.9960634708e+00
3.7300000000e+02,1.4000000000e+01,5.0000000000e+00,3.4009866714e+00
3.7300000000e+02,1.4000000000e+01,6.0000000000e+00,3.7949280739e+00
3.7300000000e+02,1.4000000000e+01,7.0000000000e+00,4.1774258614e+00
3.7300000000e+02,1.4000000000e+01,8.0000000000e+00,4.5515971184e+00
3.7300000000e+02,1.4000000000e+01,9.0000000000e+00,4.9213986397e+00
3.7300000000e+02,1.4000000000e+01,1.0000000000e+01,5.2906074524e+00
3.7300000000e+02,1.4000000000e+01,1.1000000000e+01,5.6625175476e+00
3.7300000000e+02,1.4000000000e+01,1.2000000000e+01,6.0398950577e+00
3.7300000000e+02,1.4000000000e+01,1.3000000000e+01,6.4250373840e+00
3.7300000000e+02,1.4000000000e+01,1.4000000000e+01,6.8198418617e+00
3.7300000000e+02,1.4000000000e+01,1.5000000000e+01,7.2258791924e+00
3.7300000000e+02,1.4000000000e+01,1.6000000000e+01,7.6444549561e+00
3.7300000000e+02,1.4000000000e+01,1.7000000000e+01,8.0766582489e+00
3.7300000000e+02,1.4000000000e+01,1.8000000000e+01,8.5234041214e+00
3.7300000000e+02,1.4000000000e+01,1.9000000000e+01,8.9854669571e+00
3.7300000000e+02,1.4000000000e+01,2.0000000000e+01,9.4634990692e+00
3.7300000000e+02,1.4000000000e+01,2.1000000000e+01,9.9580650330e+00
3.7300000000e+02,1.4000000000e+01,2.2000000000e+01,1.0469639778e+01
3.7300000000e+02,1.4000000000e+01,2.3000000000e+01,1.0998638153e+01
3.7300000000e+02,1.4000000000e+01,2.4000000000e+01,1.1545417786e+01
3.7300000000e+02,1.4000000000e+01,2.5000000000e+01,1.2110287666e+01
3.7300000000e+02,1.4000000000e+01,2.6000000000e+01,1.2693517685e+01
3.7300000000e+02,1.4000000000e+01,2.7000000000e+01,1.3295341492e+01
3.7300000000e+02,1.4000000000e+01,2.8000000000e+01,1.3915966034e+01
3.7300000000e+02,1.4000000000e+01,2.9000000000e+01,1.4555572510e+01
3.7300000000e+02,1.4000000000e+01,3.0000000000e+01,1.5214323044e+01
3.7300000000e+02,1.4000000000e+01,3.1000000000e+01,1.5892353058e+01
3.7300000000e+02,1.9000000000e+01,0.0000000000e+00,1.9967861176e+00
3.7300000000e+02,1.9000000000e+01,1.0000000000e+00,1.9141951799e+00
3.7300000000e+02,1.9000000000e+01,2.0000000000e+00,2.1209893227e+00
3.7300000000e+02,1.9000000000e+01,3.0000000000e+00,2.5030837059e+00
3.7300000000e+02,1.9000000000e+01,4.0000000000e+00,2.9594528675e+00
3.7300000000e+02,1.9000000000e+01,5.0000000000e+00,3.4482271671e+00
3.7300000000e+02,1.9000000000e+01,6.0000000000e+00,3.9478917122e+00
3.7300000000e+02,1.9000000000e+01,7.0000000000e+00,4.4499521255e+00
3.7300000000e+02,1.9000000000e+01,8.0000000000e+00,4.9522762299e+00
3.7300000000e+02,1.9000000000e+01,9.0000000000e+00,5.4558010101e+00
3.7300000000e+02,1.9000000000e+01,1.0000000000e+01,5.9627461433e+00
3.7300000000e+02,1.9000000000e+01,1.1000000000e+01,6.4757089615e+00
3.7300000000e+02,1.9000000000e+01,1.2000000000e+01,6.9972658157e+00
3.7300000000e+02,1.9000000000e+01,1.3000000000e+01,7.5297951698e+00
3.7300000000e+02,1.9000000000e+01,1.4000000000e+01,8.0754184723e+00
3.7300000000e+02,1.9000000000e+01,1.5000000000e+01,8.6359949112e+00
3.7300000000e+02,1.9000000000e+01,1.6000000000e+01,9.2131404877e+00
3.7300000000e+02,1.9000000000e+01,1.7000000000e+01,9.8082504272e+00
3.7300000000e+02,1.9000000000e+01,1.8000000000e+01,1.0422537804e+01
3.7300000000e+02,1.9000000000e+01,1.9000000000e+01,1.1057044983e+01
3.7300000000e+02,1.9000000000e+01,2.0000000000e+01,1.1712679863e+01
3.7300000000e+02,1.9000000000e+01,2.1000000000e+01,1.2390227318e+01
3.7300000000e+02,1.9000000000e+01,2.2000000000e+01,1.3090371132e+01
3.7300000000e+02,1.9000000000e+01,2.3000000000e+01,1.3813709259e+01
3.7300000000e+02,1.9000000000e+01,2.4000000000e+01,1.4560761452e+01
3.7300000000e+02,1.9000000000e+01,2.5000000000e+01,1.5331983566e+01
3.7300000000e+02,1.9000000000e+01,2.6000000000e+01,1.6127780914e+01
3.7300000000e+02,1.9000000000e+01,2.7000000000e+01,1.6948501587e+01
3.7300000000e+02,1.9000000000e+01,2.8000000000e+01,1.7794458389e+01
3.7300000000e+02,1.9000000000e+01,2.9000000000e+01,1.8665927887e+01
3.7300000000e+02,1.9000000000e+01,3.0000000000e+01,1.9563152313e+01
3.7300000000e+02,1.9000000000e+01,3.1000000000e+01,2.0486351013e+01
3.7300000000e+02,2.7000000000e+01,0.0000000000e+00,1.9973993301e+00
3.7300000000e+02,2.7000000000e+01,1.0000000000e+00,1.8116803169e+00
3.7300000000e+02,2.7000000000e+01,2.0000000000e+00,1.9772064686e+00
3.7300000000e+02,2.7000000000e+01,3.0000000000e+00,2.3496792316e+00
3.7300000000e+02,2.7000000000e+01,4.0000000000e+00,2.8242213726e+00
3.7300000000e+02,2.7000000000e+01,5.0000000000e+00,3.3579022884e+00
3.7300000000e+02,2.7000000000e+01,6.0000000000e+00,3.9229435921e+00
3.7300000000e+02,2.7000000000e+01,7.0000000000e+00,4.5031352043e+00
3.7300000000e+02,2.7000000000e+01,8.0000000000e+00,5.0892100334e+00
3.7300000000e+02,2.7000000000e+01,9.0000000000e+00,5.6766204834e+00
3.7300000000e+02,2.7000000000e+01,1.0000000000e+01,6.2636547089e+00
3.7300000000e+02,2.7000000000e+01,1.1000000000e+01,6.8502864838e+00
3.7300000000e+02,2.7000000000e+01,1.2000000000e+01,7.4374175072e+00
3.7300000000e+02,2.7000000000e+01,1.3000000000e+01,8.0264186859e+00
3.7300000000e+02,2.7000000000e+01,1.4000000000e+01,8.6188592911e+00
3.7300000000e+02,2.7000000000e+01,1.5000000000e+01,9.2163515091e+00
3.7300000000e+02,2.7000000000e+01,1.6000000000e+01,9.8204574585e+00
3.7300000000e+02,2.7000000000e+01,1.7000000000e+01,1.0432651520e+01
3.7300000000e+02,2.7000000000e+01,1.8000000000e+01,1.1054297447e+01
3.7300000000e+02,2.7000000000e+01,1.9000000000e+01,1.1686637878e+01
3.7300000000e+02,2.7000000000e+01,2.0000000000e+01,1.2330808640e+01
3.7300000000e+02,2.7000000000e+01,2.1000000000e+01,1.2987824440e+01
3.7300000000e+02,2.7000000000e+01,2.2000000000e+01,1.3658612251e+01
3.7300000000e+02,2.7000000000e+01,2.3000000000e+01,1.4343997955e+01
3.7300000000e+02,2.7000000000e+01,2.4000000000e+01,1.5044731140e+01
3.7300000000e+02,2.7000000000e+01,2.5000000000e+01,1.5761477470e+01
3.7300000000e+02,2.7000000000e+01,2.6000000000e+01,1.6494844437e+01
3.7300000000e+02,2.7000000000e+01,2.7000000000e+01,1.7245382309e+01
3.7300000000e+02,2.7000000000e+01,2.8000000000e+01,1.8013574600e+01
3.7300000000e+02,2.7000000000e+01,2.9000000000e+01,1.8799869537e+01
3.7300000000e+02,2.7000000000e+01,3.0000000000e+01,1.9604667664e+01
3.7300000000e+02,2.7000000000e+01,3.1000000000e+01,2.0428329468e+01
3.7300000000e+02,3.7000000000e+01,0.0000000000e+00,1.9954578876e+00
3.7300000000e+02,3.7000000000e+01,1.0000000000e+00,1.7187149525e+00
3.7300000000e+02,3.7000000000e+01,2.0000000000e+00,1.8590767384e+00
3.7300000000e+02,3.7000000000e+01,3.0000000000e+00,2.2169594765e+00
3.7300000000e+02,3.7000000000e+01,4.0000000000e+00,2.6840319633e+00
3.7300000000e+02,3.7000000000e+01,5.0000000000e+00,3.2220618725e+00
3.7300000000e+02,3.7000000000e+01,6.0000000000e+00,3.8041706085e+00
3.7300000000e+02,3.7000000000e+01,7.0000000000e+00,4.4132933617e+00
3.7300000000e+02,3.7000000000e+01,8.0000000000e+00,5.0373697281e+00
3.7300000000e+02,3.7000000000e+01,9.0000000000e+00,5.6683568954e+00
3.7300000000e+02,3.7000000000e+01,1.0000000000e+01,6.3011493683e+00
3.7300000000e+02,3.7000000000e+01,1.1000000000e+01,6.9326386452e+00
3.7300000000e+02,3.7000000000e+01,1.2000000000e+01,7.5612010956e+00
3.7300000000e+02,3.7000000000e+01,1.3000000000e+01,8.1861658096e+00
3.7300000000e+02,3.7000000000e+01,1.4000000000e+01,8.8075370789e+00
3.7300000000e+02,3.7000000000e+01,1.5000000000e+01,9.4257278442e+00
3.7300000000e+02,3.7000000000e+01,1.6000000000e+01,1.0041424751e+01
3.7300000000e+02,3.7000000000e+01,1.7000000000e+01,1.0655459404e+01
3.7300000000e+02,3.7000000000e+01,1.8000000000e+01,1.1268750191e+01
3.7300000000e+02,3.7000000000e+01,1.9000000000e+01,1.1882234573e+01
3.7300000000e+02,3.7000000000e+01,2.0000000000e+01,1.2496848106e+01
3.7300000000e+02,3.7000000000e+01,2.1000000000e+01,1.3113503456e+01
3.7300000000e+02,3.7000000000e+01,2.2000000000e+01,1.3733077049e+01
3.7300000000e+02,3.7000000000e+01,2.3000000000e+01,1.4356389999e+01
3.7300000000e+02,3.7000000000e+01,2.4000000000e+01,1.4984224319e+01
3.7300000000e+02,3.7000000000e+01,2.5000000000e+01,1.5617307663e+01
3.7300000000e+02,3.7000000000e+01,2.6000000000e+01,1.6256322861e+01
3.7300000000e+02,3.7000000000e+01,2.7000000000e+01,1.6901895523e+01
3.7300000000e+02,3.7000000000e+01,2.8000000000e+01,1.7554615021e+01
3.7300000000e+02,3.7000000000e+01,2.9000000000e+01,1.8215028763e+01
3.7300000000e+02,3.7000000000e+01,3.0000000000e+01,1.8883632660e+01
3.7300000000e+02,3.7000000000e+01,3.1000000000e+01,1.9560897827e+01
3.7300000000e+02,5.2000000000e+01,0.0000000000e+00,2.0011708736e+00
3.7300000000e+02,5.2000000000e+01,1.0000000000e+00,1.6074990034e+00
3.7300000000e+02,5.2000000000e+01,2.0000000000e+00,1.6795405149e+00
3.7300000000e+02,5.2000000000e+01,3.0000000000e+00,1.9801853895e+00
3.7300000000e+02,5.2000000000e+01,4.0000000000e+00,2.3901426792e+00
3.7300000000e+02,5.2000000000e+01,5.0000000000e+00,2.8752970695e+00
3.7300000000e+02,5.2000000000e+01,6.0000000000e+00,3.4130725861e+00
3.7300000000e+02,5.2000000000e+01,7.0000000000e+00,3.9909825325e+00
3.7300000000e+02,5.2000000000e+01,8.0000000000e+00,4.5989360809e+00
3.7300000000e+02,5.2000000000e+01,9.0000000000e+00,5.2301502228e+00
3.7300000000e+02,5.2000000000e+01,1.0000000000e+01,5.8791418076e+00
3.7300000000e+02,5.2000000000e+01,1.1000000000e+01,6.5420598984e+00
3.7300000000e+02,5.2000000000e+01,1.2000000000e+01,7.2159042358e+00
3.7300000000e+02,5.2000000000e+01,1.3000000000e+01,7.8985772133e+00
3.7300000000e+02,5.2000000000e+01,1.4000000000e+01,8.5885410309e+00
3.7300000000e+02,5.2000000000e+01,1.5000000000e+01,9.2847728729e+00
3.7300000000e+02,5.2000000000e+01,1.6000000000e+01,9.9865970612e+00
3.7300000000e+02,5.2000000000e+01,1.7000000000e+01,1.0693639755e+01
3.7300000000e+02,5.2000000000e+01,1.8000000000e+01,1.1405733109e+01
3.7300000000e+02,5.2000000000e+01,1.9000000000e+01,1.2122875214e+01
3.7300000000e+02,5.2000000000e+01,2.0000000000e+01,1.2845182419e+01
3.7300000000e+02,5.2000000000e+01,2.1000000000e+01,1.3572871208e+01
3.7300000000e+02,5.2000000000e+01,2.2000000000e+01,1.4306209564e+01
3.7300000000e+02,5.2000000000e+01,2.3000000000e+01,1.5045520782e+01
3.7300000000e+02,5.2000000000e+01,2.4000000000e+01,1.5791151047e+01
3.7300000000e+02,5.2000000000e+01,2.5000000000e+01,1.6543468475e+01
3.7300000000e+02,5.2000000000e+01,2.6000000000e+01,1.7302852631e+01
3.7300000000e+02,5.2000000000e+01,2.7000000000e+01,1.8069683075e+01
3.7300000000e+02,5.2000000000e+01,2.8000000000e+01,1.8844339371e+01
3.7300000000e+02,5.2000000000e+01,2.9000000000e+01,1.9627195358e+01
3.7300000000e+02,5.2000000000e+01,3.0000000000e+01,2.0418611526e+01
3.7300000000e+02,5.2000000000e+01,3.1000000000e+01,2.1218946457e+01
3.7300000000e+02,7.2000000000e+01,0.0000000000e+00,2.0001189709e+00
3.7300000000e+02,7.2000000000e+01,1.0000000000e+00,1.4447197914e+00
3.7300000000e+02,7.2000000000e+01,2.0000000000e+00,1.4310839176e+00
3.7300000000e+02,7.2000000000e+01,3.0000000000e+00,1.6603364944e+00
3.7300000000e+02,7.2000000000e+01,4.0000000000e+00,1.9895712137e+00
3.7300000000e+02,7.2000000000e+01,5.0000000000e+00,2.3823246956e+00
3.7300000000e+02,7.2000000000e+01,6.0000000000e+00,2.8173158169e+00
3.7300000000e+02,7.2000000000e+01,7.0000000000e+00,3.2841088772e+00
3.7300000000e+02,7.2000000000e+01,8.0000000000e+00,3.7748305798e+00
3.7300000000e+02,7.2000000000e+01,9.0000000000e+00,4.2845144272e+00
3.7300000000e+02,7.2000000000e+01,1.0000000000e+01,4.8091425896e+00
3.7300000000e+02,7.2000000000e+01,1.1000000000e+01,5.3458824158e+00
3.7300000000e+02,7.2000000000e+01,1.2000000000e+01,5.8924083710e+00
3.7300000000e+02,7.2000000000e+01,1.3000000000e+01,6.4469795227e+00
3.7300000000e+02,7.2000000000e+01,1.4000000000e+01,7.0081853867e+00
3.7300000000e+02,7.2000000000e+01,1.5000000000e+01,7.5749340057e+00
3.7300000000e+02,7.2000000000e+01,1.6000000000e+01,8.1463623047e+00
3.7300000000e+02,7.2000000000e+01,1.7000000000e+01,8.7217960358e+00
3.7300000000e+02,7.2000000000e+01,1.8000000000e+01,9.3007144928e+00
3.7300000000e+02,7.2000000000e+01,1.9000000000e+01,9.8827247620e+00
3.7300000000e+02,7.2000000000e+01,2.0000000000e+01,1.0467528343e+01
3.7300000000e+02,7.2000000000e+01,2.1000000000e+01,1.1054920197e+01
3.7300000000e+02,7.2000000000e+01,2.2000000000e+01,1.1644755363e+01
3.7300000000e+02,7.2000000000e+01,2.3000000000e+01,1.2236950874e+01
3.7300000000e+02,7.2000000000e+01,2.4000000000e+01,1.2831464767e+01
3.7300000000e+02,7.2000000000e+01,2.5000000000e+01,1.3428296089e+01
3.7300000000e+02,7.2000000000e+01,2.6000000000e+01,1.4027473450e+01
3.7300000000e+02,7.2000000000e+01,2.7000000000e+01,1.4629051208e+01
3.7300000000e+02,7.2000000000e+01,2.8000000000e+01,1.5233102798e+01
3.7300000000e+02,7.2000000000e+01,2.9000000000e+01,1.5839715004e+01
3.7300000000e+02,7.2000000000e+01,3.0000000000e+01,1.6448993683e+01
3.7300000000e+02,7.2000000000e+01,3.1000000000e+01,1.7061046600e+01
3.7300000000e+02,1.0000000000e+02,0.0000000000e+00,1.9937704802e+00
3.7300000000e+02,1.0000000000e+02,1.0000000000e+00,1.3412293196e+00
3.7300000000e+02,1.0000000000e+02,2.0000000000e+00,1.2838389874e+00
3.7300000000e+02,1.0000000000e+02,3.0000000000e+00,1.4462183714e+00
3.7300000000e+02,1.0000000000e+02,4.0000000000e+00,1.6823167801e+00
3.7300000000e+02,1.0000000000e+02,5.0000000000e+00,1.9565163851e+00
3.7300000000e+02,1.0000000000e+02,6.0000000000e+00,2.2516336441e+00
3.7300000000e+02,1.0000000000e+02,7.0000000000e+00,2.5597295761e+00
3.7300000000e+02,1.0000000000e+02,8.0000000000e+00,2.8758862019e+00
3.7300000000e+02,1.0000000000e+02,9.0000000000e+00,3.1971945763e+00
3.7300000000e+02,1.0000000000e+02,1.0000000000e+01,3.5217437744e+00
3.7300000000e+02,1.0000000000e+02,1.1000000000e+01,3.8482530117e+00
3.7300000000e+02,1.0000000000e+02,1.2000000000e+01,4.1758747101e+00
3.7300000000e+02,1.0000000000e+02,1.3000000000e+01,4.5039906502e+00
3.7300000000e+02,1.0000000000e+02,1.4000000000e+01,4.8322162628e+00
3.7300000000e+02,1.0000000000e+02,1.5000000000e+01,5.1602406502e+00
3.7300000000e+02,1.0000000000e+02,1.6000000000e+01,5.4879064560e+00
3.7300000000e+02,1.0000000000e+02,1.7000000000e+01,5.8150620461e+00
3.7300000000e+02,1.0000000000e+02,1.8000000000e+01,6.1416664124e+00
3.7300000000e+02,1.0000000000e+02,1.9000000000e+01,6.4676580429e+00
3.7300000000e+02,1.0000000000e+02,2.0000000000e+01,6.7930583954e+00
3.7300000000e+02,1.0000000000e+02,2.1000000000e+01,7.1178584099e+00
3.7300000000e+02,1.0000000000e+02,2.2000000000e+01,7.4421119690e+00
3.7300000000e+02,1.0000000000e+02,2.3000000000e+01,7.7658433914e+00
3.7300000000e+02,1.0000000000e+02,2.4000000000e+01,8.0891218185e+00
3.7300000000e+02,1.0000000000e+02,2.5000000000e+01,8.4119920731e+00
3.7300000000e+02,1.0000000000e+02,2.6000000000e+01,8.7345314026e+00
3.7300000000e+02,1.0000000000e+02,2.7000000000e+01,9.0567989349e+00
3.7300000000e+02,1.0000000000e+02,2.8000000000e+01,9.3788690567e+00
3.7300000000e+02,1.0000000000e+02,2.9000000000e+01,9.7008113861e+00
3.7300000000e+02,1.0000000000e+02,3.0000000000e+01,1.0022701263e+01
3.7300000000e+02,1.0000000000e+02,3.1000000000e+01,1.0344606400e+01
3.7300000000e+02,1.3900000000e+02,0.0000000000e+00,2.0020811558e+00
3.7300000000e+02,1.3900000000e+02,1.0000000000e+00,1.1556985378e+00
3.7300000000e+02,1.3900000000e+02,2.0000000000e+00,1.0067626238e+00
3.7300000000e+02,1.3900000000e+02,3.0000000000e+00,1.0863699913e+00
3.7300000000e+02,1.3900000000e+02,4.0000000000e+00,1.2252861261e+00
3.7300000000e+02,1.3900000000e+02,5.0000000000e+00,1.3863172531e+00
3.7300000000e+02,1.3900000000e+02,6.0000000000e+00,1.5529150963e+00
3.7300000000e+02,1.3900000000e+02,7.0000000000e+00,1.7190735340e+00
3.7300000000e+02,1.3900000000e+02,8.0000000000e+00,1.8813804388e+00
3.7300000000e+02,1.3900000000e+02,9.0000000000e+00,2.0385408401e+00
3.7300000000e+02,1.3900000000e+02,1.0000000000e+01,2.1898202896e+00
3.7300000000e+02,1.3900000000e+02,1.1000000000e+01,2.3351030350e+00
3.7300000000e+02,1.3900000000e+02,1.2000000000e+01,2.4743888378e+00
3.7300000000e+02,1.3900000000e+02,1.3000000000e+01,2.6079051495e+00
3.7300000000e+02,1.3900000000e+02,1.4000000000e+01,2.7358694077e+00
3.7300000000e+02,1.3900000000e+02,1.5000000000e+01,2.8586013317e+00
3.7300000000e+02,1.3900000000e+02,1.6000000000e+01,2.9763708115e+00
3.7300000000e+02,1.3900000000e+02,1.7000000000e+01,3.0895028114e+00
3.7300000000e+02,1.3900000000e+02,1.8000000000e+01,3.1982641220e+00
3.7300000000e+02,1.3900000000e+02,1.9000000000e+01,3.3029556274e+00
3.7300000000e+02,1.3900000000e+02,2.0000000000e+01,3.4038228989e+00
3.7300000000e+02,1.3900000000e+02,2.1000000000e+01,3.5011324883e+00
3.7300000000e+02,1.3900000000e+02,2.2000000000e+01,3.5951039791e+00
3.7300000000e+02,1.3900000000e+02,2.3000000000e+01,3.6859707832e+00
3.7300000000e+02,1.3900000000e+02,2.4000000000e+01,3.7739257812e+00
3.7300000000e+02,1.3900000000e+02,2.5000000000e+01,3.8591713905e+00
3.7300000000e+02,1.3900000000e+02,2.6000000000e+01,3.9418766499e+00
3.7300000000e+02,1.3900000000e+02,2.7000000000e+01,4.0222177505e+00
3.7300000000e+02,1.3900000000e+02,2.8000000000e+01,4.1003403664e+00
3.7300000000e+02,1.3900000000e+02,2.9000000000e+01,4.1763982773e+00
3.7300000000e+02,1.3900000000e+02,3.0000000000e+01,4.2505187988e+00
3.7300000000e+02,1.3900000000e+02,3.1000000000e+01,4.3228354454e+00
3.7300000000e+02,1.9300000000e+02,0.0000000000e+00,1.9966959953e+00
3.7300000000e+02,1.9300000000e+02,1.0000000000e+00,9.9899315834e-01
3.7300000000e+02,1.9300000000e+02,2.0000000000e+00,8.0187714100e-01
3.7300000000e+02,1.9300000000e+02,3.0000000000e+00,8.2960498333e-01
3.7300000000e+02,1.9300000000e+02,4.0000000000e+00,9.0834391117e-01
3.7300000000e+02,1.9300000000e+02,5.0000000000e+00,1.0007915497e+00
3.7300000000e+02,1.9300000000e+02,6.0000000000e+00,1.0941586494e+00
3.7300000000e+02,1.9300000000e+02,7.0000000000e+00,1.1840162277e+00
3.7300000000e+02,1.9300000000e+02,8.0000000000e+00,1.2688046694e+00
3.7300000000e+02,1.9300000000e+02,9.0000000000e+00,1.3482309580e+00
3.7300000000e+02,1.9300000000e+02,1.0000000000e+01,1.4225091934e+00
3.7300000000e+02,1.9300000000e+02,1.1000000000e+01,1.4920605421e+00
3.7300000000e+02,1.9300000000e+02,1.2000000000e+01,1.5573675632e+00
3.7300000000e+02,1.9300000000e+02,1.3000000000e+01,1.6189095974e+00
3.7300000000e+02,1.9300000000e+02,1.4000000000e+01,1.6771327257e+00
3.7300000000e+02,1.9300000000e+02,1.5000000000e+01,1.7324397564e+00
3.7300000000e+02,1.9300000000e+02,1.6000000000e+01,1.7851873636e+00
3.7300000000e+02,1.9300000000e+02,1.7000000000e+01,1.8356883526e+00
3.7300000000e+02,1.9300000000e+02,1.8000000000e+01,1.8842149973e+00
3.7300000000e+02,1.9300000000e+02,1.9000000000e+01,1.9310030937e+00
3.7300000000e+02,1.9300000000e+02,2.0000000000e+01,1.9762578011e+00
3.7300000000e+02,1.9300000000e+02,2.1000000000e+01,2.0201547146e+00
3.7300000000e+02,1.9300000000e+02,2.2000000000e+01,2.0628473759e+00
3.7300000000e+02,1.9300000000e+02,2.3000000000e+01,2.1044678688e+00
3.7300000000e+02,1.9300000000e+02,2.4000000000e+01,2.1451306343e+00
3.7300000000e+02,1.9300000000e+02,2.5000000000e+01,2.1849350929e+00
3.7300000000e+02,1.9300000000e+02,2.6000000000e+01,2.2239668369e+00
3.7300000000e+02,1.9300000000e+02,2.7000000000e+01,2.2623009682e+00
3.7300000000e+02,1.9300000000e+02,2.8000000000e+01,2.3000028133e+00
3.7300000000e+02,1.9300000000e+02,2.9000000000e+01,2.3371293545e+00
3.7300000000e+02,1.9300000000e+02,3.0000000000e+01,2.3737301826e+00
3.7300000000e+02,1.9300000000e+02,3.1000000000e+01,2.4098491669e+00
3.7300000000e+02,2.6800000000e+02,0.0000000000e+00,1.9862277508e+00
3.7300000000e+02,2.6800000000e+02,1.0000000000e+00,1.0315979719e+00
3.7300000000e+02,2.6800000000e+02,2.0000000000e+00,8.8135349751e-01
3.7300000000e+02,2.6800000000e+02,3.0000000000e+00,9.1160964966e-01
3.7300000000e+02,2.6800000000e+02,4.0000000000e+00,9.7156298161e-01
3.7300000000e+02,2.6800000000e+02,5.0000000000e+00,1.0323308706e+00
3.7300000000e+02,2.6800000000e+02,6.0000000000e+00,1.0870139599e+00
3.7300000000e+02,2.6800000000e+02,7.0000000000e+00,1.1342015266e+00
3.7300000000e+02,2.6800000000e+02,8.0000000000e+00,1.1743021011e+00
3.7300000000e+02,2.6800000000e+02,9.0000000000e+00,1.2081633806e+00
3.7300000000e+02,2.6800000000e+02,1.0000000000e+01,1.2367333174e+00
3.7300000000e+02,2.6800000000e+02,1.1000000000e+01,1.2608621120e+00
3.7300000000e+02,2.6800000000e+02,1.2000000000e+01,1.2813036442e+00
3.7300000000e+02,2.6800000000e+02,1.3000000000e+01,1.2986801863e+00
3.7300000000e+02,2.6800000000e+02,1.4000000000e+01,1.3135209084e+00
3.7300000000e+02,2.6800000000e+02,1.5000000000e+01,1.3262536526e+00
3.7300000000e+02,2.6800000000e+02,1.6000000000e+01,1.3372393847e+00
3.7300000000e+02,2.6800000000e+02,1.7000000000e+01,1.3467690945e+00
3.7300000000e+02,2.6800000000e+02,1.8000000000e+01,1.3550879955e+00
3.7300000000e+02,2.6800000000e+02,1.9000000000e+01,1.3623938560e+00
3.7300000000e+02,2.6800000000e+02,2.0000000000e+01,1.3688545227e+00
3.7300000000e+02,2.6800000000e+02,2.1000000000e+01,1.3746057749e+00
3.7300000000e+02,2.6800000000e+02,2.2000000000e+01,1.3797622919e+00
3.7300000000e+02,2.6800000000e+02,2.3000000000e+01,1.3844183683e+00
3.7300000000e+02,2.6800000000e+02,2.4000000000e+01,1.3886537552e+00
3.7300000000e+02,2.6800000000e+02,2.5000000000e+01,1.3925333023e+00
3.7300000000e+02,2.6800000000e+02,2.6000000000e+01,1.3961133957e+00
3.7300000000e+02,2.6800000000e+02,2.7000000000e+01,1.3994395733e+00
3.7300000000e+02,2.6800000000e+02,2.8000000000e+01,1.4025511742e+00
3.7300000000e+02,2.6800000000e+02,2.9000000000e+01,1.4054807425e+00
3.7300000000e+02,2.6800000000e+02,3.0000000000e+01,1.4082561731e+00
3.7300000000e+02,2.6800000000e+02,3.1000000000e+01,1.4109005928e+00
3.7300000000e+02,3.7300000000e+02,0.0000000000e+00,2.0017886162e+00
3.7300000000e+02,3.7300000000e+02,1.0000000000e+00,7.6500427723e-01
3.7300000000e+02,3.7300000000e+02,2.0000000000e+00,5.2427691221e-01
3.7300000000e+02,3.7300000000e+02,3.0000000000e+00,5.0498914719e-01
3.7300000000e+02,3.7300000000e+02,4.0000000000e+00,5.2373856306e-01
3.7300000000e+02,3.7300000000e+02,5.0000000000e+00,5.4805755615e-01
3.7300000000e+02,3.7300000000e+02,6.0000000000e+00,5.7013511658e-01
3.7300000000e+02,3.7300000000e+02,7.0000000000e+00,5.8848398924e-01
3.7300000000e+02,3.7300000000e+02,8.0000000000e+00,6.0328662395e-01
3.7300000000e+02,3.7300000000e+02,9.0000000000e+00,6.1512964964e-01
3.7300000000e+02,3.7300000000e+02,1.0000000000e+01,6.2461149693e-01
3.7300000000e+02,3.7300000000e+02,1.1000000000e+01,6.3224130869e-01
3.7300000000e+02,3.7300000000e+02,1.2000000000e+01,6.3842463493e-01
3.7300000000e+02,3.7300000000e+02,1.3000000000e+01,6.4347666502e-01
3.7300000000e+02,3.7300000000e+02,1.4000000000e+01,6.4763933420e-01
3.7300000000e+02,3.7300000000e+02,1.5000000000e+01,6.5109890699e-01
3.7300000000e+02,3.7300000000e+02,1.6000000000e+01,6.5399837494e-01
3.7300000000e+02,3.7300000000e+02,1.7000000000e+01,6.5644878149e-01
3.7300000000e+02,3.7300000000e+02,1.8000000000e+01,6.5853655338e-01
3.7300000000e+02,3.7300000000e+02,1.9000000000e+01,6.6032922268e-01
3.7300000000e+02,3.7300000000e+02,2.0000000000e+01,6.6188073158e-01
3.7300000000e+02,3.7300000000e+02,2.1000000000e+01,6.6323345900e-01
3.7300000000e+02,3.7300000000e+02,2.2000000000e+01,6.6442203522e-01
3.7300000000e+02,3.7300000000e+02,2.3000000000e+01,6.6547381878e-01
3.7300000000e+02,3.7300000000e+02,2.4000000000e+01,6.6641163826e-01
3.7300000000e+02,3.7300000000e+02,2.5000000000e+01,6.6725361347e-01
3.7300000000e+02,3.7300000000e+02,2.6000000000e+01,6.6801524162e-01
3.7300000000e+02,3.7300000000e+02,2.7000000000e+01,6.6870874166e-01
3.7300000000e+02,3.7300000000e+02,2.8000000000e+01,6.6934484243e-01
3.7300000000e+02,3.7300000000e+02,2.9000000000e+01,6.6993212700e-01
3.7300000000e+02,3.7300000000e+02,3.0000000000e+01,6.7047786713e-01
3.7300000000e+02,3.7300000000e+02,3.1000000000e+01,6.7098832130e-01
3.7300000000e+02,5.1800000000e+02,0.0000000000e+00,1.9931035042e+00
3.7300000000e+02,5.1800000000e+02,1.0000000000e+00,6.5280783176e-01
3.7300000000e+02,5.1800000000e+02,2.0000000000e+00,4.1278937459e-01
3.7300000000e+02,5.1800000000e+02,3.0000000000e+00,3.9332830906e-01
3.7300000000e+02,5.1800000000e+02,4.0000000000e+00,4.0781399608e-01
3.7300000000e+02,5.1800000000e+02,5.0000000000e+00,4.2552879453e-01
3.7300000000e+02,5.1800000000e+02,6.0000000000e+00,4.4045957923e-01
3.7300000000e+02,5.1800000000e+02,7.0000000000e+00,4.5194512606e-01
3.7300000000e+02,5.1800000000e+02,8.0000000000e+00,4.6052947640e-01
3.7300000000e+02,5.1800000000e+02,9.0000000000e+00,4.6689742804e-01
3.7300000000e+02,5.1800000000e+02,1.0000000000e+01,4.7162964940e-01
3.7300000000e+02,5.1800000000e+02,1.1000000000e+01,4.7516870499e-01
3.7300000000e+02,5.1800000000e+02,1.2000000000e+01,4.7783929110e-01
3.7300000000e+02,5.1800000000e+02,1.3000000000e+01,4.7987645864e-01
3.7300000000e+02,5.1800000000e+02,1.4000000000e+01,4.8144966364e-01
3.7300000000e+02,5.1800000000e+02,1.5000000000e+01,4.8268145323e-01
3.7300000000e+02,5.1800000000e+02,1.6000000000e+01,4.8366063833e-01
3.7300000000e+02,5.1800000000e+02,1.7000000000e+01,4.8445188999e-01
3.7300000000e+02,5.1800000000e+02,1.8000000000e+01,4.8510280252e-01
3.7300000000e+02,5.1800000000e+02,1.9000000000e+01,4.8564836383e-01
3.7300000000e+02,5.1800000000e+02,2.0000000000e+01,4.8611453176e-01
3.7300000000e+02,5.1800000000e+02,2.1000000000e+01,4.8652064800e-01
3.7300000000e+02,5.1800000000e+02,2.2000000000e+01,4.8688119650e-01
3.7300000000e+02,5.1800000000e+02,2.3000000000e+01,4.8720702529e-01
3.7300000000e+02,5.1800000000e+02,2.4000000000e+01,4.8750635982e-01
3.7300000000e+02,5.1800000000e+02,2.5000000000e+01,4.8778548837e-01
3.7300000000e+02,5.1800000000e+02,2.6000000000e+01,4.8804920912e-01
3.7300000000e+02,5.1800000000e+02,2.7000000000e+01,4.8830097914e-01
3.7300000000e+02,5.1800000000e+02,2.8000000000e+01,4.8854368925e-01
3.7300000000e+02,5.1800000000e+02,2.9000000000e+01,4.8877951503e-01
3.7300000000e+02,5.1800000000e+02,3.0000000000e+01,4.8900997639e-01
3.7300000000e+02,5.1800000000e+02,3.1000000000e+01,4.8923644423e-01
3.7300000000e+02,7.2000000000e+02,0.0000000000e+00,1.9937222004e+00
3.7300000000e+02,7.2000000000e+02,1.0000000000e+00,5.8942168951e-01
3.7300000000e+02,7.2000000000e+02,2.0000000000e+00,3.8273364305e-01
3.7300000000e+02,7.2000000000e+02,3.0000000000e+00,3.7616485357e-01
3.7300000000e+02,7.2000000000e+02,4.0000000000e+00,3.9194417000e-01
3.7300000000e+02,7.2000000000e+02,5.0000000000e+00,4.0622264147e-01
3.7300000000e+02,7.2000000000e+02,6.0000000000e+00,4.1635492444e-01
3.7300000000e+02,7.2000000000e+02,7.0000000000e+00,4.2309027910e-01
3.7300000000e+02,7.2000000000e+02,8.0000000000e+00,4.2748206854e-01
3.7300000000e+02,7.2000000000e+02,9.0000000000e+00,4.3033993244e-01
3.7300000000e+02,7.2000000000e+02,1.0000000000e+01,4.3221241236e-01
3.7300000000e+02,7.2000000000e+02,1.1000000000e+01,4.3345519900e-01
3.7300000000e+02,7.2000000000e+02,1.2000000000e+01,4.3429529667e-01
3.7300000000e+02,7.2000000000e+02,1.3000000000e+01,4.3487697840e-01
3.7300000000e+02,7.2000000000e+02,1.4000000000e+01,4.3529200554e-01
3.7300000000e+02,7.2000000000e+02,1.5000000000e+01,4.3559888005e-01
3.7300000000e+02,7.2000000000e+02,1.6000000000e+01,4.3583500385e-01
3.7300000000e+02,7.2000000000e+02,1.7000000000e+01,4.3602478504e-01
3.7300000000e+02,7.2000000000e+02,1.8000000000e+01,4.3618381023e-01
3.7300000000e+02,7.2000000000e+02,1.9000000000e+01,4.3632248044e-01
3.7300000000e+02,7.2000000000e+02,2.0000000000e+01,4.3644741178e-01
3.7300000000e+02,7.2000000000e+02,2.1000000000e+01,4.3656325340e-01
3.7300000000e+02,7.2000000000e+02,2.2000000000e+01,4.3667286634e-01
3.7300000000e+02,7.2000000000e+02,2.3000000000e+01,4.3677836657e-01
3.7300000000e+02,7.2000000000e+02,2.4000000000e+01,4.3688103557e-01
3.7300000000e+02,7.2000000000e+02,2.5000000000e+01,4.3698179722e-01
3.7300000000e+02,7.2000000000e+02,2.6000000000e+01,4.3708130717e-01
3.7300000000e+02,7.2000000000e+02,2.7000000000e+01,4.3717995286e-01
3.7300000000e+02,7.2000000000e+02,2.8000000000e+01,4.3727806211e-01
3.7300000000e+02,7.2000000000e+02,2.9000000000e+01,4.3737581372e-01
3.7300000000e+02,7.2000000000e+02,3.0000000000e+01,4.3747341633e-01
3.7300000000e+02,7.2000000000e+02,3.1000000000e+01,4.3757092953e-01
3.7300000000e+02,1.0000000000e+03,0.0000000000e+00,1.9936422110e+00
3.7300000000e+02,1.0000000000e+03,1.0000000000e+00,6.0566735268e-01
3.7300000000e+02,1.0000000000e+03,2.0000000000e+00,4.3730217218e-01
3.7300000000e+02,1.0000000000e+03,3.0000000000e+00,4.4085618854e-01
3.7300000000e+02,1.0000000000e+03,4.0000000000e+00,4.5751294494e-01
3.7300000000e+02,1.0000000000e+03,5.0000000000e+00,4.7005403042e-01
3.7300000000e+02,1.0000000000e+03,6.0000000000e+00,4.7806069255e-01
3.7300000000e+02,1.0000000000e+03,7.0000000000e+00,4.8294439912e-01
3.7300000000e+02,1.0000000000e+03,8.0000000000e+00,4.8588740826e-01
3.7300000000e+02,1.0000000000e+03,9.0000000000e+00,4.8766216636e-01
3.7300000000e+02,1.0000000000e+03,1.0000000000e+01,4.8874089122e-01
3.7300000000e+02,1.0000000000e+03,1.1000000000e+01,4.8940554261e-01
3.7300000000e+02,1.0000000000e+03,1.2000000000e+01,4.8982340097e-01
3.7300000000e+02,1.0000000000e+03,1.3000000000e+01,4.9009361863e-01
3.7300000000e+02,1.0000000000e+03,1.4000000000e+01,4.9027520418e-01
3.7300000000e+02,1.0000000000e+03,1.5000000000e+01,4.9040323496e-01
3.7300000000e+02,1.0000000000e+03,1.6000000000e+01,4.9049884081e-01
3.7300000000e+02,1.0000000000e+03,1.7000000000e+01,4.9057471752e-01
3.7300000000e+02,1.0000000000e+03,1.8000000000e+01,4.9063849449e-01
3.7300000000e+02,1.0000000000e+03,1.9000000000e+01,4.9069488049e-01
3.7300000000e+02,1.0000000000e+03,2.0000000000e+01,4.9074667692e-01
3.7300000000e+02,1.0000000000e+03,2.1000000000e+01,4.9079573154e-01
3.7300000000e+02,1.0000000000e+03,2.2000000000e+01,4.9084302783e-01
3.7300000000e+02,1.0000000000e+03,2.3000000000e+01,4.9088919163e-01
3.7300000000e+02,1.0000000000e+03,2.4000000000e+01,4.9093481898e-01
3.7300000000e+02,1.0000000000e+03,2.5000000000e+01,4.9097993970e-01
3.7300000000e+02,1.0000000000e+03,2.6000000000e+01,4.9102491140e-01
3.7300000000e+02,1.0000000000e+03,2.7000000000e+01,4.9106967449e-01
3.7300000000e+02,1.0000000000e+03,2.8000000000e+01,4.9111443758e-01
3.7300000000e+02,1.0000000000e+03,2.9000000000e+01,4.9115911126e-01
3.7300000000e+02,1.0000000000e+03,3.0000000000e+01,4.9120384455e-01
3.7300000000e+02,1.0000000000e+03,3.1000000000e+01,4.9124857783e-01
5.1800000000e+02,1.0000000000e+01,0.0000000000e+00,1.9956355095e+00
5.1800000000e+02,1.0000000000e+01,1.0000000000e+00,1.9780969620e+00
5.1800000000e+02,1.0000000000e+01,2.0000000000e+00,2.1531286240e+00
5.1800000000e+02,1.0000000000e+01,3.0000000000e+00,2.4011285305e+00
5.1800000000e+02,1.0000000000e+01,4.0000000000e+00,2.6521325111e+00
5.1800000000e+02,1.0000000000e+01,5.0000000000e+00,2.8904991150e+00
5.1800000000e+02,1.0000000000e+01,6.0000000000e+00,3.1160697937e+00
5.1800000000e+02,1.0000000000e+01,7.0000000000e+00,3.3326959610e+00
5.1800000000e+02,1.0000000000e+01,8.0000000000e+00,3.5445110798e+00
5.1800000000e+02,1.0000000000e+01,9.0000000000e+00,3.7550220490e+00
5.1800000000e+02,1.0000000000e+01,1.0000000000e+01,3.9670214653e+00
5.1800000000e+02,1.0000000000e+01,1.1000000000e+01,4.1826920509e+00
5.1800000000e+02,1.0000000000e+01,1.2000000000e+01,4.4037437439e+00
5.1800000000e+02,1.0000000000e+01,1.3000000000e+01,4.6315240860e+00
5.1800000000e+02,1.0000000000e+01,1.4000000000e+01,4.8671040535e+00
5.1800000000e+02,1.0000000000e+01,1.5000000000e+01,5.1113476753e+00
5.1800000000e+02,1.0000000000e+01,1.6000000000e+01,5.3649539948e+00
5.1800000000e+02,1.0000000000e+01,1.7000000000e+01,5.6284985542e+00
5.1800000000e+02,1.0000000000e+01,1.8000000000e+01,5.9024558067e+00
5.1800000000e+02,1.0000000000e+01,1.9000000000e+01,6.1872234344e+00
5.1800000000e+02,1.0000000000e+01,2.0000000000e+01,6.4831342697e+00
5.1800000000e+02,1.0000000000e+01,2.1000000000e+01,6.7904710770e+00
5.1800000000e+02,1.0000000000e+01,2.2000000000e+01,7.1094727516e+00
5.1800000000e+02,1.0000000000e+01,2.3000000000e+01,7.4403467178e+00
5.1800000000e+02,1.0000000000e+01,2.4000000000e+01,7.7832689285e+00
5.1800000000e+02,1.0000000000e+01,2.5000000000e+01,8.1383914948e+00
5.1800000000e+02,1.0000000000e+01,2.6000000000e+01,8.5058469772e+00
5.1800000000e+02,1.0000000000e+01,2.7000000000e+01,8.8857507706e+00
5.1800000000e+02,1.0000000000e+01,2.8000000000e+01,9.2782039642e+00
5.1800000000e+02,1.0000000000e+01,2.9000000000e+01,9.6832923889e+00
5.1800000000e+02,1.0000000000e+01,3.0000000000e+01,1.0101096153e+01
5.1800000000e+02,1.0000000000e+01,3.1000000000e+01,1.0531681061e+01
5.1800000000e+02,1.4000000000e+01,0.0000000000e+00,1.9997690916e+00
5.1800000000e+02,1.4000000000e+01,1.0000000000e+00,1.9558742046e+00
5.1800000000e+02,1.4000000000e+01,2.0000000000e+00,2.1556444168e+00
5.1800000000e+02,1.4000000000e+01,3.0000000000e+00,2.4610235691e+00
5.1800000000e+02,1.4000000000e+01,4.0000000000e+00,2.7874767780e+00
5.1800000000e+02,1.4000000000e+01,5.0000000000e+00,3.1048626900e+00
5.1800000000e+02,1.4000000000e+01,6.0000000000e+00,3.4038193226e+00
5.1800000000e+02,1.4000000000e+01,7.0000000000e+00,3.6844453812e+00
5.1800000000e+02,1.4000000000e+01,8.0000000000e+00,3.9497692585e+00
5.1800000000e+02,1.4000000000e+01,9.0000000000e+00,4.2034139633e+00
5.1800000000e+02,1.4000000000e+01,1.0000000000e+01,4.4487504959e+00
5.1800000000e+02,1.4000000000e+01,1.1000000000e+01,4.6886696815e+00
5.1800000000e+02,1.4000000000e+01,1.2000000000e+01,4.9255743027e+00
5.1800000000e+02,1.4000000000e+01,1.3000000000e+01,5.1614427567e+00
5.1800000000e+02,1.4000000000e+01,1.4000000000e+01,5.3979010582e+00
5.1800000000e+02,1.4000000000e+01,1.5000000000e+01,5.6362891197e+00
5.1800000000e+02,1.4000000000e+01,1.6000000000e+01,5.8777184486e+00
5.1800000000e+02,1.4000000000e+01,1.7000000000e+01,6.1231145859e+00
5.1800000000e+02,1.4000000000e+01,1.8000000000e+01,6.3732528687e+00
5.1800000000e+02,1.4000000000e+01,1.9000000000e+01,6.6287932396e+00
5.1800000000e+02,1.4000000000e+01,2.0000000000e+01,6.8902921677e+00
5.1800000000e+02,1.4000000000e+01,2.1000000000e+01,7.1582283974e+00
5.1800000000e+02,1.4000000000e+01,2.2000000000e+01,7.4330124855e+00
5.1800000000e+02,1.4000000000e+01,2.3000000000e+01,7.7150011063e+00
5.1800000000e+02,1.4000000000e+01,2.4000000000e+01,8.0045003891e+00
5.1800000000e+02,1.4000000000e+01,2.5000000000e+01,8.3017835617e+00
5.1800000000e+02,1.4000000000e+01,2.6000000000e+01,8.6070842743e+00
5.1800000000e+02,1.4000000000e+01,2.7000000000e+01,8.9206104279e+00
5.1800000000e+02,1.4000000000e+01,2.8000000000e+01,9.2425470352e+00
5.1800000000e+02,1.4000000000e+01,2.9000000000e+01,9.5730571747e+00
5.1800000000e+02,1.4000000000e+01,3.0000000000e+01,9.9122838974e+00
5.1800000000e+02,1.4000000000e+01,3.1000000000e+01,1.0260357857e+01
5.1800000000e+02,1.9000000000e+01,0.0000000000e+00,2.0076344013e+00
5.1800000000e+02,1.9000000000e+01,1.0000000000e+00,1.8756978512e+00
5.1800000000e+02,1.9000000000e+01,2.0000000000e+00,2.0221495628e+00
5.1800000000e+02,1.9000000000e+01,3.0000000000e+00,2.3240835667e+00
5.1800000000e+02,1.9000000000e+01,4.0000000000e+00,2.6863706112e+00
5.1800000000e+02,1.9000000000e+01,5.0000000000e+00,3.0677196980e+00
5.1800000000e+02,1.9000000000e+01,6.0000000000e+00,3.4468154907e+00
5.1800000000e+02,1.9000000000e+01,7.0000000000e+00,3.8149824142e+00
5.1800000000e+02,1.9000000000e+01,8.0000000000e+00,4.1697249413e+00
5.1800000000e+02,1.9000000000e+01,9.0000000000e+00,4.5115833282e+00
5.1800000000e+02,1.9000000000e+01,1.0000000000e+01,4.8423619270e+00
5.1800000000e+02,1.9000000000e+01,1.1000000000e+01,5.1642770767e+00
5.1800000000e+02,1.9000000000e+01,1.2000000000e+01,5.4795532227e+00
5.1800000000e+02,1.9000000000e+01,1.3000000000e+01,5.7902555466e+00
5.1800000000e+02,1.9000000000e+01,1.4000000000e+01,6.0982279778e+00
5.1800000000e+02,1.9000000000e+01,1.5000000000e+01,6.4050922394e+00
5.1800000000e+02,1.9000000000e+01,1.6000000000e+01,6.7122554779e+00
5.1800000000e+02,1.9000000000e+01,1.7000000000e+01,7.0209374428e+00
5.1800000000e+02,1.9000000000e+01,1.8000000000e+01,7.3321952820e+00
5.1800000000e+02,1.9000000000e+01,1.9000000000e+01,7.6469464302e+00
5.1800000000e+02,1.9000000000e+01,2.0000000000e+01,7.9659862518e+00
5.1800000000e+02,1.9000000000e+01,2.1000000000e+01,8.2900085449e+00
5.1800000000e+02,1.9000000000e+01,2.2000000000e+01,8.6196193695e+00
5.1800000000e+02,1.9000000000e+01,2.3000000000e+01,8.9553508759e+00
5.1800000000e+02,1.9000000000e+01,2.4000000000e+01,9.2976694107e+00
5.1800000000e+02,1.9000000000e+01,2.5000000000e+01,9.6469926834e+00
5.1800000000e+02,1.9000000000e+01,2.6000000000e+01,1.0003684044e+01
5.1800000000e+02,1.9000000000e+01,2.7000000000e+01,1.0368066788e+01
5.1800000000e+02,1.9000000000e+01,2.8000000000e+01,1.0740432739e+01
5.1800000000e+02,1.9000000000e+01,2.9000000000e+01,1.1121039391e+01
5.1800000000e+02,1.9000000000e+01,3.0000000000e+01,1.1510119438e+01
5.1800000000e+02,1.9000000000e+01,3.1000000000e+01,1.1907877922e+01
5.1800000000e+02,2.7000000000e+01,0.0000000000e+00,1.9897848368e+00
5.1800000000e+02,2.7000000000e+01,1.0000000000e+00,1.8461326361e+00
5.1800000000e+02,2.7000000000e+01,2.0000000000e+00,2.0355939865e+00
5.1800000000e+02,2.7000000000e+01,3.0000000000e+00,2.3932476044e+00
5.1800000000e+02,2.7000000000e+01,4.0000000000e+00,2.8336751461e+00
5.1800000000e+02,2.7000000000e+01,5.0000000000e+00,3.3177175522e+00
5.1800000000e+02,2.7000000000e+01,6.0000000000e+00,3.8194508553e+00
5.1800000000e+02,2.7000000000e+01,7.0000000000e+00,4.3243927956e+00
5.1800000000e+02,2.7000000000e+01,8.0000000000e+00,4.8246583939e+00
5.1800000000e+02,2.7000000000e+01,9.0000000000e+00,5.3168201447e+00
5.1800000000e+02,2.7000000000e+01,1.0000000000e+01,5.8000154495e+00
5.1800000000e+02,2.7000000000e+01,1.1000000000e+01,6.2748074532e+00
5.1800000000e+02,2.7000000000e+01,1.2000000000e+01,6.7424883842e+00
5.1800000000e+02,2.7000000000e+01,1.3000000000e+01,7.2046666145e+00
5.1800000000e+02,2.7000000000e+01,1.4000000000e+01,7.6630401611e+00
5.1800000000e+02,2.7000000000e+01,1.5000000000e+01,8.1192731857e+00
5.1800000000e+02,2.7000000000e+01,1.6000000000e+01,8.5749320984e+00
5.1800000000e+02,2.7000000000e+01,1.7000000000e+01,9.0314579010e+00
5.1800000000e+02,2.7000000000e+01,1.8000000000e+01,9.4901647568e+00
5.1800000000e+02,2.7000000000e+01,1.9000000000e+01,9.9522314072e+00
5.1800000000e+02,2.7000000000e+01,2.0000000000e+01,1.0418720245e+01
5.1800000000e+02,2.7000000000e+01,2.1000000000e+01,1.0890581131e+01
5.1800000000e+02,2.7000000000e+01,2.2000000000e+01,1.1368664742e+01
5.1800000000e+02,2.7000000000e+01,2.3000000000e+01,1.1853733063e+01
5.1800000000e+02,2.7000000000e+01,2.4000000000e+01,1.2346465111e+01
5.1800000000e+02,2.7000000000e+01,2.5000000000e+01,1.2847475052e+01
5.1800000000e+02,2.7000000000e+01,2.6000000000e+01,1.3357310295e+01
5.1800000000e+02,2.7000000000e+01,2.7000000000e+01,1.3876462936e+01
5.1800000000e+02,2.7000000000e+01,2.8000000000e+01,1.4405380249e+01
5.1800000000e+02,2.7000000000e+01,2.9000000000e+01,1.4944460869e+01
5.1800000000e+02,2.7000000000e+01,3.0000000000e+01,1.5494066238e+01
5.1800000000e+02,2.7000000000e+01,3.1000000000e+01,1.6054527283e+01
5.1800000000e+02,3.7000000000e+01,0.0000000000e+00,1.9943166971e+00
5.1800000000e+02,3.7000000000e+01,1.0000000000e+00,1.6686648130e+00
5.1800000000e+02,3.7000000000e+01,2.0000000000e+00,1.7610981464e+00
5.1800000000e+02,3.7000000000e+01,3.0000000000e+00,2.0743746758e+00
5.1800000000e+02,3.7000000000e+01,4.0000000000e+00,2.5003397465e+00
5.1800000000e+02,3.7000000000e+01,5.0000000000e+00,2.9977769852e+00
5.1800000000e+02,3.7000000000e+01,6.0000000000e+00,3.5394747257e+00
5.1800000000e+02,3.7000000000e+01,7.0000000000e+00,4.1078586578e+00
5.1800000000e+02,3.7000000000e+01,8.0000000000e+00,4.6905050278e+00
5.1800000000e+02,3.7000000000e+01,9.0000000000e+00,5.2792634964e+00
5.1800000000e+02,3.7000000000e+01,1.0000000000e+01,5.8688387871e+00
5.1800000000e+02,3.7000000000e+01,1.1000000000e+01,6.4560794830e+00
5.1800000000e+02,3.7000000000e+01,1.2000000000e+01,7.0392861366e+00
5.1800000000e+02,3.7000000000e+01,1.3000000000e+01,7.6177601814e+00
5.1800000000e+02,3.7000000000e+01,1.4000000000e+01,8.1914663315e+00
5.1800000000e+02,3.7000000000e+01,1.5000000000e+01,8.7607946396e+00
5.1800000000e+02,3.7000000000e+01,1.6000000000e+01,9.3264017105e+00
5.1800000000e+02,3.7000000000e+01,1.7000000000e+01,9.8890962601e+00
5.1800000000e+02,3.7000000000e+01,1.8000000000e+01,1.0449761391e+01
5.1800000000e+02,3.7000000000e+01,1.9000000000e+01,1.1009312630e+01
5.1800000000e+02,3.7000000000e+01,2.0000000000e+01,1.1568656921e+01
5.1800000000e+02,3.7000000000e+01,2.1000000000e+01,1.2128677368e+01
5.1800000000e+02,3.7000000000e+01,2.2000000000e+01,1.2690219879e+01
5.1800000000e+02,3.7000000000e+01,2.3000000000e+01,1.3254083633e+01
5.1800000000e+02,3.7000000000e+01,2.4000000000e+01,1.3821022034e+01
5.1800000000e+02,3.7000000000e+01,2.5000000000e+01,1.4391738892e+01
5.1800000000e+02,3.7000000000e+01,2.6000000000e+01,1.4966887474e+01
5.1800000000e+02,3.7000000000e+01,2.7000000000e+01,1.5547075272e+01
5.1800000000e+02,3.7000000000e+01,2.8000000000e+01,1.6132869720e+01
5.1800000000e+02,3.7000000000e+01,2.9000000000e+01,1.6724792480e+01
5.1800000000e+02,3.7000000000e+01,3.0000000000e+01,1.7323326111e+01
5.1800000000e+02,3.7000000000e+01,3.1000000000e+01,1.7928918839e+01
5.1800000000e+02,5.2000000000e+01,0.0000000000e+00,2.0043528080e+00
5.1800000000e+02,5.2000000000e+01,1.0000000000e+00,1.5481549501e+00
5.1800000000e+02,5.2000000000e+01,2.0000000000e+00,1.5858476162e+00
5.1800000000e+02,5.2000000000e+01,3.0000000000e+00,1.8563139439e+00
5.1800000000e+02,5.2000000000e+01,4.0000000000e+00,2.2405569553e+00
5.1800000000e+02,5.2000000000e+01,5.0000000000e+00,2.7003200054e+00
5.1800000000e+02,5.2000000000e+01,6.0000000000e+00,3.2131206989e+00
5.1800000000e+02,5.2000000000e+01,7.0000000000e+00,3.7648029327e+00
5.1800000000e+02,5.2000000000e+01,8.0000000000e+00,4.3450694084e+00
5.1800000000e+02,5.2000000000e+01,9.0000000000e+00,4.9463038445e+00
5.1800000000e+02,5.2000000000e+01,1.0000000000e+01,5.5627717972e+00
5.1800000000e+02,5.2000000000e+01,1.1000000000e+01,6.1901698112e+00
5.1800000000e+02,5.2000000000e+01,1.2000000000e+01,6.8252930641e+00
5.1800000000e+02,5.2000000000e+01,1.3000000000e+01,7.4657983780e+00
5.1800000000e+02,5.2000000000e+01,1.4000000000e+01,8.1100091934e+00
5.1800000000e+02,5.2000000000e+01,1.5000000000e+01,8.7567682266e+00
5.1800000000e+02,5.2000000000e+01,1.6000000000e+01,9.4053182602e+00
5.1800000000e+02,5.2000000000e+01,1.7000000000e+01,1.0055210114e+01
5.1800000000e+02,5.2000000000e+01,1.8000000000e+01,1.0706230164e+01
5.1800000000e+02,5.2000000000e+01,1.9000000000e+01,1.1358340263e+01
5.1800000000e+02,5.2000000000e+01,2.0000000000e+01,1.2011632919e+01
5.1800000000e+02,5.2000000000e+01,2.1000000000e+01,1.2666297913e+01
5.1800000000e+02,5.2000000000e+01,2.2000000000e+01,1.3322600365e+01
5.1800000000e+02,5.2000000000e+01,2.3000000000e+01,1.3980849266e+01
5.1800000000e+02,5.2000000000e+01,2.4000000000e+01,1.4641386032e+01
5.1800000000e+02,5.2000000000e+01,2.5000000000e+01,1.5304577827e+01
5.1800000000e+02,5.2000000000e+01,2.6000000000e+01,1.5970802307e+01
5.1800000000e+02,5.2000000000e+01,2.7000000000e+01,1.6640436172e+01
5.1800000000e+02,5.2000000000e+01,2.8000000000e+01,1.7313863754e+01
5.1800000000e+02,5.2000000000e+01,2.9000000000e+01,1.7991455078e+01
5.1800000000e+02,5.2000000000e+01,3.0000000000e+01,1.8673578262e+01
5.1800000000e+02,5.2000000000e+01,3.1000000000e+01,1.9360597610e+01
5.1800000000e+02,7.2000000000e+01,0.0000000000e+00,1.9939624071e+00
5.1800000000e+02,7.2000000000e+01,1.0000000000e+00,1.3950077295e+00
5.1800000000e+02,7.2000000000e+01,2.0000000000e+00,1.3610427380e+00
5.1800000000e+02,7.2000000000e+01,3.0000000000e+00,1.5692332983e+00
5.1800000000e+02,7.2000000000e+01,4.0000000000e+00,1.8805267811e+00
5.1800000000e+02,7.2000000000e+01,5.0000000000e+00,2.2557854652e+00
5.1800000000e+02,7.2000000000e+01,6.0000000000e+00,2.6740736961e+00
5.1800000000e+02,7.2000000000e+01,7.0000000000e+00,3.1240363121e+00
5.1800000000e+02,7.2000000000e+01,8.0000000000e+00,3.5977373123e+00
5.1800000000e+02,7.2000000000e+01,9.0000000000e+00,4.0897855759e+00
5.1800000000e+02,7.2000000000e+01,1.0000000000e+01,4.5960340500e+00
5.1800000000e+02,7.2000000000e+01,1.1000000000e+01,5.1134328842e+00
5.1800000000e+02,7.2000000000e+01,1.2000000000e+01,5.6395077705e+00
5.1800000000e+02,7.2000000000e+01,1.3000000000e+01,6.1724033356e+00
5.1800000000e+02,7.2000000000e+01,1.4000000000e+01,6.7105655670e+00
5.1800000000e+02,7.2000000000e+01,1.5000000000e+01,7.2528390884e+00
5.1800000000e+02,7.2000000000e+01,1.6000000000e+01,7.7982349396e+00
5.1800000000e+02,7.2000000000e+01,1.7000000000e+01,8.3460407257e+00
5.1800000000e+02,7.2000000000e+01,1.8000000000e+01,8.8956403732e+00
5.1800000000e+02,7.2000000000e+01,1.9000000000e+01,9.4466056824e+00
5.1800000000e+02,7.2000000000e+01,2.0000000000e+01,9.9985704422e+00
5.1800000000e+02,7.2000000000e+01,2.1000000000e+01,1.0551301956e+01
5.1800000000e+02,7.2000000000e+01,2.2000000000e+01,1.1104598999e+01
5.1800000000e+02,7.2000000000e+01,2.3000000000e+01,1.1658361435e+01
5.1800000000e+02,7.2000000000e+01,2.4000000000e+01,1.2212505341e+01
5.1800000000e+02,7.2000000000e+01,2.5000000000e+01,1.2767011642e+01
5.1800000000e+02,7.2000000000e+01,2.6000000000e+01,1.3321878433e+01
5.1800000000e+02,7.2000000000e+01,2.7000000000e+01,1.3877142906e+01
5.1800000000e+02,7.2000000000e+01,2.8000000000e+01,1.4432857513e+01
5.1800000000e+02,7.2000000000e+01,2.9000000000e+01,1.4989098549e+01
5.1800000000e+02,7.2000000000e+01,3.0000000000e+01,1.5545950890e+01
5.1800000000e+02,7.2000000000e+01,3.1000000000e+01,1.6103515625e+01
5.1800000000e+02,1.0000000000e+02,0.0000000000e+00,2.0025122166e+00
5.1800000000e+02,1.0000000000e+02,1.0000000000e+00,1.2762467861e+00
5.1800000000e+02,1.0000000000e+02,2.0000000000e+00,1.1736003160e+00
5.1800000000e+02,1.0000000000e+02,3.0000000000e+00,1.2979019880e+00
5.1800000000e+02,1.0000000000e+02,4.0000000000e+00,1.4984852076e+00
5.1800000000e+02,1.0000000000e+02,5.0000000000e+00,1.7376092672e+00
5.1800000000e+02,1.0000000000e+02,6.0000000000e+00,1.9973514080e+00
5.1800000000e+02,1.0000000000e+02,7.0000000000e+00,2.2690513134e+00
5.1800000000e+02,1.0000000000e+02,8.0000000000e+00,2.5475976467e+00
5.1800000000e+02,1.0000000000e+02,9.0000000000e+00,2.8298850060e+00
5.1800000000e+02,1.0000000000e+02,1.0000000000e+01,3.1139523983e+00
5.1800000000e+02,1.0000000000e+02,1.1000000000e+01,3.3984346390e+00
5.1800000000e+02,1.0000000000e+02,1.2000000000e+01,3.6824760437e+00
5.1800000000e+02,1.0000000000e+02,1.3000000000e+01,3.9654130936e+00
5.1800000000e+02,1.0000000000e+02,1.4000000000e+01,4.2468638420e+00
5.1800000000e+02,1.0000000000e+02,1.5000000000e+01,4.5264930725e+00
5.1800000000e+02,1.0000000000e+02,1.6000000000e+01,4.8041462898e+00
5.1800000000e+02,1.0000000000e+02,1.7000000000e+01,5.0796561241e+00
5.1800000000e+02,1.0000000000e+02,1.8000000000e+01,5.3529882431e+00
5.1800000000e+02,1.0000000000e+02,1.9000000000e+01,5.6240668297e+00
5.1800000000e+02,1.0000000000e+02,2.0000000000e+01,5.8929181099e+00
5.1800000000e+02,1.0000000000e+02,2.1000000000e+01,6.1595220566e+00
5.1800000000e+02,1.0000000000e+02,2.2000000000e+01,6.4239401817e+00
5.1800000000e+02,1.0000000000e+02,2.3000000000e+01,6.6861824989e+00
5.1800000000e+02,1.0000000000e+02,2.4000000000e+01,6.9463243484e+00
5.1800000000e+02,1.0000000000e+02,2.5000000000e+01,7.2044010162e+00
5.1800000000e+02,1.0000000000e+02,2.6000000000e+01,7.4604926109e+00
5.1800000000e+02,1.0000000000e+02,2.7000000000e+01,7.7146458626e+00
5.1800000000e+02,1.0000000000e+02,2.8000000000e+01,7.9669437408e+00
5.1800000000e+02,1.0000000000e+02,2.9000000000e+01,8.2174396515e+00
5.1800000000e+02,1.0000000000e+02,3.0000000000e+01,8.4662151337e+00
5.1800000000e+02,1.0000000000e+02,3.1000000000e+01,8.7133283615e+00
5.1800000000e+02,1.3900000000e+02,0.0000000000e+00,2.0050725937e+00
5.1800000000e+02,1.3900000000e+02,1.0000000000e+00,1.0984247923e+00
5.1800000000e+02,1.3900000000e+02,2.0000000000e+00,9.2825055122e-01
5.1800000000e+02,1.3900000000e+02,3.0000000000e+00,9.9262672663e-01
5.1800000000e+02,1.3900000000e+02,4.0000000000e+00,1.1251168251e+00
5.1800000000e+02,1.3900000000e+02,5.0000000000e+00,1.2874033451e+00
5.1800000000e+02,1.3900000000e+02,6.0000000000e+00,1.4631414413e+00
5.1800000000e+02,1.3900000000e+02,7.0000000000e+00,1.6458623409e+00
5.1800000000e+02,1.3900000000e+02,8.0000000000e+00,1.8320801258e+00
5.1800000000e+02,1.3900000000e+02,9.0000000000e+00,2.0202827454e+00
5.1800000000e+02,1.3900000000e+02,1.0000000000e+01,2.2096524239e+00
5.1800000000e+02,1.3900000000e+02,1.1000000000e+01,2.3999361992e+00
5.1800000000e+02,1.3900000000e+02,1.2000000000e+01,2.5910563469e+00
5.1800000000e+02,1.3900000000e+02,1.3000000000e+01,2.7831304073e+00
5.1800000000e+02,1.3900000000e+02,1.4000000000e+01,2.9763040543e+00
5.1800000000e+02,1.3900000000e+02,1.5000000000e+01,3.1707990170e+00
5.1800000000e+02,1.3900000000e+02,1.6000000000e+01,3.3668169975e+00
5.1800000000e+02,1.3900000000e+02,1.7000000000e+01,3.5645949841e+00
5.1800000000e+02,1.3900000000e+02,1.8000000000e+01,3.7643346786e+00
5.1800000000e+02,1.3900000000e+02,1.9000000000e+01,3.9662563801e+00
5.1800000000e+02,1.3900000000e+02,2.0000000000e+01,4.1705427170e+00
5.1800000000e+02,1.3900000000e+02,2.1000000000e+01,4.3773884773e+00
5.1800000000e+02,1.3900000000e+02,2.2000000000e+01,4.5869536400e+00
5.1800000000e+02,1.3900000000e+02,2.3000000000e+01,4.7994050980e+00
5.1800000000e+02,1.3900000000e+02,2.4000000000e+01,5.0148792267e+00
5.1800000000e+02,1.3900000000e+02,2.5000000000e+01,5.2335195541e+00
5.1800000000e+02,1.3900000000e+02,2.6000000000e+01,5.4554400444e+00
5.1800000000e+02,1.3900000000e+02,2.7000000000e+01,5.6807613373e+00
5.1800000000e+02,1.3900000000e+02,2.8000000000e+01,5.9095830917e+00
5.1800000000e+02,1.3900000000e+02,2.9000000000e+01,6.1420040131e+00
5.1800000000e+02,1.3900000000e+02,3.0000000000e+01,6.3781080246e+00
5.1800000000e+02,1.3900000000e+02,3.1000000000e+01,6.6179790497e+00
5.1800000000e+02,1.9300000000e+02,0.0000000000e+00,1.9864864349e+00
5.1800000000e+02,1.9300000000e+02,1.0000000000e+00,9.9220114946e-01
5.1800000000e+02,1.9300000000e+02,2.0000000000e+00,7.9177004099e-01
5.1800000000e+02,1.9300000000e+02,3.0000000000e+00,8.0938446522e-01
5.1800000000e+02,1.9300000000e+02,4.0000000000e+00,8.7673240900e-01
5.1800000000e+02,1.9300000000e+02,5.0000000000e+00,9.5745021105e-01
5.1800000000e+02,1.9300000000e+02,6.0000000000e+00,1.0388659239e+00
5.1800000000e+02,1.9300000000e+02,7.0000000000e+00,1.1165964603e+00
5.1800000000e+02,1.9300000000e+02,8.0000000000e+00,1.1890417337e+00
5.1800000000e+02,1.9300000000e+02,9.0000000000e+00,1.2559055090e+00
5.1800000000e+02,1.9300000000e+02,1.0000000000e+01,1.3173671961e+00
5.1800000000e+02,1.9300000000e+02,1.1000000000e+01,1.3738485575e+00
5.1800000000e+02,1.9300000000e+02,1.2000000000e+01,1.4258205891e+00
5.1800000000e+02,1.9300000000e+02,1.3000000000e+01,1.4737763405e+00
5.1800000000e+02,1.9300000000e+02,1.4000000000e+01,1.5181688070e+00
5.1800000000e+02,1.9300000000e+02,1.5000000000e+01,1.5594255924e+00
5.1800000000e+02,1.9300000000e+02,1.6000000000e+01,1.5979226828e+00
5.1800000000e+02,1.9300000000e+02,1.7000000000e+01,1.6340035200e+00
5.1800000000e+02,1.9300000000e+02,1.8000000000e+01,1.6679662466e+00
5.1800000000e+02,1.9300000000e+02,1.9000000000e+01,1.7000794411e+00
5.1800000000e+02,1.9300000000e+02,2.0000000000e+01,1.7305765152e+00
5.1800000000e+02,1.9300000000e+02,2.1000000000e+01,1.7596659660e+00
5.1800000000e+02,1.9300000000e+02,2.2000000000e+01,1.7875282764e+00
5.1800000000e+02,1.9300000000e+02,2.3000000000e+01,1.8143262863e+00
5.1800000000e+02,1.9300000000e+02,2.4000000000e+01,1.8401999474e+00
5.1800000000e+02,1.9300000000e+02,2.5000000000e+01,1.8652750254e+00
5.1800000000e+02,1.9300000000e+02,2.6000000000e+01,1.8896613121e+00
5.1800000000e+02,1.9300000000e+02,2.7000000000e+01,1.9134564400e+00
5.1800000000e+02,1.9300000000e+02,2.8000000000e+01,1.9367461205e+00
5.1800000000e+02,1.9300000000e+02,2.9000000000e+01,1.9596064091e+00
5.1800000000e+02,1.9300000000e+02,3.0000000000e+01,1.9821044207e+00
5.1800000000e+02,1.9300000000e+02,3.1000000000e+01,2.0043001175e+00
5.1800000000e+02,2.6800000000e+02,0.0000000000e+00,1.9976433516e+00
5.1800000000e+02,2.6800000000e+02,1.0000000000e+00,8.1789869070e-01
5.1800000000e+02,2.6800000000e+02,2.0000000000e+00,5.6234371662e-01
5.1800000000e+02,2.6800000000e+02,3.0000000000e+00,5.3647840023e-01
5.1800000000e+02,2.6800000000e+02,4.0000000000e+00,5.5883669853e-01
5.1800000000e+02,2.6800000000e+02,5.0000000000e+00,5.9222018719e-01
5.1800000000e+02,2.6800000000e+02,6.0000000000e+00,6.2561565638e-01
5.1800000000e+02,2.6800000000e+02,7.0000000000e+00,6.5575087070e-01
5.1800000000e+02,2.6800000000e+02,8.0000000000e+00,6.8191885948e-01
5.1800000000e+02,2.6800000000e+02,9.0000000000e+00,7.0430445671e-01
5.1800000000e+02,2.6800000000e+02,1.0000000000e+01,7.2336977720e-01
5.1800000000e+02,2.6800000000e+02,1.1000000000e+01,7.3962259293e-01
5.1800000000e+02,2.6800000000e+02,1.2000000000e+01,7.5353169441e-01
5.1800000000e+02,2.6800000000e+02,1.3000000000e+01,7.6550120115e-01
5.1800000000e+02,2.6800000000e+02,1.4000000000e+01,7.7586853504e-01
5.1800000000e+02,2.6800000000e+02,1.5000000000e+01,7.8491055965e-01
5.1800000000e+02,2.6800000000e+02,1.6000000000e+01,7.9285275936e-01
5.1800000000e+02,2.6800000000e+02,1.7000000000e+01,7.9987812042e-01
5.1800000000e+02,2.6800000000e+02,1.8000000000e+01,8.0613499880e-01
5.1800000000e+02,2.6800000000e+02,1.9000000000e+01,8.1174385548e-01
5.1800000000e+02,2.6800000000e+02,2.0000000000e+01,8.1680285931e-01
5.1800000000e+02,2.6800000000e+02,2.1000000000e+01,8.2139211893e-01
5.1800000000e+02,2.6800000000e+02,2.2000000000e+01,8.2557749748e-01
5.1800000000e+02,2.6800000000e+02,2.3000000000e+01,8.2941335440e-01
5.1800000000e+02,2.6800000000e+02,2.4000000000e+01,8.3294481039e-01
5.1800000000e+02,2.6800000000e+02,2.5000000000e+01,8.3620929718e-01
5.1800000000e+02,2.6800000000e+02,2.6000000000e+01,8.3923840523e-01
5.1800000000e+02,2.6800000000e+02,2.7000000000e+01,8.4205889702e-01
5.1800000000e+02,2.6800000000e+02,2.8000000000e+01,8.4469360113e-01
5.1800000000e+02,2.6800000000e+02,2.9000000000e+01,8.4716165066e-01
5.1800000000e+02,2.6800000000e+02,3.0000000000e+01,8.4947991371e-01
5.1800000000e+02,2.6800000000e+02,3.1000000000e+01,8.5166275501e-01
5.1800000000e+02,3.7300000000e+02,0.0000000000e+00,1.9936932325e+00
5.1800000000e+02,3.7300000000e+02,1.0000000000e+00,7.2626525164e-01
5.1800000000e+02,3.7300000000e+02,2.0000000000e+00,4.7497311234e-01
5.1800000000e+02,3.7300000000e+02,3.0000000000e+00,4.5038300753e-01
5.1800000000e+02,3.7300000000e+02,4.0000000000e+00,4.6741622686e-01
5.1800000000e+02,3.7300000000e+02,5.0000000000e+00,4.9186623096e-01
5.1800000000e+02,3.7300000000e+02,6.0000000000e+00,5.1521098614e-01
5.1800000000e+02,3.7300000000e+02,7.0000000000e+00,5.3557109833e-01
5.1800000000e+02,3.7300000000e+02,8.0000000000e+00,5.5291104317e-01
5.1800000000e+02,3.7300000000e+02,9.0000000000e+00,5.6766778231e-01
5.1800000000e+02,3.7300000000e+02,1.0000000000e+01,5.8032763004e-01
5.1800000000e+02,3.7300000000e+02,1.1000000000e+01,5.9131014347e-01
5.1800000000e+02,3.7300000000e+02,1.2000000000e+01,6.0094773769e-01
5.1800000000e+02,3.7300000000e+02,1.3000000000e+01,6.0949563980e-01
5.1800000000e+02,3.7300000000e+02,1.4000000000e+01,6.1714804173e-01
5.1800000000e+02,3.7300000000e+02,1.5000000000e+01,6.2405252457e-01
5.1800000000e+02,3.7300000000e+02,1.6000000000e+01,6.3032251596e-01
5.1800000000e+02,3.7300000000e+02,1.7000000000e+01,6.3604640961e-01
5.1800000000e+02,3.7300000000e+02,1.8000000000e+01,6.4129436016e-01
5.1800000000e+02,3.7300000000e+02,1.9000000000e+01,6.4612293243e-01
5.1800000000e+02,3.7300000000e+02,2.0000000000e+01,6.5057843924e-01
5.1800000000e+02,3.7300000000e+02,2.1000000000e+01,6.5470016003e-01
5.1800000000e+02,3.7300000000e+02,2.2000000000e+01,6.5852129459e-01
5.1800000000e+02,3.7300000000e+02,2.3000000000e+01,6.6207063198e-01
5.1800000000e+02,3.7300000000e+02,2.4000000000e+01,6.6537338495e-01
5.1800000000e+02,3.7300000000e+02,2.5000000000e+01,6.6845190525e-01
5.1800000000e+02,3.7300000000e+02,2.6000000000e+01,6.7132616043e-01
5.1800000000e+02,3.7300000000e+02,2.7000000000e+01,6.7401427031e-01
5.1800000000e+02,3.7300000000e+02,2.8000000000e+01,6.7653226852e-01
5.1800000000e+02,3.7300000000e+02,2.9000000000e+01,6.7889499664e-01
5.1800000000e+02,3.7300000000e+02,3.0000000000e+01,6.8111568689e-01
5.1800000000e+02,3.7300000000e+02,3.1000000000e+01,6.8320685625e-01
5.1800000000e+02,5.1800000000e+02,0.0000000000e+00,1.9966230392e+00
5.1800000000e+02,5.1800000000e+02,1.0000000000e+00,6.1023533344e-01
5.1800000000e+02,5.1800000000e+02,2.0000000000e+00,3.4869730473e-01
5.1800000000e+02,5.1800000000e+02,3.0000000000e+00,3.1812736392e-01
5.1800000000e+02,5.1800000000e+02,4.0000000000e+00,3.2485324144e-01
5.1800000000e+02,5.1800000000e+02,5.0000000000e+00,3.3653724194e-01
5.1800000000e+02,5.1800000000e+02,6.0000000000e+00,3.4654355049e-01
5.1800000000e+02,5.1800000000e+02,7.0000000000e+00,3.5397949815e-01
5.1800000000e+02,5.1800000000e+02,8.0000000000e+00,3.5923811793e-01
5.1800000000e+02,5.1800000000e+02,9.0000000000e+00,3.6288595200e-01
5.1800000000e+02,5.1800000000e+02,1.0000000000e+01,3.6540251970e-01
5.1800000000e+02,5.1800000000e+02,1.1000000000e+01,3.6714282632e-01
5.1800000000e+02,5.1800000000e+02,1.2000000000e+01,3.6835640669e-01
5.1800000000e+02,5.1800000000e+02,1.3000000000e+01,3.6921426654e-01
5.1800000000e+02,5.1800000000e+02,1.4000000000e+01,3.6983254552e-01
5.1800000000e+02,5.1800000000e+02,1.5000000000e+01,3.7028938532e-01
5.1800000000e+02,5.1800000000e+02,1.6000000000e+01,3.7063750625e-01
5.1800000000e+02,5.1800000000e+02,1.7000000000e+01,3.7091228366e-01
5.1800000000e+02,5.1800000000e+02,1.8000000000e+01,3.7113749981e-01
5.1800000000e+02,5.1800000000e+02,1.9000000000e+01,3.7132921815e-01
5.1800000000e+02,5.1800000000e+02,2.0000000000e+01,3.7149831653e-01
5.1800000000e+02,5.1800000000e+02,2.1000000000e+01,3.7165212631e-01
5.1800000000e+02,5.1800000000e+02,2.2000000000e+01,3.7179556489e-01
5.1800000000e+02,5.1800000000e+02,2.3000000000e+01,3.7193202972e-01
5.1800000000e+02,5.1800000000e+02,2.4000000000e+01,3.7206375599e-01
5.1800000000e+02,5.1800000000e+02,2.5000000000e+01,3.7219238281e-01
5.1800000000e+02,5.1800000000e+02,2.6000000000e+01,3.7231892347e-01
5.1800000000e+02,5.1800000000e+02,2.7000000000e+01,3.7244415283e-01
5.1800000000e+02,5.1800000000e+02,2.8000000000e+01,3.7256851792e-01
5.1800000000e+02,5.1800000000e+02,2.9000000000e+01,3.7269237638e-01
5.1800000000e+02,5.1800000000e+02,3.0000000000e+01,3.7281599641e-01
5.1800000000e+02,5.1800000000e+02,3.1000000000e+01,3.7293946743e-01
5.1800000000e+02,7.2000000000e+02,0.0000000000e+00,1.9884889126e+00
5.1800000000e+02,7.2000000000e+02,1.0000000000e+00,5.4733920097e-01
5.1800000000e+02,7.2000000000e+02,2.0000000000e+00,3.1888264418e-01
5.1800000000e+02,7.2000000000e+02,3.0000000000e+00,3.0073899031e-01
5.1800000000e+02,7.2000000000e+02,4.0000000000e+00,3.1090593338e-01
5.1800000000e+02,7.2000000000e+02,5.0000000000e+00,3.2310131192e-01
5.1800000000e+02,7.2000000000e+02,6.0000000000e+00,3.3304932714e-01
5.1800000000e+02,7.2000000000e+02,7.0000000000e+00,3.4053677320e-01
5.1800000000e+02,7.2000000000e+02,8.0000000000e+00,3.4606423974e-01
5.1800000000e+02,7.2000000000e+02,9.0000000000e+00,3.5014224052e-01
5.1800000000e+02,7.2000000000e+02,1.0000000000e+01,3.5316893458e-01
5.1800000000e+02,7.2000000000e+02,1.1000000000e+01,3.5543414950e-01
5.1800000000e+02,7.2000000000e+02,1.2000000000e+01,3.5714498162e-01
5.1800000000e+02,7.2000000000e+02,1.3000000000e+01,3.5844901204e-01
5.1800000000e+02,7.2000000000e+02,1.4000000000e+01,3.5945212841e-01
5.1800000000e+02,7.2000000000e+02,1.5000000000e+01,3.6023089290e-01
5.1800000000e+02,7.2000000000e+02,1.6000000000e+01,3.6084133387e-01
5.1800000000e+02,7.2000000000e+02,1.7000000000e+01,3.6132457852e-01
5.1800000000e+02,7.2000000000e+02,1.8000000000e+01,3.6171120405e-01
5.1800000000e+02,7.2000000000e+02,1.9000000000e+01,3.6202403903e-01
5.1800000000e+02,7.2000000000e+02,2.0000000000e+01,3.6228036880e-01
5.1800000000e+02,7.2000000000e+02,2.1000000000e+01,3.6249324679e-01
5.1800000000e+02,7.2000000000e+02,2.2000000000e+01,3.6267259717e-01
5.1800000000e+02,7.2000000000e+02,2.3000000000e+01,3.6282604933e-01
5.1800000000e+02,7.2000000000e+02,2.4000000000e+01,3.6295938492e-01
5.1800000000e+02,7.2000000000e+02,2.5000000000e+01,3.6307716370e-01
5.1800000000e+02,7.2000000000e+02,2.6000000000e+01,3.6318287253e-01
5.1800000000e+02,7.2000000000e+02,2.7000000000e+01,3.6327922344e-01
5.1800000000e+02,7.2000000000e+02,2.8000000000e+01,3.6336818337e-01
5.1800000000e+02,7.2000000000e+02,2.9000000000e+01,3.6345148087e-01
5.1800000000e+02,7.2000000000e+02,3.0000000000e+01,3.6353033781e-01
5.1800000000e+02,7.2000000000e+02,3.1000000000e+01,3.6360576749e-01
5.1800000000e+02,1.0000000000e+03,0.0000000000e+00,2.0056889057e+00
5.1800000000e+02,1.0000000000e+03,1.0000000000e+00,4.6675136685e-01
5.1800000000e+02,1.0000000000e+03,2.0000000000e+00,2.4739828706e-01
5.1800000000e+02,1.0000000000e+03,3.0000000000e+00,2.3148986697e-01
5.1800000000e+02,1.0000000000e+03,4.0000000000e+00,2.3767587543e-01
5.1800000000e+02,1.0000000000e+03,5.0000000000e+00,2.4396385252e-01
5.1800000000e+02,1.0000000000e+03,6.0000000000e+00,2.4805763364e-01
5.1800000000e+02,1.0000000000e+03,7.0000000000e+00,2.5046795607e-01
5.1800000000e+02,1.0000000000e+03,8.0000000000e+00,2.5183761120e-01
5.1800000000e+02,1.0000000000e+03,9.0000000000e+00,2.5260508060e-01
5.1800000000e+02,1.0000000000e+03,1.0000000000e+01,2.5303372741e-01
5.1800000000e+02,1.0000000000e+03,1.1000000000e+01,2.5327447057e-01
5.1800000000e+02,1.0000000000e+03,1.2000000000e+01,2.5341209769e-01
5.1800000000e+02,1.0000000000e+03,1.3000000000e+01,2.5349360704e-01
5.1800000000e+02,1.0000000000e+03,1.4000000000e+01,2.5354489684e-01
5.1800000000e+02,1.0000000000e+03,1.5000000000e+01,2.5357994437e-01
5.1800000000e+02,1.0000000000e+03,1.6000000000e+01,2.5360649824e-01
5.1800000000e+02,1.0000000000e+03,1.7000000000e+01,2.5362864137e-01
5.1800000000e+02,1.0000000000e+03,1.8000000000e+01,2.5364845991e-01
5.1800000000e+02,1.0000000000e+03,1.9000000000e+01,2.5366720557e-01
5.1800000000e+02,1.0000000000e+03,2.0000000000e+01,2.5368541479e-01
5.1800000000e+02,1.0000000000e+03,2.1000000000e+01,2.5370335579e-01
5.1800000000e+02,1.0000000000e+03,2.2000000000e+01,2.5372123718e-01
5.1800000000e+02,1.0000000000e+03,2.3000000000e+01,2.5373908877e-01
5.1800000000e+02,1.0000000000e+03,2.4000000000e+01,2.5375694036e-01
5.1800000000e+02,1.0000000000e+03,2.5000000000e+01,2.5377482176e-01
5.1800000000e+02,1.0000000000e+03,2.6000000000e+01,2.5379270315e-01
5.1800000000e+02,1.0000000000e+03,2.7000000000e+01,2.5381067395e-01
5.1800000000e+02,1.0000000000e+03,2.8000000000e+01,2.5382861495e-01
5.1800000000e+02,1.0000000000e+03,2.9000000000e+01,2.5384658575e-01
5.1800000000e+02,1.0000000000e+03,3.0000000000e+01,2.5386461616e-01
5.1800000000e+02,1.0000000000e+03,3.1000000000e+01,2.5388267636e-01
7.2000000000e+02,1.0000000000e+01,0.0000000000e+00,2.0042035580e+00
7.2000000000e+02,1.0000000000e+01,1.0000000000e+00,1.9590274096e+00
7.2000000000e+02,1.0000000000e+01,2.0000000000e+00,2.0945675373e+00
7.2000000000e+02,1.0000000000e+01,3.0000000000e+00,2.2963433266e+00
7.2000000000e+02,1.0000000000e+01,4.0000000000e+00,2.5004339218e+00
7.2000000000e+02,1.0000000000e+01,5.0000000000e+00,2.6923058033e+00
7.2000000000e+02,1.0000000000e+01,6.0000000000e+00,2.8713824749e+00
7.2000000000e+02,1.0000000000e+01,7.0000000000e+00,3.0408027172e+00
7.2000000000e+02,1.0000000000e+01,8.0000000000e+00,3.2040314674e+00
7.2000000000e+02,1.0000000000e+01,9.0000000000e+00,3.3640363216e+00
7.2000000000e+02,1.0000000000e+01,1.0000000000e+01,3.5231852531e+00
7.2000000000e+02,1.0000000000e+01,1.1000000000e+01,3.6833333969e+00
7.2000000000e+02,1.0000000000e+01,1.2000000000e+01,3.8459339142e+00
7.2000000000e+02,1.0000000000e+01,1.3000000000e+01,4.0121312141e+00
7.2000000000e+02,1.0000000000e+01,1.4000000000e+01,4.1828365326e+00
7.2000000000e+02,1.0000000000e+01,1.5000000000e+01,4.3587808609e+00
7.2000000000e+02,1.0000000000e+01,1.6000000000e+01,4.5405602455e+00
7.2000000000e+02,1.0000000000e+01,1.7000000000e+01,4.7286615372e+00
7.2000000000e+02,1.0000000000e+01,1.8000000000e+01,4.9234876633e+00
7.2000000000e+02,1.0000000000e+01,1.9000000000e+01,5.1253747940e+00
7.2000000000e+02,1.0000000000e+01,2.0000000000e+01,5.3346056938e+00
7.2000000000e+02,1.0000000000e+01,2.1000000000e+01,5.5514183044e+00
7.2000000000e+02,1.0000000000e+01,2.2000000000e+01,5.7760171890e+00
7.2000000000e+02,1.0000000000e+01,2.3000000000e+01,6.0085740089e+00
7.2000000000e+02,1.0000000000e+01,2.4000000000e+01,6.2492399216e+00
7.2000000000e+02,1.0000000000e+01,2.5000000000e+01,6.4981431961e+00
7.2000000000e+02,1.0000000000e+01,2.6000000000e+01,6.7553944588e+00
7.2000000000e+02,1.0000000000e+01,2.7000000000e+01,7.0210919380e+00
7.2000000000e+02,1.0000000000e+01,2.8000000000e+01,7.2953200340e+00
7.2000000000e+02,1.0000000000e+01,2.9000000000e+01,7.5781521797e+00
7.2000000000e+02,1.0000000000e+01,3.0000000000e+01,7.8696532249e+00
7.2000000000e+02,1.0000000000e+01,3.1000000000e+01,8.1698808670e+00
7.2000000000e+02,1.4000000000e+01,0.0000000000e+00,2.0038166046e+00
7.2000000000e+02,1.4000000000e+01,1.0000000000e+00,1.9186439514e+00
7.2000000000e+02,1.4000000000e+01,2.0000000000e+00,2.0603954792e+00
7.2000000000e+02,1.4000000000e+01,3.0000000000e+00,2.3039860725e+00
7.2000000000e+02,1.4000000000e+01,4.0000000000e+00,2.5713238716e+00
7.2000000000e+02,1.4000000000e+01,5.0000000000e+00,2.8347091675e+00
7.2000000000e+02,1.4000000000e+01,6.0000000000e+00,3.0847887993e+00
7.2000000000e+02,1.4000000000e+01,7.0000000000e+00,3.3205881119e+00
7.2000000000e+02,1.4000000000e+01,8.0000000000e+00,3.5440516472e+00
7.2000000000e+02,1.4000000000e+01,9.0000000000e+00,3.7578785419e+00
7.2000000000e+02,1.4000000000e+01,1.0000000000e+01,3.9647054672e+00
7.2000000000e+02,1.4000000000e+01,1.1000000000e+01,4.1668553352e+00
7.2000000000e+02,1.4000000000e+01,1.2000000000e+01,4.3662886620e+00
7.2000000000e+02,1.4000000000e+01,1.3000000000e+01,4.5646367073e+00
7.2000000000e+02,1.4000000000e+01,1.4000000000e+01,4.7632493973e+00
7.2000000000e+02,1.4000000000e+01,1.5000000000e+01,4.9632492065e+00
7.2000000000e+02,1.4000000000e+01,1.6000000000e+01,5.1655650139e+00
7.2000000000e+02,1.4000000000e+01,1.7000000000e+01,5.3709783554e+00
7.2000000000e+02,1.4000000000e+01,1.8000000000e+01,5.5801448822e+00
7.2000000000e+02,1.4000000000e+01,1.9000000000e+01,5.7936196327e+00
7.2000000000e+02,1.4000000000e+01,2.0000000000e+01,6.0118746758e+00
7.2000000000e+02,1.4000000000e+01,2.1000000000e+01,6.2353172302e+00
7.2000000000e+02,1.4000000000e+01,2.2000000000e+01,6.4642930031e+00
7.2000000000e+02,1.4000000000e+01,2.3000000000e+01,6.6991038322e+00
7.2000000000e+02,1.4000000000e+01,2.4000000000e+01,6.9400105476e+00
7.2000000000e+02,1.4000000000e+01,2.5000000000e+01,7.1872429848e+00
7.2000000000e+02,1.4000000000e+01,2.6000000000e+01,7.4409990311e+00
7.2000000000e+02,1.4000000000e+01,2.7000000000e+01,7.7014551163e+00
7.2000000000e+02,1.4000000000e+01,2.8000000000e+01,7.9687652588e+00
7.2000000000e+02,1.4000000000e+01,2.9000000000e+01,8.2430667877e+00
7.2000000000e+02,1.4000000000e+01,3.0000000000e+01,8.5244827271e+00
7.2000000000e+02,1.4000000000e+01,3.1000000000e+01,8.8131170273e+00
7.2000000000e+02,1.9000000000e+01,0.0000000000e+00,1.9968342781e+00
7.2000000000e+02,1.9000000000e+01,1.0000000000e+00,1.8244773149e+00
7.2000000000e+02,1.9000000000e+01,2.0000000000e+00,1.9330850840e+00
7.2000000000e+02,1.9000000000e+01,3.0000000000e+00,2.1837303638e+00
7.2000000000e+02,1.9000000000e+01,4.0000000000e+00,2.4914348125e+00
7.2000000000e+02,1.9000000000e+01,5.0000000000e+00,2.8187551498e+00
7.2000000000e+02,1.9000000000e+01,6.0000000000e+00,3.1466426849e+00
7.2000000000e+02,1.9000000000e+01,7.0000000000e+00,3.4669711590e+00
7.2000000000e+02,1.9000000000e+01,8.0000000000e+00,3.7772357464e+00
7.2000000000e+02,1.9000000000e+01,9.0000000000e+00,4.0776667595e+00
7.2000000000e+02,1.9000000000e+01,1.0000000000e+01,4.3696746826e+00
7.2000000000e+02,1.9000000000e+01,1.1000000000e+01,4.6550755501e+00
7.2000000000e+02,1.9000000000e+01,1.2000000000e+01,4.9357285500e+00
7.2000000000e+02,1.9000000000e+01,1.3000000000e+01,5.2133746147e+00
7.2000000000e+02,1.9000000000e+01,1.4000000000e+01,5.4895792007e+00
7.2000000000e+02,1.9000000000e+01,1.5000000000e+01,5.7657208443e+00
7.2000000000e+02,1.9000000000e+01,1.6000000000e+01,6.0430026054e+00
7.2000000000e+02,1.9000000000e+01,1.7000000000e+01,6.3224668503e+00
7.2000000000e+02,1.9000000000e+01,1.8000000000e+01,6.6050195694e+00
7.2000000000e+02,1.9000000000e+01,1.9000000000e+01,6.8914432526e+00
7.2000000000e+02,1.9000000000e+01,2.0000000000e+01,7.1824216843e+00
7.2000000000e+02,1.9000000000e+01,2.1000000000e+01,7.4785504341e+00
7.2000000000e+02,1.9000000000e+01,2.2000000000e+01,7.7803463936e+00
7.2000000000e+02,1.9000000000e+01,2.3000000000e+01,8.0882654190e+00
7.2000000000e+02,1.9000000000e+01,2.4000000000e+01,8.4027090073e+00
7.2000000000e+02,1.9000000000e+01,2.5000000000e+01,8.7240295410e+00
7.2000000000e+02,1.9000000000e+01,2.6000000000e+01,9.0525388718e+00
7.2000000000e+02,1.9000000000e+01,2.7000000000e+01,9.3885126114e+00
7.2000000000e+02,1.9000000000e+01,2.8000000000e+01,9.7321996689e+00
7.2000000000e+02,1.9000000000e+01,2.9000000000e+01,1.0083815575e+01
7.2000000000e+02,1.9000000000e+01,3.0000000000e+01,1.0443561554e+01
7.2000000000e+02,1.9000000000e+01,3.1000000000e+01,1.0811610222e+01
7.2000000000e+02,2.7000000000e+01,0.0000000000e+00,2.0001764297e+00
7.2000000000e+02,2.7000000000e+01,1.0000000000e+00,1.7366870642e+00
7.2000000000e+02,2.7000000000e+01,2.0000000000e+00,1.8136911392e+00
7.2000000000e+02,2.7000000000e+01,3.0000000000e+00,2.0683739185e+00
7.2000000000e+02,2.7000000000e+01,4.0000000000e+00,2.4104104042e+00
7.2000000000e+02,2.7000000000e+01,5.0000000000e+00,2.7988278866e+00
7.2000000000e+02,2.7000000000e+01,6.0000000000e+00,3.2086789608e+00
7.2000000000e+02,2.7000000000e+01,7.0000000000e+00,3.6251370907e+00
7.2000000000e+02,2.7000000000e+01,8.0000000000e+00,4.0398774147e+00
7.2000000000e+02,2.7000000000e+01,9.0000000000e+00,4.4487485886e+00
7.2000000000e+02,2.7000000000e+01,1.0000000000e+01,4.8501381874e+00
7.2000000000e+02,2.7000000000e+01,1.1000000000e+01,5.2439122200e+00
7.2000000000e+02,2.7000000000e+01,1.2000000000e+01,5.6307392120e+00
7.2000000000e+02,2.7000000000e+01,1.3000000000e+01,6.0116958618e+00
7.2000000000e+02,2.7000000000e+01,1.4000000000e+01,6.3880267143e+00
7.2000000000e+02,2.7000000000e+01,1.5000000000e+01,6.7610120773e+00
7.2000000000e+02,2.7000000000e+01,1.6000000000e+01,7.1318960190e+00
7.2000000000e+02,2.7000000000e+01,1.7000000000e+01,7.5018477440e+00
7.2000000000e+02,2.7000000000e+01,1.8000000000e+01,7.8719449043e+00
7.2000000000e+02,2.7000000000e+01,1.9000000000e+01,8.2431716919e+00
7.2000000000e+02,2.7000000000e+01,2.0000000000e+01,8.6164188385e+00
7.2000000000e+02,2.7000000000e+01,2.1000000000e+01,8.9924907684e+00
7.2000000000e+02,2.7000000000e+01,2.2000000000e+01,9.3721094131e+00
7.2000000000e+02,2.7000000000e+01,2.3000000000e+01,9.7559261322e+00
7.2000000000e+02,2.7000000000e+01,2.4000000000e+01,1.0144525528e+01
7.2000000000e+02,2.7000000000e+01,2.5000000000e+01,1.0538434029e+01
7.2000000000e+02,2.7000000000e+01,2.6000000000e+01,1.0938123703e+01
7.2000000000e+02,2.7000000000e+01,2.7000000000e+01,1.1344022751e+01
7.2000000000e+02,2.7000000000e+01,2.8000000000e+01,1.1756514549e+01
7.2000000000e+02,2.7000000000e+01,2.9000000000e+01,1.2175950050e+01
7.2000000000e+02,2.7000000000e+01,3.0000000000e+01,1.2602641106e+01
7.2000000000e+02,2.7000000000e+01,3.1000000000e+01,1.3036872864e+01
7.2000000000e+02,3.7000000000e+01,0.0000000000e+00,1.9951068163e+00
7.2000000000e+02,3.7000000000e+01,1.0000000000e+00,1.6436500549e+00
7.2000000000e+02,3.7000000000e+01,2.0000000000e+00,1.7015447617e+00
7.2000000000e+02,3.7000000000e+01,3.0000000000e+00,1.9658169746e+00
7.2000000000e+02,3.7000000000e+01,4.0000000000e+00,2.3341720104e+00
7.2000000000e+02,3.7000000000e+01,5.0000000000e+00,2.7665441036e+00
7.2000000000e+02,3.7000000000e+01,6.0000000000e+00,3.2375655174e+00
7.2000000000e+02,3.7000000000e+01,7.0000000000e+00,3.7303760052e+00
7.2000000000e+02,3.7000000000e+01,8.0000000000e+00,4.2333569527e+00
7.2000000000e+02,3.7000000000e+01,9.0000000000e+00,4.7387857437e+00
7.2000000000e+02,3.7000000000e+01,1.0000000000e+01,5.2417159081e+00
7.2000000000e+02,3.7000000000e+01,1.1000000000e+01,5.7391810417e+00
7.2000000000e+02,3.7000000000e+01,1.2000000000e+01,6.2295846939e+00
7.2000000000e+02,3.7000000000e+01,1.3000000000e+01,6.7122583389e+00
7.2000000000e+02,3.7000000000e+01,1.4000000000e+01,7.1871480942e+00
7.2000000000e+02,3.7000000000e+01,1.5000000000e+01,7.6545929909e+00
7.2000000000e+02,3.7000000000e+01,1.6000000000e+01,8.1151733398e+00
7.2000000000e+02,3.7000000000e+01,1.7000000000e+01,8.5696096420e+00
7.2000000000e+02,3.7000000000e+01,1.8000000000e+01,9.0186977386e+00
7.2000000000e+02,3.7000000000e+01,1.9000000000e+01,9.4632520676e+00
7.2000000000e+02,3.7000000000e+01,2.0000000000e+01,9.9040861130e+00
7.2000000000e+02,3.7000000000e+01,2.1000000000e+01,1.0341987610e+01
7.2000000000e+02,3.7000000000e+01,2.2000000000e+01,1.0777716637e+01
7.2000000000e+02,3.7000000000e+01,2.3000000000e+01,1.1211984634e+01
7.2000000000e+02,3.7000000000e+01,2.4000000000e+01,1.1645466805e+01
7.2000000000e+02,3.7000000000e+01,2.5000000000e+01,1.2078791618e+01
7.2000000000e+02,3.7000000000e+01,2.6000000000e+01,1.2512546539e+01
7.2000000000e+02,3.7000000000e+01,2.7000000000e+01,1.2947274208e+01
7.2000000000e+02,3.7000000000e+01,2.8000000000e+01,1.3383483887e+01
7.2000000000e+02,3.7000000000e+01,2.9000000000e+01,1.3821640968e+01
7.2000000000e+02,3.7000000000e+01,3.0000000000e+01,1.4262182236e+01
7.2000000000e+02,3.7000000000e+01,3.1000000000e+01,1.4705507278e+01
7.2000000000e+02,5.2000000000e+01,0.0000000000e+00,2.0020604134e+00
7.2000000000e+02,5.2000000000e+01,1.0000000000e+00,1.5122312307e+00
7.2000000000e+02,5.2000000000e+01,2.0000000000e+00,1.5163491964e+00
7.2000000000e+02,5.2000000000e+01,3.0000000000e+00,1.7497453690e+00
7.2000000000e+02,5.2000000000e+01,4.0000000000e+00,2.0951137543e+00
7.2000000000e+02,5.2000000000e+01,5.0000000000e+00,2.5122258663e+00
7.2000000000e+02,5.2000000000e+01,6.0000000000e+00,2.9781670570e+00
7.2000000000e+02,5.2000000000e+01,7.0000000000e+00,3.4783084393e+00
7.2000000000e+02,5.2000000000e+01,8.0000000000e+00,4.0019655228e+00
7.2000000000e+02,5.2000000000e+01,9.0000000000e+00,4.5413017273e+00
7.2000000000e+02,5.2000000000e+01,1.0000000000e+01,5.0903778076e+00
7.2000000000e+02,5.2000000000e+01,1.1000000000e+01,5.6447744370e+00
7.2000000000e+02,5.2000000000e+01,1.2000000000e+01,6.2011933327e+00
7.2000000000e+02,5.2000000000e+01,1.3000000000e+01,6.7572360039e+00
7.2000000000e+02,5.2000000000e+01,1.4000000000e+01,7.3111906052e+00
7.2000000000e+02,5.2000000000e+01,1.5000000000e+01,7.8618764877e+00
7.2000000000e+02,5.2000000000e+01,1.6000000000e+01,8.4085273743e+00
7.2000000000e+02,5.2000000000e+01,1.7000000000e+01,8.9506845474e+00
7.2000000000e+02,5.2000000000e+01,1.8000000000e+01,9.4881334305e+00
7.2000000000e+02,5.2000000000e+01,1.9000000000e+01,1.0020830154e+01
7.2000000000e+02,5.2000000000e+01,2.0000000000e+01,1.0548871040e+01
7.2000000000e+02,5.2000000000e+01,2.1000000000e+01,1.1072444916e+01
7.2000000000e+02,5.2000000000e+01,2.2000000000e+01,1.1591810226e+01
7.2000000000e+02,5.2000000000e+01,2.3000000000e+01,1.2107275009e+01
7.2000000000e+02,5.2000000000e+01,2.4000000000e+01,1.2619178772e+01
7.2000000000e+02,5.2000000000e+01,2.5000000000e+01,1.3127883911e+01
7.2000000000e+02,5.2000000000e+01,2.6000000000e+01,1.3633756638e+01
7.2000000000e+02,5.2000000000e+01,2.7000000000e+01,1.4137176514e+01
7.2000000000e+02,5.2000000000e+01,2.8000000000e+01,1.4638511658e+01
7.2000000000e+02,5.2000000000e+01,2.9000000000e+01,1.5138132095e+01
7.2000000000e+02,5.2000000000e+01,3.0000000000e+01,1.5636398315e+01
7.2000000000e+02,5.2000000000e+01,3.1000000000e+01,1.6133657455e+01
7.2000000000e+02,7.2000000000e+01,0.0000000000e+00,1.9946773052e+00
7.2000000000e+02,7.2000000000e+01,1.0000000000e+00,1.3670653105e+00
7.2000000000e+02,7.2000000000e+01,2.0000000000e+00,1.3105921745e+00
7.2000000000e+02,7.2000000000e+01,3.0000000000e+00,1.4924956560e+00
7.2000000000e+02,7.2000000000e+01,4.0000000000e+00,1.7778064013e+00
7.2000000000e+02,7.2000000000e+01,5.0000000000e+00,2.1259570122e+00
7.2000000000e+02,7.2000000000e+01,6.0000000000e+00,2.5160813332e+00
7.2000000000e+02,7.2000000000e+01,7.0000000000e+00,2.9365491867e+00
7.2000000000e+02,7.2000000000e+01,8.0000000000e+00,3.3794789314e+00
7.2000000000e+02,7.2000000000e+01,9.0000000000e+00,3.8393969536e+00
7.2000000000e+02,7.2000000000e+01,1.0000000000e+01,4.3122515678e+00
7.2000000000e+02,7.2000000000e+01,1.1000000000e+01,4.7949295044e+00
7.2000000000e+02,7.2000000000e+01,1.2000000000e+01,5.2850675583e+00
7.2000000000e+02,7.2000000000e+01,1.3000000000e+01,5.7807397842e+00
7.2000000000e+02,7.2000000000e+01,1.4000000000e+01,6.2805032730e+00
7.2000000000e+02,7.2000000000e+01,1.5000000000e+01,6.7831292152e+00
7.2000000000e+02,7.2000000000e+01,1.6000000000e+01,7.2877268791e+00
7.2000000000e+02,7.2000000000e+01,1.7000000000e+01,7.7935204506e+00
7.2000000000e+02,7.2000000000e+01,1.8000000000e+01,8.2999668121e+00
7.2000000000e+02,7.2000000000e+01,1.9000000000e+01,8.8065929413e+00
7.2000000000e+02,7.2000000000e+01,2.0000000000e+01,9.3130826950e+00
7.2000000000e+02,7.2000000000e+01,2.1000000000e+01,9.8191690445e+00
7.2000000000e+02,7.2000000000e+01,2.2000000000e+01,1.0324688911e+01
7.2000000000e+02,7.2000000000e+01,2.3000000000e+01,1.0829511642e+01
7.2000000000e+02,7.2000000000e+01,2.4000000000e+01,1.1333579063e+01
7.2000000000e+02,7.2000000000e+01,2.5000000000e+01,1.1836855888e+01
7.2000000000e+02,7.2000000000e+01,2.6000000000e+01,1.2339347839e+01
7.2000000000e+02,7.2000000000e+01,2.7000000000e+01,1.2841084480e+01
7.2000000000e+02,7.2000000000e+01,2.8000000000e+01,1.3342121124e+01
7.2000000000e+02,7.2000000000e+01,2.9000000000e+01,1.3842527390e+01
7.2000000000e+02,7.2000000000e+01,3.0000000000e+01,1.4342384338e+01
7.2000000000e+02,7.2000000000e+01,3.1000000000e+01,1.4841790199e+01
7.2000000000e+02,1.0000000000e+02,0.0000000000e+00,2.0084757805e+00
7.2000000000e+02,1.0000000000e+02,1.0000000000e+00,1.2297983170e+00
7.2000000000e+02,1.0000000000e+02,2.0000000000e+00,1.1017222404e+00
7.2000000000e+02,1.0000000000e+02,3.0000000000e+00,1.2108855247e+00
7.2000000000e+02,1.0000000000e+02,4.0000000000e+00,1.4049131870e+00
7.2000000000e+02,1.0000000000e+02,5.0000000000e+00,1.6430023909e+00
7.2000000000e+02,1.0000000000e+02,6.0000000000e+00,1.9059733152e+00
7.2000000000e+02,1.0000000000e+02,7.0000000000e+00,2.1843857765e+00
7.2000000000e+02,1.0000000000e+02,8.0000000000e+00,2.4724078178e+00
7.2000000000e+02,1.0000000000e+02,9.0000000000e+00,2.7665529251e+00
7.2000000000e+02,1.0000000000e+02,1.0000000000e+01,3.0644314289e+00
7.2000000000e+02,1.0000000000e+02,1.1000000000e+01,3.3644912243e+00
7.2000000000e+02,1.0000000000e+02,1.2000000000e+01,3.6655950546e+00
7.2000000000e+02,1.0000000000e+02,1.3000000000e+01,3.9669897556e+00
7.2000000000e+02,1.0000000000e+02,1.4000000000e+01,4.2680878639e+00
7.2000000000e+02,1.0000000000e+02,1.5000000000e+01,4.5685205460e+00
7.2000000000e+02,1.0000000000e+02,1.6000000000e+01,4.8679723740e+00
7.2000000000e+02,1.0000000000e+02,1.7000000000e+01,5.1662764549e+00
7.2000000000e+02,1.0000000000e+02,1.8000000000e+01,5.4632620811e+00
7.2000000000e+02,1.0000000000e+02,1.9000000000e+01,5.7588787079e+00
7.2000000000e+02,1.0000000000e+02,2.0000000000e+01,6.0530385971e+00
7.2000000000e+02,1.0000000000e+02,2.1000000000e+01,6.3457527161e+00
7.2000000000e+02,1.0000000000e+02,2.2000000000e+01,6.6369876862e+00
7.2000000000e+02,1.0000000000e+02,2.3000000000e+01,6.9267892838e+00
7.2000000000e+02,1.0000000000e+02,2.4000000000e+01,7.2151565552e+00
7.2000000000e+02,1.0000000000e+02,2.5000000000e+01,7.5021533966e+00
7.2000000000e+02,1.0000000000e+02,2.6000000000e+01,7.7878022194e+00
7.2000000000e+02,1.0000000000e+02,2.7000000000e+01,8.0721769333e+00
7.2000000000e+02,1.0000000000e+02,2.8000000000e+01,8.3553113937e+00
7.2000000000e+02,1.0000000000e+02,2.9000000000e+01,8.6372861862e+00
7.2000000000e+02,1.0000000000e+02,3.0000000000e+01,8.9181442261e+00
7.2000000000e+02,1.0000000000e+02,3.1000000000e+01,9.1979627609e+00
7.2000000000e+02,1.3900000000e+02,0.0000000000e+00,2.0022773743e+00
7.2000000000e+02,1.3900000000e+02,1.0000000000e+00,1.0577394962e+00
7.2000000000e+02,1.3900000000e+02,2.0000000000e+00,8.5910034180e-01
7.2000000000e+02,1.3900000000e+02,3.0000000000e+00,9.0088206530e-01
7.2000000000e+02,1.3900000000e+02,4.0000000000e+00,1.0129616261e+00
7.2000000000e+02,1.3900000000e+02,5.0000000000e+00,1.1524592638e+00
7.2000000000e+02,1.3900000000e+02,6.0000000000e+00,1.3018518686e+00
7.2000000000e+02,1.3900000000e+02,7.0000000000e+00,1.4534635544e+00
7.2000000000e+02,1.3900000000e+02,8.0000000000e+00,1.6033270359e+00
7.2000000000e+02,1.3900000000e+02,9.0000000000e+00,1.7494875193e+00
7.2000000000e+02,1.3900000000e+02,1.0000000000e+01,1.8909293413e+00
7.2000000000e+02,1.3900000000e+02,1.1000000000e+01,2.0272057056e+00
7.2000000000e+02,1.3900000000e+02,1.2000000000e+01,2.1581666470e+00
7.2000000000e+02,1.3900000000e+02,1.3000000000e+01,2.2838454247e+00
7.2000000000e+02,1.3900000000e+02,1.4000000000e+01,2.4043755531e+00
7.2000000000e+02,1.3900000000e+02,1.5000000000e+01,2.5199487209e+00
7.2000000000e+02,1.3900000000e+02,1.6000000000e+01,2.6307878494e+00
7.2000000000e+02,1.3900000000e+02,1.7000000000e+01,2.7371270657e+00
7.2000000000e+02,1.3900000000e+02,1.8000000000e+01,2.8392059803e+00
7.2000000000e+02,1.3900000000e+02,1.9000000000e+01,2.9372594357e+00
7.2000000000e+02,1.3900000000e+02,2.0000000000e+01,3.0315146446e+00
7.2000000000e+02,1.3900000000e+02,2.1000000000e+01,3.1221907139e+00
7.2000000000e+02,1.3900000000e+02,2.2000000000e+01,3.2094953060e+00
7.2000000000e+02,1.3900000000e+02,2.3000000000e+01,3.2936239243e+00
7.2000000000e+02,1.3900000000e+02,2.4000000000e+01,3.3747622967e+00
7.2000000000e+02,1.3900000000e+02,2.5000000000e+01,3.4530849457e+00
7.2000000000e+02,1.3900000000e+02,2.6000000000e+01,3.5287547112e+00
7.2000000000e+02,1.3900000000e+02,2.7000000000e+01,3.6019248962e+00
7.2000000000e+02,1.3900000000e+02,2.8000000000e+01,3.6727397442e+00
7.2000000000e+02,1.3900000000e+02,2.9000000000e+01,3.7413334846e+00
7.2000000000e+02,1.3900000000e+02,3.0000000000e+01,3.8078322411e+00
7.2000000000e+02,1.3900000000e+02,3.1000000000e+01,3.8723540306e+00
7.2000000000e+02,1.9300000000e+02,0.0000000000e+00,1.9937369823e+00
7.2000000000e+02,1.9300000000e+02,1.0000000000e+00,9.1567051411e-01
7.2000000000e+02,1.9300000000e+02,2.0000000000e+00,6.6420936584e-01
7.2000000000e+02,1.9300000000e+02,3.0000000000e+00,6.5112107992e-01
7.2000000000e+02,1.9300000000e+02,4.0000000000e+00,6.9853794575e-01
7.2000000000e+02,1.9300000000e+02,5.0000000000e+00,7.6512426138e-01
7.2000000000e+02,1.9300000000e+02,6.0000000000e+00,8.3587205410e-01
7.2000000000e+02,1.9300000000e+02,7.0000000000e+00,9.0505868196e-01
7.2000000000e+02,1.9300000000e+02,8.0000000000e+00,9.7032463551e-01
7.2000000000e+02,1.9300000000e+02,9.0000000000e+00,1.0308490992e+00
7.2000000000e+02,1.9300000000e+02,1.0000000000e+01,1.0864861012e+00
7.2000000000e+02,1.9300000000e+02,1.1000000000e+01,1.1374077797e+00
7.2000000000e+02,1.9300000000e+02,1.2000000000e+01,1.1839225292e+00
7.2000000000e+02,1.9300000000e+02,1.3000000000e+01,1.2263900042e+00
7.2000000000e+02,1.9300000000e+02,1.4000000000e+01,1.2651767731e+00
7.2000000000e+02,1.9300000000e+02,1.5000000000e+01,1.3006348610e+00
7.2000000000e+02,1.9300000000e+02,1.6000000000e+01,1.3330922127e+00
7.2000000000e+02,1.9300000000e+02,1.7000000000e+01,1.3628487587e+00
7.2000000000e+02,1.9300000000e+02,1.8000000000e+01,1.3901760578e+00
7.2000000000e+02,1.9300000000e+02,1.9000000000e+01,1.4153183699e+00
7.2000000000e+02,1.9300000000e+02,2.0000000000e+01,1.4384949207e+00
7.2000000000e+02,1.9300000000e+02,2.1000000000e+01,1.4599020481e+00
7.2000000000e+02,1.9300000000e+02,2.2000000000e+01,1.4797143936e+00
7.2000000000e+02,1.9300000000e+02,2.3000000000e+01,1.4980887175e+00
7.2000000000e+02,1.9300000000e+02,2.4000000000e+01,1.5151647329e+00
7.2000000000e+02,1.9300000000e+02,2.5000000000e+01,1.5310676098e+00
7.2000000000e+02,1.9300000000e+02,2.6000000000e+01,1.5459089279e+00
7.2000000000e+02,1.9300000000e+02,2.7000000000e+01,1.5597891808e+00
7.2000000000e+02,1.9300000000e+02,2.8000000000e+01,1.5727980137e+00
7.2000000000e+02,1.9300000000e+02,2.9000000000e+01,1.5850163698e+00
7.2000000000e+02,1.9300000000e+02,3.0000000000e+01,1.5965164900e+00
7.2000000000e+02,1.9300000000e+02,3.1000000000e+01,1.6073637009e+00
7.2000000000e+02,2.6800000000e+02,0.0000000000e+00,2.0036103725e+00
7.2000000000e+02,2.6800000000e+02,1.0000000000e+00,8.0062484741e-01
7.2000000000e+02,2.6800000000e+02,2.0000000000e+00,5.2084869146e-01
7.2000000000e+02,2.6800000000e+02,3.0000000000e+00,4.8351123929e-01
7.2000000000e+02,2.6800000000e+02,4.0000000000e+00,4.9870154262e-01
7.2000000000e+02,2.6800000000e+02,5.0000000000e+00,5.2679890394e-01
7.2000000000e+02,2.6800000000e+02,6.0000000000e+00,5.5601370335e-01
7.2000000000e+02,2.6800000000e+02,7.0000000000e+00,5.8277183771e-01
7.2000000000e+02,2.6800000000e+02,8.0000000000e+00,6.0625231266e-01
7.2000000000e+02,2.6800000000e+02,9.0000000000e+00,6.2659209967e-01
7.2000000000e+02,2.6800000000e+02,1.0000000000e+01,6.4423531294e-01
7.2000000000e+02,2.6800000000e+02,1.1000000000e+01,6.5968036652e-01
7.2000000000e+02,2.6800000000e+02,1.2000000000e+01,6.7339009047e-01
7.2000000000e+02,2.6800000000e+02,1.3000000000e+01,6.8576198816e-01
7.2000000000e+02,2.6800000000e+02,1.4000000000e+01,6.9712501764e-01
7.2000000000e+02,2.6800000000e+02,1.5000000000e+01,7.0774602890e-01
7.2000000000e+02,2.6800000000e+02,1.6000000000e+01,7.1783810854e-01
7.2000000000e+02,2.6800000000e+02,1.7000000000e+01,7.2757035494e-01
7.2000000000e+02,2.6800000000e+02,1.8000000000e+01,7.3707598448e-01
7.2000000000e+02,2.6800000000e+02,1.9000000000e+01,7.4645888805e-01
7.2000000000e+02,2.6800000000e+02,2.0000000000e+01,7.5579977036e-01
7.2000000000e+02,2.6800000000e+02,2.1000000000e+01,7.6516103745e-01
7.2000000000e+02,2.6800000000e+02,2.2000000000e+01,7.7459013462e-01
7.2000000000e+02,2.6800000000e+02,2.3000000000e+01,7.8412276506e-01
7.2000000000e+02,2.6800000000e+02,2.4000000000e+01,7.9378569126e-01
7.2000000000e+02,2.6800000000e+02,2.5000000000e+01,8.0359792709e-01
7.2000000000e+02,2.6800000000e+02,2.6000000000e+01,8.1357294321e-01
7.2000000000e+02,2.6800000000e+02,2.7000000000e+01,8.2371926308e-01
7.2000000000e+02,2.6800000000e+02,2.8000000000e+01,8.3404237032e-01
7.2000000000e+02,2.6800000000e+02,2.9000000000e+01,8.4454429150e-01
7.2000000000e+02,2.6800000000e+02,3.0000000000e+01,8.5522520542e-01
7.2000000000e+02,2.6800000000e+02,3.1000000000e+01,8.6608332396e-01
7.2000000000e+02,3.7300000000e+02,0.0000000000e+00,1.9988036156e+00
7.2000000000e+02,3.7300000000e+02,1.0000000000e+00,7.8047537804e-01
7.2000000000e+02,3.7300000000e+02,2.0000000000e+00,5.3922146559e-01
7.2000000000e+02,3.7300000000e+02,3.0000000000e+00,5.1421415806e-01
7.2000000000e+02,3.7300000000e+02,4.0000000000e+00,5.3066581488e-01
7.2000000000e+02,3.7300000000e+02,5.0000000000e+00,5.5447995663e-01
7.2000000000e+02,3.7300000000e+02,6.0000000000e+00,5.7700765133e-01
7.2000000000e+02,3.7300000000e+02,7.0000000000e+00,5.9615540504e-01
7.2000000000e+02,3.7300000000e+02,8.0000000000e+00,6.1180573702e-01
7.2000000000e+02,3.7300000000e+02,9.0000000000e+00,6.2439638376e-01
7.2000000000e+02,3.7300000000e+02,1.0000000000e+01,6.3446849585e-01
7.2000000000e+02,3.7300000000e+02,1.1000000000e+01,6.4252120256e-01
7.2000000000e+02,3.7300000000e+02,1.2000000000e+01,6.4897370338e-01
7.2000000000e+02,3.7300000000e+02,1.3000000000e+01,6.5416461229e-01
7.2000000000e+02,3.7300000000e+02,1.4000000000e+01,6.5836185217e-01
7.2000000000e+02,3.7300000000e+02,1.5000000000e+01,6.6177618504e-01
7.2000000000e+02,3.7300000000e+02,1.6000000000e+01,6.6457211971e-01
7.2000000000e+02,3.7300000000e+02,1.7000000000e+01,6.6687870026e-01
7.2000000000e+02,3.7300000000e+02,1.8000000000e+01,6.6879636049e-01
7.2000000000e+02,3.7300000000e+02,1.9000000000e+01,6.7040431499e-01
7.2000000000e+02,3.7300000000e+02,2.0000000000e+01,6.7176443338e-01
7.2000000000e+02,3.7300000000e+02,2.1000000000e+01,6.7292588949e-01
7.2000000000e+02,3.7300000000e+02,2.2000000000e+01,6.7392724752e-01
7.2000000000e+02,3.7300000000e+02,2.3000000000e+01,6.7479932308e-01
7.2000000000e+02,3.7300000000e+02,2.4000000000e+01,6.7556655407e-01
7.2000000000e+02,3.7300000000e+02,2.5000000000e+01,6.7624849081e-01
7.2000000000e+02,3.7300000000e+02,2.6000000000e+01,6.7686092854e-01
7.2000000000e+02,3.7300000000e+02,2.7000000000e+01,6.7741656303e-01
7.2000000000e+02,3.7300000000e+02,2.8000000000e+01,6.7792552710e-01
7.2000000000e+02,3.7300000000e+02,2.9000000000e+01,6.7839610577e-01
7.2000000000e+02,3.7300000000e+02,3.0000000000e+01,6.7883509398e-01
7.2000000000e+02,3.7300000000e+02,3.1000000000e+01,6.7924803495e-01
7.2000000000e+02,5.1800000000e+02,0.0000000000e+00,2.0018286705e+00
7.2000000000e+02,5.1800000000e+02,1.0000000000e+00,6.1210262775e-01
7.2000000000e+02,5.1800000000e+02,2.0000000000e+00,3.4905418754e-01
7.2000000000e+02,5.1800000000e+02,3.0000000000e+00,3.1797552109e-01
7.2000000000e+02,5.1800000000e+02,4.0000000000e+00,3.2516473532e-01
7.2000000000e+02,5.1800000000e+02,5.0000000000e+00,3.3784511685e-01
7.2000000000e+02,5.1800000000e+02,6.0000000000e+00,3.4910076857e-01
7.2000000000e+02,5.1800000000e+02,7.0000000000e+00,3.5781562328e-01
7.2000000000e+02,5.1800000000e+02,8.0000000000e+00,3.6425256729e-01
7.2000000000e+02,5.1800000000e+02,9.0000000000e+00,3.6891931295e-01
7.2000000000e+02,5.1800000000e+02,1.0000000000e+01,3.7227997184e-01
7.2000000000e+02,5.1800000000e+02,1.1000000000e+01,3.7469813228e-01
7.2000000000e+02,5.1800000000e+02,1.2000000000e+01,3.7644320726e-01
7.2000000000e+02,5.1800000000e+02,1.3000000000e+01,3.7771007419e-01
7.2000000000e+02,5.1800000000e+02,1.4000000000e+01,3.7863799930e-01
7.2000000000e+02,5.1800000000e+02,1.5000000000e+01,3.7932610512e-01
7.2000000000e+02,5.1800000000e+02,1.6000000000e+01,3.7984454632e-01
7.2000000000e+02,5.1800000000e+02,1.7000000000e+01,3.8024327159e-01
7.2000000000e+02,5.1800000000e+02,1.8000000000e+01,3.8055744767e-01
7.2000000000e+02,5.1800000000e+02,1.9000000000e+01,3.8081201911e-01
7.2000000000e+02,5.1800000000e+02,2.0000000000e+01,3.8102468848e-01
7.2000000000e+02,5.1800000000e+02,2.1000000000e+01,3.8120788336e-01
7.2000000000e+02,5.1800000000e+02,2.2000000000e+01,3.8137057424e-01
7.2000000000e+02,5.1800000000e+02,2.3000000000e+01,3.8151878119e-01
7.2000000000e+02,5.1800000000e+02,2.4000000000e+01,3.8165709376e-01
7.2000000000e+02,5.1800000000e+02,2.5000000000e+01,3.8178849220e-01
7.2000000000e+02,5.1800000000e+02,2.6000000000e+01,3.8191515207e-01
7.2000000000e+02,5.1800000000e+02,2.7000000000e+01,3.8203862309e-01
7.2000000000e+02,5.1800000000e+02,2.8000000000e+01,3.8215997815e-01
7.2000000000e+02,5.1800000000e+02,2.9000000000e+01,3.8227996230e-01
7.2000000000e+02,5.1800000000e+02,3.0000000000e+01,3.8239908218e-01
7.2000000000e+02,5.1800000000e+02,3.1000000000e+01,3.8251775503e-01
7.2000000000e+02,7.2000000000e+02,0.0000000000e+00,1.9932491779e+00
7.2000000000e+02,7.2000000000e+02,1.0000000000e+00,5.1717048883e-01
7.2000000000e+02,7.2000000000e+02,2.0000000000e+00,2.7592960000e-01
7.2000000000e+02,7.2000000000e+02,3.0000000000e+00,2.5202292204e-01
7.2000000000e+02,7.2000000000e+02,4.0000000000e+00,2.5875252485e-01
7.2000000000e+02,7.2000000000e+02,5.0000000000e+00,2.6924261451e-01
7.2000000000e+02,7.2000000000e+02,6.0000000000e+00,2.7859729528e-01
7.2000000000e+02,7.2000000000e+02,7.0000000000e+00,2.8613731265e-01
7.2000000000e+02,7.2000000000e+02,8.0000000000e+00,2.9204252362e-01
7.2000000000e+02,7.2000000000e+02,9.0000000000e+00,2.9662325978e-01
7.2000000000e+02,7.2000000000e+02,1.0000000000e+01,3.0016309023e-01
7.2000000000e+02,7.2000000000e+02,1.1000000000e+01,3.0289340019e-01
7.2000000000e+02,7.2000000000e+02,1.2000000000e+01,3.0499678850e-01
7.2000000000e+02,7.2000000000e+02,1.3000000000e+01,3.0661594868e-01
7.2000000000e+02,7.2000000000e+02,1.4000000000e+01,3.0786195397e-01
7.2000000000e+02,7.2000000000e+02,1.5000000000e+01,3.0882102251e-01
7.2000000000e+02,7.2000000000e+02,1.6000000000e+01,3.0955994129e-01
7.2000000000e+02,7.2000000000e+02,1.7000000000e+01,3.1013038754e-01
7.2000000000e+02,7.2000000000e+02,1.8000000000e+01,3.1057214737e-01
7.2000000000e+02,7.2000000000e+02,1.9000000000e+01,3.1091576815e-01
7.2000000000e+02,7.2000000000e+02,2.0000000000e+01,3.1118494272e-01
7.2000000000e+02,7.2000000000e+02,2.1000000000e+01,3.1139749289e-01
7.2000000000e+02,7.2000000000e+02,2.2000000000e+01,3.1156721711e-01
7.2000000000e+02,7.2000000000e+02,2.3000000000e+01,3.1170460582e-01
7.2000000000e+02,7.2000000000e+02,2.4000000000e+01,3.1181752682e-01
7.2000000000e+02,7.2000000000e+02,2.5000000000e+01,3.1191217899e-01
7.2000000000e+02,7.2000000000e+02,2.6000000000e+01,3.1199294329e-01
7.2000000000e+02,7.2000000000e+02,2.7000000000e+01,3.1206342578e-01
7.2000000000e+02,7.2000000000e+02,2.8000000000e+01,3.1212612987e-01
7.2000000000e+02,7.2000000000e+02,2.9000000000e+01,3.1218311191e-01
7.2000000000e+02,7.2000000000e+02,3.0000000000e+01,3.1223580241e-01
7.2000000000e+02,7.2000000000e+02,3.1000000000e+01,3.1228527427e-01
7.2000000000e+02,1.0000000000e+03,0.0000000000e+00,2.0014557838e+00
7.2000000000e+02,1.0000000000e+03,1.0000000000e+00,4.5072761178e-01
7.2000000000e+02,1.0000000000e+03,2.0000000000e+00,2.2425045073e-01
7.2000000000e+02,1.0000000000e+03,3.0000000000e+00,2.0619781315e-01
7.2000000000e+02,1.0000000000e+03,4.0000000000e+00,2.1279504895e-01
7.2000000000e+02,1.0000000000e+03,5.0000000000e+00,2.2094117105e-01
7.2000000000e+02,1.0000000000e+03,6.0000000000e+00,2.2765296698e-01
7.2000000000e+02,1.0000000000e+03,7.0000000000e+00,2.3291313648e-01
7.2000000000e+02,1.0000000000e+03,8.0000000000e+00,2.3704604805e-01
7.2000000000e+02,1.0000000000e+03,9.0000000000e+00,2.4032467604e-01
7.2000000000e+02,1.0000000000e+03,1.0000000000e+01,2.4294543266e-01
7.2000000000e+02,1.0000000000e+03,1.1000000000e+01,2.4504992366e-01
7.2000000000e+02,1.0000000000e+03,1.2000000000e+01,2.4674430490e-01
7.2000000000e+02,1.0000000000e+03,1.3000000000e+01,2.4811047316e-01
7.2000000000e+02,1.0000000000e+03,1.4000000000e+01,2.4921326339e-01
7.2000000000e+02,1.0000000000e+03,1.5000000000e+01,2.5010451674e-01
7.2000000000e+02,1.0000000000e+03,1.6000000000e+01,2.5082591176e-01
7.2000000000e+02,1.0000000000e+03,1.7000000000e+01,2.5141111016e-01
7.2000000000e+02,1.0000000000e+03,1.8000000000e+01,2.5188723207e-01
7.2000000000e+02,1.0000000000e+03,1.9000000000e+01,2.5227600336e-01
7.2000000000e+02,1.0000000000e+03,2.0000000000e+01,2.5259488821e-01
7.2000000000e+02,1.0000000000e+03,2.1000000000e+01,2.5285807252e-01
7.2000000000e+02,1.0000000000e+03,2.2000000000e+01,2.5307667255e-01
7.2000000000e+02,1.0000000000e+03,2.3000000000e+01,2.5325974822e-01
7.2000000000e+02,1.0000000000e+03,2.4000000000e+01,2.5341442227e-01
7.2000000000e+02,1.0000000000e+03,2.5000000000e+01,2.5354647636e-01
7.2000000000e+02,1.0000000000e+03,2.6000000000e+01,2.5366044044e-01
7.2000000000e+02,1.0000000000e+03,2.7000000000e+01,2.5376003981e-01
7.2000000000e+02,1.0000000000e+03,2.8000000000e+01,2.5384810567e-01
7.2000000000e+02,1.0000000000e+03,2.9000000000e+01,2.5392708182e-01
7.2000000000e+02,1.0000000000e+03,3.0000000000e+01,2.5399869680e-01
7.2000000000e+02,1.0000000000e+03,3.1000000000e+01,2.5406450033e-01
1.0000000000e+03,1.0000000000e+01,0.0000000000e+00,1.9981794357e+00
1.0000000000e+03,1.0000000000e+01,1.0000000000e+00,1.9170701504e+00
1.0000000000e+03,1.0000000000e+01,2.0000000000e+00,2.0080807209e+00
1.0000000000e+03,1.0000000000e+01,3.0000000000e+00,2.1632823944e+00
1.0000000000e+03,1.0000000000e+01,4.0000000000e+00,2.3261406422e+00
1.0000000000e+03,1.0000000000e+01,5.0000000000e+00,2.4819579124e+00
1.0000000000e+03,1.0000000000e+01,6.0000000000e+00,2.6289844513e+00
1.0000000000e+03,1.0000000000e+01,7.0000000000e+00,2.7691574097e+00
1.0000000000e+03,1.0000000000e+01,8.0000000000e+00,2.9050073624e+00
1.0000000000e+03,1.0000000000e+01,9.0000000000e+00,3.0388109684e+00
1.0000000000e+03,1.0000000000e+01,1.0000000000e+01,3.1724312305e+00
1.0000000000e+03,1.0000000000e+01,1.1000000000e+01,3.3073494434e+00
1.0000000000e+03,1.0000000000e+01,1.2000000000e+01,3.4447374344e+00
1.0000000000e+03,1.0000000000e+01,1.3000000000e+01,3.5855243206e+00
1.0000000000e+03,1.0000000000e+01,1.4000000000e+01,3.7304525375e+00
1.0000000000e+03,1.0000000000e+01,1.5000000000e+01,3.8801221848e+00
1.0000000000e+03,1.0000000000e+01,1.6000000000e+01,4.0350222588e+00
1.0000000000e+03,1.0000000000e+01,1.7000000000e+01,4.1955533028e+00
1.0000000000e+03,1.0000000000e+01,1.8000000000e+01,4.3620495796e+00
1.0000000000e+03,1.0000000000e+01,1.9000000000e+01,4.5347895622e+00
1.0000000000e+03,1.0000000000e+01,2.0000000000e+01,4.7140078545e+00
1.0000000000e+03,1.0000000000e+01,2.1000000000e+01,4.8999023438e+00
1.0000000000e+03,1.0000000000e+01,2.2000000000e+01,5.0926446915e+00
1.0000000000e+03,1.0000000000e+01,2.3000000000e+01,5.2923789024e+00
1.0000000000e+03,1.0000000000e+01,2.4000000000e+01,5.4992308617e+00
1.0000000000e+03,1.0000000000e+01,2.5000000000e+01,5.7133092880e+00
1.0000000000e+03,1.0000000000e+01,2.6000000000e+01,5.9347090721e+00
1.0000000000e+03,1.0000000000e+01,2.7000000000e+01,6.1635127068e+00
1.0000000000e+03,1.0000000000e+01,2.8000000000e+01,6.3997917175e+00
1.0000000000e+03,1.0000000000e+01,2.9000000000e+01,6.6436095238e+00
1.0000000000e+03,1.0000000000e+01,3.0000000000e+01,6.8950228691e+00
1.0000000000e+03,1.0000000000e+01,3.1000000000e+01,7.1540794373e+00
1.0000000000e+03,1.4000000000e+01,0.0000000000e+00,2.0009803772e+00
1.0000000000e+03,1.4000000000e+01,1.0000000000e+00,1.8732526302e+00
1.0000000000e+03,1.4000000000e+01,2.0000000000e+00,1.9647309780e+00
1.0000000000e+03,1.4000000000e+01,3.0000000000e+00,2.1559054852e+00
1.0000000000e+03,1.4000000000e+01,4.0000000000e+00,2.3760626316e+00
1.0000000000e+03,1.4000000000e+01,5.0000000000e+00,2.5978507996e+00
1.0000000000e+03,1.4000000000e+01,6.0000000000e+00,2.8116202354e+00
1.0000000000e+03,1.4000000000e+01,7.0000000000e+00,3.0154688358e+00
1.0000000000e+03,1.4000000000e+01,8.0000000000e+00,3.2104518414e+00
1.0000000000e+03,1.4000000000e+01,9.0000000000e+00,3.3985202312e+00
1.0000000000e+03,1.4000000000e+01,1.0000000000e+01,3.5817184448e+00
1.0000000000e+03,1.4000000000e+01,1.1000000000e+01,3.7619040012e+00
1.0000000000e+03,1.4000000000e+01,1.2000000000e+01,3.9406762123e+00
1.0000000000e+03,1.4000000000e+01,1.3000000000e+01,4.1193809509e+00
1.0000000000e+03,1.4000000000e+01,1.4000000000e+01,4.2991409302e+00
1.0000000000e+03,1.4000000000e+01,1.5000000000e+01,4.4808940887e+00
1.0000000000e+03,1.4000000000e+01,1.6000000000e+01,4.6654243469e+00
1.0000000000e+03,1.4000000000e+01,1.7000000000e+01,4.8533902168e+00
1.0000000000e+03,1.4000000000e+01,1.8000000000e+01,5.0453467369e+00
1.0000000000e+03,1.4000000000e+01,1.9000000000e+01,5.2417650223e+00
1.0000000000e+03,1.4000000000e+01,2.0000000000e+01,5.4430489540e+00
1.0000000000e+03,1.4000000000e+01,2.1000000000e+01,5.6495437622e+00
1.0000000000e+03,1.4000000000e+01,2.2000000000e+01,5.8615455627e+00
1.0000000000e+03,1.4000000000e+01,2.3000000000e+01,6.0793142319e+00
1.0000000000e+03,1.4000000000e+01,2.4000000000e+01,6.3030724525e+00
1.0000000000e+03,1.4000000000e+01,2.5000000000e+01,6.5330185890e+00
1.0000000000e+03,1.4000000000e+01,2.6000000000e+01,6.7693233490e+00
1.0000000000e+03,1.4000000000e+01,2.7000000000e+01,7.0121393204e+00
1.0000000000e+03,1.4000000000e+01,2.8000000000e+01,7.2615995407e+00
1.0000000000e+03,1.4000000000e+01,2.9000000000e+01,7.5178232193e+00
1.0000000000e+03,1.4000000000e+01,3.0000000000e+01,7.7809157372e+00
1.0000000000e+03,1.4000000000e+01,3.1000000000e+01,8.0509719849e+00
1.0000000000e+03,1.9000000000e+01,0.0000000000e+00,2.0126466751e+00
1.0000000000e+03,1.9000000000e+01,1.0000000000e+00,1.8222408295e+00
1.0000000000e+03,1.9000000000e+01,2.0000000000e+00,1.9075089693e+00
1.0000000000e+03,1.9000000000e+01,3.0000000000e+00,2.1272914410e+00
1.0000000000e+03,1.9000000000e+01,4.0000000000e+00,2.4004266262e+00
1.0000000000e+03,1.9000000000e+01,5.0000000000e+00,2.6902954578e+00
1.0000000000e+03,1.9000000000e+01,6.0000000000e+00,2.9785969257e+00
1.0000000000e+03,1.9000000000e+01,7.0000000000e+00,3.2574386597e+00
1.0000000000e+03,1.9000000000e+01,8.0000000000e+00,3.5243730545e+00
1.0000000000e+03,1.9000000000e+01,9.0000000000e+00,3.7795662880e+00
1.0000000000e+03,1.9000000000e+01,1.0000000000e+01,4.0243086815e+00
1.0000000000e+03,1.9000000000e+01,1.1000000000e+01,4.2602744102e+00
1.0000000000e+03,1.9000000000e+01,1.2000000000e+01,4.4891777039e+00
1.0000000000e+03,1.9000000000e+01,1.3000000000e+01,4.7126212120e+00
1.0000000000e+03,1.9000000000e+01,1.4000000000e+01,4.9320449829e+00
1.0000000000e+03,1.9000000000e+01,1.5000000000e+01,5.1487140656e+00
1.0000000000e+03,1.9000000000e+01,1.6000000000e+01,5.3637313843e+00
1.0000000000e+03,1.9000000000e+01,1.7000000000e+01,5.5780529976e+00
1.0000000000e+03,1.9000000000e+01,1.8000000000e+01,5.7925076485e+00
1.0000000000e+03,1.9000000000e+01,1.9000000000e+01,6.0078129768e+00
1.0000000000e+03,1.9000000000e+01,2.0000000000e+01,6.2245917320e+00
1.0000000000e+03,1.9000000000e+01,2.1000000000e+01,6.4433889389e+00
1.0000000000e+03,1.9000000000e+01,2.2000000000e+01,6.6646800041e+00
1.0000000000e+03,1.9000000000e+01,2.3000000000e+01,6.8888812065e+00
1.0000000000e+03,1.9000000000e+01,2.4000000000e+01,7.1163592339e+00
1.0000000000e+03,1.9000000000e+01,2.5000000000e+01,7.3474378586e+00
1.0000000000e+03,1.9000000000e+01,2.6000000000e+01,7.5824041367e+00
1.0000000000e+03,1.9000000000e+01,2.7000000000e+01,7.8215122223e+00
1.0000000000e+03,1.9000000000e+01,2.8000000000e+01,8.0649900436e+00
1.0000000000e+03,1.9000000000e+01,2.9000000000e+01,8.3130388260e+00
1.0000000000e+03,1.9000000000e+01,3.0000000000e+01,8.5658416748e+00
1.0000000000e+03,1.9000000000e+01,3.1000000000e+01,8.8235616684e+00
1.0000000000e+03,2.7000000000e+01,0.0000000000e+00,2.0105667114e+00
1.0000000000e+03,2.7000000000e+01,1.0000000000e+00,1.7235617638e+00
1.0000000000e+03,2.7000000000e+01,2.0000000000e+00,1.7842142582e+00
1.0000000000e+03,2.7000000000e+01,3.0000000000e+00,2.0181646347e+00
1.0000000000e+03,2.7000000000e+01,4.0000000000e+00,2.3364706039e+00
1.0000000000e+03,2.7000000000e+01,5.0000000000e+00,2.6985647678e+00
1.0000000000e+03,2.7000000000e+01,6.0000000000e+00,3.0799374580e+00
1.0000000000e+03,2.7000000000e+01,7.0000000000e+00,3.4659850597e+00
1.0000000000e+03,2.7000000000e+01,8.0000000000e+00,3.8484516144e+00
1.0000000000e+03,2.7000000000e+01,9.0000000000e+00,4.2231965065e+00
1.0000000000e+03,2.7000000000e+01,1.0000000000e+01,4.5885810852e+00
1.0000000000e+03,2.7000000000e+01,1.1000000000e+01,4.9444236755e+00
1.0000000000e+03,2.7000000000e+01,1.2000000000e+01,5.2913384438e+00
1.0000000000e+03,2.7000000000e+01,1.3000000000e+01,5.6303458214e+00
1.0000000000e+03,2.7000000000e+01,1.4000000000e+01,5.9626326561e+00
1.0000000000e+03,2.7000000000e+01,1.5000000000e+01,6.2894263268e+00
1.0000000000e+03,2.7000000000e+01,1.6000000000e+01,6.6119184494e+00
1.0000000000e+03,2.7000000000e+01,1.7000000000e+01,6.9312319756e+00
1.0000000000e+03,2.7000000000e+01,1.8000000000e+01,7.2484006882e+00
1.0000000000e+03,2.7000000000e+01,1.9000000000e+01,7.5643701553e+00
1.0000000000e+03,2.7000000000e+01,2.0000000000e+01,7.8799958229e+00
1.0000000000e+03,2.7000000000e+01,2.1000000000e+01,8.1960487366e+00
1.0000000000e+03,2.7000000000e+01,2.2000000000e+01,8.5132246017e+00
1.0000000000e+03,2.7000000000e+01,2.3000000000e+01,8.8321475983e+00
1.0000000000e+03,2.7000000000e+01,2.4000000000e+01,9.1533794403e+00
1.0000000000e+03,2.7000000000e+01,2.5000000000e+01,9.4774265289e+00
1.0000000000e+03,2.7000000000e+01,2.6000000000e+01,9.8047466278e+00
1.0000000000e+03,2.7000000000e+01,2.7000000000e+01,1.0135747910e+01
1.0000000000e+03,2.7000000000e+01,2.8000000000e+01,1.0470805168e+01
1.0000000000e+03,2.7000000000e+01,2.9000000000e+01,1.0810252190e+01
1.0000000000e+03,2.7000000000e+01,3.0000000000e+01,1.1154393196e+01
1.0000000000e+03,2.7000000000e+01,3.1000000000e+01,1.1503508568e+01
1.0000000000e+03,3.7000000000e+01,0.0000000000e+00,2.0079393387e+00
1.0000000000e+03,3.7000000000e+01,1.0000000000e+00,1.6162374020e+00
1.0000000000e+03,3.7000000000e+01,2.0000000000e+00,1.6393058300e+00
1.0000000000e+03,3.7000000000e+01,3.0000000000e+00,1.8667492867e+00
1.0000000000e+03,3.7000000000e+01,4.0000000000e+00,2.1981115341e+00
1.0000000000e+03,3.7000000000e+01,5.0000000000e+00,2.5920224190e+00
1.0000000000e+03,3.7000000000e+01,6.0000000000e+00,3.0227351189e+00
1.0000000000e+03,3.7000000000e+01,7.0000000000e+00,3.4730796814e+00
1.0000000000e+03,3.7000000000e+01,8.0000000000e+00,3.9312372208e+00
1.0000000000e+03,3.7000000000e+01,9.0000000000e+00,4.3893418312e+00
1.0000000000e+03,3.7000000000e+01,1.0000000000e+01,4.8423423767e+00
1.0000000000e+03,3.7000000000e+01,1.1000000000e+01,5.2871980667e+00
1.0000000000e+03,3.7000000000e+01,1.2000000000e+01,5.7222580910e+00
1.0000000000e+03,3.7000000000e+01,1.3000000000e+01,6.1468124390e+00
1.0000000000e+03,3.7000000000e+01,1.4000000000e+01,6.5607662201e+00
1.0000000000e+03,3.7000000000e+01,1.5000000000e+01,6.9644255638e+00
1.0000000000e+03,3.7000000000e+01,1.6000000000e+01,7.3583402634e+00
1.0000000000e+03,3.7000000000e+01,1.7000000000e+01,7.7431964874e+00
1.0000000000e+03,3.7000000000e+01,1.8000000000e+01,8.1197547913e+00
1.0000000000e+03,3.7000000000e+01,1.9000000000e+01,8.4887981415e+00
1.0000000000e+03,3.7000000000e+01,2.0000000000e+01,8.8511095047e+00
1.0000000000e+03,3.7000000000e+01,2.1000000000e+01,9.2074422836e+00
1.0000000000e+03,3.7000000000e+01,2.2000000000e+01,9.5585250854e+00
1.0000000000e+03,3.7000000000e+01,2.3000000000e+01,9.9050445557e+00
1.0000000000e+03,3.7000000000e+01,2.4000000000e+01,1.0247641563e+01
1.0000000000e+03,3.7000000000e+01,2.5000000000e+01,1.0586922646e+01
1.0000000000e+03,3.7000000000e+01,2.6000000000e+01,1.0923443794e+01
1.0000000000e+03,3.7000000000e+01,2.7000000000e+01,1.1257728577e+01
1.0000000000e+03,3.7000000000e+01,2.8000000000e+01,1.1590261459e+01
1.0000000000e+03,3.7000000000e+01,2.9000000000e+01,1.1921486855e+01
1.0000000000e+03,3.7000000000e+01,3.0000000000e+01,1.2251820564e+01
1.0000000000e+03,3.7000000000e+01,3.1000000000e+01,1.2581648827e+01
1.0000000000e+03,5.2000000000e+01,0.0000000000e+00,1.9957630634e+00
1.0000000000e+03,5.2000000000e+01,1.0000000000e+00,1.4871480465e+00
1.0000000000e+03,5.2000000000e+01,2.0000000000e+00,1.4753600359e+00
1.0000000000e+03,5.2000000000e+01,3.0000000000e+00,1.6891493797e+00
1.0000000000e+03,5.2000000000e+01,4.0000000000e+00,2.0133340359e+00
1.0000000000e+03,5.2000000000e+01,5.0000000000e+00,2.4077205658e+00
1.0000000000e+03,5.2000000000e+01,6.0000000000e+00,2.8493311405e+00
1.0000000000e+03,5.2000000000e+01,7.0000000000e+00,3.3234148026e+00
1.0000000000e+03,5.2000000000e+01,8.0000000000e+00,3.8192198277e+00
1.0000000000e+03,5.2000000000e+01,9.0000000000e+00,4.3288478851e+00
1.0000000000e+03,5.2000000000e+01,1.0000000000e+01,4.8463201523e+00
1.0000000000e+03,5.2000000000e+01,1.1000000000e+01,5.3671941757e+00
1.0000000000e+03,5.2000000000e+01,1.2000000000e+01,5.8881382942e+00
1.0000000000e+03,5.2000000000e+01,1.3000000000e+01,6.4067473412e+00
1.0000000000e+03,5.2000000000e+01,1.4000000000e+01,6.9212818146e+00
1.0000000000e+03,5.2000000000e+01,1.5000000000e+01,7.4305539131e+00
1.0000000000e+03,5.2000000000e+01,1.6000000000e+01,7.9337744713e+00
1.0000000000e+03,5.2000000000e+01,1.7000000000e+01,8.4304733276e+00
1.0000000000e+03,5.2000000000e+01,1.8000000000e+01,8.9204139709e+00
1.0000000000e+03,5.2000000000e+01,1.9000000000e+01,9.4035377502e+00
1.0000000000e+03,5.2000000000e+01,2.0000000000e+01,9.8799180984e+00
1.0000000000e+03,5.2000000000e+01,2.1000000000e+01,1.0349727631e+01
1.0000000000e+03,5.2000000000e+01,2.2000000000e+01,1.0813202858e+01
1.0000000000e+03,5.2000000000e+01,2.3000000000e+01,1.1270633698e+01
1.0000000000e+03,5.2000000000e+01,2.4000000000e+01,1.1722337723e+01
1.0000000000e+03,5.2000000000e+01,2.5000000000e+01,1.2168661118e+01
1.0000000000e+03,5.2000000000e+01,2.6000000000e+01,1.2609951019e+01
1.0000000000e+03,5.2000000000e+01,2.7000000000e+01,1.3046564102e+01
1.0000000000e+03,5.2000000000e+01,2.8000000000e+01,1.3478857040e+01
1.0000000000e+03,5.2000000000e+01,2.9000000000e+01,1.3907179832e+01
1.0000000000e+03,5.2000000000e+01,3.0000000000e+01,1.4331875801e+01
1.0000000000e+03,5.2000000000e+01,3.1000000000e+01,1.4753280640e+01
1.0000000000e+03,7.2000000000e+01,0.0000000000e+00,2.0088658333e+00
1.0000000000e+03,7.2000000000e+01,1.0000000000e+00,1.5840655565e+00
1.0000000000e+03,7.2000000000e+01,2.0000000000e+00,1.5973579884e+00
1.0000000000e+03,7.2000000000e+01,3.0000000000e+00,1.7692573071e+00
1.0000000000e+03,7.2000000000e+01,4.0000000000e+00,2.0091898441e+00
1.0000000000e+03,7.2000000000e+01,5.0000000000e+00,2.2896163464e+00
1.0000000000e+03,7.2000000000e+01,6.0000000000e+00,2.5967895985e+00
1.0000000000e+03,7.2000000000e+01,7.0000000000e+00,2.9231050014e+00
1.0000000000e+03,7.2000000000e+01,8.0000000000e+00,3.2633450031e+00
1.0000000000e+03,7.2000000000e+01,9.0000000000e+00,3.6138882637e+00
1.0000000000e+03,7.2000000000e+01,1.0000000000e+01,3.9720089436e+00
1.0000000000e+03,7.2000000000e+01,1.1000000000e+01,4.3356299400e+00
1.0000000000e+03,7.2000000000e+01,1.2000000000e+01,4.7031283379e+00
1.0000000000e+03,7.2000000000e+01,1.3000000000e+01,5.0732250214e+00
1.0000000000e+03,7.2000000000e+01,1.4000000000e+01,5.4449081421e+00
1.0000000000e+03,7.2000000000e+01,1.5000000000e+01,5.8173737526e+00
1.0000000000e+03,7.2000000000e+01,1.6000000000e+01,6.1899838448e+00
1.0000000000e+03,7.2000000000e+01,1.7000000000e+01,6.5622382164e+00
1.0000000000e+03,7.2000000000e+01,1.8000000000e+01,6.9337477684e+00
1.0000000000e+03,7.2000000000e+01,1.9000000000e+01,7.3042101860e+00
1.0000000000e+03,7.2000000000e+01,2.0000000000e+01,7.6734008789e+00
1.0000000000e+03,7.2000000000e+01,2.1000000000e+01,8.0411548615e+00
1.0000000000e+03,7.2000000000e+01,2.2000000000e+01,8.4073562622e+00
1.0000000000e+03,7.2000000000e+01,2.3000000000e+01,8.7719306946e+00
1.0000000000e+03,7.2000000000e+01,2.4000000000e+01,9.1348400116e+00
1.0000000000e+03,7.2000000000e+01,2.5000000000e+01,9.4960718155e+00
1.0000000000e+03,7.2000000000e+01,2.6000000000e+01,9.8556365967e+00
1.0000000000e+03,7.2000000000e+01,2.7000000000e+01,1.0213562965e+01
1.0000000000e+03,7.2000000000e+01,2.8000000000e+01,1.0569895744e+01
1.0000000000e+03,7.2000000000e+01,2.9000000000e+01,1.0924691200e+01
1.0000000000e+03,7.2000000000e+01,3.0000000000e+01,1.1278013229e+01
1.0000000000e+03,7.2000000000e+01,3.1000000000e+01,1.1629939079e+01
1.0000000000e+03,1.0000000000e+02,0.0000000000e+00,1.9948629141e+00
1.0000000000e+03,1.0000000000e+02,1.0000000000e+00,1.2956991196e+00
1.0000000000e+03,1.0000000000e+02,2.0000000000e+00,1.1805239916e+00
1.0000000000e+03,1.0000000000e+02,3.0000000000e+00,1.2664998770e+00
1.0000000000e+03,1.0000000000e+02,4.0000000000e+00,1.4243171215e+00
1.0000000000e+03,1.0000000000e+02,5.0000000000e+00,1.6169975996e+00
1.0000000000e+03,1.0000000000e+02,6.0000000000e+00,1.8288109303e+00
1.0000000000e+03,1.0000000000e+02,7.0000000000e+00,2.0517063141e+00
1.0000000000e+03,1.0000000000e+02,8.0000000000e+00,2.2811882496e+00
1.0000000000e+03,1.0000000000e+02,9.0000000000e+00,2.5144073963e+00
1.0000000000e+03,1.0000000000e+02,1.0000000000e+01,2.7496399879e+00
1.0000000000e+03,1.0000000000e+02,1.1000000000e+01,2.9856522083e+00
1.0000000000e+03,1.0000000000e+02,1.2000000000e+01,3.2216877937e+00
1.0000000000e+03,1.0000000000e+02,1.3000000000e+01,3.4571580887e+00
1.0000000000e+03,1.0000000000e+02,1.4000000000e+01,3.6917123795e+00
1.0000000000e+03,1.0000000000e+02,1.5000000000e+01,3.9250605106e+00
1.0000000000e+03,1.0000000000e+02,1.6000000000e+01,4.1570439339e+00
1.0000000000e+03,1.0000000000e+02,1.7000000000e+01,4.3875274658e+00
1.0000000000e+03,1.0000000000e+02,1.8000000000e+01,4.6164474487e+00
1.0000000000e+03,1.0000000000e+02,1.9000000000e+01,4.8437542915e+00
1.0000000000e+03,1.0000000000e+02,2.0000000000e+01,5.0694375038e+00
1.0000000000e+03,1.0000000000e+02,2.1000000000e+01,5.2934937477e+00
1.0000000000e+03,1.0000000000e+02,2.2000000000e+01,5.5159420967e+00
1.0000000000e+03,1.0000000000e+02,2.3000000000e+01,5.7368063927e+00
1.0000000000e+03,1.0000000000e+02,2.4000000000e+01,5.9561219215e+00
1.0000000000e+03,1.0000000000e+02,2.5000000000e+01,6.1739277840e+00
1.0000000000e+03,1.0000000000e+02,2.6000000000e+01,6.3902683258e+00
1.0000000000e+03,1.0000000000e+02,2.7000000000e+01,6.6051921844e+00
1.0000000000e+03,1.0000000000e+02,2.8000000000e+01,6.8187479973e+00
1.0000000000e+03,1.0000000000e+02,2.9000000000e+01,7.0309867859e+00
1.0000000000e+03,1.0000000000e+02,3.0000000000e+01,7.2419605255e+00
1.0000000000e+03,1.0000000000e+02,3.1000000000e+01,7.4517202377e+00
1.0000000000e+03,1.3900000000e+02,0.0000000000e+00,2.0056328773e+00
1.0000000000e+03,1.3900000000e+02,1.0000000000e+00,1.1408672333e+00
1.0000000000e+03,1.3900000000e+02,2.0000000000e+00,9.6026003361e-01
1.0000000000e+03,1.3900000000e+02,3.0000000000e+00,9.9010598660e-01
1.0000000000e+03,1.3900000000e+02,4.0000000000e+00,1.0816365480e+00
1.0000000000e+03,1.3900000000e+02,5.0000000000e+00,1.1968200207e+00
1.0000000000e+03,1.3900000000e+02,6.0000000000e+00,1.3202732801e+00
1.0000000000e+03,1.3900000000e+02,7.0000000000e+00,1.4453712702e+00
1.0000000000e+03,1.3900000000e+02,8.0000000000e+00,1.5688283443e+00
1.0000000000e+03,1.3900000000e+02,9.0000000000e+00,1.6890767813e+00
1.0000000000e+03,1.3900000000e+02,1.0000000000e+01,1.8053640127e+00
1.0000000000e+03,1.3900000000e+02,1.1000000000e+01,1.9174110889e+00
1.0000000000e+03,1.3900000000e+02,1.2000000000e+01,2.0251789093e+00
1.0000000000e+03,1.3900000000e+02,1.3000000000e+01,2.1287760735e+00
1.0000000000e+03,1.3900000000e+02,1.4000000000e+01,2.2283811569e+00
1.0000000000e+03,1.3900000000e+02,1.5000000000e+01,2.3242166042e+00
1.0000000000e+03,1.3900000000e+02,1.6000000000e+01,2.4165191650e+00
1.0000000000e+03,1.3900000000e+02,1.7000000000e+01,2.5055317879e+00
1.0000000000e+03,1.3900000000e+02,1.8000000000e+01,2.5914926529e+00
1.0000000000e+03,1.3900000000e+02,1.9000000000e+01,2.6746318340e+00
1.0000000000e+03,1.3900000000e+02,2.0000000000e+01,2.7551689148e+00
1.0000000000e+03,1.3900000000e+02,2.1000000000e+01,2.8333122730e+00
1.0000000000e+03,1.3900000000e+02,2.2000000000e+01,2.9092571735e+00
1.0000000000e+03,1.3900000000e+02,2.3000000000e+01,2.9831862450e+00
1.0000000000e+03,1.3900000000e+02,2.4000000000e+01,3.0552716255e+00
1.0000000000e+03,1.3900000000e+02,2.5000000000e+01,3.1256725788e+00
1.0000000000e+03,1.3900000000e+02,2.6000000000e+01,3.1945393085e+00
1.0000000000e+03,1.3900000000e+02,2.7000000000e+01,3.2620091438e+00
1.0000000000e+03,1.3900000000e+02,2.8000000000e+01,3.3282129765e+00
1.0000000000e+03,1.3900000000e+02,2.9000000000e+01,3.3932707310e+00
1.0000000000e+03,1.3900000000e+02,3.0000000000e+01,3.4572951794e+00
1.0000000000e+03,1.3900000000e+02,3.1000000000e+01,3.5203912258e+00
1.0000000000e+03,1.9300000000e+02,0.0000000000e+00,1.9909958839e+00
1.0000000000e+03,1.9300000000e+02,1.0000000000e+00,9.0682739019e-01
1.0000000000e+03,1.9300000000e+02,2.0000000000e+00,6.5527039766e-01
1.0000000000e+03,1.9300000000e+02,3.0000000000e+00,6.3597846031e-01
1.0000000000e+03,1.9300000000e+02,4.0000000000e+00,6.7646312714e-01
1.0000000000e+03,1.9300000000e+02,5.0000000000e+00,7.3566114902e-01
1.0000000000e+03,1.9300000000e+02,6.0000000000e+00,7.9897826910e-01
1.0000000000e+03,1.9300000000e+02,7.0000000000e+00,8.6079496145e-01
1.0000000000e+03,1.9300000000e+02,8.0000000000e+00,9.1886502504e-01
1.0000000000e+03,1.9300000000e+02,9.0000000000e+00,9.7243493795e-01
1.0000000000e+03,1.9300000000e+02,1.0000000000e+01,1.0214035511e+00
1.0000000000e+03,1.9300000000e+02,1.1000000000e+01,1.0659701824e+00
1.0000000000e+03,1.9300000000e+02,1.2000000000e+01,1.1064573526e+00
1.0000000000e+03,1.9300000000e+02,1.3000000000e+01,1.1432285309e+00
1.0000000000e+03,1.9300000000e+02,1.4000000000e+01,1.1766470671e+00
1.0000000000e+03,1.9300000000e+02,1.5000000000e+01,1.2070564032e+00
1.0000000000e+03,1.9300000000e+02,1.6000000000e+01,1.2347720861e+00
1.0000000000e+03,1.9300000000e+02,1.7000000000e+01,1.2600790262e+00
1.0000000000e+03,1.9300000000e+02,1.8000000000e+01,1.2832325697e+00
1.0000000000e+03,1.9300000000e+02,1.9000000000e+01,1.3044595718e+00
1.0000000000e+03,1.9300000000e+02,2.0000000000e+01,1.3239612579e+00
1.0000000000e+03,1.9300000000e+02,2.1000000000e+01,1.3419164419e+00
1.0000000000e+03,1.9300000000e+02,2.2000000000e+01,1.3584821224e+00
1.0000000000e+03,1.9300000000e+02,2.3000000000e+01,1.3737983704e+00
1.0000000000e+03,1.9300000000e+02,2.4000000000e+01,1.3879886866e+00
1.0000000000e+03,1.9300000000e+02,2.5000000000e+01,1.4011631012e+00
1.0000000000e+03,1.9300000000e+02,2.6000000000e+01,1.4134185314e+00
1.0000000000e+03,1.9300000000e+02,2.7000000000e+01,1.4248415232e+00
1.0000000000e+03,1.9300000000e+02,2.8000000000e+01,1.4355094433e+00
1.0000000000e+03,1.9300000000e+02,2.9000000000e+01,1.4454911947e+00
1.0000000000e+03,1.9300000000e+02,3.0000000000e+01,1.4548479319e+00
1.0000000000e+03,1.9300000000e+02,3.1000000000e+01,1.4636350870e+00
1.0000000000e+03,2.6800000000e+02,0.0000000000e+00,2.0016617775e+00
1.0000000000e+03,2.6800000000e+02,1.0000000000e+00,8.0982947350e-01
1.0000000000e+03,2.6800000000e+02,2.0000000000e+00,5.4077792168e-01
1.0000000000e+03,2.6800000000e+02,3.0000000000e+00,5.0419706106e-01
1.0000000000e+03,2.6800000000e+02,4.0000000000e+00,5.1856553555e-01
1.0000000000e+03,2.6800000000e+02,5.0000000000e+00,5.4561263323e-01
1.0000000000e+03,2.6800000000e+02,6.0000000000e+00,5.7383084297e-01
1.0000000000e+03,2.6800000000e+02,7.0000000000e+00,5.9972947836e-01
1.0000000000e+03,2.6800000000e+02,8.0000000000e+00,6.2247115374e-01
1.0000000000e+03,2.6800000000e+02,9.0000000000e+00,6.4216381311e-01
1.0000000000e+03,2.6800000000e+02,1.0000000000e+01,6.5921920538e-01
1.0000000000e+03,2.6800000000e+02,1.1000000000e+01,6.7411118746e-01
1.0000000000e+03,2.6800000000e+02,1.2000000000e+01,6.8728530407e-01
1.0000000000e+03,2.6800000000e+02,1.3000000000e+01,6.9912886620e-01
1.0000000000e+03,2.6800000000e+02,1.4000000000e+01,7.0996659994e-01
1.0000000000e+03,2.6800000000e+02,1.5000000000e+01,7.2006511688e-01
1.0000000000e+03,2.6800000000e+02,1.6000000000e+01,7.2964090109e-01
1.0000000000e+03,2.6800000000e+02,1.7000000000e+01,7.3886895180e-01
1.0000000000e+03,2.6800000000e+02,1.8000000000e+01,7.4788987637e-01
1.0000000000e+03,2.6800000000e+02,1.9000000000e+01,7.5681644678e-01
1.0000000000e+03,2.6800000000e+02,2.0000000000e+01,7.6573944092e-01
1.0000000000e+03,2.6800000000e+02,2.1000000000e+01,7.7473121881e-01
1.0000000000e+03,2.6800000000e+02,2.2000000000e+01,7.8385031223e-01
1.0000000000e+03,2.6800000000e+02,2.3000000000e+01,7.9314309359e-01
1.0000000000e+03,2.6800000000e+02,2.4000000000e+01,8.0264711380e-01
1.0000000000e+03,2.6800000000e+02,2.5000000000e+01,8.1239235401e-01
1.0000000000e+03,2.6800000000e+02,2.6000000000e+01,8.2240277529e-01
1.0000000000e+03,2.6800000000e+02,2.7000000000e+01,8.3269757032e-01
1.0000000000e+03,2.6800000000e+02,2.8000000000e+01,8.4329199791e-01
1.0000000000e+03,2.6800000000e+02,2.9000000000e+01,8.5419851542e-01
1.0000000000e+03,2.6800000000e+02,3.0000000000e+01,8.6542636156e-01
1.0000000000e+03,2.6800000000e+02,3.1000000000e+01,8.7698346376e-01
1.0000000000e+03,3.7300000000e+02,0.0000000000e+00,1.9964739084e+00
1.0000000000e+03,3.7300000000e+02,1.0000000000e+00,6.6940146685e-01
1.0000000000e+03,3.7300000000e+02,2.0000000000e+00,3.7329709530e-01
1.0000000000e+03,3.7300000000e+02,3.0000000000e+00,3.1948086619e-01
1.0000000000e+03,3.7300000000e+02,4.0000000000e+00,3.1626969576e-01
1.0000000000e+03,3.7300000000e+02,5.0000000000e+00,3.2568413019e-01
1.0000000000e+03,3.7300000000e+02,6.0000000000e+00,3.3748072386e-01
1.0000000000e+03,3.7300000000e+02,7.0000000000e+00,3.4883272648e-01
1.0000000000e+03,3.7300000000e+02,8.0000000000e+00,3.5910746455e-01
1.0000000000e+03,3.7300000000e+02,9.0000000000e+00,3.6832657456e-01
1.0000000000e+03,3.7300000000e+02,1.0000000000e+01,3.7667334080e-01
1.0000000000e+03,3.7300000000e+02,1.1000000000e+01,3.8433670998e-01
1.0000000000e+03,3.7300000000e+02,1.2000000000e+01,3.9146918058e-01
1.0000000000e+03,3.7300000000e+02,1.3000000000e+01,3.9818245173e-01
1.0000000000e+03,3.7300000000e+02,1.4000000000e+01,4.0455389023e-01
1.0000000000e+03,3.7300000000e+02,1.5000000000e+01,4.1063553095e-01
1.0000000000e+03,3.7300000000e+02,1.6000000000e+01,4.1646146774e-01
1.0000000000e+03,3.7300000000e+02,1.7000000000e+01,4.2205348611e-01
1.0000000000e+03,3.7300000000e+02,1.8000000000e+01,4.2742559314e-01
1.0000000000e+03,3.7300000000e+02,1.9000000000e+01,4.3258693814e-01
1.0000000000e+03,3.7300000000e+02,2.0000000000e+01,4.3754377961e-01
1.0000000000e+03,3.7300000000e+02,2.1000000000e+01,4.4230085611e-01
1.0000000000e+03,3.7300000000e+02,2.2000000000e+01,4.4686222076e-01
1.0000000000e+03,3.7300000000e+02,2.3000000000e+01,4.5123183727e-01
1.0000000000e+03,3.7300000000e+02,2.4000000000e+01,4.5541381836e-01
1.0000000000e+03,3.7300000000e+02,2.5000000000e+01,4.5941245556e-01
1.0000000000e+03,3.7300000000e+02,2.6000000000e+01,4.6323266625e-01
1.0000000000e+03,3.7300000000e+02,2.7000000000e+01,4.6687945724e-01
1.0000000000e+03,3.7300000000e+02,2.8000000000e+01,4.7035828233e-01
1.0000000000e+03,3.7300000000e+02,2.9000000000e+01,4.7367486358e-01
1.0000000000e+03,3.7300000000e+02,3.0000000000e+01,4.7683525085e-01
1.0000000000e+03,3.7300000000e+02,3.1000000000e+01,4.7984543443e-01
1.0000000000e+03,5.1800000000e+02,0.0000000000e+00,2.0166594982e+00
1.0000000000e+03,5.1800000000e+02,1.0000000000e+00,5.9834825993e-01
1.0000000000e+03,5.1800000000e+02,2.0000000000e+00,3.1801849604e-01
1.0000000000e+03,5.1800000000e+02,3.0000000000e+00,2.7644658089e-01
1.0000000000e+03,5.1800000000e+02,4.0000000000e+00,2.7738884091e-01
1.0000000000e+03,5.1800000000e+02,5.0000000000e+00,2.8685748577e-01
1.0000000000e+03,5.1800000000e+02,6.0000000000e+00,2.9724407196e-01
1.0000000000e+03,5.1800000000e+02,7.0000000000e+00,3.0705681443e-01
1.0000000000e+03,5.1800000000e+02,8.0000000000e+00,3.1633082032e-01
1.0000000000e+03,5.1800000000e+02,9.0000000000e+00,3.2543331385e-01
1.0000000000e+03,5.1800000000e+02,1.0000000000e+01,3.3474099636e-01
1.0000000000e+03,5.1800000000e+02,1.1000000000e+01,3.4456360340e-01
1.0000000000e+03,5.1800000000e+02,1.2000000000e+01,3.5513892770e-01
1.0000000000e+03,5.1800000000e+02,1.3000000000e+01,3.6664521694e-01
1.0000000000e+03,5.1800000000e+02,1.4000000000e+01,3.7921646237e-01
1.0000000000e+03,5.1800000000e+02,1.5000000000e+01,3.9295452833e-01
1.0000000000e+03,5.1800000000e+02,1.6000000000e+01,4.0793895721e-01
1.0000000000e+03,5.1800000000e+02,1.7000000000e+01,4.2423346639e-01
1.0000000000e+03,5.1800000000e+02,1.8000000000e+01,4.4189143181e-01
1.0000000000e+03,5.1800000000e+02,1.9000000000e+01,4.6095898747e-01
1.0000000000e+03,5.1800000000e+02,2.0000000000e+01,4.8147714138e-01
1.0000000000e+03,5.1800000000e+02,2.1000000000e+01,5.0348401070e-01
1.0000000000e+03,5.1800000000e+02,2.2000000000e+01,5.2701568604e-01
1.0000000000e+03,5.1800000000e+02,2.3000000000e+01,5.5210673809e-01
1.0000000000e+03,5.1800000000e+02,2.4000000000e+01,5.7879132032e-01
1.0000000000e+03,5.1800000000e+02,2.5000000000e+01,6.0710304976e-01
1.0000000000e+03,5.1800000000e+02,2.6000000000e+01,6.3707548380e-01
1.0000000000e+03,5.1800000000e+02,2.7000000000e+01,6.6874229908e-01
1.0000000000e+03,5.1800000000e+02,2.8000000000e+01,7.0213711262e-01
1.0000000000e+03,5.1800000000e+02,2.9000000000e+01,7.3729419708e-01
1.0000000000e+03,5.1800000000e+02,3.0000000000e+01,7.7424776554e-01
1.0000000000e+03,5.1800000000e+02,3.1000000000e+01,8.1303274632e-01
1.0000000000e+03,7.2000000000e+02,0.0000000000e+00,2.0038568974e+00
1.0000000000e+03,7.2000000000e+02,1.0000000000e+00,5.2070981264e-01
1.0000000000e+03,7.2000000000e+02,2.0000000000e+00,2.7103647590e-01
1.0000000000e+03,7.2000000000e+02,3.0000000000e+00,2.4065798521e-01
1.0000000000e+03,7.2000000000e+02,4.0000000000e+00,2.4206843972e-01
1.0000000000e+03,7.2000000000e+02,5.0000000000e+00,2.4773073196e-01
1.0000000000e+03,7.2000000000e+02,6.0000000000e+00,2.5303697586e-01
1.0000000000e+03,7.2000000000e+02,7.0000000000e+00,2.5763860345e-01
1.0000000000e+03,7.2000000000e+02,8.0000000000e+00,2.6193091273e-01
1.0000000000e+03,7.2000000000e+02,9.0000000000e+00,2.6632672548e-01
1.0000000000e+03,7.2000000000e+02,1.0000000000e+01,2.7113798261e-01
1.0000000000e+03,7.2000000000e+02,1.1000000000e+01,2.7658468485e-01
1.0000000000e+03,7.2000000000e+02,1.2000000000e+01,2.8282311559e-01
1.0000000000e+03,7.2000000000e+02,1.3000000000e+01,2.8996917605e-01
1.0000000000e+03,7.2000000000e+02,1.4000000000e+01,2.9811450839e-01
1.0000000000e+03,7.2000000000e+02,1.5000000000e+01,3.0733686686e-01
1.0000000000e+03,7.2000000000e+02,1.6000000000e+01,3.1770664454e-01
1.0000000000e+03,7.2000000000e+02,1.7000000000e+01,3.2929071784e-01
1.0000000000e+03,7.2000000000e+02,1.8000000000e+01,3.4215500951e-01
1.0000000000e+03,7.2000000000e+02,1.9000000000e+01,3.5636574030e-01
1.0000000000e+03,7.2000000000e+02,2.0000000000e+01,3.7199044228e-01
1.0000000000e+03,7.2000000000e+02,2.1000000000e+01,3.8909855485e-01
1.0000000000e+03,7.2000000000e+02,2.2000000000e+01,4.0776190162e-01
1.0000000000e+03,7.2000000000e+02,2.3000000000e+01,4.2805445194e-01
1.0000000000e+03,7.2000000000e+02,2.4000000000e+01,4.5005315542e-01
1.0000000000e+03,7.2000000000e+02,2.5000000000e+01,4.7383773327e-01
1.0000000000e+03,7.2000000000e+02,2.6000000000e+01,4.9949052930e-01
1.0000000000e+03,7.2000000000e+02,2.7000000000e+01,5.2709734440e-01
1.0000000000e+03,7.2000000000e+02,2.8000000000e+01,5.5674707890e-01
1.0000000000e+03,7.2000000000e+02,2.9000000000e+01,5.8853155375e-01
1.0000000000e+03,7.2000000000e+02,3.0000000000e+01,6.2254631519e-01
1.0000000000e+03,7.2000000000e+02,3.1000000000e+01,6.5889018774e-01
1.0000000000e+03,1.0000000000e+03,0.0000000000e+00,1.9953547716e+00
1.0000000000e+03,1.0000000000e+03,1.0000000000e+00,4.1544154286e-01
1.0000000000e+03,1.0000000000e+03,2.0000000000e+00,1.7168021202e-01
1.0000000000e+03,1.0000000000e+03,3.0000000000e+00,1.4488254488e-01
1.0000000000e+03,1.0000000000e+03,4.0000000000e+00,1.4588491619e-01
1.0000000000e+03,1.0000000000e+03,5.0000000000e+00,1.4954259992e-01
1.0000000000e+03,1.0000000000e+03,6.0000000000e+00,1.5224750340e-01
1.0000000000e+03,1.0000000000e+03,7.0000000000e+00,1.5388068557e-01
1.0000000000e+03,1.0000000000e+03,8.0000000000e+00,1.5479969978e-01
1.0000000000e+03,1.0000000000e+03,9.0000000000e+00,1.5529893339e-01
1.0000000000e+03,1.0000000000e+03,1.0000000000e+01,1.5556478500e-01
1.0000000000e+03,1.0000000000e+03,1.1000000000e+01,1.5570521355e-01
1.0000000000e+03,1.0000000000e+03,1.2000000000e+01,1.5578012168e-01
1.0000000000e+03,1.0000000000e+03,1.3000000000e+01,1.5582159162e-01
1.0000000000e+03,1.0000000000e+03,1.4000000000e+01,1.5584653616e-01
1.0000000000e+03,1.0000000000e+03,1.5000000000e+01,1.5586361289e-01
1.0000000000e+03,1.0000000000e+03,1.6000000000e+01,1.5587711334e-01
1.0000000000e+03,1.0000000000e+03,1.7000000000e+01,1.5588906407e-01
1.0000000000e+03,1.0000000000e+03,1.8000000000e+01,1.5590050817e-01
1.0000000000e+03,1.0000000000e+03,1.9000000000e+01,1.5591177344e-01
1.0000000000e+03,1.0000000000e+03,2.0000000000e+01,1.5592306852e-01
1.0000000000e+03,1.0000000000e+03,2.1000000000e+01,1.5593445301e-01
1.0000000000e+03,1.0000000000e+03,2.2000000000e+01,1.5594591200e-01
1.0000000000e+03,1.0000000000e+03,2.3000000000e+01,1.5595740080e-01
1.0000000000e+03,1.0000000000e+03,2.4000000000e+01,1.5596897900e-01
1.0000000000e+03,1.0000000000e+03,2.5000000000e+01,1.5598058701e-01
1.0000000000e+03,1.0000000000e+03,2.6000000000e+01,1.5599222481e-01
1.0000000000e+03,1.0000000000e+03,2.7000000000e+01,1.5600389242e-01
1.0000000000e+03,1.0000000000e+03,2.8000000000e+01,1.5601558983e-01
1.0000000000e+03,1.0000000000e+03,2.9000000000e+01,1.5602730215e-01
1.0000000000e+03,1.0000000000e+03,3.0000000000e+01,1.5603904426e-01
1.0000000000e+03,1.0000000000e+03,3.1000000000e+01,1.5605080128e-01
1.3890000000e+03,1.0000000000e+01,0.0000000000e+00,1.9979956150e+00
1.3890000000e+03,1.0000000000e+01,1.0000000000e+00,1.8964533806e+00
1.3890000000e+03,1.0000000000e+01,2.0000000000e+00,1.9650107622e+00
1.3890000000e+03,1.0000000000e+01,3.0000000000e+00,2.0941190720e+00
1.3890000000e+03,1.0000000000e+01,4.0000000000e+00,2.2298026085e+00
1.3890000000e+03,1.0000000000e+01,5.0000000000e+00,2.3571591377e+00
1.3890000000e+03,1.0000000000e+01,6.0000000000e+00,2.4738790989e+00
1.3890000000e+03,1.0000000000e+01,7.0000000000e+00,2.5813498497e+00
1.3890000000e+03,1.0000000000e+01,8.0000000000e+00,2.6816725731e+00
1.3890000000e+03,1.0000000000e+01,9.0000000000e+00,2.7767996788e+00
1.3890000000e+03,1.0000000000e+01,1.0000000000e+01,2.8683502674e+00
1.3890000000e+03,1.0000000000e+01,1.1000000000e+01,2.9576189518e+00
1.3890000000e+03,1.0000000000e+01,1.2000000000e+01,3.0456328392e+00
1.3890000000e+03,1.0000000000e+01,1.3000000000e+01,3.1332080364e+00
1.3890000000e+03,1.0000000000e+01,1.4000000000e+01,3.2209987640e+00
1.3890000000e+03,1.0000000000e+01,1.5000000000e+01,3.3095326424e+00
1.3890000000e+03,1.0000000000e+01,1.6000000000e+01,3.3992407322e+00
1.3890000000e+03,1.0000000000e+01,1.7000000000e+01,3.4904775620e+00
1.3890000000e+03,1.0000000000e+01,1.8000000000e+01,3.5835390091e+00
1.3890000000e+03,1.0000000000e+01,1.9000000000e+01,3.6786711216e+00
1.3890000000e+03,1.0000000000e+01,2.0000000000e+01,3.7760825157e+00
1.3890000000e+03,1.0000000000e+01,2.1000000000e+01,3.8759505749e+00
1.3890000000e+03,1.0000000000e+01,2.2000000000e+01,3.9784271717e+00
1.3890000000e+03,1.0000000000e+01,2.3000000000e+01,4.0836429596e+00
1.3890000000e+03,1.0000000000e+01,2.4000000000e+01,4.1917109489e+00
1.3890000000e+03,1.0000000000e+01,2.5000000000e+01,4.3027305603e+00
1.3890000000e+03,1.0000000000e+01,2.6000000000e+01,4.4167871475e+00
1.3890000000e+03,1.0000000000e+01,2.7000000000e+01,4.5339560509e+00
1.3890000000e+03,1.0000000000e+01,2.8000000000e+01,4.6543049812e+00
1.3890000000e+03,1.0000000000e+01,2.9000000000e+01,4.7778925896e+00
1.3890000000e+03,1.0000000000e+01,3.0000000000e+01,4.9047713280e+00
1.3890000000e+03,1.0000000000e+01,3.1000000000e+01,5.0349879265e+00
1.3890000000e+03,1.4000000000e+01,0.0000000000e+00,1.9977158308e+00
1.3890000000e+03,1.4000000000e+01,1.0000000000e+00,1.8501045704e+00
1.3890000000e+03,1.4000000000e+01,2.0000000000e+00,1.9180902243e+00
1.3890000000e+03,1.4000000000e+01,3.0000000000e+00,2.0782320499e+00
1.3890000000e+03,1.4000000000e+01,4.0000000000e+00,2.2656855583e+00
1.3890000000e+03,1.4000000000e+01,5.0000000000e+00,2.4539899826e+00
1.3890000000e+03,1.4000000000e+01,6.0000000000e+00,2.6334686279e+00
1.3890000000e+03,1.4000000000e+01,7.0000000000e+00,2.8018808365e+00
1.3890000000e+03,1.4000000000e+01,8.0000000000e+00,2.9598965645e+00
1.3890000000e+03,1.4000000000e+01,9.0000000000e+00,3.1091260910e+00
1.3890000000e+03,1.4000000000e+01,1.0000000000e+01,3.2513313293e+00
1.3890000000e+03,1.4000000000e+01,1.1000000000e+01,3.3881392479e+00
1.3890000000e+03,1.4000000000e+01,1.2000000000e+01,3.5209641457e+00
1.3890000000e+03,1.4000000000e+01,1.3000000000e+01,3.6510004997e+00
1.3890000000e+03,1.4000000000e+01,1.4000000000e+01,3.7792513371e+00
1.3890000000e+03,1.4000000000e+01,1.5000000000e+01,3.9065544605e+00
1.3890000000e+03,1.4000000000e+01,1.6000000000e+01,4.0336127281e+00
1.3890000000e+03,1.4000000000e+01,1.7000000000e+01,4.1610164642e+00
1.3890000000e+03,1.4000000000e+01,1.8000000000e+01,4.2892656326e+00
1.3890000000e+03,1.4000000000e+01,1.9000000000e+01,4.4187850952e+00
1.3890000000e+03,1.4000000000e+01,2.0000000000e+01,4.5499391556e+00
1.3890000000e+03,1.4000000000e+01,2.1000000000e+01,4.6830396652e+00
1.3890000000e+03,1.4000000000e+01,2.2000000000e+01,4.8183569908e+00
1.3890000000e+03,1.4000000000e+01,2.3000000000e+01,4.9561252594e+00
1.3890000000e+03,1.4000000000e+01,2.4000000000e+01,5.0965485573e+00
1.3890000000e+03,1.4000000000e+01,2.5000000000e+01,5.2398071289e+00
1.3890000000e+03,1.4000000000e+01,2.6000000000e+01,5.3860592842e+00
1.3890000000e+03,1.4000000000e+01,2.7000000000e+01,5.5354442596e+00
1.3890000000e+03,1.4000000000e+01,2.8000000000e+01,5.6880846024e+00
1.3890000000e+03,1.4000000000e+01,2.9000000000e+01,5.8440928459e+00
1.3890000000e+03,1.4000000000e+01,3.0000000000e+01,6.0035653114e+00
1.3890000000e+03,1.4000000000e+01,3.1000000000e+01,6.1665911674e+00
1.3890000000e+03,1.9000000000e+01,0.0000000000e+00,1.9912508726e+00
1.3890000000e+03,1.9000000000e+01,1.0000000000e+00,1.7755172253e+00
1.3890000000e+03,1.9000000000e+01,2.0000000000e+00,1.8332422972e+00
1.3890000000e+03,1.9000000000e+01,3.0000000000e+00,2.0239999294e+00
1.3890000000e+03,1.9000000000e+01,4.0000000000e+00,2.2701189518e+00
1.3890000000e+03,1.9000000000e+01,5.0000000000e+00,2.5352416039e+00
1.3890000000e+03,1.9000000000e+01,6.0000000000e+00,2.8010916710e+00
1.3890000000e+03,1.9000000000e+01,7.0000000000e+00,3.0596163273e+00
1.3890000000e+03,1.9000000000e+01,8.0000000000e+00,3.3081507683e+00
1.3890000000e+03,1.9000000000e+01,9.0000000000e+00,3.5466446877e+00
1.3890000000e+03,1.9000000000e+01,1.0000000000e+01,3.7761917114e+00
1.3890000000e+03,1.9000000000e+01,1.1000000000e+01,3.9982948303e+00
1.3890000000e+03,1.9000000000e+01,1.2000000000e+01,4.2145175934e+00
1.3890000000e+03,1.9000000000e+01,1.3000000000e+01,4.4263343811e+00
1.3890000000e+03,1.9000000000e+01,1.4000000000e+01,4.6350736618e+00
1.3890000000e+03,1.9000000000e+01,1.5000000000e+01,4.8419060707e+00
1.3890000000e+03,1.9000000000e+01,1.6000000000e+01,5.0478515625e+00
1.3890000000e+03,1.9000000000e+01,1.7000000000e+01,5.2537946701e+00
1.3890000000e+03,1.9000000000e+01,1.8000000000e+01,5.4605002403e+00
1.3890000000e+03,1.9000000000e+01,1.9000000000e+01,5.6686344147e+00
1.3890000000e+03,1.9000000000e+01,2.0000000000e+01,5.8787717819e+00
1.3890000000e+03,1.9000000000e+01,2.1000000000e+01,6.0914149284e+00
1.3890000000e+03,1.9000000000e+01,2.2000000000e+01,6.3070039749e+00
1.3890000000e+03,1.9000000000e+01,2.3000000000e+01,6.5259218216e+00
1.3890000000e+03,1.9000000000e+01,2.4000000000e+01,6.7485070229e+00
1.3890000000e+03,1.9000000000e+01,2.5000000000e+01,6.9750580788e+00
1.3890000000e+03,1.9000000000e+01,2.6000000000e+01,7.2058386803e+00
1.3890000000e+03,1.9000000000e+01,2.7000000000e+01,7.4410834312e+00
1.3890000000e+03,1.9000000000e+01,2.8000000000e+01,7.6810011864e+00
1.3890000000e+03,1.9000000000e+01,2.9000000000e+01,7.9257760048e+00
1.3890000000e+03,1.9000000000e+01,3.0000000000e+01,8.1755781174e+00
1.3890000000e+03,1.9000000000e+01,3.1000000000e+01,8.4305543900e+00
1.3890000000e+03,2.7000000000e+01,0.0000000000e+00,2.0088641644e+00
1.3890000000e+03,2.7000000000e+01,1.0000000000e+00,1.7005602121e+00
1.3890000000e+03,2.7000000000e+01,2.0000000000e+00,1.7369517088e+00
1.3890000000e+03,2.7000000000e+01,3.0000000000e+00,1.9416086674e+00
1.3890000000e+03,2.7000000000e+01,4.0000000000e+00,2.2293658257e+00
1.3890000000e+03,2.7000000000e+01,5.0000000000e+00,2.5597968102e+00
1.3890000000e+03,2.7000000000e+01,6.0000000000e+00,2.9086666107e+00
1.3890000000e+03,2.7000000000e+01,7.0000000000e+00,3.2613554001e+00
1.3890000000e+03,2.7000000000e+01,8.0000000000e+00,3.6095914841e+00
1.3890000000e+03,2.7000000000e+01,9.0000000000e+00,3.9491593838e+00
1.3890000000e+03,2.7000000000e+01,1.0000000000e+01,4.2783288956e+00
1.3890000000e+03,2.7000000000e+01,1.1000000000e+01,4.5968151093e+00
1.3890000000e+03,2.7000000000e+01,1.2000000000e+01,4.9051318169e+00
1.3890000000e+03,2.7000000000e+01,1.3000000000e+01,5.2041964531e+00
1.3890000000e+03,2.7000000000e+01,1.4000000000e+01,5.4951062202e+00
1.3890000000e+03,2.7000000000e+01,1.5000000000e+01,5.7790002823e+00
1.3890000000e+03,2.7000000000e+01,1.6000000000e+01,6.0569911003e+00
1.3890000000e+03,2.7000000000e+01,1.7000000000e+01,6.3301305771e+00
1.3890000000e+03,2.7000000000e+01,1.8000000000e+01,6.5993857384e+00
1.3890000000e+03,2.7000000000e+01,1.9000000000e+01,6.8656439781e+00
1.3890000000e+03,2.7000000000e+01,2.0000000000e+01,7.1297073364e+00
1.3890000000e+03,2.7000000000e+01,2.1000000000e+01,7.3923001289e+00
1.3890000000e+03,2.7000000000e+01,2.2000000000e+01,7.6540737152e+00
1.3890000000e+03,2.7000000000e+01,2.3000000000e+01,7.9156150818e+00
1.3890000000e+03,2.7000000000e+01,2.4000000000e+01,8.1774501801e+00
1.3890000000e+03,2.7000000000e+01,2.5000000000e+01,8.4400548935e+00
1.3890000000e+03,2.7000000000e+01,2.6000000000e+01,8.7038574219e+00
1.3890000000e+03,2.7000000000e+01,2.7000000000e+01,8.9692430496e+00
1.3890000000e+03,2.7000000000e+01,2.8000000000e+01,9.2365589142e+00
1.3890000000e+03,2.7000000000e+01,2.9000000000e+01,9.5061235428e+00
1.3890000000e+03,2.7000000000e+01,3.0000000000e+01,9.7782211304e+00
1.3890000000e+03,2.7000000000e+01,3.1000000000e+01,1.0053112984e+01
1.3890000000e+03,3.7000000000e+01,0.0000000000e+00,1.9942300320e+00
1.3890000000e+03,3.7000000000e+01,1.0000000000e+00,1.5913983583e+00
1.3890000000e+03,3.7000000000e+01,2.0000000000e+00,1.6115826368e+00
1.3890000000e+03,3.7000000000e+01,3.0000000000e+00,1.8330404758e+00
1.3890000000e+03,3.7000000000e+01,4.0000000000e+00,2.1578774452e+00
1.3890000000e+03,3.7000000000e+01,5.0000000000e+00,2.5449528694e+00
1.3890000000e+03,3.7000000000e+01,6.0000000000e+00,2.9686493874e+00
1.3890000000e+03,3.7000000000e+01,7.0000000000e+00,3.4117305279e+00
1.3890000000e+03,3.7000000000e+01,8.0000000000e+00,3.8623707294e+00
1.3890000000e+03,3.7000000000e+01,9.0000000000e+00,4.3126769066e+00
1.3890000000e+03,3.7000000000e+01,1.0000000000e+01,4.7575860023e+00
1.3890000000e+03,3.7000000000e+01,1.1000000000e+01,5.1940445900e+00
1.3890000000e+03,3.7000000000e+01,1.2000000000e+01,5.6203861237e+00
1.3890000000e+03,3.7000000000e+01,1.3000000000e+01,6.0358867645e+00
1.3890000000e+03,3.7000000000e+01,1.4000000000e+01,6.4404411316e+00
1.3890000000e+03,3.7000000000e+01,1.5000000000e+01,6.8343396187e+00
1.3890000000e+03,3.7000000000e+01,1.6000000000e+01,7.2181167603e+00
1.3890000000e+03,3.7000000000e+01,1.7000000000e+01,7.5924501419e+00
1.3890000000e+03,3.7000000000e+01,1.8000000000e+01,7.9580836296e+00
1.3890000000e+03,3.7000000000e+01,1.9000000000e+01,8.3157939911e+00
1.3890000000e+03,3.7000000000e+01,2.0000000000e+01,8.6663484573e+00
1.3890000000e+03,3.7000000000e+01,2.1000000000e+01,9.0104970932e+00
1.3890000000e+03,3.7000000000e+01,2.2000000000e+01,9.3489561081e+00
1.3890000000e+03,3.7000000000e+01,2.3000000000e+01,9.6824016571e+00
1.3890000000e+03,3.7000000000e+01,2.4000000000e+01,1.0011470795e+01
1.3890000000e+03,3.7000000000e+01,2.5000000000e+01,1.0336760521e+01
1.3890000000e+03,3.7000000000e+01,2.6000000000e+01,1.0658825874e+01
1.3890000000e+03,3.7000000000e+01,2.7000000000e+01,1.0978178978e+01
1.3890000000e+03,3.7000000000e+01,2.8000000000e+01,1.1295300484e+01
1.3890000000e+03,3.7000000000e+01,2.9000000000e+01,1.1610630035e+01
1.3890000000e+03,3.7000000000e+01,3.0000000000e+01,1.1924581528e+01
1.3890000000e+03,3.7000000000e+01,3.1000000000e+01,1.2237531662e+01
1.3890000000e+03,5.2000000000e+01,0.0000000000e+00,2.0051496029e+00
1.3890000000e+03,5.2000000000e+01,1.0000000000e+00,1.4791785479e+00
1.3890000000e+03,5.2000000000e+01,2.0000000000e+00,1.4586399794e+00
1.3890000000e+03,5.2000000000e+01,3.0000000000e+00,1.6602228880e+00
1.3890000000e+03,5.2000000000e+01,4.0000000000e+00,1.9708430767e+00
1.3890000000e+03,5.2000000000e+01,5.0000000000e+00,2.3503668308e+00
1.3890000000e+03,5.2000000000e+01,6.0000000000e+00,2.7762207985e+00
1.3890000000e+03,5.2000000000e+01,7.0000000000e+00,3.2337059975e+00
1.3890000000e+03,5.2000000000e+01,8.0000000000e+00,3.7122395039e+00
1.3890000000e+03,5.2000000000e+01,9.0000000000e+00,4.2039942741e+00
1.3890000000e+03,5.2000000000e+01,1.0000000000e+01,4.7030982971e+00
1.3890000000e+03,5.2000000000e+01,1.1000000000e+01,5.2051529884e+00
1.3890000000e+03,5.2000000000e+01,1.2000000000e+01,5.7068958282e+00
1.3890000000e+03,5.2000000000e+01,1.3000000000e+01,6.2059426308e+00
1.3890000000e+03,5.2000000000e+01,1.4000000000e+01,6.7005891800e+00
1.3890000000e+03,5.2000000000e+01,1.5000000000e+01,7.1896576881e+00
1.3890000000e+03,5.2000000000e+01,1.6000000000e+01,7.6723713875e+00
1.3890000000e+03,5.2000000000e+01,1.7000000000e+01,8.1482610703e+00
1.3890000000e+03,5.2000000000e+01,1.8000000000e+01,8.6170873642e+00
1.3890000000e+03,5.2000000000e+01,1.9000000000e+01,9.0787916183e+00
1.3890000000e+03,5.2000000000e+01,2.0000000000e+01,9.5334377289e+00
1.3890000000e+03,5.2000000000e+01,2.1000000000e+01,9.9811859131e+00
1.3890000000e+03,5.2000000000e+01,2.2000000000e+01,1.0422266006e+01
1.3890000000e+03,5.2000000000e+01,2.3000000000e+01,1.0856954575e+01
1.3890000000e+03,5.2000000000e+01,2.4000000000e+01,1.1285561562e+01
1.3890000000e+03,5.2000000000e+01,2.5000000000e+01,1.1708415031e+01
1.3890000000e+03,5.2000000000e+01,2.6000000000e+01,1.2125852585e+01
1.3890000000e+03,5.2000000000e+01,2.7000000000e+01,1.2538221359e+01
1.3890000000e+03,5.2000000000e+01,2.8000000000e+01,1.2945864677e+01
1.3890000000e+03,5.2000000000e+01,2.9000000000e+01,1.3349118233e+01
1.3890000000e+03,5.2000000000e+01,3.0000000000e+01,1.3748316765e+01
1.3890000000e+03,5.2000000000e+01,3.1000000000e+01,1.4143785477e+01
1.3890000000e+03,7.2000000000e+01,0.0000000000e+00,1.9934749603e+00
1.3890000000e+03,7.2000000000e+01,1.0000000000e+00,1.3266494274e+00
1.3890000000e+03,7.2000000000e+01,2.0000000000e+00,1.2535668612e+00
1.3890000000e+03,7.2000000000e+01,3.0000000000e+00,1.4142723083e+00
1.3890000000e+03,7.2000000000e+01,4.0000000000e+00,1.6772615910e+00
1.3890000000e+03,7.2000000000e+01,5.0000000000e+00,2.0012412071e+00
1.3890000000e+03,7.2000000000e+01,6.0000000000e+00,2.3653452396e+00
1.3890000000e+03,7.2000000000e+01,7.0000000000e+00,2.7577586174e+00
1.3890000000e+03,7.2000000000e+01,8.0000000000e+00,3.1705069542e+00
1.3890000000e+03,7.2000000000e+01,9.0000000000e+00,3.5980532169e+00
1.3890000000e+03,7.2000000000e+01,1.0000000000e+01,4.0362420082e+00
1.3890000000e+03,7.2000000000e+01,1.1000000000e+01,4.4819259644e+00
1.3890000000e+03,7.2000000000e+01,1.2000000000e+01,4.9326419830e+00
1.3890000000e+03,7.2000000000e+01,1.3000000000e+01,5.3864493370e+00
1.3890000000e+03,7.2000000000e+01,1.4000000000e+01,5.8418073654e+00
1.3890000000e+03,7.2000000000e+01,1.5000000000e+01,6.2974877357e+00
1.3890000000e+03,7.2000000000e+01,1.6000000000e+01,6.7525105476e+00
1.3890000000e+03,7.2000000000e+01,1.7000000000e+01,7.2060976028e+00
1.3890000000e+03,7.2000000000e+01,1.8000000000e+01,7.6576352119e+00
1.3890000000e+03,7.2000000000e+01,1.9000000000e+01,8.1066408157e+00
1.3890000000e+03,7.2000000000e+01,2.0000000000e+01,8.5527439117e+00
1.3890000000e+03,7.2000000000e+01,2.1000000000e+01,8.9956598282e+00
1.3890000000e+03,7.2000000000e+01,2.2000000000e+01,9.4351835251e+00
1.3890000000e+03,7.2000000000e+01,2.3000000000e+01,9.8711690903e+00
1.3890000000e+03,7.2000000000e+01,2.4000000000e+01,1.0303520203e+01
1.3890000000e+03,7.2000000000e+01,2.5000000000e+01,1.0732181549e+01
1.3890000000e+03,7.2000000000e+01,2.6000000000e+01,1.1157136917e+01
1.3890000000e+03,7.2000000000e+01,2.7000000000e+01,1.1578389168e+01
1.3890000000e+03,7.2000000000e+01,2.8000000000e+01,1.1995974541e+01
1.3890000000e+03,7.2000000000e+01,2.9000000000e+01,1.2409939766e+01
1.3890000000e+03,7.2000000000e+01,3.0000000000e+01,1.2820350647e+01
1.3890000000e+03,7.2000000000e+01,3.1000000000e+01,1.3227282524e+01
1.3890000000e+03,1.0000000000e+02,0.0000000000e+00,2.0034279823e+00
1.3890000000e+03,1.0000000000e+02,1.0000000000e+00,1.1926578283e+00
1.3890000000e+03,1.0000000000e+02,2.0000000000e+00,1.0449603796e+00
1.3890000000e+03,1.0000000000e+02,3.0000000000e+00,1.1394804716e+00
1.3890000000e+03,1.0000000000e+02,4.0000000000e+00,1.3202049732e+00
1.3890000000e+03,1.0000000000e+02,5.0000000000e+00,1.5446231365e+00
1.3890000000e+03,1.0000000000e+02,6.0000000000e+00,1.7930636406e+00
1.3890000000e+03,1.0000000000e+02,7.0000000000e+00,2.0555758476e+00
1.3890000000e+03,1.0000000000e+02,8.0000000000e+00,2.3263580799e+00
1.3890000000e+03,1.0000000000e+02,9.0000000000e+00,2.6018233299e+00
1.3890000000e+03,1.0000000000e+02,1.0000000000e+01,2.8796429634e+00
1.3890000000e+03,1.0000000000e+02,1.1000000000e+01,3.1582260132e+00
1.3890000000e+03,1.0000000000e+02,1.2000000000e+01,3.4364902973e+00
1.3890000000e+03,1.0000000000e+02,1.3000000000e+01,3.7136487961e+00
1.3890000000e+03,1.0000000000e+02,1.4000000000e+01,3.9891667366e+00
1.3890000000e+03,1.0000000000e+02,1.5000000000e+01,4.2626371384e+00
1.3890000000e+03,1.0000000000e+02,1.6000000000e+01,4.5337963104e+00
1.3890000000e+03,1.0000000000e+02,1.7000000000e+01,4.8024339676e+00
1.3890000000e+03,1.0000000000e+02,1.8000000000e+01,5.0684356689e+00
1.3890000000e+03,1.0000000000e+02,1.9000000000e+01,5.3316993713e+00
1.3890000000e+03,1.0000000000e+02,2.0000000000e+01,5.5921945572e+00
1.3890000000e+03,1.0000000000e+02,2.1000000000e+01,5.8498830795e+00
1.3890000000e+03,1.0000000000e+02,2.2000000000e+01,6.1047816277e+00
1.3890000000e+03,1.0000000000e+02,2.3000000000e+01,6.3568916321e+00
1.3890000000e+03,1.0000000000e+02,2.4000000000e+01,6.6062550545e+00
1.3890000000e+03,1.0000000000e+02,2.5000000000e+01,6.8529005051e+00
1.3890000000e+03,1.0000000000e+02,2.6000000000e+01,7.0968847275e+00
1.3890000000e+03,1.0000000000e+02,2.7000000000e+01,7.3382487297e+00
1.3890000000e+03,1.0000000000e+02,2.8000000000e+01,7.5770592690e+00
1.3890000000e+03,1.0000000000e+02,2.9000000000e+01,7.8133659363e+00
1.3890000000e+03,1.0000000000e+02,3.0000000000e+01,8.0472383499e+00
1.3890000000e+03,1.0000000000e+02,3.1000000000e+01,8.2787313461e+00
1.3890000000e+03,1.3900000000e+02,0.0000000000e+00,2.0053369999e+00
1.3890000000e+03,1.3900000000e+02,1.0000000000e+00,1.0334547758e+00
1.3890000000e+03,1.3900000000e+02,2.0000000000e+00,8.2106792927e-01
1.3890000000e+03,1.3900000000e+02,3.0000000000e+00,8.4965324402e-01
1.3890000000e+03,1.3900000000e+02,4.0000000000e+00,9.4833517075e-01
1.3890000000e+03,1.3900000000e+02,5.0000000000e+00,1.0745642185e+00
1.3890000000e+03,1.3900000000e+02,6.0000000000e+00,1.2108107805e+00
1.3890000000e+03,1.3900000000e+02,7.0000000000e+00,1.3493306637e+00
1.3890000000e+03,1.3900000000e+02,8.0000000000e+00,1.4861912727e+00
1.3890000000e+03,1.3900000000e+02,9.0000000000e+00,1.6194210052e+00
1.3890000000e+03,1.3900000000e+02,1.0000000000e+01,1.7480190992e+00
1.3890000000e+03,1.3900000000e+02,1.1000000000e+01,1.8715372086e+00
1.3890000000e+03,1.3900000000e+02,1.2000000000e+01,1.9898276329e+00
1.3890000000e+03,1.3900000000e+02,1.3000000000e+01,2.1029224396e+00
1.3890000000e+03,1.3900000000e+02,1.4000000000e+01,2.2109532356e+00
1.3890000000e+03,1.3900000000e+02,1.5000000000e+01,2.3141093254e+00
1.3890000000e+03,1.3900000000e+02,1.6000000000e+01,2.4126079082e+00
1.3890000000e+03,1.3900000000e+02,1.7000000000e+01,2.5066814423e+00
1.3890000000e+03,1.3900000000e+02,1.8000000000e+01,2.5965628624e+00
1.3890000000e+03,1.3900000000e+02,1.9000000000e+01,2.6824836731e+00
1.3890000000e+03,1.3900000000e+02,2.0000000000e+01,2.7646663189e+00
1.3890000000e+03,1.3900000000e+02,2.1000000000e+01,2.8433251381e+00
1.3890000000e+03,1.3900000000e+02,2.2000000000e+01,2.9186627865e+00
1.3890000000e+03,1.3900000000e+02,2.3000000000e+01,2.9908714294e+00
1.3890000000e+03,1.3900000000e+02,2.4000000000e+01,3.0601320267e+00
1.3890000000e+03,1.3900000000e+02,2.5000000000e+01,3.1266140938e+00
1.3890000000e+03,1.3900000000e+02,2.6000000000e+01,3.1904778481e+00
1.3890000000e+03,1.3900000000e+02,2.7000000000e+01,3.2518718243e+00
1.3890000000e+03,1.3900000000e+02,2.8000000000e+01,3.3109359741e+00
1.3890000000e+03,1.3900000000e+02,2.9000000000e+01,3.3678009510e+00
1.3890000000e+03,1.3900000000e+02,3.0000000000e+01,3.4225902557e+00
1.3890000000e+03,1.3900000000e+02,3.1000000000e+01,3.4754178524e+00
1.3890000000e+03,1.9300000000e+02,0.0000000000e+00,1.9963107109e+00
1.3890000000e+03,1.9300000000e+02,1.0000000000e+00,8.8467216492e-01
1.3890000000e+03,1.9300000000e+02,2.0000000000e+00,6.2117636204e-01
1.3890000000e+03,1.9300000000e+02,3.0000000000e+00,5.9973317385e-01
1.3890000000e+03,1.9300000000e+02,4.0000000000e+00,6.3993644714e-01
1.3890000000e+03,1.9300000000e+02,5.0000000000e+00,6.9920575619e-01
1.3890000000e+03,1.9300000000e+02,6.0000000000e+00,7.6234215498e-01
1.3890000000e+03,1.9300000000e+02,7.0000000000e+00,8.2352972031e-01
1.3890000000e+03,1.9300000000e+02,8.0000000000e+00,8.8047206402e-01
1.3890000000e+03,1.9300000000e+02,9.0000000000e+00,9.3242710829e-01
1.3890000000e+03,1.9300000000e+02,1.0000000000e+01,9.7933906317e-01
1.3890000000e+03,1.9300000000e+02,1.1000000000e+01,1.0214604139e+00
1.3890000000e+03,1.9300000000e+02,1.2000000000e+01,1.0591704845e+00
1.3890000000e+03,1.9300000000e+02,1.3000000000e+01,1.0928866863e+00
1.3890000000e+03,1.9300000000e+02,1.4000000000e+01,1.1230226755e+00
1.3890000000e+03,1.9300000000e+02,1.5000000000e+01,1.1499674320e+00
1.3890000000e+03,1.9300000000e+02,1.6000000000e+01,1.1740771532e+00
1.3890000000e+03,1.9300000000e+02,1.7000000000e+01,1.1956728697e+00
1.3890000000e+03,1.9300000000e+02,1.8000000000e+01,1.2150411606e+00
1.3890000000e+03,1.9300000000e+02,1.9000000000e+01,1.2324362993e+00
1.3890000000e+03,1.9300000000e+02,2.0000000000e+01,1.2480834723e+00
1.3890000000e+03,1.9300000000e+02,2.1000000000e+01,1.2621810436e+00
1.3890000000e+03,1.9300000000e+02,2.2000000000e+01,1.2749041319e+00
1.3890000000e+03,1.9300000000e+02,2.3000000000e+01,1.2864069939e+00
1.3890000000e+03,1.9300000000e+02,2.4000000000e+01,1.2968254089e+00
1.3890000000e+03,1.9300000000e+02,2.5000000000e+01,1.3062794209e+00
1.3890000000e+03,1.9300000000e+02,2.6000000000e+01,1.3148748875e+00
1.3890000000e+03,1.9300000000e+02,2.7000000000e+01,1.3227047920e+00
1.3890000000e+03,1.9300000000e+02,2.8000000000e+01,1.3298521042e+00
1.3890000000e+03,1.9300000000e+02,2.9000000000e+01,1.3363895416e+00
1.3890000000e+03,1.9300000000e+02,3.0000000000e+01,1.3423815966e+00
1.3890000000e+03,1.9300000000e+02,3.1000000000e+01,1.3478858471e+00
1.3890000000e+03,2.6800000000e+02,0.0000000000e+00,2.0140538216e+00
1.3890000000e+03,2.6800000000e+02,1.0000000000e+00,7.6660370827e-01
1.3890000000e+03,2.6800000000e+02,2.0000000000e+00,4.6449768543e-01
1.3890000000e+03,2.6800000000e+02,3.0000000000e+00,4.1299015284e-01
1.3890000000e+03,2.6800000000e+02,4.0000000000e+00,4.1994169354e-01
1.3890000000e+03,2.6800000000e+02,5.0000000000e+00,4.4286996126e-01
1.3890000000e+03,2.6800000000e+02,6.0000000000e+00,4.6845179796e-01
1.3890000000e+03,2.6800000000e+02,7.0000000000e+00,4.9231499434e-01
1.3890000000e+03,2.6800000000e+02,8.0000000000e+00,5.1315331459e-01
1.3890000000e+03,2.6800000000e+02,9.0000000000e+00,5.3081727028e-01
1.3890000000e+03,2.6800000000e+02,1.0000000000e+01,5.4557073116e-01
1.3890000000e+03,2.6800000000e+02,1.1000000000e+01,5.5780327320e-01
1.3890000000e+03,2.6800000000e+02,1.2000000000e+01,5.6791174412e-01
1.3890000000e+03,2.6800000000e+02,1.3000000000e+01,5.7625746727e-01
1.3890000000e+03,2.6800000000e+02,1.4000000000e+01,5.8315205574e-01
1.3890000000e+03,2.6800000000e+02,1.5000000000e+01,5.8885741234e-01
1.3890000000e+03,2.6800000000e+02,1.6000000000e+01,5.9359014034e-01
1.3890000000e+03,2.6800000000e+02,1.7000000000e+01,5.9752839804e-01
1.3890000000e+03,2.6800000000e+02,1.8000000000e+01,6.0081750154e-01
1.3890000000e+03,2.6800000000e+02,1.9000000000e+01,6.0357576609e-01
1.3890000000e+03,2.6800000000e+02,2.0000000000e+01,6.0589975119e-01
1.3890000000e+03,2.6800000000e+02,2.1000000000e+01,6.0786783695e-01
1.3890000000e+03,2.6800000000e+02,2.2000000000e+01,6.0954397917e-01
1.3890000000e+03,2.6800000000e+02,2.3000000000e+01,6.1098033190e-01
1.3890000000e+03,2.6800000000e+02,2.4000000000e+01,6.1221933365e-01
1.3890000000e+03,2.6800000000e+02,2.5000000000e+01,6.1329567432e-01
1.3890000000e+03,2.6800000000e+02,2.6000000000e+01,6.1423796415e-01
1.3890000000e+03,2.6800000000e+02,2.7000000000e+01,6.1506927013e-01
1.3890000000e+03,2.6800000000e+02,2.8000000000e+01,6.1580896378e-01
1.3890000000e+03,2.6800000000e+02,2.9000000000e+01,6.1647260189e-01
1.3890000000e+03,2.6800000000e+02,3.0000000000e+01,6.1707323790e-01
1.3890000000e+03,2.6800000000e+02,3.1000000000e+01,6.1762148142e-01
1.3890000000e+03,3.7300000000e+02,0.0000000000e+00,2.0029296875e+00
1.3890000000e+03,3.7300000000e+02,1.0000000000e+00,6.9516205788e-01
1.3890000000e+03,3.7300000000e+02,2.0000000000e+00,4.0952670574e-01
1.3890000000e+03,3.7300000000e+02,3.0000000000e+00,3.6249911785e-01
1.3890000000e+03,3.7300000000e+02,4.0000000000e+00,3.6470872164e-01
1.3890000000e+03,3.7300000000e+02,5.0000000000e+00,3.7795850635e-01
1.3890000000e+03,3.7300000000e+02,6.0000000000e+00,3.9207190275e-01
1.3890000000e+03,3.7300000000e+02,7.0000000000e+00,4.0429767966e-01
1.3890000000e+03,3.7300000000e+02,8.0000000000e+00,4.1416105628e-01
1.3890000000e+03,3.7300000000e+02,9.0000000000e+00,4.2187362909e-01
1.3890000000e+03,3.7300000000e+02,1.0000000000e+01,4.2781427503e-01
1.3890000000e+03,3.7300000000e+02,1.1000000000e+01,4.3235656619e-01
1.3890000000e+03,3.7300000000e+02,1.2000000000e+01,4.3581891060e-01
1.3890000000e+03,3.7300000000e+02,1.3000000000e+01,4.3845674396e-01
1.3890000000e+03,3.7300000000e+02,1.4000000000e+01,4.4046884775e-01
1.3890000000e+03,3.7300000000e+02,1.5000000000e+01,4.4200801849e-01
1.3890000000e+03,3.7300000000e+02,1.6000000000e+01,4.4319027662e-01
1.3890000000e+03,3.7300000000e+02,1.7000000000e+01,4.4410338998e-01
1.3890000000e+03,3.7300000000e+02,1.8000000000e+01,4.4481381774e-01
1.3890000000e+03,3.7300000000e+02,1.9000000000e+01,4.4537141919e-01
1.3890000000e+03,3.7300000000e+02,2.0000000000e+01,4.4581401348e-01
1.3890000000e+03,3.7300000000e+02,2.1000000000e+01,4.4616976380e-01
1.3890000000e+03,3.7300000000e+02,2.2000000000e+01,4.4646009803e-01
1.3890000000e+03,3.7300000000e+02,2.3000000000e+01,4.4670113921e-01
1.3890000000e+03,3.7300000000e+02,2.4000000000e+01,4.4690495729e-01
1.3890000000e+03,3.7300000000e+02,2.5000000000e+01,4.4708076119e-01
1.3890000000e+03,3.7300000000e+02,2.6000000000e+01,4.4723543525e-01
1.3890000000e+03,3.7300000000e+02,2.7000000000e+01,4.4737416506e-01
1.3890000000e+03,3.7300000000e+02,2.8000000000e+01,4.4750088453e-01
1.3890000000e+03,3.7300000000e+02,2.9000000000e+01,4.4761866331e-01
1.3890000000e+03,3.7300000000e+02,3.0000000000e+01,4.4772964716e-01
1.3890000000e+03,3.7300000000e+02,3.1000000000e+01,4.4783562422e-01
1.3890000000e+03,5.1800000000e+02,0.0000000000e+00,2.0060884953e+00
1.3890000000e+03,5.1800000000e+02,1.0000000000e+00,5.4762899876e-01
1.3890000000e+03,5.1800000000e+02,2.0000000000e+00,2.4743640423e-01
1.3890000000e+03,5.1800000000e+02,3.0000000000e+00,1.9351316988e-01
1.3890000000e+03,5.1800000000e+02,4.0000000000e+00,1.8627035618e-01
1.3890000000e+03,5.1800000000e+02,5.0000000000e+00,1.8912753463e-01
1.3890000000e+03,5.1800000000e+02,6.0000000000e+00,1.9349145889e-01
1.3890000000e+03,5.1800000000e+02,7.0000000000e+00,1.9732180238e-01
1.3890000000e+03,5.1800000000e+02,8.0000000000e+00,2.0028755069e-01
1.3890000000e+03,5.1800000000e+02,9.0000000000e+00,2.0248740911e-01
1.3890000000e+03,5.1800000000e+02,1.0000000000e+01,2.0409569144e-01
1.3890000000e+03,5.1800000000e+02,1.1000000000e+01,2.0526912808e-01
1.3890000000e+03,5.1800000000e+02,1.2000000000e+01,2.0612893999e-01
1.3890000000e+03,5.1800000000e+02,1.3000000000e+01,2.0676395297e-01
1.3890000000e+03,5.1800000000e+02,1.4000000000e+01,2.0723801851e-01
1.3890000000e+03,5.1800000000e+02,1.5000000000e+01,2.0759648085e-01
1.3890000000e+03,5.1800000000e+02,1.6000000000e+01,2.0787154138e-01
1.3890000000e+03,5.1800000000e+02,1.7000000000e+01,2.0808619261e-01
1.3890000000e+03,5.1800000000e+02,1.8000000000e+01,2.0825684071e-01
1.3890000000e+03,5.1800000000e+02,1.9000000000e+01,2.0839534700e-01
1.3890000000e+03,5.1800000000e+02,2.0000000000e+01,2.0851017535e-01
1.3890000000e+03,5.1800000000e+02,2.1000000000e+01,2.0860755444e-01
1.3890000000e+03,5.1800000000e+02,2.2000000000e+01,2.0869198442e-01
1.3890000000e+03,5.1800000000e+02,2.3000000000e+01,2.0876680315e-01
1.3890000000e+03,5.1800000000e+02,2.4000000000e+01,2.0883443952e-01
1.3890000000e+03,5.1800000000e+02,2.5000000000e+01,2.0889675617e-01
1.3890000000e+03,5.1800000000e+02,2.6000000000e+01,2.0895501971e-01
1.3890000000e+03,5.1800000000e+02,2.7000000000e+01,2.0901030302e-01
1.3890000000e+03,5.1800000000e+02,2.8000000000e+01,2.0906332135e-01
1.3890000000e+03,5.1800000000e+02,2.9000000000e+01,2.0911464095e-01
1.3890000000e+03,5.1800000000e+02,3.0000000000e+01,2.0916473866e-01
1.3890000000e+03,5.1800000000e+02,3.1000000000e+01,2.0921388268e-01
1.3890000000e+03,7.2000000000e+02,0.0000000000e+00,2.0108063221e+00
1.3890000000e+03,7.2000000000e+02,1.0000000000e+00,6.9985955954e-01
1.3890000000e+03,7.2000000000e+02,2.0000000000e+00,4.9953845143e-01
1.3890000000e+03,7.2000000000e+02,3.0000000000e+00,4.8965814710e-01
1.3890000000e+03,7.2000000000e+02,4.0000000000e+00,5.0593405962e-01
1.3890000000e+03,7.2000000000e+02,5.0000000000e+00,5.2270531654e-01
1.3890000000e+03,7.2000000000e+02,6.0000000000e+00,5.3598749638e-01
1.3890000000e+03,7.2000000000e+02,7.0000000000e+00,5.4580974579e-01
1.3890000000e+03,7.2000000000e+02,8.0000000000e+00,5.5290645361e-01
1.3890000000e+03,7.2000000000e+02,9.0000000000e+00,5.5798870325e-01
1.3890000000e+03,7.2000000000e+02,1.0000000000e+01,5.6161636114e-01
1.3890000000e+03,7.2000000000e+02,1.1000000000e+01,5.6420391798e-01
1.3890000000e+03,7.2000000000e+02,1.2000000000e+01,5.6605064869e-01
1.3890000000e+03,7.2000000000e+02,1.3000000000e+01,5.6737095118e-01
1.3890000000e+03,7.2000000000e+02,1.4000000000e+01,5.6831741333e-01
1.3890000000e+03,7.2000000000e+02,1.5000000000e+01,5.6899857521e-01
1.3890000000e+03,7.2000000000e+02,1.6000000000e+01,5.6949180365e-01
1.3890000000e+03,7.2000000000e+02,1.7000000000e+01,5.6985169649e-01
1.3890000000e+03,7.2000000000e+02,1.8000000000e+01,5.7011717558e-01
1.3890000000e+03,7.2000000000e+02,1.9000000000e+01,5.7031577826e-01
1.3890000000e+03,7.2000000000e+02,2.0000000000e+01,5.7046711445e-01
1.3890000000e+03,7.2000000000e+02,2.1000000000e+01,5.7058507204e-01
1.3890000000e+03,7.2000000000e+02,2.2000000000e+01,5.7067948580e-01
1.3890000000e+03,7.2000000000e+02,2.3000000000e+01,5.7075721025e-01
1.3890000000e+03,7.2000000000e+02,2.4000000000e+01,5.7082319260e-01
1.3890000000e+03,7.2000000000e+02,2.5000000000e+01,5.7088094950e-01
1.3890000000e+03,7.2000000000e+02,2.6000000000e+01,5.7093292475e-01
1.3890000000e+03,7.2000000000e+02,2.7000000000e+01,5.7098078728e-01
1.3890000000e+03,7.2000000000e+02,2.8000000000e+01,5.7102602720e-01
1.3890000000e+03,7.2000000000e+02,2.9000000000e+01,5.7106912136e-01
1.3890000000e+03,7.2000000000e+02,3.0000000000e+01,5.7111108303e-01
1.3890000000e+03,7.2000000000e+02,3.1000000000e+01,5.7115197182e-01
1.3890000000e+03,1.0000000000e+03,0.0000000000e+00,2.0007901192e+00
1.3890000000e+03,1.0000000000e+03,1.0000000000e+00,4.1491627693e-01
1.3890000000e+03,1.0000000000e+03,2.0000000000e+00,1.7867076397e-01
1.3890000000e+03,1.0000000000e+03,3.0000000000e+00,1.5418064594e-01
1.3890000000e+03,1.0000000000e+03,4.0000000000e+00,1.5639734268e-01
1.3890000000e+03,1.0000000000e+03,5.0000000000e+00,1.6234244406e-01
1.3890000000e+03,1.0000000000e+03,6.0000000000e+00,1.6886736453e-01
1.3890000000e+03,1.0000000000e+03,7.0000000000e+00,1.7575946450e-01
1.3890000000e+03,1.0000000000e+03,8.0000000000e+00,1.8314762414e-01
1.3890000000e+03,1.0000000000e+03,9.0000000000e+00,1.9111698866e-01
1.3890000000e+03,1.0000000000e+03,1.0000000000e+01,1.9968831539e-01
1.3890000000e+03,1.0000000000e+03,1.1000000000e+01,2.0884251595e-01
1.3890000000e+03,1.0000000000e+03,1.2000000000e+01,2.1854069829e-01
1.3890000000e+03,1.0000000000e+03,1.3000000000e+01,2.2873580456e-01
1.3890000000e+03,1.0000000000e+03,1.4000000000e+01,2.3937848210e-01
1.3890000000e+03,1.0000000000e+03,1.5000000000e+01,2.5042015314e-01
1.3890000000e+03,1.0000000000e+03,1.6000000000e+01,2.6181438565e-01
1.3890000000e+03,1.0000000000e+03,1.7000000000e+01,2.7351748943e-01
1.3890000000e+03,1.0000000000e+03,1.8000000000e+01,2.8548860550e-01
1.3890000000e+03,1.0000000000e+03,1.9000000000e+01,2.9768985510e-01
1.3890000000e+03,1.0000000000e+03,2.0000000000e+01,3.1008607149e-01
1.3890000000e+03,1.0000000000e+03,2.1000000000e+01,3.2264488935e-01
1.3890000000e+03,1.0000000000e+03,2.2000000000e+01,3.3533629775e-01
1.3890000000e+03,1.0000000000e+03,2.3000000000e+01,3.4813269973e-01
1.3890000000e+03,1.0000000000e+03,2.4000000000e+01,3.6100864410e-01
1.3890000000e+03,1.0000000000e+03,2.5000000000e+01,3.7394073606e-01
1.3890000000e+03,1.0000000000e+03,2.6000000000e+01,3.8690754771e-01
1.3890000000e+03,1.0000000000e+03,2.7000000000e+01,3.9988932014e-01
1.3890000000e+03,1.0000000000e+03,2.8000000000e+01,4.1286802292e-01
1.3890000000e+03,1.0000000000e+03,2.9000000000e+01,4.2582723498e-01
1.3890000000e+03,1.0000000000e+03,3.0000000000e+01,4.3875169754e-01
1.3890000000e+03,1.0000000000e+03,3.1000000000e+01,4.5162782073e-01
1.9310000000e+03,1.0000000000e+01,0.0000000000e+00,1.9861522913e+00
1.9310000000e+03,1.0000000000e+01,1.0000000000e+00,1.8770319223e+00
1.9310000000e+03,1.0000000000e+01,2.0000000000e+00,1.9328490496e+00
1.9310000000e+03,1.0000000000e+01,3.0000000000e+00,2.0476920605e+00
1.9310000000e+03,1.0000000000e+01,4.0000000000e+00,2.1693487167e+00
1.9310000000e+03,1.0000000000e+01,5.0000000000e+00,2.2831132412e+00
1.9310000000e+03,1.0000000000e+01,6.0000000000e+00,2.3864645958e+00
1.9310000000e+03,1.0000000000e+01,7.0000000000e+00,2.4805588722e+00
1.9310000000e+03,1.0000000000e+01,8.0000000000e+00,2.5672981739e+00
1.9310000000e+03,1.0000000000e+01,9.0000000000e+00,2.6484758854e+00
1.9310000000e+03,1.0000000000e+01,1.0000000000e+01,2.7255835533e+00
1.9310000000e+03,1.0000000000e+01,1.1000000000e+01,2.7998142242e+00
1.9310000000e+03,1.0000000000e+01,1.2000000000e+01,2.8721153736e+00
1.9310000000e+03,1.0000000000e+01,1.3000000000e+01,2.9432392120e+00
1.9310000000e+03,1.0000000000e+01,1.4000000000e+01,3.0137872696e+00
1.9310000000e+03,1.0000000000e+01,1.5000000000e+01,3.0842444897e+00
1.9310000000e+03,1.0000000000e+01,1.6000000000e+01,3.1550078392e+00
1.9310000000e+03,1.0000000000e+01,1.7000000000e+01,3.2264032364e+00
1.9310000000e+03,1.0000000000e+01,1.8000000000e+01,3.2987008095e+00
1.9310000000e+03,1.0000000000e+01,1.9000000000e+01,3.3721272945e+00
1.9310000000e+03,1.0000000000e+01,2.0000000000e+01,3.4468746185e+00
1.9310000000e+03,1.0000000000e+01,2.1000000000e+01,3.5231051445e+00
1.9310000000e+03,1.0000000000e+01,2.2000000000e+01,3.6009590626e+00
1.9310000000e+03,1.0000000000e+01,2.3000000000e+01,3.6805555820e+00
1.9310000000e+03,1.0000000000e+01,2.4000000000e+01,3.7619991302e+00
1.9310000000e+03,1.0000000000e+01,2.5000000000e+01,3.8453810215e+00
1.9310000000e+03,1.0000000000e+01,2.6000000000e+01,3.9307796955e+00
1.9310000000e+03,1.0000000000e+01,2.7000000000e+01,4.0182662010e+00
1.9310000000e+03,1.0000000000e+01,2.8000000000e+01,4.1079006195e+00
1.9310000000e+03,1.0000000000e+01,2.9000000000e+01,4.1997394562e+00
1.9310000000e+03,1.0000000000e+01,3.0000000000e+01,4.2938308716e+00
1.9310000000e+03,1.0000000000e+01,3.1000000000e+01,4.3902173042e+00
1.9310000000e+03,1.4000000000e+01,0.0000000000e+00,1.9939272404e+00
1.9310000000e+03,1.4000000000e+01,1.0000000000e+00,1.8322237730e+00
1.9310000000e+03,1.4000000000e+01,2.0000000000e+00,1.8857818842e+00
1.9310000000e+03,1.4000000000e+01,3.0000000000e+00,2.0321800709e+00
1.9310000000e+03,1.4000000000e+01,4.0000000000e+00,2.2055044174e+00
1.9310000000e+03,1.4000000000e+01,5.0000000000e+00,2.3792917728e+00
1.9310000000e+03,1.4000000000e+01,6.0000000000e+00,2.5439774990e+00
1.9310000000e+03,1.4000000000e+01,7.0000000000e+00,2.6973817348e+00
1.9310000000e+03,1.4000000000e+01,8.0000000000e+00,2.8401789665e+00
1.9310000000e+03,1.4000000000e+01,9.0000000000e+00,2.9739470482e+00
1.9310000000e+03,1.4000000000e+01,1.0000000000e+01,3.1003956795e+00
1.9310000000e+03,1.4000000000e+01,1.1000000000e+01,3.2210919857e+00
1.9310000000e+03,1.4000000000e+01,1.2000000000e+01,3.3373882771e+00
1.9310000000e+03,1.4000000000e+01,1.3000000000e+01,3.4504225254e+00
1.9310000000e+03,1.4000000000e+01,1.4000000000e+01,3.5611433983e+00
1.9310000000e+03,1.4000000000e+01,1.5000000000e+01,3.6703405380e+00
1.9310000000e+03,1.4000000000e+01,1.6000000000e+01,3.7786743641e+00
1.9310000000e+03,1.4000000000e+01,1.7000000000e+01,3.8866972923e+00
1.9310000000e+03,1.4000000000e+01,1.8000000000e+01,3.9948763847e+00
1.9310000000e+03,1.4000000000e+01,1.9000000000e+01,4.1036071777e+00
1.9310000000e+03,1.4000000000e+01,2.0000000000e+01,4.2132277489e+00
1.9310000000e+03,1.4000000000e+01,2.1000000000e+01,4.3240275383e+00
1.9310000000e+03,1.4000000000e+01,2.2000000000e+01,4.4362559319e+00
1.9310000000e+03,1.4000000000e+01,2.3000000000e+01,4.5501303673e+00
1.9310000000e+03,1.4000000000e+01,2.4000000000e+01,4.6658411026e+00
1.9310000000e+03,1.4000000000e+01,2.5000000000e+01,4.7835526466e+00
1.9310000000e+03,1.4000000000e+01,2.6000000000e+01,4.9034104347e+00
1.9310000000e+03,1.4000000000e+01,2.7000000000e+01,5.0255451202e+00
1.9310000000e+03,1.4000000000e+01,2.8000000000e+01,5.1500697136e+00
1.9310000000e+03,1.4000000000e+01,2.9000000000e+01,5.2770872116e+00
1.9310000000e+03,1.4000000000e+01,3.0000000000e+01,5.4066872597e+00
1.9310000000e+03,1.4000000000e+01,3.1000000000e+01,5.5389523506e+00
1.9310000000e+03,1.9000000000e+01,0.0000000000e+00,1.9995044470e+00
1.9310000000e+03,1.9000000000e+01,1.0000000000e+00,1.7763670683e+00
1.9310000000e+03,1.9000000000e+01,2.0000000000e+00,1.8220299482e+00
1.9310000000e+03,1.9000000000e+01,3.0000000000e+00,1.9947143793e+00
1.9310000000e+03,1.9000000000e+01,4.0000000000e+00,2.2184066772e+00
1.9310000000e+03,1.9000000000e+01,5.0000000000e+00,2.4577975273e+00
1.9310000000e+03,1.9000000000e+01,6.0000000000e+00,2.6951944828e+00
1.9310000000e+03,1.9000000000e+01,7.0000000000e+00,2.9228515625e+00
1.9310000000e+03,1.9000000000e+01,8.0000000000e+00,3.1382322311e+00
1.9310000000e+03,1.9000000000e+01,9.0000000000e+00,3.3413069248e+00
1.9310000000e+03,1.9000000000e+01,1.0000000000e+01,3.5331273079e+00
1.9310000000e+03,1.9000000000e+01,1.1000000000e+01,3.7151203156e+00
1.9310000000e+03,1.9000000000e+01,1.2000000000e+01,3.8887639046e+00
1.9310000000e+03,1.9000000000e+01,1.3000000000e+01,4.0554447174e+00
1.9310000000e+03,1.9000000000e+01,1.4000000000e+01,4.2164082527e+00
1.9310000000e+03,1.9000000000e+01,1.5000000000e+01,4.3727474213e+00
1.9310000000e+03,1.9000000000e+01,1.6000000000e+01,4.5254139900e+00
1.9310000000e+03,1.9000000000e+01,1.7000000000e+01,4.6752290726e+00
1.9310000000e+03,1.9000000000e+01,1.8000000000e+01,4.8229055405e+00
1.9310000000e+03,1.9000000000e+01,1.9000000000e+01,4.9690589905e+00
1.9310000000e+03,1.9000000000e+01,2.0000000000e+01,5.1142239571e+00
1.9310000000e+03,1.9000000000e+01,2.1000000000e+01,5.2588653564e+00
1.9310000000e+03,1.9000000000e+01,2.2000000000e+01,5.4033918381e+00
1.9310000000e+03,1.9000000000e+01,2.3000000000e+01,5.5481581688e+00
1.9310000000e+03,1.9000000000e+01,2.4000000000e+01,5.6934781075e+00
1.9310000000e+03,1.9000000000e+01,2.5000000000e+01,5.8396282196e+00
1.9310000000e+03,1.9000000000e+01,2.6000000000e+01,5.9868550301e+00
1.9310000000e+03,1.9000000000e+01,2.7000000000e+01,6.1353764534e+00
1.9310000000e+03,1.9000000000e+01,2.8000000000e+01,6.2853870392e+00
1.9310000000e+03,1.9000000000e+01,2.9000000000e+01,6.4370608330e+00
1.9310000000e+03,1.9000000000e+01,3.0000000000e+01,6.5905547142e+00
1.9310000000e+03,1.9000000000e+01,3.1000000000e+01,6.7460083961e+00
1.9310000000e+03,2.7000000000e+01,0.0000000000e+00,1.9980603456e+00
1.9310000000e+03,2.7000000000e+01,1.0000000000e+00,1.6828718185e+00
1.9310000000e+03,2.7000000000e+01,2.0000000000e+00,1.7119596004e+00
1.9310000000e+03,2.7000000000e+01,3.0000000000e+00,1.9074810743e+00
1.9310000000e+03,2.7000000000e+01,4.0000000000e+00,2.1836490631e+00
1.9310000000e+03,2.7000000000e+01,5.0000000000e+00,2.5003426075e+00
1.9310000000e+03,2.7000000000e+01,6.0000000000e+00,2.8332443237e+00
1.9310000000e+03,2.7000000000e+01,7.0000000000e+00,3.1678736210e+00
1.9310000000e+03,2.7000000000e+01,8.0000000000e+00,3.4960980415e+00
1.9310000000e+03,2.7000000000e+01,9.0000000000e+00,3.8138446808e+00
1.9310000000e+03,2.7000000000e+01,1.0000000000e+01,4.1194934845e+00
1.9310000000e+03,2.7000000000e+01,1.1000000000e+01,4.4128384590e+00
1.9310000000e+03,2.7000000000e+01,1.2000000000e+01,4.6944408417e+00
1.9310000000e+03,2.7000000000e+01,1.3000000000e+01,4.9652466774e+00
1.9310000000e+03,2.7000000000e+01,1.4000000000e+01,5.2263593674e+00
1.9310000000e+03,2.7000000000e+01,1.5000000000e+01,5.4789171219e+00
1.9310000000e+03,2.7000000000e+01,1.6000000000e+01,5.7240228653e+00
1.9310000000e+03,2.7000000000e+01,1.7000000000e+01,5.9627146721e+00
1.9310000000e+03,2.7000000000e+01,1.8000000000e+01,6.1959438324e+00
1.9310000000e+03,2.7000000000e+01,1.9000000000e+01,6.4245796204e+00
1.9310000000e+03,2.7000000000e+01,2.0000000000e+01,6.6494069099e+00
1.9310000000e+03,2.7000000000e+01,2.1000000000e+01,6.8711318970e+00
1.9310000000e+03,2.7000000000e+01,2.2000000000e+01,7.0903892517e+00
1.9310000000e+03,2.7000000000e+01,2.3000000000e+01,7.3077516556e+00
1.9310000000e+03,2.7000000000e+01,2.4000000000e+01,7.5237302780e+00
1.9310000000e+03,2.7000000000e+01,2.5000000000e+01,7.7387866974e+00
1.9310000000e+03,2.7000000000e+01,2.6000000000e+01,7.9533367157e+00
1.9310000000e+03,2.7000000000e+01,2.7000000000e+01,8.1677541733e+00
1.9310000000e+03,2.7000000000e+01,2.8000000000e+01,8.3823795319e+00
1.9310000000e+03,2.7000000000e+01,2.9000000000e+01,8.5975170135e+00
1.9310000000e+03,2.7000000000e+01,3.0000000000e+01,8.8134469986e+00
1.9310000000e+03,2.7000000000e+01,3.1000000000e+01,9.0304193497e+00
1.9310000000e+03,3.7000000000e+01,0.0000000000e+00,1.9928743839e+00
1.9310000000e+03,3.7000000000e+01,1.0000000000e+00,1.5865372419e+00
1.9310000000e+03,3.7000000000e+01,2.0000000000e+00,1.5948748589e+00
1.9310000000e+03,3.7000000000e+01,3.0000000000e+00,1.8034219742e+00
1.9310000000e+03,3.7000000000e+01,4.0000000000e+00,2.1138877869e+00
1.9310000000e+03,3.7000000000e+01,5.0000000000e+00,2.4849729538e+00
1.9310000000e+03,3.7000000000e+01,6.0000000000e+00,2.8910174370e+00
1.9310000000e+03,3.7000000000e+01,7.0000000000e+00,3.3148519993e+00
1.9310000000e+03,3.7000000000e+01,8.0000000000e+00,3.7447438240e+00
1.9310000000e+03,3.7000000000e+01,9.0000000000e+00,4.1729121208e+00
1.9310000000e+03,3.7000000000e+01,1.0000000000e+01,4.5943927765e+00
1.9310000000e+03,3.7000000000e+01,1.1000000000e+01,5.0062141418e+00
1.9310000000e+03,3.7000000000e+01,1.2000000000e+01,5.4067711830e+00
1.9310000000e+03,3.7000000000e+01,1.3000000000e+01,5.7953786850e+00
1.9310000000e+03,3.7000000000e+01,1.4000000000e+01,6.1719546318e+00
1.9310000000e+03,3.7000000000e+01,1.5000000000e+01,6.5367994308e+00
1.9310000000e+03,3.7000000000e+01,1.6000000000e+01,6.8904490471e+00
1.9310000000e+03,3.7000000000e+01,1.7000000000e+01,7.2335715294e+00
1.9310000000e+03,3.7000000000e+01,1.8000000000e+01,7.5669021606e+00
1.9310000000e+03,3.7000000000e+01,1.9000000000e+01,7.8911957741e+00
1.9310000000e+03,3.7000000000e+01,2.0000000000e+01,8.2072067261e+00
1.9310000000e+03,3.7000000000e+01,2.1000000000e+01,8.5156631470e+00
1.9310000000e+03,3.7000000000e+01,2.2000000000e+01,8.8172616959e+00
1.9310000000e+03,3.7000000000e+01,2.3000000000e+01,9.1126613617e+00
1.9310000000e+03,3.7000000000e+01,2.4000000000e+01,9.4024791718e+00
1.9310000000e+03,3.7000000000e+01,2.5000000000e+01,9.6872930527e+00
1.9310000000e+03,3.7000000000e+01,2.6000000000e+01,9.9676380157e+00
1.9310000000e+03,3.7000000000e+01,2.7000000000e+01,1.0244013786e+01
1.9310000000e+03,3.7000000000e+01,2.8000000000e+01,1.0516880989e+01
1.9310000000e+03,3.7000000000e+01,2.9000000000e+01,1.0786667824e+01
1.9310000000e+03,3.7000000000e+01,3.0000000000e+01,1.1053771973e+01
1.9310000000e+03,3.7000000000e+01,3.1000000000e+01,1.1318560600e+01
1.9310000000e+03,5.2000000000e+01,0.0000000000e+00,2.0176386833e+00
1.9310000000e+03,5.2000000000e+01,1.0000000000e+00,1.4802606106e+00
1.9310000000e+03,5.2000000000e+01,2.0000000000e+00,1.4449765682e+00
1.9310000000e+03,5.2000000000e+01,3.0000000000e+00,1.6337034702e+00
1.9310000000e+03,5.2000000000e+01,4.0000000000e+00,1.9328787327e+00
1.9310000000e+03,5.2000000000e+01,5.0000000000e+00,2.3011970520e+00
1.9310000000e+03,5.2000000000e+01,6.0000000000e+00,2.7156717777e+00
1.9310000000e+03,5.2000000000e+01,7.0000000000e+00,3.1613919735e+00
1.9310000000e+03,5.2000000000e+01,8.0000000000e+00,3.6276824474e+00
1.9310000000e+03,5.2000000000e+01,9.0000000000e+00,4.1066522598e+00
1.9310000000e+03,5.2000000000e+01,1.0000000000e+01,4.5923905373e+00
1.9310000000e+03,5.2000000000e+01,1.1000000000e+01,5.0804705620e+00
1.9310000000e+03,5.2000000000e+01,1.2000000000e+01,5.5676088333e+00
1.9310000000e+03,5.2000000000e+01,1.3000000000e+01,6.0514030457e+00
1.9310000000e+03,5.2000000000e+01,1.4000000000e+01,6.5301351547e+00
1.9310000000e+03,5.2000000000e+01,1.5000000000e+01,7.0026135445e+00
1.9310000000e+03,5.2000000000e+01,1.6000000000e+01,7.4680485725e+00
1.9310000000e+03,5.2000000000e+01,1.7000000000e+01,7.9259586334e+00
1.9310000000e+03,5.2000000000e+01,1.8000000000e+01,8.3760957718e+00
1.9310000000e+03,5.2000000000e+01,1.9000000000e+01,8.8183870316e+00
1.9310000000e+03,5.2000000000e+01,2.0000000000e+01,9.2528867722e+00
1.9310000000e+03,5.2000000000e+01,2.1000000000e+01,9.6797447205e+00
1.9310000000e+03,5.2000000000e+01,2.2000000000e+01,1.0099180222e+01
1.9310000000e+03,5.2000000000e+01,2.3000000000e+01,1.0511460304e+01
1.9310000000e+03,5.2000000000e+01,2.4000000000e+01,1.0916883469e+01
1.9310000000e+03,5.2000000000e+01,2.5000000000e+01,1.1315768242e+01
1.9310000000e+03,5.2000000000e+01,2.6000000000e+01,1.1708447456e+01
1.9310000000e+03,5.2000000000e+01,2.7000000000e+01,1.2095252991e+01
1.9310000000e+03,5.2000000000e+01,2.8000000000e+01,1.2476522446e+01
1.9310000000e+03,5.2000000000e+01,2.9000000000e+01,1.2852584839e+01
1.9310000000e+03,5.2000000000e+01,3.0000000000e+01,1.3223767281e+01
1.9310000000e+03,5.2000000000e+01,3.1000000000e+01,1.3590381622e+01
1.9310000000e+03,7.2000000000e+01,0.0000000000e+00,2.0026664734e+00
1.9310000000e+03,7.2000000000e+01,1.0000000000e+00,1.3384352922e+00
1.9310000000e+03,7.2000000000e+01,2.0000000000e+00,1.2404869795e+00
1.9310000000e+03,7.2000000000e+01,3.0000000000e+00,1.3692982197e+00
1.9310000000e+03,7.2000000000e+01,4.0000000000e+00,1.5961595774e+00
1.9310000000e+03,7.2000000000e+01,5.0000000000e+00,1.8809241056e+00
1.9310000000e+03,7.2000000000e+01,6.0000000000e+00,2.2035620213e+00
1.9310000000e+03,7.2000000000e+01,7.0000000000e+00,2.5526771545e+00
1.9310000000e+03,7.2000000000e+01,8.0000000000e+00,2.9206557274e+00
1.9310000000e+03,7.2000000000e+01,9.0000000000e+00,3.3022124767e+00
1.9310000000e+03,7.2000000000e+01,1.0000000000e+01,3.6934244633e+00
1.9310000000e+03,7.2000000000e+01,1.1000000000e+01,4.0913138390e+00
1.9310000000e+03,7.2000000000e+01,1.2000000000e+01,4.4935641289e+00
1.9310000000e+03,7.2000000000e+01,1.3000000000e+01,4.8983478546e+00
1.9310000000e+03,7.2000000000e+01,1.4000000000e+01,5.3042116165e+00
1.9310000000e+03,7.2000000000e+01,1.5000000000e+01,5.7099971771e+00
1.9310000000e+03,7.2000000000e+01,1.6000000000e+01,6.1147766113e+00
1.9310000000e+03,7.2000000000e+01,1.7000000000e+01,6.5178098679e+00
1.9310000000e+03,7.2000000000e+01,1.8000000000e+01,6.9185109138e+00
1.9310000000e+03,7.2000000000e+01,1.9000000000e+01,7.3164148331e+00
1.9310000000e+03,7.2000000000e+01,2.0000000000e+01,7.7111625671e+00
1.9310000000e+03,7.2000000000e+01,2.1000000000e+01,8.1024742126e+00
1.9310000000e+03,7.2000000000e+01,2.2000000000e+01,8.4901447296e+00
1.9310000000e+03,7.2000000000e+01,2.3000000000e+01,8.8740224838e+00
1.9310000000e+03,7.2000000000e+01,2.4000000000e+01,9.2540054321e+00
1.9310000000e+03,7.2000000000e+01,2.5000000000e+01,9.6300277710e+00
1.9310000000e+03,7.2000000000e+01,2.6000000000e+01,1.0002058983e+01
1.9310000000e+03,7.2000000000e+01,2.7000000000e+01,1.0370094299e+01
1.9310000000e+03,7.2000000000e+01,2.8000000000e+01,1.0734148979e+01
1.9310000000e+03,7.2000000000e+01,2.9000000000e+01,1.1094258308e+01
1.9310000000e+03,7.2000000000e+01,3.0000000000e+01,1.1450468063e+01
1.9310000000e+03,7.2000000000e+01,3.1000000000e+01,1.1802843094e+01
1.9310000000e+03,1.0000000000e+02,0.0000000000e+00,1.9898766279e+00
1.9310000000e+03,1.0000000000e+02,1.0000000000e+00,1.1737699509e+00
1.9310000000e+03,1.0000000000e+02,2.0000000000e+00,1.0297223330e+00
1.9310000000e+03,1.0000000000e+02,3.0000000000e+00,1.1230573654e+00
1.9310000000e+03,1.0000000000e+02,4.0000000000e+00,1.3020967245e+00
1.9310000000e+03,1.0000000000e+02,5.0000000000e+00,1.5240627527e+00
1.9310000000e+03,1.0000000000e+02,6.0000000000e+00,1.7696170807e+00
1.9310000000e+03,1.0000000000e+02,7.0000000000e+00,2.0290036201e+00
1.9310000000e+03,1.0000000000e+02,8.0000000000e+00,2.2964594364e+00
1.9310000000e+03,1.0000000000e+02,9.0000000000e+00,2.5684156418e+00
1.9310000000e+03,1.0000000000e+02,1.0000000000e+01,2.8425509930e+00
1.9310000000e+03,1.0000000000e+02,1.1000000000e+01,3.1172657013e+00
1.9310000000e+03,1.0000000000e+02,1.2000000000e+01,3.3914799690e+00
1.9310000000e+03,1.0000000000e+02,1.3000000000e+01,3.6643981934e+00
1.9310000000e+03,1.0000000000e+02,1.4000000000e+01,3.9354846478e+00
1.9310000000e+03,1.0000000000e+02,1.5000000000e+01,4.2043261528e+00
1.9310000000e+03,1.0000000000e+02,1.6000000000e+01,4.4706544876e+00
1.9310000000e+03,1.0000000000e+02,1.7000000000e+01,4.7342605591e+00
1.9310000000e+03,1.0000000000e+02,1.8000000000e+01,4.9950180054e+00
1.9310000000e+03,1.0000000000e+02,1.9000000000e+01,5.2528314590e+00
1.9310000000e+03,1.0000000000e+02,2.0000000000e+01,5.5076560974e+00
1.9310000000e+03,1.0000000000e+02,2.1000000000e+01,5.7594628334e+00
1.9310000000e+03,1.0000000000e+02,2.2000000000e+01,6.0082530975e+00
1.9310000000e+03,1.0000000000e+02,2.3000000000e+01,6.2540397644e+00
1.9310000000e+03,1.0000000000e+02,2.4000000000e+01,6.4968495369e+00
1.9310000000e+03,1.0000000000e+02,2.5000000000e+01,6.7367191315e+00
1.9310000000e+03,1.0000000000e+02,2.6000000000e+01,6.9736938477e+00
1.9310000000e+03,1.0000000000e+02,2.7000000000e+01,7.2078247070e+00
1.9310000000e+03,1.0000000000e+02,2.8000000000e+01,7.4391641617e+00
1.9310000000e+03,1.0000000000e+02,2.9000000000e+01,7.6677713394e+00
1.9310000000e+03,1.0000000000e+02,3.0000000000e+01,7.8937053680e+00
1.9310000000e+03,1.0000000000e+02,3.1000000000e+01,8.1170263290e+00
1.9310000000e+03,1.3900000000e+02,0.0000000000e+00,1.9873030186e+00
1.9310000000e+03,1.3900000000e+02,1.0000000000e+00,1.0293753147e+00
1.9310000000e+03,1.3900000000e+02,2.0000000000e+00,8.1561911106e-01
1.9310000000e+03,1.3900000000e+02,3.0000000000e+00,8.3850520849e-01
1.9310000000e+03,1.3900000000e+02,4.0000000000e+00,9.3190985918e-01
1.9310000000e+03,1.3900000000e+02,5.0000000000e+00,1.0532957315e+00
1.9310000000e+03,1.3900000000e+02,6.0000000000e+00,1.1851706505e+00
1.9310000000e+03,1.3900000000e+02,7.0000000000e+00,1.3197433949e+00
1.9310000000e+03,1.3900000000e+02,8.0000000000e+00,1.4530060291e+00
1.9310000000e+03,1.3900000000e+02,9.0000000000e+00,1.5829423666e+00
1.9310000000e+03,1.3900000000e+02,1.0000000000e+01,1.7085087299e+00
1.9310000000e+03,1.3900000000e+02,1.1000000000e+01,1.8292238712e+00
1.9310000000e+03,1.3900000000e+02,1.2000000000e+01,1.9449135065e+00
1.9310000000e+03,1.3900000000e+02,1.3000000000e+01,2.0555849075e+00
1.9310000000e+03,1.3900000000e+02,1.4000000000e+01,2.1613502502e+00
1.9310000000e+03,1.3900000000e+02,1.5000000000e+01,2.2623791695e+00
1.9310000000e+03,1.3900000000e+02,1.6000000000e+01,2.3588743210e+00
1.9310000000e+03,1.3900000000e+02,1.7000000000e+01,2.4510521889e+00
1.9310000000e+03,1.3900000000e+02,1.8000000000e+01,2.5391349792e+00
1.9310000000e+03,1.3900000000e+02,1.9000000000e+01,2.6233413219e+00
1.9310000000e+03,1.3900000000e+02,2.0000000000e+01,2.7038848400e+00
1.9310000000e+03,1.3900000000e+02,2.1000000000e+01,2.7809693813e+00
1.9310000000e+03,1.3900000000e+02,2.2000000000e+01,2.8547906876e+00
1.9310000000e+03,1.3900000000e+02,2.3000000000e+01,2.9255337715e+00
1.9310000000e+03,1.3900000000e+02,2.4000000000e+01,2.9933726788e+00
1.9310000000e+03,1.3900000000e+02,2.5000000000e+01,3.0584721565e+00
1.9310000000e+03,1.3900000000e+02,2.6000000000e+01,3.1209862232e+00
1.9310000000e+03,1.3900000000e+02,2.7000000000e+01,3.1810593605e+00
1.9310000000e+03,1.3900000000e+02,2.8000000000e+01,3.2388284206e+00
1.9310000000e+03,1.3900000000e+02,2.9000000000e+01,3.2944197655e+00
1.9310000000e+03,1.3900000000e+02,3.0000000000e+01,3.3479528427e+00
1.9310000000e+03,1.3900000000e+02,3.1000000000e+01,3.3995392323e+00
1.9310000000e+03,1.9300000000e+02,0.0000000000e+00,2.0051927567e+00
1.9310000000e+03,1.9300000000e+02,1.0000000000e+00,8.8385379314e-01
1.9310000000e+03,1.9300000000e+02,2.0000000000e+00,6.1354506016e-01
1.9310000000e+03,1.9300000000e+02,3.0000000000e+00,5.8709907532e-01
1.9310000000e+03,1.9300000000e+02,4.0000000000e+00,6.2388688326e-01
1.9310000000e+03,1.9300000000e+02,5.0000000000e+00,6.8030929565e-01
1.9310000000e+03,1.9300000000e+02,6.0000000000e+00,7.4105799198e-01
1.9310000000e+03,1.9300000000e+02,7.0000000000e+00,8.0019825697e-01
1.9310000000e+03,1.9300000000e+02,8.0000000000e+00,8.5537171364e-01
1.9310000000e+03,1.9300000000e+02,9.0000000000e+00,9.0578752756e-01
1.9310000000e+03,1.9300000000e+02,1.0000000000e+01,9.5134961605e-01
1.9310000000e+03,1.9300000000e+02,1.1000000000e+01,9.9228149652e-01
1.9310000000e+03,1.9300000000e+02,1.2000000000e+01,1.0289372206e+00
1.9310000000e+03,1.9300000000e+02,1.3000000000e+01,1.0617146492e+00
1.9310000000e+03,1.9300000000e+02,1.4000000000e+01,1.0910108089e+00
1.9310000000e+03,1.9300000000e+02,1.5000000000e+01,1.1172010899e+00
1.9310000000e+03,1.9300000000e+02,1.6000000000e+01,1.1406297684e+00
1.9310000000e+03,1.9300000000e+02,1.7000000000e+01,1.1616085768e+00
1.9310000000e+03,1.9300000000e+02,1.8000000000e+01,1.1804156303e+00
1.9310000000e+03,1.9300000000e+02,1.9000000000e+01,1.1972980499e+00
1.9310000000e+03,1.9300000000e+02,2.0000000000e+01,1.2124745846e+00
1.9310000000e+03,1.9300000000e+02,2.1000000000e+01,1.2261387110e+00
1.9310000000e+03,1.9300000000e+02,2.2000000000e+01,1.2384605408e+00
1.9310000000e+03,1.9300000000e+02,2.3000000000e+01,1.2495903969e+00
1.9310000000e+03,1.9300000000e+02,2.4000000000e+01,1.2596607208e+00
1.9310000000e+03,1.9300000000e+02,2.5000000000e+01,1.2687882185e+00
1.9310000000e+03,1.9300000000e+02,2.6000000000e+01,1.2770761251e+00
1.9310000000e+03,1.9300000000e+02,2.7000000000e+01,1.2846152782e+00
1.9310000000e+03,1.9300000000e+02,2.8000000000e+01,1.2914861441e+00
1.9310000000e+03,1.9300000000e+02,2.9000000000e+01,1.2977598906e+00
1.9310000000e+03,1.9300000000e+02,3.0000000000e+01,1.3034994602e+00
1.9310000000e+03,1.9300000000e+02,3.1000000000e+01,1.3087607622e+00
1.9310000000e+03,2.6800000000e+02,0.0000000000e+00,1.9956464767e+00
1.9310000000e+03,2.6800000000e+02,1.0000000000e+00,7.7021861076e-01
1.9310000000e+03,2.6800000000e+02,2.0000000000e+00,4.7383651137e-01
1.9310000000e+03,2.6800000000e+02,3.0000000000e+00,4.2087358236e-01
1.9310000000e+03,2.6800000000e+02,4.0000000000e+00,4.2549687624e-01
1.9310000000e+03,2.6800000000e+02,5.0000000000e+00,4.4641032815e-01
1.9310000000e+03,2.6800000000e+02,6.0000000000e+00,4.7047805786e-01
1.9310000000e+03,2.6800000000e+02,7.0000000000e+00,4.9327087402e-01
1.9310000000e+03,2.6800000000e+02,8.0000000000e+00,5.1338994503e-01
1.9310000000e+03,2.6800000000e+02,9.0000000000e+00,5.3059738874e-01
1.9310000000e+03,2.6800000000e+02,1.0000000000e+01,5.4508507252e-01
1.9310000000e+03,2.6800000000e+02,1.1000000000e+01,5.5718594790e-01
1.9310000000e+03,2.6800000000e+02,1.2000000000e+01,5.6725454330e-01
1.9310000000e+03,2.6800000000e+02,1.3000000000e+01,5.7561987638e-01
1.9310000000e+03,2.6800000000e+02,1.4000000000e+01,5.8257007599e-01
1.9310000000e+03,2.6800000000e+02,1.5000000000e+01,5.8834999800e-01
1.9310000000e+03,2.6800000000e+02,1.6000000000e+01,5.9316420555e-01
1.9310000000e+03,2.6800000000e+02,1.7000000000e+01,5.9718227386e-01
1.9310000000e+03,2.6800000000e+02,1.8000000000e+01,6.0054385662e-01
1.9310000000e+03,2.6800000000e+02,1.9000000000e+01,6.0336345434e-01
1.9310000000e+03,2.6800000000e+02,2.0000000000e+01,6.0573554039e-01
1.9310000000e+03,2.6800000000e+02,2.1000000000e+01,6.0773730278e-01
1.9310000000e+03,2.6800000000e+02,2.2000000000e+01,6.0943228006e-01
1.9310000000e+03,2.6800000000e+02,2.3000000000e+01,6.1087268591e-01
1.9310000000e+03,2.6800000000e+02,2.4000000000e+01,6.1210143566e-01
1.9310000000e+03,2.6800000000e+02,2.5000000000e+01,6.1315405369e-01
1.9310000000e+03,2.6800000000e+02,2.6000000000e+01,6.1405968666e-01
1.9310000000e+03,2.6800000000e+02,2.7000000000e+01,6.1484253407e-01
1.9310000000e+03,2.6800000000e+02,2.8000000000e+01,6.1552262306e-01
1.9310000000e+03,2.6800000000e+02,2.9000000000e+01,6.1611652374e-01
1.9310000000e+03,2.6800000000e+02,3.0000000000e+01,6.1663836241e-01
1.9310000000e+03,2.6800000000e+02,3.1000000000e+01,6.1709922552e-01
1.9310000000e+03,3.7300000000e+02,0.0000000000e+00,1.9918223619e+00
1.9310000000e+03,3.7300000000e+02,1.0000000000e+00,6.4485001564e-01
1.9310000000e+03,3.7300000000e+02,2.0000000000e+00,3.4684753418e-01
1.9310000000e+03,3.7300000000e+02,3.0000000000e+00,2.9173272848e-01
1.9310000000e+03,3.7300000000e+02,4.0000000000e+00,2.8798559308e-01
1.9310000000e+03,3.7300000000e+02,5.0000000000e+00,2.9716852307e-01
1.9310000000e+03,3.7300000000e+02,6.0000000000e+00,3.0855435133e-01
1.9310000000e+03,3.7300000000e+02,7.0000000000e+00,3.1903851032e-01
1.9310000000e+03,3.7300000000e+02,8.0000000000e+00,3.2787105441e-01
1.9310000000e+03,3.7300000000e+02,9.0000000000e+00,3.3505737782e-01
1.9310000000e+03,3.7300000000e+02,1.0000000000e+01,3.4082004428e-01
1.9310000000e+03,3.7300000000e+02,1.1000000000e+01,3.4541672468e-01
1.9310000000e+03,3.7300000000e+02,1.2000000000e+01,3.4908074141e-01
1.9310000000e+03,3.7300000000e+02,1.3000000000e+01,3.5200628638e-01
1.9310000000e+03,3.7300000000e+02,1.4000000000e+01,3.5434949398e-01
1.9310000000e+03,3.7300000000e+02,1.5000000000e+01,3.5623353720e-01
1.9310000000e+03,3.7300000000e+02,1.6000000000e+01,3.5775518417e-01
1.9310000000e+03,3.7300000000e+02,1.7000000000e+01,3.5899004340e-01
1.9310000000e+03,3.7300000000e+02,1.8000000000e+01,3.5999739170e-01
1.9310000000e+03,3.7300000000e+02,1.9000000000e+01,3.6082360148e-01
1.9310000000e+03,3.7300000000e+02,2.0000000000e+01,3.6150532961e-01
1.9310000000e+03,3.7300000000e+02,2.1000000000e+01,3.6207136512e-01
1.9310000000e+03,3.7300000000e+02,2.2000000000e+01,3.6254444718e-01
1.9310000000e+03,3.7300000000e+02,2.3000000000e+01,3.6294266582e-01
1.9310000000e+03,3.7300000000e+02,2.4000000000e+01,3.6328053474e-01
1.9310000000e+03,3.7300000000e+02,2.5000000000e+01,3.6356949806e-01
1.9310000000e+03,3.7300000000e+02,2.6000000000e+01,3.6381885409e-01
1.9310000000e+03,3.7300000000e+02,2.7000000000e+01,3.6403593421e-01
1.9310000000e+03,3.7300000000e+02,2.8000000000e+01,3.6422681808e-01
1.9310000000e+03,3.7300000000e+02,2.9000000000e+01,3.6439627409e-01
1.9310000000e+03,3.7300000000e+02,3.0000000000e+01,3.6454817653e-01
1.9310000000e+03,3.7300000000e+02,3.1000000000e+01,3.6468574405e-01
1.9310000000e+03,5.1800000000e+02,0.0000000000e+00,2.0045585632e+00
1.9310000000e+03,5.1800000000e+02,1.0000000000e+00,6.0668933392e-01
1.9310000000e+03,5.1800000000e+02,2.0000000000e+00,3.2441675663e-01
1.9310000000e+03,5.1800000000e+02,3.0000000000e+00,2.7940031886e-01
1.9310000000e+03,5.1800000000e+02,4.0000000000e+00,2.7893236279e-01
1.9310000000e+03,5.1800000000e+02,5.0000000000e+00,2.8698021173e-01
1.9310000000e+03,5.1800000000e+02,6.0000000000e+00,2.9516187310e-01
1.9310000000e+03,5.1800000000e+02,7.0000000000e+00,3.0169737339e-01
1.9310000000e+03,5.1800000000e+02,8.0000000000e+00,3.0652183294e-01
1.9310000000e+03,5.1800000000e+02,9.0000000000e+00,3.0996277928e-01
1.9310000000e+03,5.1800000000e+02,1.0000000000e+01,3.1237563491e-01
1.9310000000e+03,5.1800000000e+02,1.1000000000e+01,3.1405290961e-01
1.9310000000e+03,5.1800000000e+02,1.2000000000e+01,3.1521418691e-01
1.9310000000e+03,5.1800000000e+02,1.3000000000e+01,3.1601780653e-01
1.9310000000e+03,5.1800000000e+02,1.4000000000e+01,3.1657528877e-01
1.9310000000e+03,5.1800000000e+02,1.5000000000e+01,3.1696441770e-01
1.9310000000e+03,5.1800000000e+02,1.6000000000e+01,3.1723886728e-01
1.9310000000e+03,5.1800000000e+02,1.7000000000e+01,3.1743547320e-01
1.9310000000e+03,5.1800000000e+02,1.8000000000e+01,3.1757947803e-01
1.9310000000e+03,5.1800000000e+02,1.9000000000e+01,3.1768810749e-01
1.9310000000e+03,5.1800000000e+02,2.0000000000e+01,3.1777295470e-01
1.9310000000e+03,5.1800000000e+02,2.1000000000e+01,3.1784197688e-01
1.9310000000e+03,5.1800000000e+02,2.2000000000e+01,3.1790047884e-01
1.9310000000e+03,5.1800000000e+02,2.3000000000e+01,3.1795203686e-01
1.9310000000e+03,5.1800000000e+02,2.4000000000e+01,3.1799906492e-01
1.9310000000e+03,5.1800000000e+02,2.5000000000e+01,3.1804314256e-01
1.9310000000e+03,5.1800000000e+02,2.6000000000e+01,3.1808537245e-01
1.9310000000e+03,5.1800000000e+02,2.7000000000e+01,3.1812638044e-01
1.9310000000e+03,5.1800000000e+02,2.8000000000e+01,3.1816670299e-01
1.9310000000e+03,5.1800000000e+02,2.9000000000e+01,3.1820663810e-01
1.9310000000e+03,5.1800000000e+02,3.0000000000e+01,3.1824630499e-01
1.9310000000e+03,5.1800000000e+02,3.1000000000e+01,3.1828591228e-01
1.9310000000e+03,7.2000000000e+02,0.0000000000e+00,2.0071356297e+00
1.9310000000e+03,7.2000000000e+02,1.0000000000e+00,4.8181009293e-01
1.9310000000e+03,7.2000000000e+02,2.0000000000e+00,2.1461805701e-01
1.9310000000e+03,7.2000000000e+02,3.0000000000e+00,1.7886158824e-01
1.9310000000e+03,7.2000000000e+02,4.0000000000e+00,1.8031388521e-01
1.9310000000e+03,7.2000000000e+02,5.0000000000e+00,1.8837827444e-01
1.9310000000e+03,7.2000000000e+02,6.0000000000e+00,1.9657818973e-01
1.9310000000e+03,7.2000000000e+02,7.0000000000e+00,2.0350457728e-01
1.9310000000e+03,7.2000000000e+02,8.0000000000e+00,2.0899091661e-01
1.9310000000e+03,7.2000000000e+02,9.0000000000e+00,2.1319228411e-01
1.9310000000e+03,7.2000000000e+02,1.0000000000e+01,2.1633417904e-01
1.9310000000e+03,7.2000000000e+02,1.1000000000e+01,2.1863681078e-01
1.9310000000e+03,7.2000000000e+02,1.2000000000e+01,2.2029228508e-01
1.9310000000e+03,7.2000000000e+02,1.3000000000e+01,2.2145941854e-01
1.9310000000e+03,7.2000000000e+02,1.4000000000e+01,2.2226510942e-01
1.9310000000e+03,7.2000000000e+02,1.5000000000e+01,2.2280828655e-01
1.9310000000e+03,7.2000000000e+02,1.6000000000e+01,2.2316443920e-01
1.9310000000e+03,7.2000000000e+02,1.7000000000e+01,2.2339008749e-01
1.9310000000e+03,7.2000000000e+02,1.8000000000e+01,2.2352674603e-01
1.9310000000e+03,7.2000000000e+02,1.9000000000e+01,2.2360442579e-01
1.9310000000e+03,7.2000000000e+02,2.0000000000e+01,2.2364434600e-01
1.9310000000e+03,7.2000000000e+02,2.1000000000e+01,2.2366130352e-01
1.9310000000e+03,7.2000000000e+02,2.2000000000e+01,2.2366526723e-01
1.9310000000e+03,7.2000000000e+02,2.3000000000e+01,2.2366283834e-01
1.9310000000e+03,7.2000000000e+02,2.4000000000e+01,2.2365814447e-01
1.9310000000e+03,7.2000000000e+02,2.5000000000e+01,2.2365379333e-01
1.9310000000e+03,7.2000000000e+02,2.6000000000e+01,2.2365109622e-01
1.9310000000e+03,7.2000000000e+02,2.7000000000e+01,2.2365075350e-01
1.9310000000e+03,7.2000000000e+02,2.8000000000e+01,2.2365300357e-01
1.9310000000e+03,7.2000000000e+02,2.9000000000e+01,2.2365774214e-01
1.9310000000e+03,7.2000000000e+02,3.0000000000e+01,2.2366477549e-01
1.9310000000e+03,7.2000000000e+02,3.1000000000e+01,2.2367382050e-01
1.9310000000e+03,1.0000000000e+03,0.0000000000e+00,2.0050911903e+00
1.9310000000e+03,1.0000000000e+03,1.0000000000e+00,4.6884030104e-01
1.9310000000e+03,1.0000000000e+03,2.0000000000e+00,2.4160982668e-01
1.9310000000e+03,1.0000000000e+03,3.0000000000e+00,2.2305399179e-01
1.9310000000e+03,1.0000000000e+03,4.0000000000e+00,2.3213422298e-01
1.9310000000e+03,1.0000000000e+03,5.0000000000e+00,2.4461507797e-01
1.9310000000e+03,1.0000000000e+03,6.0000000000e+00,2.5628793240e-01
1.9310000000e+03,1.0000000000e+03,7.0000000000e+00,2.6645478606e-01
1.9310000000e+03,1.0000000000e+03,8.0000000000e+00,2.7517426014e-01
1.9310000000e+03,1.0000000000e+03,9.0000000000e+00,2.8267699480e-01
1.9310000000e+03,1.0000000000e+03,1.0000000000e+01,2.8921431303e-01
1.9310000000e+03,1.0000000000e+03,1.1000000000e+01,2.9501062632e-01
1.9310000000e+03,1.0000000000e+03,1.2000000000e+01,3.0024912953e-01
1.9310000000e+03,1.0000000000e+03,1.3000000000e+01,3.0507078767e-01
1.9310000000e+03,1.0000000000e+03,1.4000000000e+01,3.0957883596e-01
1.9310000000e+03,1.0000000000e+03,1.5000000000e+01,3.1384557486e-01
1.9310000000e+03,1.0000000000e+03,1.6000000000e+01,3.1791928411e-01
1.9310000000e+03,1.0000000000e+03,1.7000000000e+01,3.2183054090e-01
1.9310000000e+03,1.0000000000e+03,1.8000000000e+01,3.2559740543e-01
1.9310000000e+03,1.0000000000e+03,1.9000000000e+01,3.2922965288e-01
1.9310000000e+03,1.0000000000e+03,2.0000000000e+01,3.3273187280e-01
1.9310000000e+03,1.0000000000e+03,2.1000000000e+01,3.3610567451e-01
1.9310000000e+03,1.0000000000e+03,2.2000000000e+01,3.3935114741e-01
1.9310000000e+03,1.0000000000e+03,2.3000000000e+01,3.4246829152e-01
1.9310000000e+03,1.0000000000e+03,2.4000000000e+01,3.4545692801e-01
1.9310000000e+03,1.0000000000e+03,2.5000000000e+01,3.4831765294e-01
1.9310000000e+03,1.0000000000e+03,2.6000000000e+01,3.5105174780e-01
1.9310000000e+03,1.0000000000e+03,2.7000000000e+01,3.5366094112e-01
1.9310000000e+03,1.0000000000e+03,2.8000000000e+01,3.5614800453e-01
1.9310000000e+03,1.0000000000e+03,2.9000000000e+01,3.5851591825e-01
1.9310000000e+03,1.0000000000e+03,3.0000000000e+01,3.6076837778e-01
1.9310000000e+03,1.0000000000e+03,3.1000000000e+01,3.6290925741e-01
2.6830000000e+03,1.0000000000e+01,0.0000000000e+00,2.0038361549e+00
2.6830000000e+03,1.0000000000e+01,1.0000000000e+00,1.8862456083e+00
2.6830000000e+03,1.0000000000e+01,2.0000000000e+00,1.9302394390e+00
2.6830000000e+03,1.0000000000e+01,3.0000000000e+00,2.0312170982e+00
2.6830000000e+03,1.0000000000e+01,4.0000000000e+00,2.1402115822e+00
2.6830000000e+03,1.0000000000e+01,5.0000000000e+00,2.2428913116e+00
2.6830000000e+03,1.0000000000e+01,6.0000000000e+00,2.3366146088e+00
2.6830000000e+03,1.0000000000e+01,7.0000000000e+00,2.4222624302e+00
2.6830000000e+03,1.0000000000e+01,8.0000000000e+00,2.5014770031e+00
2.6830000000e+03,1.0000000000e+01,9.0000000000e+00,2.5758402348e+00
2.6830000000e+03,1.0000000000e+01,1.0000000000e+01,2.6466798782e+00
2.6830000000e+03,1.0000000000e+01,1.1000000000e+01,2.7150638103e+00
2.6830000000e+03,1.0000000000e+01,1.2000000000e+01,2.7818412781e+00
2.6830000000e+03,1.0000000000e+01,1.3000000000e+01,2.8476867676e+00
2.6830000000e+03,1.0000000000e+01,1.4000000000e+01,2.9131424427e+00
2.6830000000e+03,1.0000000000e+01,1.5000000000e+01,2.9786450863e+00
2.6830000000e+03,1.0000000000e+01,1.6000000000e+01,3.0445516109e+00
2.6830000000e+03,1.0000000000e+01,1.7000000000e+01,3.1111557484e+00
2.6830000000e+03,1.0000000000e+01,1.8000000000e+01,3.1787011623e+00
2.6830000000e+03,1.0000000000e+01,1.9000000000e+01,3.2473931313e+00
2.6830000000e+03,1.0000000000e+01,2.0000000000e+01,3.3174035549e+00
2.6830000000e+03,1.0000000000e+01,2.1000000000e+01,3.3888802528e+00
2.6830000000e+03,1.0000000000e+01,2.2000000000e+01,3.4619476795e+00
2.6830000000e+03,1.0000000000e+01,2.3000000000e+01,3.5367157459e+00
2.6830000000e+03,1.0000000000e+01,2.4000000000e+01,3.6132779121e+00
2.6830000000e+03,1.0000000000e+01,2.5000000000e+01,3.6917157173e+00
2.6830000000e+03,1.0000000000e+01,2.6000000000e+01,3.7721016407e+00
2.6830000000e+03,1.0000000000e+01,2.7000000000e+01,3.8544986248e+00
2.6830000000e+03,1.0000000000e+01,2.8000000000e+01,3.9389619827e+00
2.6830000000e+03,1.0000000000e+01,2.9000000000e+01,4.0255417824e+00
2.6830000000e+03,1.0000000000e+01,3.0000000000e+01,4.1142816544e+00
2.6830000000e+03,1.0000000000e+01,3.1000000000e+01,4.2052211761e+00
2.6830000000e+03,1.4000000000e+01,0.0000000000e+00,1.9985542297e+00
2.6830000000e+03,1.4000000000e+01,1.0000000000e+00,1.8246499300e+00
2.6830000000e+03,1.4000000000e+01,2.0000000000e+00,1.8658018112e+00
2.6830000000e+03,1.4000000000e+01,3.0000000000e+00,1.9998817444e+00
2.6830000000e+03,1.4000000000e+01,4.0000000000e+00,2.1614260674e+00
2.6830000000e+03,1.4000000000e+01,5.0000000000e+00,2.3238749504e+00
2.6830000000e+03,1.4000000000e+01,6.0000000000e+00,2.4774610996e+00
2.6830000000e+03,1.4000000000e+01,7.0000000000e+00,2.6198415756e+00
2.6830000000e+03,1.4000000000e+01,8.0000000000e+00,2.7515521049e+00
2.6830000000e+03,1.4000000000e+01,9.0000000000e+00,2.8740496635e+00
2.6830000000e+03,1.4000000000e+01,1.0000000000e+01,2.9889409542e+00
2.6830000000e+03,1.4000000000e+01,1.1000000000e+01,3.0977067947e+00
2.6830000000e+03,1.4000000000e+01,1.2000000000e+01,3.2016258240e+00
2.6830000000e+03,1.4000000000e+01,1.3000000000e+01,3.3017764091e+00
2.6830000000e+03,1.4000000000e+01,1.4000000000e+01,3.3990559578e+00
2.6830000000e+03,1.4000000000e+01,1.5000000000e+01,3.4942135811e+00
2.6830000000e+03,1.4000000000e+01,1.6000000000e+01,3.5878725052e+00
2.6830000000e+03,1.4000000000e+01,1.7000000000e+01,3.6805570126e+00
2.6830000000e+03,1.4000000000e+01,1.8000000000e+01,3.7727086544e+00
2.6830000000e+03,1.4000000000e+01,1.9000000000e+01,3.8647017479e+00
2.6830000000e+03,1.4000000000e+01,2.0000000000e+01,3.9568548203e+00
2.6830000000e+03,1.4000000000e+01,2.1000000000e+01,4.0494427681e+00
2.6830000000e+03,1.4000000000e+01,2.2000000000e+01,4.1427021027e+00
2.6830000000e+03,1.4000000000e+01,2.3000000000e+01,4.2368373871e+00
2.6830000000e+03,1.4000000000e+01,2.4000000000e+01,4.3320283890e+00
2.6830000000e+03,1.4000000000e+01,2.5000000000e+01,4.4284310341e+00
2.6830000000e+03,1.4000000000e+01,2.6000000000e+01,4.5261831284e+00
2.6830000000e+03,1.4000000000e+01,2.7000000000e+01,4.6254072189e+00
2.6830000000e+03,1.4000000000e+01,2.8000000000e+01,4.7262101173e+00
2.6830000000e+03,1.4000000000e+01,2.9000000000e+01,4.8286895752e+00
2.6830000000e+03,1.4000000000e+01,3.0000000000e+01,4.9329309464e+00
2.6830000000e+03,1.4000000000e+01,3.1000000000e+01,5.0390110016e+00
2.6830000000e+03,1.9000000000e+01,0.0000000000e+00,2.0077850819e+00
2.6830000000e+03,1.9000000000e+01,1.0000000000e+00,1.7728031874e+00
2.6830000000e+03,1.9000000000e+01,2.0000000000e+00,1.8066918850e+00
2.6830000000e+03,1.9000000000e+01,3.0000000000e+00,1.9675853252e+00
2.6830000000e+03,1.9000000000e+01,4.0000000000e+00,2.1795389652e+00
2.6830000000e+03,1.9000000000e+01,5.0000000000e+00,2.4069287777e+00
2.6830000000e+03,1.9000000000e+01,6.0000000000e+00,2.6321520805e+00
2.6830000000e+03,1.9000000000e+01,7.0000000000e+00,2.8475539684e+00
2.6830000000e+03,1.9000000000e+01,8.0000000000e+00,3.0506429672e+00
2.6830000000e+03,1.9000000000e+01,9.0000000000e+00,3.2413885593e+00
2.6830000000e+03,1.9000000000e+01,1.0000000000e+01,3.4208133221e+00
2.6830000000e+03,1.9000000000e+01,1.1000000000e+01,3.5903053284e+00
2.6830000000e+03,1.9000000000e+01,1.2000000000e+01,3.7512969971e+00
2.6830000000e+03,1.9000000000e+01,1.3000000000e+01,3.9051318169e+00
2.6830000000e+03,1.9000000000e+01,1.4000000000e+01,4.0530147552e+00
2.6830000000e+03,1.9000000000e+01,1.5000000000e+01,4.1960015297e+00
2.6830000000e+03,1.9000000000e+01,1.6000000000e+01,4.3350114822e+00
2.6830000000e+03,1.9000000000e+01,1.7000000000e+01,4.4708375931e+00
2.6830000000e+03,1.9000000000e+01,1.8000000000e+01,4.6041665077e+00
2.6830000000e+03,1.9000000000e+01,1.9000000000e+01,4.7355914116e+00
2.6830000000e+03,1.9000000000e+01,2.0000000000e+01,4.8656277657e+00
2.6830000000e+03,1.9000000000e+01,2.1000000000e+01,4.9947228432e+00
2.6830000000e+03,1.9000000000e+01,2.2000000000e+01,5.1232686043e+00
2.6830000000e+03,1.9000000000e+01,2.3000000000e+01,5.2516078949e+00
2.6830000000e+03,1.9000000000e+01,2.4000000000e+01,5.3800420761e+00
2.6830000000e+03,1.9000000000e+01,2.5000000000e+01,5.5088381767e+00
2.6830000000e+03,1.9000000000e+01,2.6000000000e+01,5.6382312775e+00
2.6830000000e+03,1.9000000000e+01,2.7000000000e+01,5.7684316635e+00
2.6830000000e+03,1.9000000000e+01,2.8000000000e+01,5.8996262550e+00
2.6830000000e+03,1.9000000000e+01,2.9000000000e+01,6.0319838524e+00
2.6830000000e+03,1.9000000000e+01,3.0000000000e+01,6.1656527519e+00
2.6830000000e+03,1.9000000000e+01,3.1000000000e+01,6.3007707596e+00
2.6830000000e+03,2.7000000000e+01,0.0000000000e+00,1.9957274199e+00
2.6830000000e+03,2.7000000000e+01,1.0000000000e+00,1.6786204576e+00
2.6830000000e+03,2.7000000000e+01,2.0000000000e+00,1.7044630051e+00
2.6830000000e+03,2.7000000000e+01,3.0000000000e+00,1.8936777115e+00
2.6830000000e+03,2.7000000000e+01,4.0000000000e+00,2.1619460583e+00
2.6830000000e+03,2.7000000000e+01,5.0000000000e+00,2.4693312645e+00
2.6830000000e+03,2.7000000000e+01,6.0000000000e+00,2.7917842865e+00
2.6830000000e+03,2.7000000000e+01,7.0000000000e+00,3.1150128841e+00
2.6830000000e+03,2.7000000000e+01,8.0000000000e+00,3.4310326576e+00
2.6830000000e+03,2.7000000000e+01,9.0000000000e+00,3.7358713150e+00
2.6830000000e+03,2.7000000000e+01,1.0000000000e+01,4.0279703140e+00
2.6830000000e+03,2.7000000000e+01,1.1000000000e+01,4.3071532249e+00
2.6830000000e+03,2.7000000000e+01,1.2000000000e+01,4.5739865303e+00
2.6830000000e+03,2.7000000000e+01,1.3000000000e+01,4.8294067383e+00
2.6830000000e+03,2.7000000000e+01,1.4000000000e+01,5.0744986534e+00
2.6830000000e+03,2.7000000000e+01,1.5000000000e+01,5.3103747368e+00
2.6830000000e+03,2.7000000000e+01,1.6000000000e+01,5.5381131172e+00
2.6830000000e+03,2.7000000000e+01,1.7000000000e+01,5.7587223053e+00
2.6830000000e+03,2.7000000000e+01,1.8000000000e+01,5.9731287956e+00
2.6830000000e+03,2.7000000000e+01,1.9000000000e+01,6.1821751595e+00
2.6830000000e+03,2.7000000000e+01,2.0000000000e+01,6.3866224289e+00
2.6830000000e+03,2.7000000000e+01,2.1000000000e+01,6.5871558189e+00
2.6830000000e+03,2.7000000000e+01,2.2000000000e+01,6.7843894958e+00
2.6830000000e+03,2.7000000000e+01,2.3000000000e+01,6.9788765907e+00
2.6830000000e+03,2.7000000000e+01,2.4000000000e+01,7.1711130142e+00
2.6830000000e+03,2.7000000000e+01,2.5000000000e+01,7.3615446091e+00
2.6830000000e+03,2.7000000000e+01,2.6000000000e+01,7.5505738258e+00
2.6830000000e+03,2.7000000000e+01,2.7000000000e+01,7.7385621071e+00
2.6830000000e+03,2.7000000000e+01,2.8000000000e+01,7.9258384705e+00
2.6830000000e+03,2.7000000000e+01,2.9000000000e+01,8.1126976013e+00
2.6830000000e+03,2.7000000000e+01,3.0000000000e+01,8.2994089127e+00
2.6830000000e+03,2.7000000000e+01,3.1000000000e+01,8.4862174988e+00
2.6830000000e+03,3.7000000000e+01,0.0000000000e+00,1.9985890388e+00
2.6830000000e+03,3.7000000000e+01,1.0000000000e+00,1.5782169104e+00
2.6830000000e+03,3.7000000000e+01,2.0000000000e+00,1.5793200731e+00
2.6830000000e+03,3.7000000000e+01,3.0000000000e+00,1.7798914909e+00
2.6830000000e+03,3.7000000000e+01,4.0000000000e+00,2.0813236237e+00
2.6830000000e+03,3.7000000000e+01,5.0000000000e+00,2.4420936108e+00
2.6830000000e+03,3.7000000000e+01,6.0000000000e+00,2.8365526199e+00
2.6830000000e+03,3.7000000000e+01,7.0000000000e+00,3.2475204468e+00
2.6830000000e+03,3.7000000000e+01,8.0000000000e+00,3.6632771492e+00
2.6830000000e+03,3.7000000000e+01,9.0000000000e+00,4.0760235786e+00
2.6830000000e+03,3.7000000000e+01,1.0000000000e+01,4.4807705879e+00
2.6830000000e+03,3.7000000000e+01,1.1000000000e+01,4.8745093346e+00
2.6830000000e+03,3.7000000000e+01,1.2000000000e+01,5.2555952072e+00
2.6830000000e+03,3.7000000000e+01,1.3000000000e+01,5.6233053207e+00
2.6830000000e+03,3.7000000000e+01,1.4000000000e+01,5.9775185585e+00
2.6830000000e+03,3.7000000000e+01,1.5000000000e+01,6.3185048103e+00
2.6830000000e+03,3.7000000000e+01,1.6000000000e+01,6.6467676163e+00
2.6830000000e+03,3.7000000000e+01,1.7000000000e+01,6.9629468918e+00
2.6830000000e+03,3.7000000000e+01,1.8000000000e+01,7.2677531242e+00
2.6830000000e+03,3.7000000000e+01,1.9000000000e+01,7.5619192123e+00
2.6830000000e+03,3.7000000000e+01,2.0000000000e+01,7.8461761475e+00
2.6830000000e+03,3.7000000000e+01,2.1000000000e+01,8.1212348938e+00
2.6830000000e+03,3.7000000000e+01,2.2000000000e+01,8.3877744675e+00
2.6830000000e+03,3.7000000000e+01,2.3000000000e+01,8.6464366913e+00
2.6830000000e+03,3.7000000000e+01,2.4000000000e+01,8.8978252411e+00
2.6830000000e+03,3.7000000000e+01,2.5000000000e+01,9.1425027847e+00
2.6830000000e+03,3.7000000000e+01,2.6000000000e+01,9.3809938431e+00
2.6830000000e+03,3.7000000000e+01,2.7000000000e+01,9.6137857437e+00
2.6830000000e+03,3.7000000000e+01,2.8000000000e+01,9.8413305283e+00
2.6830000000e+03,3.7000000000e+01,2.9000000000e+01,1.0064043999e+01
2.6830000000e+03,3.7000000000e+01,3.0000000000e+01,1.0282314301e+01
2.6830000000e+03,3.7000000000e+01,3.1000000000e+01,1.0496503830e+01
2.6830000000e+03,5.2000000000e+01,0.0000000000e+00,1.9995350838e+00
2.6830000000e+03,5.2000000000e+01,1.0000000000e+00,1.4597679377e+00
2.6830000000e+03,5.2000000000e+01,2.0000000000e+00,1.4277018309e+00
2.6830000000e+03,5.2000000000e+01,3.0000000000e+00,1.6210296154e+00
2.6830000000e+03,5.2000000000e+01,4.0000000000e+00,1.9240499735e+00
2.6830000000e+03,5.2000000000e+01,5.0000000000e+00,2.2956709862e+00
2.6830000000e+03,5.2000000000e+01,6.0000000000e+00,2.7126402855e+00
2.6830000000e+03,5.2000000000e+01,7.0000000000e+00,3.1598634720e+00
2.6830000000e+03,5.2000000000e+01,8.0000000000e+00,3.6264975071e+00
2.6830000000e+03,5.2000000000e+01,9.0000000000e+00,4.1045694351e+00
2.6830000000e+03,5.2000000000e+01,1.0000000000e+01,4.5881118774e+00
2.6830000000e+03,5.2000000000e+01,1.1000000000e+01,5.0726814270e+00
2.6830000000e+03,5.2000000000e+01,1.2000000000e+01,5.5549950600e+00
2.6830000000e+03,5.2000000000e+01,1.3000000000e+01,6.0326662064e+00
2.6830000000e+03,5.2000000000e+01,1.4000000000e+01,6.5039982796e+00
2.6830000000e+03,5.2000000000e+01,1.5000000000e+01,6.9678258896e+00
2.6830000000e+03,5.2000000000e+01,1.6000000000e+01,7.4233870506e+00
2.6830000000e+03,5.2000000000e+01,1.7000000000e+01,7.8702278137e+00
2.6830000000e+03,5.2000000000e+01,1.8000000000e+01,8.3081254959e+00
2.6830000000e+03,5.2000000000e+01,1.9000000000e+01,8.7370309830e+00
2.6830000000e+03,5.2000000000e+01,2.0000000000e+01,9.1570196152e+00
2.6830000000e+03,5.2000000000e+01,2.1000000000e+01,9.5682640076e+00
2.6830000000e+03,5.2000000000e+01,2.2000000000e+01,9.9709978104e+00
2.6830000000e+03,5.2000000000e+01,2.3000000000e+01,1.0365505219e+01
2.6830000000e+03,5.2000000000e+01,2.4000000000e+01,1.0752098083e+01
2.6830000000e+03,5.2000000000e+01,2.5000000000e+01,1.1131110191e+01
2.6830000000e+03,5.2000000000e+01,2.6000000000e+01,1.1502878189e+01
2.6830000000e+03,5.2000000000e+01,2.7000000000e+01,1.1867752075e+01
2.6830000000e+03,5.2000000000e+01,2.8000000000e+01,1.2226071358e+01
2.6830000000e+03,5.2000000000e+01,2.9000000000e+01,1.2578176498e+01
2.6830000000e+03,5.2000000000e+01,3.0000000000e+01,1.2924397469e+01
2.6830000000e+03,5.2000000000e+01,3.1000000000e+01,1.3265054703e+01
2.6830000000e+03,7.2000000000e+01,0.0000000000e+00,2.0035541058e+00
2.6830000000e+03,7.2000000000e+01,1.0000000000e+00,1.3329467773e+00
2.6830000000e+03,7.2000000000e+01,2.0000000000e+00,1.2496449947e+00
2.6830000000e+03,7.2000000000e+01,3.0000000000e+00,1.4000675678e+00
2.6830000000e+03,7.2000000000e+01,4.0000000000e+00,1.6524770260e+00
2.6830000000e+03,7.2000000000e+01,5.0000000000e+00,1.9651377201e+00
2.6830000000e+03,7.2000000000e+01,6.0000000000e+00,2.3171195984e+00
2.6830000000e+03,7.2000000000e+01,7.0000000000e+00,2.6965961456e+00
2.6830000000e+03,7.2000000000e+01,8.0000000000e+00,3.0955803394e+00
2.6830000000e+03,7.2000000000e+01,9.0000000000e+00,3.5085620880e+00
2.6830000000e+03,7.2000000000e+01,1.0000000000e+01,3.9313914776e+00
2.6830000000e+03,7.2000000000e+01,1.1000000000e+01,4.3609471321e+00
2.6830000000e+03,7.2000000000e+01,1.2000000000e+01,4.7947711945e+00
2.6830000000e+03,7.2000000000e+01,1.3000000000e+01,5.2309441566e+00
2.6830000000e+03,7.2000000000e+01,1.4000000000e+01,5.6679301262e+00
2.6830000000e+03,7.2000000000e+01,1.5000000000e+01,6.1045117378e+00
2.6830000000e+03,7.2000000000e+01,1.6000000000e+01,6.5397162437e+00
2.6830000000e+03,7.2000000000e+01,1.7000000000e+01,6.9727730751e+00
2.6830000000e+03,7.2000000000e+01,1.8000000000e+01,7.4030728340e+00
2.6830000000e+03,7.2000000000e+01,1.9000000000e+01,7.8301391602e+00
2.6830000000e+03,7.2000000000e+01,2.0000000000e+01,8.2536048889e+00
2.6830000000e+03,7.2000000000e+01,2.1000000000e+01,8.6731901169e+00
2.6830000000e+03,7.2000000000e+01,2.2000000000e+01,9.0886917114e+00
2.6830000000e+03,7.2000000000e+01,2.3000000000e+01,9.4999637604e+00
2.6830000000e+03,7.2000000000e+01,2.4000000000e+01,9.9069137573e+00
2.6830000000e+03,7.2000000000e+01,2.5000000000e+01,1.0309486389e+01
2.6830000000e+03,7.2000000000e+01,2.6000000000e+01,1.0707664490e+01
2.6830000000e+03,7.2000000000e+01,2.7000000000e+01,1.1101452827e+01
2.6830000000e+03,7.2000000000e+01,2.8000000000e+01,1.1490883827e+01
2.6830000000e+03,7.2000000000e+01,2.9000000000e+01,1.1876006126e+01
2.6830000000e+03,7.2000000000e+01,3.0000000000e+01,1.2256881714e+01
2.6830000000e+03,7.2000000000e+01,3.1000000000e+01,1.2633585930e+01
2.6830000000e+03,1.0000000000e+02,0.0000000000e+00,1.9962739944e+00
2.6830000000e+03,1.0000000000e+02,1.0000000000e+00,1.1730601788e+00
2.6830000000e+03,1.0000000000e+02,2.0000000000e+00,1.0230475664e+00
2.6830000000e+03,1.0000000000e+02,3.0000000000e+00,1.1125558615e+00
2.6830000000e+03,1.0000000000e+02,4.0000000000e+00,1.2878766060e+00
2.6830000000e+03,1.0000000000e+02,5.0000000000e+00,1.5063012838e+00
2.6830000000e+03,1.0000000000e+02,6.0000000000e+00,1.7484310865e+00
2.6830000000e+03,1.0000000000e+02,7.0000000000e+00,2.0045845509e+00
2.6830000000e+03,1.0000000000e+02,8.0000000000e+00,2.2689294815e+00
2.6830000000e+03,1.0000000000e+02,9.0000000000e+00,2.5379474163e+00
2.6830000000e+03,1.0000000000e+02,1.0000000000e+01,2.8092684746e+00
2.6830000000e+03,1.0000000000e+02,1.1000000000e+01,3.0813188553e+00
2.6830000000e+03,1.0000000000e+02,1.2000000000e+01,3.3529813290e+00
2.6830000000e+03,1.0000000000e+02,1.3000000000e+01,3.6234748363e+00
2.6830000000e+03,1.0000000000e+02,1.4000000000e+01,3.8922340870e+00
2.6830000000e+03,1.0000000000e+02,1.5000000000e+01,4.1588549614e+00
2.6830000000e+03,1.0000000000e+02,1.6000000000e+01,4.4230470657e+00
2.6830000000e+03,1.0000000000e+02,1.7000000000e+01,4.6846055984e+00
2.6830000000e+03,1.0000000000e+02,1.8000000000e+01,4.9433875084e+00
2.6830000000e+03,1.0000000000e+02,1.9000000000e+01,5.1993002892e+00
2.6830000000e+03,1.0000000000e+02,2.0000000000e+01,5.4522843361e+00
2.6830000000e+03,1.0000000000e+02,2.1000000000e+01,5.7023124695e+00
2.6830000000e+03,1.0000000000e+02,2.2000000000e+01,5.9493770599e+00
2.6830000000e+03,1.0000000000e+02,2.3000000000e+01,6.1934876442e+00
2.6830000000e+03,1.0000000000e+02,2.4000000000e+01,6.4346671104e+00
2.6830000000e+03,1.0000000000e+02,2.5000000000e+01,6.6729478836e+00
2.6830000000e+03,1.0000000000e+02,2.6000000000e+01,6.9083714485e+00
2.6830000000e+03,1.0000000000e+02,2.7000000000e+01,7.1409845352e+00
2.6830000000e+03,1.0000000000e+02,2.8000000000e+01,7.3708381653e+00
2.6830000000e+03,1.0000000000e+02,2.9000000000e+01,7.5979881287e+00
2.6830000000e+03,1.0000000000e+02,3.0000000000e+01,7.8224906921e+00
2.6830000000e+03,1.0000000000e+02,3.1000000000e+01,8.0444049835e+00
2.6830000000e+03,1.3900000000e+02,0.0000000000e+00,1.9928106070e+00
2.6830000000e+03,1.3900000000e+02,1.0000000000e+00,1.0221190453e+00
2.6830000000e+03,1.3900000000e+02,2.0000000000e+00,8.0425721407e-01
2.6830000000e+03,1.3900000000e+02,3.0000000000e+00,8.2520216703e-01
2.6830000000e+03,1.3900000000e+02,4.0000000000e+00,9.1799873114e-01
2.6830000000e+03,1.3900000000e+02,5.0000000000e+00,1.0388828516e+00
2.6830000000e+03,1.3900000000e+02,6.0000000000e+00,1.1700985432e+00
2.6830000000e+03,1.3900000000e+02,7.0000000000e+00,1.3038612604e+00
2.6830000000e+03,1.3900000000e+02,8.0000000000e+00,1.4361462593e+00
2.6830000000e+03,1.3900000000e+02,9.0000000000e+00,1.5649738312e+00
2.6830000000e+03,1.3900000000e+02,1.0000000000e+01,1.6892998219e+00
2.6830000000e+03,1.3900000000e+02,1.1000000000e+01,1.8086695671e+00
2.6830000000e+03,1.3900000000e+02,1.2000000000e+01,1.9229099751e+00
2.6830000000e+03,1.3900000000e+02,1.3000000000e+01,2.0320467949e+00
2.6830000000e+03,1.3900000000e+02,1.4000000000e+01,2.1361932755e+00
2.6830000000e+03,1.3900000000e+02,1.5000000000e+01,2.2355320454e+00
2.6830000000e+03,1.3900000000e+02,1.6000000000e+01,2.3302679062e+00
2.6830000000e+03,1.3900000000e+02,1.7000000000e+01,2.4206266403e+00
2.6830000000e+03,1.3900000000e+02,1.8000000000e+01,2.5068314075e+00
2.6830000000e+03,1.3900000000e+02,1.9000000000e+01,2.5891087055e+00
2.6830000000e+03,1.3900000000e+02,2.0000000000e+01,2.6676731110e+00
2.6830000000e+03,1.3900000000e+02,2.1000000000e+01,2.7427349091e+00
2.6830000000e+03,1.3900000000e+02,2.2000000000e+01,2.8144907951e+00
2.6830000000e+03,1.3900000000e+02,2.3000000000e+01,2.8831298351e+00
2.6830000000e+03,1.3900000000e+02,2.4000000000e+01,2.9488284588e+00
2.6830000000e+03,1.3900000000e+02,2.5000000000e+01,3.0117533207e+00
2.6830000000e+03,1.3900000000e+02,2.6000000000e+01,3.0720610619e+00
2.6830000000e+03,1.3900000000e+02,2.7000000000e+01,3.1298980713e+00
2.6830000000e+03,1.3900000000e+02,2.8000000000e+01,3.1854023933e+00
2.6830000000e+03,1.3900000000e+02,2.9000000000e+01,3.2387032509e+00
2.6830000000e+03,1.3900000000e+02,3.0000000000e+01,3.2899203300e+00
2.6830000000e+03,1.3900000000e+02,3.1000000000e+01,3.3391673565e+00
2.6830000000e+03,1.9300000000e+02,0.0000000000e+00,2.0021874905e+00
2.6830000000e+03,1.9300000000e+02,1.0000000000e+00,8.7912905216e-01
2.6830000000e+03,1.9300000000e+02,2.0000000000e+00,6.0848903656e-01
2.6830000000e+03,1.9300000000e+02,3.0000000000e+00,5.8052212000e-01
2.6830000000e+03,1.9300000000e+02,4.0000000000e+00,6.1532342434e-01
2.6830000000e+03,1.9300000000e+02,5.0000000000e+00,6.6995060444e-01
2.6830000000e+03,1.9300000000e+02,6.0000000000e+00,7.2904109955e-01
2.6830000000e+03,1.9300000000e+02,7.0000000000e+00,7.8667658567e-01
2.6830000000e+03,1.9300000000e+02,8.0000000000e+00,8.4048247337e-01
2.6830000000e+03,1.9300000000e+02,9.0000000000e+00,8.8965302706e-01
2.6830000000e+03,1.9300000000e+02,1.0000000000e+01,9.3408167362e-01
2.6830000000e+03,1.9300000000e+02,1.1000000000e+01,9.7397661209e-01
2.6830000000e+03,1.9300000000e+02,1.2000000000e+01,1.0096820593e+00
2.6830000000e+03,1.9300000000e+02,1.3000000000e+01,1.0415842533e+00
2.6830000000e+03,1.9300000000e+02,1.4000000000e+01,1.0700720549e+00
2.6830000000e+03,1.9300000000e+02,1.5000000000e+01,1.0955122709e+00
2.6830000000e+03,1.9300000000e+02,1.6000000000e+01,1.1182429790e+00
2.6830000000e+03,1.9300000000e+02,1.7000000000e+01,1.1385692358e+00
2.6830000000e+03,1.9300000000e+02,1.8000000000e+01,1.1567645073e+00
2.6830000000e+03,1.9300000000e+02,1.9000000000e+01,1.1730711460e+00
2.6830000000e+03,1.9300000000e+02,2.0000000000e+01,1.1877042055e+00
2.6830000000e+03,1.9300000000e+02,2.1000000000e+01,1.2008529902e+00
2.6830000000e+03,1.9300000000e+02,2.2000000000e+01,1.2126853466e+00
2.6830000000e+03,1.9300000000e+02,2.3000000000e+01,1.2233487368e+00
2.6830000000e+03,1.9300000000e+02,2.4000000000e+01,1.2329729795e+00
2.6830000000e+03,1.9300000000e+02,2.5000000000e+01,1.2416729927e+00
2.6830000000e+03,1.9300000000e+02,2.6000000000e+01,1.2495501041e+00
2.6830000000e+03,1.9300000000e+02,2.7000000000e+01,1.2566936016e+00
2.6830000000e+03,1.9300000000e+02,2.8000000000e+01,1.2631820440e+00
2.6830000000e+03,1.9300000000e+02,2.9000000000e+01,1.2690857649e+00
2.6830000000e+03,1.9300000000e+02,3.0000000000e+01,1.2744667530e+00
2.6830000000e+03,1.9300000000e+02,3.1000000000e+01,1.2793792486e+00
2.6830000000e+03,2.6800000000e+02,0.0000000000e+00,1.9981491566e+00
2.6830000000e+03,2.6800000000e+02,1.0000000000e+00,7.4671953917e-01
2.6830000000e+03,2.6800000000e+02,2.0000000000e+00,4.4549763203e-01
2.6830000000e+03,2.6800000000e+02,3.0000000000e+00,3.9212891459e-01
2.6830000000e+03,2.6800000000e+02,4.0000000000e+00,3.9653933048e-01
2.6830000000e+03,2.6800000000e+02,5.0000000000e+00,4.1685056686e-01
2.6830000000e+03,2.6800000000e+02,6.0000000000e+00,4.3991291523e-01
2.6830000000e+03,2.6800000000e+02,7.0000000000e+00,4.6144229174e-01
2.6830000000e+03,2.6800000000e+02,8.0000000000e+00,4.8016941547e-01
2.6830000000e+03,2.6800000000e+02,9.0000000000e+00,4.9594980478e-01
2.6830000000e+03,2.6800000000e+02,1.0000000000e+01,5.0903820992e-01
2.6830000000e+03,2.6800000000e+02,1.1000000000e+01,5.1980620623e-01
2.6830000000e+03,2.6800000000e+02,1.2000000000e+01,5.2863037586e-01
2.6830000000e+03,2.6800000000e+02,1.3000000000e+01,5.3585046530e-01
2.6830000000e+03,2.6800000000e+02,1.4000000000e+01,5.4175776243e-01
2.6830000000e+03,2.6800000000e+02,1.5000000000e+01,5.4659521580e-01
2.6830000000e+03,2.6800000000e+02,1.6000000000e+01,5.5056303740e-01
2.6830000000e+03,2.6800000000e+02,1.7000000000e+01,5.5382418633e-01
2.6830000000e+03,2.6800000000e+02,1.8000000000e+01,5.5651104450e-01
2.6830000000e+03,2.6800000000e+02,1.9000000000e+01,5.5873113871e-01
2.6830000000e+03,2.6800000000e+02,2.0000000000e+01,5.6057095528e-01
2.6830000000e+03,2.6800000000e+02,2.1000000000e+01,5.6210106611e-01
2.6830000000e+03,2.6800000000e+02,2.2000000000e+01,5.6337827444e-01
2.6830000000e+03,2.6800000000e+02,2.3000000000e+01,5.6444853544e-01
2.6830000000e+03,2.6800000000e+02,2.4000000000e+01,5.6534951925e-01
2.6830000000e+03,2.6800000000e+02,2.5000000000e+01,5.6611156464e-01
2.6830000000e+03,2.6800000000e+02,2.6000000000e+01,5.6675934792e-01
2.6830000000e+03,2.6800000000e+02,2.7000000000e+01,5.6731319427e-01
2.6830000000e+03,2.6800000000e+02,2.8000000000e+01,5.6778967381e-01
2.6830000000e+03,2.6800000000e+02,2.9000000000e+01,5.6820219755e-01
2.6830000000e+03,2.6800000000e+02,3.0000000000e+01,5.6856185198e-01
2.6830000000e+03,2.6800000000e+02,3.1000000000e+01,5.6887769699e-01
2.6830000000e+03,3.7300000000e+02,0.0000000000e+00,2.0010571480e+00
2.6830000000e+03,3.7300000000e+02,1.0000000000e+00,6.3407343626e-01
2.6830000000e+03,3.7300000000e+02,2.0000000000e+00,3.2033914328e-01
2.6830000000e+03,3.7300000000e+02,3.0000000000e+00,2.6008093357e-01
2.6830000000e+03,3.7300000000e+02,4.0000000000e+00,2.5301286578e-01
2.6830000000e+03,3.7300000000e+02,5.0000000000e+00,2.5914686918e-01
2.6830000000e+03,3.7300000000e+02,6.0000000000e+00,2.6753652096e-01
2.6830000000e+03,3.7300000000e+02,7.0000000000e+00,2.7514156699e-01
2.6830000000e+03,3.7300000000e+02,8.0000000000e+00,2.8128632903e-01
2.6830000000e+03,3.7300000000e+02,9.0000000000e+00,2.8602510691e-01
2.6830000000e+03,3.7300000000e+02,1.0000000000e+01,2.8960162401e-01
2.6830000000e+03,3.7300000000e+02,1.1000000000e+01,2.9227411747e-01
2.6830000000e+03,3.7300000000e+02,1.2000000000e+01,2.9426327348e-01
2.6830000000e+03,3.7300000000e+02,1.3000000000e+01,2.9574331641e-01
2.6830000000e+03,3.7300000000e+02,1.4000000000e+01,2.9684671760e-01
2.6830000000e+03,3.7300000000e+02,1.5000000000e+01,2.9767256975e-01
2.6830000000e+03,3.7300000000e+02,1.6000000000e+01,2.9829391837e-01
2.6830000000e+03,3.7300000000e+02,1.7000000000e+01,2.9876470566e-01
2.6830000000e+03,3.7300000000e+02,1.8000000000e+01,2.9912438989e-01
2.6830000000e+03,3.7300000000e+02,1.9000000000e+01,2.9940196872e-01
2.6830000000e+03,3.7300000000e+02,2.0000000000e+01,2.9961878061e-01
2.6830000000e+03,3.7300000000e+02,2.1000000000e+01,2.9979056120e-01
2.6830000000e+03,3.7300000000e+02,2.2000000000e+01,2.9992881417e-01
2.6830000000e+03,3.7300000000e+02,2.3000000000e+01,3.0004215240e-01
2.6830000000e+03,3.7300000000e+02,2.4000000000e+01,3.0013680458e-01
2.6830000000e+03,3.7300000000e+02,2.5000000000e+01,3.0021756887e-01
2.6830000000e+03,3.7300000000e+02,2.6000000000e+01,3.0028787255e-01
2.6830000000e+03,3.7300000000e+02,2.7000000000e+01,3.0035039783e-01
2.6830000000e+03,3.7300000000e+02,2.8000000000e+01,3.0040702224e-01
2.6830000000e+03,3.7300000000e+02,2.9000000000e+01,3.0045920610e-01
2.6830000000e+03,3.7300000000e+02,3.0000000000e+01,3.0050814152e-01
2.6830000000e+03,3.7300000000e+02,3.1000000000e+01,3.0055448413e-01
2.6830000000e+03,5.1800000000e+02,0.0000000000e+00,2.0040156841e+00
2.6830000000e+03,5.1800000000e+02,1.0000000000e+00,5.8970510960e-01
2.6830000000e+03,5.1800000000e+02,2.0000000000e+00,3.0057963729e-01
2.6830000000e+03,5.1800000000e+02,3.0000000000e+00,2.4941435456e-01
2.6830000000e+03,5.1800000000e+02,4.0000000000e+00,2.4280536175e-01
2.6830000000e+03,5.1800000000e+02,5.0000000000e+00,2.4557492137e-01
2.6830000000e+03,5.1800000000e+02,6.0000000000e+00,2.4975530803e-01
2.6830000000e+03,5.1800000000e+02,7.0000000000e+00,2.5370144844e-01
2.6830000000e+03,5.1800000000e+02,8.0000000000e+00,2.5732725859e-01
2.6830000000e+03,5.1800000000e+02,9.0000000000e+00,2.6087716222e-01
2.6830000000e+03,5.1800000000e+02,1.0000000000e+01,2.6461288333e-01
2.6830000000e+03,5.1800000000e+02,1.1000000000e+01,2.6874527335e-01
2.6830000000e+03,5.1800000000e+02,1.2000000000e+01,2.7343204618e-01
2.6830000000e+03,5.1800000000e+02,1.3000000000e+01,2.7878981829e-01
2.6830000000e+03,5.1800000000e+02,1.4000000000e+01,2.8490662575e-01
2.6830000000e+03,5.1800000000e+02,1.5000000000e+01,2.9185134172e-01
2.6830000000e+03,5.1800000000e+02,1.6000000000e+01,2.9968065023e-01
2.6830000000e+03,5.1800000000e+02,1.7000000000e+01,3.0844336748e-01
2.6830000000e+03,5.1800000000e+02,1.8000000000e+01,3.1818357110e-01
2.6830000000e+03,5.1800000000e+02,1.9000000000e+01,3.2894247770e-01
2.6830000000e+03,5.1800000000e+02,2.0000000000e+01,3.4075981379e-01
2.6830000000e+03,5.1800000000e+02,2.1000000000e+01,3.5367470980e-01
2.6830000000e+03,5.1800000000e+02,2.2000000000e+01,3.6772596836e-01
2.6830000000e+03,5.1800000000e+02,2.3000000000e+01,3.8295283914e-01
2.6830000000e+03,5.1800000000e+02,2.4000000000e+01,3.9939501882e-01
2.6830000000e+03,5.1800000000e+02,2.5000000000e+01,4.1709291935e-01
2.6830000000e+03,5.1800000000e+02,2.6000000000e+01,4.3608754873e-01
2.6830000000e+03,5.1800000000e+02,2.7000000000e+01,4.5642104745e-01
2.6830000000e+03,5.1800000000e+02,2.8000000000e+01,4.7813639045e-01
2.6830000000e+03,5.1800000000e+02,2.9000000000e+01,5.0127744675e-01
2.6830000000e+03,5.1800000000e+02,3.0000000000e+01,5.2588933706e-01
2.6830000000e+03,5.1800000000e+02,3.1000000000e+01,5.5201822519e-01
2.6830000000e+03,7.2000000000e+02,0.0000000000e+00,2.0020043850e+00
2.6830000000e+03,7.2000000000e+02,1.0000000000e+00,4.5659437776e-01
2.6830000000e+03,7.2000000000e+02,2.0000000000e+00,1.7222172022e-01
2.6830000000e+03,7.2000000000e+02,3.0000000000e+00,1.2790638208e-01
2.6830000000e+03,7.2000000000e+02,4.0000000000e+00,1.2247314304e-01
2.6830000000e+03,7.2000000000e+02,5.0000000000e+00,1.2370227277e-01
2.6830000000e+03,7.2000000000e+02,6.0000000000e+00,1.2549217045e-01
2.6830000000e+03,7.2000000000e+02,7.0000000000e+00,1.2681864202e-01
2.6830000000e+03,7.2000000000e+02,8.0000000000e+00,1.2767280638e-01
2.6830000000e+03,7.2000000000e+02,9.0000000000e+00,1.2819752097e-01
2.6830000000e+03,7.2000000000e+02,1.0000000000e+01,1.2851524353e-01
2.6830000000e+03,7.2000000000e+02,1.1000000000e+01,1.2870803475e-01
2.6830000000e+03,7.2000000000e+02,1.2000000000e+01,1.2882657349e-01
2.6830000000e+03,7.2000000000e+02,1.3000000000e+01,1.2890125811e-01
2.6830000000e+03,7.2000000000e+02,1.4000000000e+01,1.2895005941e-01
2.6830000000e+03,7.2000000000e+02,1.5000000000e+01,1.2898351252e-01
2.6830000000e+03,7.2000000000e+02,1.6000000000e+01,1.2900787592e-01
2.6830000000e+03,7.2000000000e+02,1.7000000000e+01,1.2902684510e-01
2.6830000000e+03,7.2000000000e+02,1.8000000000e+01,1.2904256582e-01
2.6830000000e+03,7.2000000000e+02,1.9000000000e+01,1.2905636430e-01
2.6830000000e+03,7.2000000000e+02,2.0000000000e+01,1.2906901538e-01
2.6830000000e+03,7.2000000000e+02,2.1000000000e+01,1.2908095121e-01
2.6830000000e+03,7.2000000000e+02,2.2000000000e+01,1.2909246981e-01
2.6830000000e+03,7.2000000000e+02,2.3000000000e+01,1.2910376489e-01
2.6830000000e+03,7.2000000000e+02,2.4000000000e+01,1.2911489606e-01
2.6830000000e+03,7.2000000000e+02,2.5000000000e+01,1.2912595272e-01
2.6830000000e+03,7.2000000000e+02,2.6000000000e+01,1.2913697958e-01
2.6830000000e+03,7.2000000000e+02,2.7000000000e+01,1.2914797664e-01
2.6830000000e+03,7.2000000000e+02,2.8000000000e+01,1.2915897369e-01
2.6830000000e+03,7.2000000000e+02,2.9000000000e+01,1.2917000055e-01
2.6830000000e+03,7.2000000000e+02,3.0000000000e+01,1.2918102741e-01
2.6830000000e+03,7.2000000000e+02,3.1000000000e+01,1.2919205427e-01
2.6830000000e+03,1.0000000000e+03,0.0000000000e+00,2.0122323036e+00
2.6830000000e+03,1.0000000000e+03,1.0000000000e+00,4.2307975888e-01
2.6830000000e+03,1.0000000000e+03,2.0000000000e+00,1.8175324798e-01
2.6830000000e+03,1.0000000000e+03,3.0000000000e+00,1.5797598660e-01
2.6830000000e+03,1.0000000000e+03,4.0000000000e+00,1.6344554722e-01
2.6830000000e+03,1.0000000000e+03,5.0000000000e+00,1.7320835590e-01
2.6830000000e+03,1.0000000000e+03,6.0000000000e+00,1.8273733556e-01
2.6830000000e+03,1.0000000000e+03,7.0000000000e+00,1.9107528031e-01
2.6830000000e+03,1.0000000000e+03,8.0000000000e+00,1.9804424047e-01
2.6830000000e+03,1.0000000000e+03,9.0000000000e+00,2.0368866622e-01
2.6830000000e+03,1.0000000000e+03,1.0000000000e+01,2.0813708007e-01
2.6830000000e+03,1.0000000000e+03,1.1000000000e+01,2.1155214310e-01
2.6830000000e+03,1.0000000000e+03,1.2000000000e+01,2.1410509944e-01
2.6830000000e+03,1.0000000000e+03,1.3000000000e+01,2.1596010029e-01
2.6830000000e+03,1.0000000000e+03,1.4000000000e+01,2.1726554632e-01
2.6830000000e+03,1.0000000000e+03,1.5000000000e+01,2.1814966202e-01
2.6830000000e+03,1.0000000000e+03,1.6000000000e+01,2.1871924400e-01
2.6830000000e+03,1.0000000000e+03,1.7000000000e+01,2.1906057000e-01
2.6830000000e+03,1.0000000000e+03,1.8000000000e+01,2.1924149990e-01
2.6830000000e+03,1.0000000000e+03,1.9000000000e+01,2.1931390464e-01
2.6830000000e+03,1.0000000000e+03,2.0000000000e+01,2.1931651235e-01
2.6830000000e+03,1.0000000000e+03,2.1000000000e+01,2.1927733719e-01
2.6830000000e+03,1.0000000000e+03,2.2000000000e+01,2.1921619773e-01
2.6830000000e+03,1.0000000000e+03,2.3000000000e+01,2.1914649010e-01
2.6830000000e+03,1.0000000000e+03,2.4000000000e+01,2.1907685697e-01
2.6830000000e+03,1.0000000000e+03,2.5000000000e+01,2.1901254356e-01
2.6830000000e+03,1.0000000000e+03,2.6000000000e+01,2.1895638108e-01
2.6830000000e+03,1.0000000000e+03,2.7000000000e+01,2.1890956163e-01
2.6830000000e+03,1.0000000000e+03,2.8000000000e+01,2.1887215972e-01
2.6830000000e+03,1.0000000000e+03,2.9000000000e+01,2.1884366870e-01
2.6830000000e+03,1.0000000000e+03,3.0000000000e+01,2.1882314980e-01
2.6830000000e+03,1.0000000000e+03,3.1000000000e+01,2.1880958974e-01
3.7280000000e+03,1.0000000000e+01,0.0000000000e+00,2.0100431442e+00
3.7280000000e+03,1.0000000000e+01,1.0000000000e+00,1.8827702999e+00
3.7280000000e+03,1.0000000000e+01,2.0000000000e+00,1.9197391272e+00
3.7280000000e+03,1.0000000000e+01,3.0000000000e+00,2.0153186321e+00
3.7280000000e+03,1.0000000000e+01,4.0000000000e+00,2.1192655563e+00
3.7280000000e+03,1.0000000000e+01,5.0000000000e+00,2.2166357040e+00
3.7280000000e+03,1.0000000000e+01,6.0000000000e+00,2.3044886589e+00
3.7280000000e+03,1.0000000000e+01,7.0000000000e+00,2.3835878372e+00
3.7280000000e+03,1.0000000000e+01,8.0000000000e+00,2.4555256367e+00
3.7280000000e+03,1.0000000000e+01,9.0000000000e+00,2.5218567848e+00
3.7280000000e+03,1.0000000000e+01,1.0000000000e+01,2.5838894844e+00
3.7280000000e+03,1.0000000000e+01,1.1000000000e+01,2.6426751614e+00
3.7280000000e+03,1.0000000000e+01,1.2000000000e+01,2.6990494728e+00
3.7280000000e+03,1.0000000000e+01,1.3000000000e+01,2.7536759377e+00
3.7280000000e+03,1.0000000000e+01,1.4000000000e+01,2.8070857525e+00
3.7280000000e+03,1.0000000000e+01,1.5000000000e+01,2.8597080708e+00
3.7280000000e+03,1.0000000000e+01,1.6000000000e+01,2.9118916988e+00
3.7280000000e+03,1.0000000000e+01,1.7000000000e+01,2.9639241695e+00
3.7280000000e+03,1.0000000000e+01,1.8000000000e+01,3.0160443783e+00
3.7280000000e+03,1.0000000000e+01,1.9000000000e+01,3.0684521198e+00
3.7280000000e+03,1.0000000000e+01,2.0000000000e+01,3.1213157177e+00
3.7280000000e+03,1.0000000000e+01,2.1000000000e+01,3.1747791767e+00
3.7280000000e+03,1.0000000000e+01,2.2000000000e+01,3.2289652824e+00
3.7280000000e+03,1.0000000000e+01,2.3000000000e+01,3.2839794159e+00
3.7280000000e+03,1.0000000000e+01,2.4000000000e+01,3.3399133682e+00
3.7280000000e+03,1.0000000000e+01,2.5000000000e+01,3.3968484402e+00
3.7280000000e+03,1.0000000000e+01,2.6000000000e+01,3.4548537731e+00
3.7280000000e+03,1.0000000000e+01,2.7000000000e+01,3.5139906406e+00
3.7280000000e+03,1.0000000000e+01,2.8000000000e+01,3.5743145943e+00
3.7280000000e+03,1.0000000000e+01,2.9000000000e+01,3.6358735561e+00
3.7280000000e+03,1.0000000000e+01,3.0000000000e+01,3.6987106800e+00
3.7280000000e+03,1.0000000000e+01,3.1000000000e+01,3.7628645897e+00
3.7280000000e+03,1.4000000000e+01,0.0000000000e+00,1.9983541965e+00
3.7280000000e+03,1.4000000000e+01,1.0000000000e+00,1.8234002590e+00
3.7280000000e+03,1.4000000000e+01,2.0000000000e+00,1.8628413677e+00
3.7280000000e+03,1.4000000000e+01,3.0000000000e+00,1.9945467710e+00
3.7280000000e+03,1.4000000000e+01,4.0000000000e+00,2.1531028748e+00
3.7280000000e+03,1.4000000000e+01,5.0000000000e+00,2.3122534752e+00
3.7280000000e+03,1.4000000000e+01,6.0000000000e+00,2.4625220299e+00
3.7280000000e+03,1.4000000000e+01,7.0000000000e+00,2.6017656326e+00
3.7280000000e+03,1.4000000000e+01,8.0000000000e+00,2.7306323051e+00
3.7280000000e+03,1.4000000000e+01,9.0000000000e+00,2.8506321907e+00
3.7280000000e+03,1.4000000000e+01,1.0000000000e+01,2.9633898735e+00
3.7280000000e+03,1.4000000000e+01,1.1000000000e+01,3.0703854561e+00
3.7280000000e+03,1.4000000000e+01,1.2000000000e+01,3.1728873253e+00
3.7280000000e+03,1.4000000000e+01,1.3000000000e+01,3.2719593048e+00
3.7280000000e+03,1.4000000000e+01,1.4000000000e+01,3.3684837818e+00
3.7280000000e+03,1.4000000000e+01,1.5000000000e+01,3.4631938934e+00
3.7280000000e+03,1.4000000000e+01,1.6000000000e+01,3.5567002296e+00
3.7280000000e+03,1.4000000000e+01,1.7000000000e+01,3.6495132446e+00
3.7280000000e+03,1.4000000000e+01,1.8000000000e+01,3.7420623302e+00
3.7280000000e+03,1.4000000000e+01,1.9000000000e+01,3.8347110748e+00
3.7280000000e+03,1.4000000000e+01,2.0000000000e+01,3.9277698994e+00
3.7280000000e+03,1.4000000000e+01,2.1000000000e+01,4.0215039253e+00
3.7280000000e+03,1.4000000000e+01,2.2000000000e+01,4.1161422729e+00
3.7280000000e+03,1.4000000000e+01,2.3000000000e+01,4.2118835449e+00
3.7280000000e+03,1.4000000000e+01,2.4000000000e+01,4.3088994026e+00
3.7280000000e+03,1.4000000000e+01,2.5000000000e+01,4.4073419571e+00
3.7280000000e+03,1.4000000000e+01,2.6000000000e+01,4.5073437691e+00
3.7280000000e+03,1.4000000000e+01,2.7000000000e+01,4.6090221405e+00
3.7280000000e+03,1.4000000000e+01,2.8000000000e+01,4.7124814987e+00
3.7280000000e+03,1.4000000000e+01,2.9000000000e+01,4.8178143501e+00
3.7280000000e+03,1.4000000000e+01,3.0000000000e+01,4.9251022339e+00
3.7280000000e+03,1.4000000000e+01,3.1000000000e+01,5.0344204903e+00
3.7280000000e+03,1.9000000000e+01,0.0000000000e+00,1.9941521883e+00
3.7280000000e+03,1.9000000000e+01,1.0000000000e+00,1.7591700554e+00
3.7280000000e+03,1.9000000000e+01,2.0000000000e+00,1.7887073755e+00
3.7280000000e+03,1.9000000000e+01,3.0000000000e+00,1.9409890175e+00
3.7280000000e+03,1.9000000000e+01,4.0000000000e+00,2.1428747177e+00
3.7280000000e+03,1.9000000000e+01,5.0000000000e+00,2.3597383499e+00
3.7280000000e+03,1.9000000000e+01,6.0000000000e+00,2.5742845535e+00
3.7280000000e+03,1.9000000000e+01,7.0000000000e+00,2.7788863182e+00
3.7280000000e+03,1.9000000000e+01,8.0000000000e+00,2.9709761143e+00
3.7280000000e+03,1.9000000000e+01,9.0000000000e+00,3.1504211426e+00
3.7280000000e+03,1.9000000000e+01,1.0000000000e+01,3.3181438446e+00
3.7280000000e+03,1.9000000000e+01,1.1000000000e+01,3.4754443169e+00
3.7280000000e+03,1.9000000000e+01,1.2000000000e+01,3.6236798763e+00
3.7280000000e+03,1.9000000000e+01,1.3000000000e+01,3.7641303539e+00
3.7280000000e+03,1.9000000000e+01,1.4000000000e+01,3.8979482651e+00
3.7280000000e+03,1.9000000000e+01,1.5000000000e+01,4.0261473656e+00
3.7280000000e+03,1.9000000000e+01,1.6000000000e+01,4.1496090889e+00
3.7280000000e+03,1.9000000000e+01,1.7000000000e+01,4.2690958977e+00
3.7280000000e+03,1.9000000000e+01,1.8000000000e+01,4.3852686882e+00
3.7280000000e+03,1.9000000000e+01,1.9000000000e+01,4.4986991882e+00
3.7280000000e+03,1.9000000000e+01,2.0000000000e+01,4.6098837852e+00
3.7280000000e+03,1.9000000000e+01,2.1000000000e+01,4.7192540169e+00
3.7280000000e+03,1.9000000000e+01,2.2000000000e+01,4.8271875381e+00
3.7280000000e+03,1.9000000000e+01,2.3000000000e+01,4.9340152740e+00
3.7280000000e+03,1.9000000000e+01,2.4000000000e+01,5.0400276184e+00
3.7280000000e+03,1.9000000000e+01,2.5000000000e+01,5.1454834938e+00
3.7280000000e+03,1.9000000000e+01,2.6000000000e+01,5.2506093979e+00
3.7280000000e+03,1.9000000000e+01,2.7000000000e+01,5.3556089401e+00
3.7280000000e+03,1.9000000000e+01,2.8000000000e+01,5.4606637955e+00
3.7280000000e+03,1.9000000000e+01,2.9000000000e+01,5.5659337044e+00
3.7280000000e+03,1.9000000000e+01,3.0000000000e+01,5.6715669632e+00
3.7280000000e+03,1.9000000000e+01,3.1000000000e+01,5.7776937485e+00
3.7280000000e+03,2.7000000000e+01,0.0000000000e+00,2.0041944981e+00
3.7280000000e+03,2.7000000000e+01,1.0000000000e+00,1.6782510281e+00
3.7280000000e+03,2.7000000000e+01,2.0000000000e+00,1.6962997913e+00
3.7280000000e+03,2.7000000000e+01,3.0000000000e+00,1.8794524670e+00
3.7280000000e+03,2.7000000000e+01,4.0000000000e+00,2.1420834064e+00
3.7280000000e+03,2.7000000000e+01,5.0000000000e+00,2.4435853958e+00
3.7280000000e+03,2.7000000000e+01,6.0000000000e+00,2.7594957352e+00
3.7280000000e+03,2.7000000000e+01,7.0000000000e+00,3.0752394199e+00
3.7280000000e+03,2.7000000000e+01,8.0000000000e+00,3.3826861382e+00
3.7280000000e+03,2.7000000000e+01,9.0000000000e+00,3.6777882576e+00
3.7280000000e+03,2.7000000000e+01,1.0000000000e+01,3.9589505196e+00
3.7280000000e+03,2.7000000000e+01,1.1000000000e+01,4.2259759903e+00
3.7280000000e+03,2.7000000000e+01,1.2000000000e+01,4.4794216156e+00
3.7280000000e+03,2.7000000000e+01,1.3000000000e+01,4.7202177048e+00
3.7280000000e+03,2.7000000000e+01,1.4000000000e+01,4.9494419098e+00
3.7280000000e+03,2.7000000000e+01,1.5000000000e+01,5.1682038307e+00
3.7280000000e+03,2.7000000000e+01,1.6000000000e+01,5.3775768280e+00
3.7280000000e+03,2.7000000000e+01,1.7000000000e+01,5.5785632133e+00
3.7280000000e+03,2.7000000000e+01,1.8000000000e+01,5.7720880508e+00
3.7280000000e+03,2.7000000000e+01,1.9000000000e+01,5.9589877129e+00
3.7280000000e+03,2.7000000000e+01,2.0000000000e+01,6.1400208473e+00
3.7280000000e+03,2.7000000000e+01,2.1000000000e+01,6.3158674240e+00
3.7280000000e+03,2.7000000000e+01,2.2000000000e+01,6.4871397018e+00
3.7280000000e+03,2.7000000000e+01,2.3000000000e+01,6.6543846130e+00
3.7280000000e+03,2.7000000000e+01,2.4000000000e+01,6.8180980682e+00
3.7280000000e+03,2.7000000000e+01,2.5000000000e+01,6.9787220955e+00
3.7280000000e+03,2.7000000000e+01,2.6000000000e+01,7.1366558075e+00
3.7280000000e+03,2.7000000000e+01,2.7000000000e+01,7.2922606468e+00
3.7280000000e+03,2.7000000000e+01,2.8000000000e+01,7.4458589554e+00
3.7280000000e+03,2.7000000000e+01,2.9000000000e+01,7.5977487564e+00
3.7280000000e+03,2.7000000000e+01,3.0000000000e+01,7.7481966019e+00
3.7280000000e+03,2.7000000000e+01,3.1000000000e+01,7.8974447250e+00
3.7280000000e+03,3.7000000000e+01,0.0000000000e+00,1.9937803745e+00
3.7280000000e+03,3.7000000000e+01,1.0000000000e+00,1.5928866863e+00
3.7280000000e+03,3.7000000000e+01,2.0000000000e+00,1.5721062422e+00
3.7280000000e+03,3.7000000000e+01,3.0000000000e+00,1.7311002016e+00
3.7280000000e+03,3.7000000000e+01,4.0000000000e+00,1.9814913273e+00
3.7280000000e+03,3.7000000000e+01,5.0000000000e+00,2.2859215736e+00
3.7280000000e+03,3.7000000000e+01,6.0000000000e+00,2.6218435764e+00
3.7280000000e+03,3.7000000000e+01,7.0000000000e+00,2.9741597176e+00
3.7280000000e+03,3.7000000000e+01,8.0000000000e+00,3.3325469494e+00
3.7280000000e+03,3.7000000000e+01,9.0000000000e+00,3.6900570393e+00
3.7280000000e+03,3.7000000000e+01,1.0000000000e+01,4.0421581268e+00
3.7280000000e+03,3.7000000000e+01,1.1000000000e+01,4.3860344887e+00
3.7280000000e+03,3.7000000000e+01,1.2000000000e+01,4.7200651169e+00
3.7280000000e+03,3.7000000000e+01,1.3000000000e+01,5.0434465408e+00
3.7280000000e+03,3.7000000000e+01,1.4000000000e+01,5.3559193611e+00
3.7280000000e+03,3.7000000000e+01,1.5000000000e+01,5.6575851440e+00
3.7280000000e+03,3.7000000000e+01,1.6000000000e+01,5.9487700462e+00
3.7280000000e+03,3.7000000000e+01,1.7000000000e+01,6.2299375534e+00
3.7280000000e+03,3.7000000000e+01,1.8000000000e+01,6.5016274452e+00
3.7280000000e+03,3.7000000000e+01,1.9000000000e+01,6.7644138336e+00
3.7280000000e+03,3.7000000000e+01,2.0000000000e+01,7.0188813210e+00
3.7280000000e+03,3.7000000000e+01,2.1000000000e+01,7.2656073570e+00
3.7280000000e+03,3.7000000000e+01,2.2000000000e+01,7.5051465034e+00
3.7280000000e+03,3.7000000000e+01,2.3000000000e+01,7.7380304337e+00
3.7280000000e+03,3.7000000000e+01,2.4000000000e+01,7.9647626877e+00
3.7280000000e+03,3.7000000000e+01,2.5000000000e+01,8.1858158112e+00
3.7280000000e+03,3.7000000000e+01,2.6000000000e+01,8.4016323090e+00
3.7280000000e+03,3.7000000000e+01,2.7000000000e+01,8.6126232147e+00
3.7280000000e+03,3.7000000000e+01,2.8000000000e+01,8.8191738129e+00
3.7280000000e+03,3.7000000000e+01,2.9000000000e+01,9.0216426849e+00
3.7280000000e+03,3.7000000000e+01,3.0000000000e+01,9.2203626633e+00
3.7280000000e+03,3.7000000000e+01,3.1000000000e+01,9.4156408310e+00
3.7280000000e+03,5.2000000000e+01,0.0000000000e+00,1.9983487129e+00
3.7280000000e+03,5.2000000000e+01,1.0000000000e+00,1.4571380615e+00
3.7280000000e+03,5.2000000000e+01,2.0000000000e+00,1.4246698618e+00
3.7280000000e+03,5.2000000000e+01,3.0000000000e+00,1.6135575771e+00
3.7280000000e+03,5.2000000000e+01,4.0000000000e+00,1.9103686810e+00
3.7280000000e+03,5.2000000000e+01,5.0000000000e+00,2.2747759819e+00
3.7280000000e+03,5.2000000000e+01,6.0000000000e+00,2.6840200424e+00
3.7280000000e+03,5.2000000000e+01,7.0000000000e+00,3.1234769821e+00
3.7280000000e+03,5.2000000000e+01,8.0000000000e+00,3.5825397968e+00
3.7280000000e+03,5.2000000000e+01,9.0000000000e+00,4.0534248352e+00
3.7280000000e+03,5.2000000000e+01,1.0000000000e+01,4.5302529335e+00
3.7280000000e+03,5.2000000000e+01,1.1000000000e+01,5.0086426735e+00
3.7280000000e+03,5.2000000000e+01,1.2000000000e+01,5.4853296280e+00
3.7280000000e+03,5.2000000000e+01,1.3000000000e+01,5.9579334259e+00
3.7280000000e+03,5.2000000000e+01,1.4000000000e+01,6.4247498512e+00
3.7280000000e+03,5.2000000000e+01,1.5000000000e+01,6.8845982552e+00
3.7280000000e+03,5.2000000000e+01,1.6000000000e+01,7.3366994858e+00
3.7280000000e+03,5.2000000000e+01,1.7000000000e+01,7.7805809975e+00
3.7280000000e+03,5.2000000000e+01,1.8000000000e+01,8.2160005569e+00
3.7280000000e+03,5.2000000000e+01,1.9000000000e+01,8.6428909302e+00
3.7280000000e+03,5.2000000000e+01,2.0000000000e+01,9.0613107681e+00
3.7280000000e+03,5.2000000000e+01,2.1000000000e+01,9.4714174271e+00
3.7280000000e+03,5.2000000000e+01,2.2000000000e+01,9.8734312057e+00
3.7280000000e+03,5.2000000000e+01,2.3000000000e+01,1.0267621994e+01
3.7280000000e+03,5.2000000000e+01,2.4000000000e+01,1.0654291153e+01
3.7280000000e+03,5.2000000000e+01,2.5000000000e+01,1.1033758163e+01
3.7280000000e+03,5.2000000000e+01,2.6000000000e+01,1.1406356812e+01
3.7280000000e+03,5.2000000000e+01,2.7000000000e+01,1.1772421837e+01
3.7280000000e+03,5.2000000000e+01,2.8000000000e+01,1.2132289886e+01
3.7280000000e+03,5.2000000000e+01,2.9000000000e+01,1.2486289978e+01
3.7280000000e+03,5.2000000000e+01,3.0000000000e+01,1.2834747314e+01
3.7280000000e+03,5.2000000000e+01,3.1000000000e+01,1.3177976608e+01
3.7280000000e+03,7.2000000000e+01,0.0000000000e+00,2.0022430420e+00
3.7280000000e+03,7.2000000000e+01,1.0000000000e+00,1.3214856386e+00
3.7280000000e+03,7.2000000000e+01,2.0000000000e+00,1.2296948433e+00
3.7280000000e+03,7.2000000000e+01,3.0000000000e+00,1.3731738329e+00
3.7280000000e+03,7.2000000000e+01,4.0000000000e+00,1.6186022758e+00
3.7280000000e+03,7.2000000000e+01,5.0000000000e+00,1.9241828918e+00
3.7280000000e+03,7.2000000000e+01,6.0000000000e+00,2.2689197063e+00
3.7280000000e+03,7.2000000000e+01,7.0000000000e+00,2.6408448219e+00
3.7280000000e+03,7.2000000000e+01,8.0000000000e+00,3.0319771767e+00
3.7280000000e+03,7.2000000000e+01,9.0000000000e+00,3.4367454052e+00
3.7280000000e+03,7.2000000000e+01,1.0000000000e+01,3.8510031700e+00
3.7280000000e+03,7.2000000000e+01,1.1000000000e+01,4.2716059685e+00
3.7280000000e+03,7.2000000000e+01,1.2000000000e+01,4.6960954666e+00
3.7280000000e+03,7.2000000000e+01,1.3000000000e+01,5.1225380898e+00
3.7280000000e+03,7.2000000000e+01,1.4000000000e+01,5.5493960381e+00
3.7280000000e+03,7.2000000000e+01,1.5000000000e+01,5.9754438400e+00
3.7280000000e+03,7.2000000000e+01,1.6000000000e+01,6.3997020721e+00
3.7280000000e+03,7.2000000000e+01,1.7000000000e+01,6.8213930130e+00
3.7280000000e+03,7.2000000000e+01,1.8000000000e+01,7.2399001122e+00
3.7280000000e+03,7.2000000000e+01,1.9000000000e+01,7.6547408104e+00
3.7280000000e+03,7.2000000000e+01,2.0000000000e+01,8.0655384064e+00
3.7280000000e+03,7.2000000000e+01,2.1000000000e+01,8.4720077515e+00
3.7280000000e+03,7.2000000000e+01,2.2000000000e+01,8.8739376068e+00
3.7280000000e+03,7.2000000000e+01,2.3000000000e+01,9.2711772919e+00
3.7280000000e+03,7.2000000000e+01,2.4000000000e+01,9.6636238098e+00
3.7280000000e+03,7.2000000000e+01,2.5000000000e+01,1.0051218033e+01
3.7280000000e+03,7.2000000000e+01,2.6000000000e+01,1.0433935165e+01
3.7280000000e+03,7.2000000000e+01,2.7000000000e+01,1.0811774254e+01
3.7280000000e+03,7.2000000000e+01,2.8000000000e+01,1.1184761047e+01
3.7280000000e+03,7.2000000000e+01,2.9000000000e+01,1.1552939415e+01
3.7280000000e+03,7.2000000000e+01,3.0000000000e+01,1.1916364670e+01
3.7280000000e+03,7.2000000000e+01,3.1000000000e+01,1.2275108337e+01
3.7280000000e+03,1.0000000000e+02,0.0000000000e+00,2.0105769634e+00
3.7280000000e+03,1.0000000000e+02,1.0000000000e+00,1.1812644005e+00
3.7280000000e+03,1.0000000000e+02,2.0000000000e+00,1.0231187344e+00
3.7280000000e+03,1.0000000000e+02,3.0000000000e+00,1.1023129225e+00
3.7280000000e+03,1.0000000000e+02,4.0000000000e+00,1.2672936916e+00
3.7280000000e+03,1.0000000000e+02,5.0000000000e+00,1.4752407074e+00
3.7280000000e+03,1.0000000000e+02,6.0000000000e+00,1.7066851854e+00
3.7280000000e+03,1.0000000000e+02,7.0000000000e+00,1.9518752098e+00
3.7280000000e+03,1.0000000000e+02,8.0000000000e+00,2.2049727440e+00
3.7280000000e+03,1.0000000000e+02,9.0000000000e+00,2.4624338150e+00
3.7280000000e+03,1.0000000000e+02,1.0000000000e+01,2.7219023705e+00
3.7280000000e+03,1.0000000000e+02,1.1000000000e+01,2.9818122387e+00
3.7280000000e+03,1.0000000000e+02,1.2000000000e+01,3.2410607338e+00
3.7280000000e+03,1.0000000000e+02,1.3000000000e+01,3.4988832474e+00
3.7280000000e+03,1.0000000000e+02,1.4000000000e+01,3.7547273636e+00
3.7280000000e+03,1.0000000000e+02,1.5000000000e+01,4.0082049370e+00
3.7280000000e+03,1.0000000000e+02,1.6000000000e+01,4.2590374947e+00
3.7280000000e+03,1.0000000000e+02,1.7000000000e+01,4.5070309639e+00
3.7280000000e+03,1.0000000000e+02,1.8000000000e+01,4.7520537376e+00
3.7280000000e+03,1.0000000000e+02,1.9000000000e+01,4.9940204620e+00
3.7280000000e+03,1.0000000000e+02,2.0000000000e+01,5.2328824997e+00
3.7280000000e+03,1.0000000000e+02,2.1000000000e+01,5.4686164856e+00
3.7280000000e+03,1.0000000000e+02,2.2000000000e+01,5.7012214661e+00
3.7280000000e+03,1.0000000000e+02,2.3000000000e+01,5.9307126999e+00
3.7280000000e+03,1.0000000000e+02,2.4000000000e+01,6.1571149826e+00
3.7280000000e+03,1.0000000000e+02,2.5000000000e+01,6.3804674149e+00
3.7280000000e+03,1.0000000000e+02,2.6000000000e+01,6.6008124352e+00
3.7280000000e+03,1.0000000000e+02,2.7000000000e+01,6.8181996346e+00
3.7280000000e+03,1.0000000000e+02,2.8000000000e+01,7.0326814651e+00
3.7280000000e+03,1.0000000000e+02,2.9000000000e+01,7.2443141937e+00
3.7280000000e+03,1.0000000000e+02,3.0000000000e+01,7.4531569481e+00
3.7280000000e+03,1.0000000000e+02,3.1000000000e+01,7.6592674255e+00
3.7280000000e+03,1.3900000000e+02,0.0000000000e+00,2.0044641495e+00
3.7280000000e+03,1.3900000000e+02,1.0000000000e+00,1.0404951572e+00
3.7280000000e+03,1.3900000000e+02,2.0000000000e+00,8.0574166775e-01
3.7280000000e+03,1.3900000000e+02,3.0000000000e+00,8.0750375986e-01
3.7280000000e+03,1.3900000000e+02,4.0000000000e+00,8.8220751286e-01
3.7280000000e+03,1.3900000000e+02,5.0000000000e+00,9.8633843660e-01
3.7280000000e+03,1.3900000000e+02,6.0000000000e+00,1.1022132635e+00
3.7280000000e+03,1.3900000000e+02,7.0000000000e+00,1.2217940092e+00
3.7280000000e+03,1.3900000000e+02,8.0000000000e+00,1.3409804106e+00
3.7280000000e+03,1.3900000000e+02,9.0000000000e+00,1.4576475620e+00
3.7280000000e+03,1.3900000000e+02,1.0000000000e+01,1.5706813335e+00
3.7280000000e+03,1.3900000000e+02,1.1000000000e+01,1.6795278788e+00
3.7280000000e+03,1.3900000000e+02,1.2000000000e+01,1.7839555740e+00
3.7280000000e+03,1.3900000000e+02,1.3000000000e+01,1.8839178085e+00
3.7280000000e+03,1.3900000000e+02,1.4000000000e+01,1.9794796705e+00
3.7280000000e+03,1.3900000000e+02,1.5000000000e+01,2.0707693100e+00
3.7280000000e+03,1.3900000000e+02,1.6000000000e+01,2.1579518318e+00
3.7280000000e+03,1.3900000000e+02,1.7000000000e+01,2.2412099838e+00
3.7280000000e+03,1.3900000000e+02,1.8000000000e+01,2.3207349777e+00
3.7280000000e+03,1.3900000000e+02,1.9000000000e+01,2.3967185020e+00
3.7280000000e+03,1.3900000000e+02,2.0000000000e+01,2.4693481922e+00
3.7280000000e+03,1.3900000000e+02,2.1000000000e+01,2.5388062000e+00
3.7280000000e+03,1.3900000000e+02,2.2000000000e+01,2.6052670479e+00
3.7280000000e+03,1.3900000000e+02,2.3000000000e+01,2.6688959599e+00
3.7280000000e+03,1.3900000000e+02,2.4000000000e+01,2.7298502922e+00
3.7280000000e+03,1.3900000000e+02,2.5000000000e+01,2.7882776260e+00
3.7280000000e+03,1.3900000000e+02,2.6000000000e+01,2.8443183899e+00
3.7280000000e+03,1.3900000000e+02,2.7000000000e+01,2.8981029987e+00
3.7280000000e+03,1.3900000000e+02,2.8000000000e+01,2.9497551918e+00
3.7280000000e+03,1.3900000000e+02,2.9000000000e+01,2.9993898869e+00
3.7280000000e+03,1.3900000000e+02,3.0000000000e+01,3.0471158028e+00
3.7280000000e+03,1.3900000000e+02,3.1000000000e+01,3.0930352211e+00
3.7280000000e+03,1.9300000000e+02,0.0000000000e+00,1.9977167845e+00
3.7280000000e+03,1.9300000000e+02,1.0000000000e+00,8.7921178341e-01
3.7280000000e+03,1.9300000000e+02,2.0000000000e+00,6.0487389565e-01
3.7280000000e+03,1.9300000000e+02,3.0000000000e+00,5.7410448790e-01
3.7280000000e+03,1.9300000000e+02,4.0000000000e+00,6.0595852137e-01
3.7280000000e+03,1.9300000000e+02,5.0000000000e+00,6.5782648325e-01
3.7280000000e+03,1.9300000000e+02,6.0000000000e+00,7.1435165405e-01
3.7280000000e+03,1.9300000000e+02,7.0000000000e+00,7.6963198185e-01
3.7280000000e+03,1.9300000000e+02,8.0000000000e+00,8.2126569748e-01
3.7280000000e+03,1.9300000000e+02,9.0000000000e+00,8.6843943596e-01
3.7280000000e+03,1.9300000000e+02,1.0000000000e+01,9.1102659702e-01
3.7280000000e+03,1.9300000000e+02,1.1000000000e+01,9.4922447205e-01
3.7280000000e+03,1.9300000000e+02,1.2000000000e+01,9.8336255550e-01
3.7280000000e+03,1.9300000000e+02,1.3000000000e+01,1.0138171911e+00
3.7280000000e+03,1.9300000000e+02,1.4000000000e+01,1.0409655571e+00
3.7280000000e+03,1.9300000000e+02,1.5000000000e+01,1.0651659966e+00
3.7280000000e+03,1.9300000000e+02,1.6000000000e+01,1.0867474079e+00
3.7280000000e+03,1.9300000000e+02,1.7000000000e+01,1.1060075760e+00
3.7280000000e+03,1.9300000000e+02,1.8000000000e+01,1.1232124567e+00
3.7280000000e+03,1.9300000000e+02,1.9000000000e+01,1.1385982037e+00
3.7280000000e+03,1.9300000000e+02,2.0000000000e+01,1.1523735523e+00
3.7280000000e+03,1.9300000000e+02,2.1000000000e+01,1.1647232771e+00
3.7280000000e+03,1.9300000000e+02,2.2000000000e+01,1.1758099794e+00
3.7280000000e+03,1.9300000000e+02,2.3000000000e+01,1.1857759953e+00
3.7280000000e+03,1.9300000000e+02,2.4000000000e+01,1.1947479248e+00
3.7280000000e+03,1.9300000000e+02,2.5000000000e+01,1.2028365135e+00
3.7280000000e+03,1.9300000000e+02,2.6000000000e+01,1.2101393938e+00
3.7280000000e+03,1.9300000000e+02,2.7000000000e+01,1.2167431116e+00
3.7280000000e+03,1.9300000000e+02,2.8000000000e+01,1.2227234840e+00
3.7280000000e+03,1.9300000000e+02,2.9000000000e+01,1.2281478643e+00
3.7280000000e+03,1.9300000000e+02,3.0000000000e+01,1.2330757380e+00
3.7280000000e+03,1.9300000000e+02,3.1000000000e+01,1.2375595570e+00
3.7280000000e+03,2.6800000000e+02,0.0000000000e+00,2.0037512779e+00
3.7280000000e+03,2.6800000000e+02,1.0000000000e+00,7.4530440569e-01
3.7280000000e+03,2.6800000000e+02,2.0000000000e+00,4.4343438745e-01
3.7280000000e+03,2.6800000000e+02,3.0000000000e+00,3.8866373897e-01
3.7280000000e+03,2.6800000000e+02,4.0000000000e+00,3.9192757010e-01
3.7280000000e+03,2.6800000000e+02,5.0000000000e+00,4.1142970324e-01
3.7280000000e+03,2.6800000000e+02,6.0000000000e+00,4.3395718932e-01
3.7280000000e+03,2.6800000000e+02,7.0000000000e+00,4.5513483882e-01
3.7280000000e+03,2.6800000000e+02,8.0000000000e+00,4.7363004088e-01
3.7280000000e+03,2.6800000000e+02,9.0000000000e+00,4.8925778270e-01
3.7280000000e+03,2.6800000000e+02,1.0000000000e+01,5.0224578381e-01
3.7280000000e+03,2.6800000000e+02,1.1000000000e+01,5.1294827461e-01
3.7280000000e+03,2.6800000000e+02,1.2000000000e+01,5.2173000574e-01
3.7280000000e+03,2.6800000000e+02,1.3000000000e+01,5.2892321348e-01
3.7280000000e+03,2.6800000000e+02,1.4000000000e+01,5.3481394053e-01
3.7280000000e+03,2.6800000000e+02,1.5000000000e+01,5.3964167833e-01
3.7280000000e+03,2.6800000000e+02,1.6000000000e+01,5.4360401630e-01
3.7280000000e+03,2.6800000000e+02,1.7000000000e+01,5.4686242342e-01
3.7280000000e+03,2.6800000000e+02,1.8000000000e+01,5.4954814911e-01
3.7280000000e+03,2.6800000000e+02,1.9000000000e+01,5.5176788568e-01
3.7280000000e+03,2.6800000000e+02,2.0000000000e+01,5.5360776186e-01
3.7280000000e+03,2.6800000000e+02,2.1000000000e+01,5.5513769388e-01
3.7280000000e+03,2.6800000000e+02,2.2000000000e+01,5.5641448498e-01
3.7280000000e+03,2.6800000000e+02,2.3000000000e+01,5.5748409033e-01
3.7280000000e+03,2.6800000000e+02,2.4000000000e+01,5.5838382244e-01
3.7280000000e+03,2.6800000000e+02,2.5000000000e+01,5.5914419889e-01
3.7280000000e+03,2.6800000000e+02,2.6000000000e+01,5.5978995562e-01
3.7280000000e+03,2.6800000000e+02,2.7000000000e+01,5.6034111977e-01
3.7280000000e+03,2.6800000000e+02,2.8000000000e+01,5.6081455946e-01
3.7280000000e+03,2.6800000000e+02,2.9000000000e+01,5.6122356653e-01
3.7280000000e+03,2.6800000000e+02,3.0000000000e+01,5.6157928705e-01
3.7280000000e+03,2.6800000000e+02,3.1000000000e+01,5.6189090014e-01
3.7280000000e+03,3.7300000000e+02,0.0000000000e+00,2.0045175552e+00
3.7280000000e+03,3.7300000000e+02,1.0000000000e+00,6.2842994928e-01
3.7280000000e+03,3.7300000000e+02,2.0000000000e+00,3.1368914247e-01
3.7280000000e+03,3.7300000000e+02,3.0000000000e+00,2.5454026461e-01
3.7280000000e+03,3.7300000000e+02,4.0000000000e+00,2.4814215302e-01
3.7280000000e+03,3.7300000000e+02,5.0000000000e+00,2.5468111038e-01
3.7280000000e+03,3.7300000000e+02,6.0000000000e+00,2.6333510876e-01
3.7280000000e+03,3.7300000000e+02,7.0000000000e+00,2.7111107111e-01
3.7280000000e+03,3.7300000000e+02,8.0000000000e+00,2.7736943960e-01
3.7280000000e+03,3.7300000000e+02,9.0000000000e+00,2.8218528628e-01
3.7280000000e+03,3.7300000000e+02,1.0000000000e+01,2.8581520915e-01
3.7280000000e+03,3.7300000000e+02,1.1000000000e+01,2.8852513433e-01
3.7280000000e+03,3.7300000000e+02,1.2000000000e+01,2.9054069519e-01
3.7280000000e+03,3.7300000000e+02,1.3000000000e+01,2.9203921556e-01
3.7280000000e+03,3.7300000000e+02,1.4000000000e+01,2.9315537214e-01
3.7280000000e+03,3.7300000000e+02,1.5000000000e+01,2.9398950934e-01
3.7280000000e+03,3.7300000000e+02,1.6000000000e+01,2.9461580515e-01
3.7280000000e+03,3.7300000000e+02,1.7000000000e+01,2.9508891702e-01
3.7280000000e+03,3.7300000000e+02,1.8000000000e+01,2.9544889927e-01
3.7280000000e+03,3.7300000000e+02,1.9000000000e+01,2.9572516680e-01
3.7280000000e+03,3.7300000000e+02,2.0000000000e+01,2.9593938589e-01
3.7280000000e+03,3.7300000000e+02,2.1000000000e+01,2.9610753059e-01
3.7280000000e+03,3.7300000000e+02,2.2000000000e+01,2.9624134302e-01
3.7280000000e+03,3.7300000000e+02,2.3000000000e+01,2.9634958506e-01
3.7280000000e+03,3.7300000000e+02,2.4000000000e+01,2.9643857479e-01
3.7280000000e+03,3.7300000000e+02,2.5000000000e+01,2.9651325941e-01
3.7280000000e+03,3.7300000000e+02,2.6000000000e+01,2.9657721519e-01
3.7280000000e+03,3.7300000000e+02,2.7000000000e+01,2.9663300514e-01
3.7280000000e+03,3.7300000000e+02,2.8000000000e+01,2.9668271542e-01
3.7280000000e+03,3.7300000000e+02,2.9000000000e+01,2.9672783613e-01
3.7280000000e+03,3.7300000000e+02,3.0000000000e+01,2.9676952958e-01
3.7280000000e+03,3.7300000000e+02,3.1000000000e+01,2.9680854082e-01
3.7280000000e+03,5.1800000000e+02,0.0000000000e+00,2.0046143532e+00
3.7280000000e+03,5.1800000000e+02,1.0000000000e+00,5.3678369522e-01
3.7280000000e+03,5.1800000000e+02,2.0000000000e+00,2.2950565815e-01
3.7280000000e+03,5.1800000000e+02,3.0000000000e+00,1.7389273643e-01
3.7280000000e+03,5.1800000000e+02,4.0000000000e+00,1.6549840569e-01
3.7280000000e+03,5.1800000000e+02,5.0000000000e+00,1.6735045612e-01
3.7280000000e+03,5.1800000000e+02,6.0000000000e+00,1.7072540522e-01
3.7280000000e+03,5.1800000000e+02,7.0000000000e+00,1.7362307012e-01
3.7280000000e+03,5.1800000000e+02,8.0000000000e+00,1.7575186491e-01
3.7280000000e+03,5.1800000000e+02,9.0000000000e+00,1.7722924054e-01
3.7280000000e+03,5.1800000000e+02,1.0000000000e+01,1.7823047936e-01
3.7280000000e+03,5.1800000000e+02,1.1000000000e+01,1.7890286446e-01
3.7280000000e+03,5.1800000000e+02,1.2000000000e+01,1.7935381830e-01
3.7280000000e+03,5.1800000000e+02,1.3000000000e+01,1.7965735495e-01
3.7280000000e+03,5.1800000000e+02,1.4000000000e+01,1.7986324430e-01
3.7280000000e+03,5.1800000000e+02,1.5000000000e+01,1.8000444770e-01
3.7280000000e+03,5.1800000000e+02,1.6000000000e+01,1.8010279536e-01
3.7280000000e+03,5.1800000000e+02,1.7000000000e+01,1.8017274141e-01
3.7280000000e+03,5.1800000000e+02,1.8000000000e+01,1.8022370338e-01
3.7280000000e+03,5.1800000000e+02,1.9000000000e+01,1.8026205897e-01
3.7280000000e+03,5.1800000000e+02,2.0000000000e+01,1.8029195070e-01
3.7280000000e+03,5.1800000000e+02,2.1000000000e+01,1.8031616509e-01
3.7280000000e+03,5.1800000000e+02,2.2000000000e+01,1.8033656478e-01
3.7280000000e+03,5.1800000000e+02,2.3000000000e+01,1.8035437167e-01
3.7280000000e+03,5.1800000000e+02,2.4000000000e+01,1.8037045002e-01
3.7280000000e+03,5.1800000000e+02,2.5000000000e+01,1.8038535118e-01
3.7280000000e+03,5.1800000000e+02,2.6000000000e+01,1.8039947748e-01
3.7280000000e+03,5.1800000000e+02,2.7000000000e+01,1.8041306734e-01
3.7280000000e+03,5.1800000000e+02,2.8000000000e+01,1.8042628467e-01
3.7280000000e+03,5.1800000000e+02,2.9000000000e+01,1.8043927848e-01
3.7280000000e+03,5.1800000000e+02,3.0000000000e+01,1.8045210838e-01
3.7280000000e+03,5.1800000000e+02,3.1000000000e+01,1.8046484888e-01
3.7280000000e+03,7.2000000000e+02,0.0000000000e+00,1.9982594252e+00
3.7280000000e+03,7.2000000000e+02,1.0000000000e+00,4.5505887270e-01
3.7280000000e+03,7.2000000000e+02,2.0000000000e+00,1.6867673397e-01
3.7280000000e+03,7.2000000000e+02,3.0000000000e+00,1.2448620796e-01
3.7280000000e+03,7.2000000000e+02,4.0000000000e+00,1.2014207244e-01
3.7280000000e+03,7.2000000000e+02,5.0000000000e+00,1.2311700732e-01
3.7280000000e+03,7.2000000000e+02,6.0000000000e+00,1.2668332458e-01
3.7280000000e+03,7.2000000000e+02,7.0000000000e+00,1.2952823937e-01
3.7280000000e+03,7.2000000000e+02,8.0000000000e+00,1.3157041371e-01
3.7280000000e+03,7.2000000000e+02,9.0000000000e+00,1.3297811151e-01
3.7280000000e+03,7.2000000000e+02,1.0000000000e+01,1.3393132389e-01
3.7280000000e+03,7.2000000000e+02,1.1000000000e+01,1.3457183540e-01
3.7280000000e+03,7.2000000000e+02,1.2000000000e+01,1.3500139117e-01
3.7280000000e+03,7.2000000000e+02,1.3000000000e+01,1.3529007137e-01
3.7280000000e+03,7.2000000000e+02,1.4000000000e+01,1.3548533618e-01
3.7280000000e+03,7.2000000000e+02,1.5000000000e+01,1.3561892509e-01
3.7280000000e+03,7.2000000000e+02,1.6000000000e+01,1.3571187854e-01
3.7280000000e+03,7.2000000000e+02,1.7000000000e+01,1.3577817380e-01
3.7280000000e+03,7.2000000000e+02,1.8000000000e+01,1.3582700491e-01
3.7280000000e+03,7.2000000000e+02,1.9000000000e+01,1.3586440682e-01
3.7280000000e+03,7.2000000000e+02,2.0000000000e+01,1.3589435816e-01
3.7280000000e+03,7.2000000000e+02,2.1000000000e+01,1.3591948152e-01
3.7280000000e+03,7.2000000000e+02,2.2000000000e+01,1.3594146073e-01
3.7280000000e+03,7.2000000000e+02,2.3000000000e+01,1.3596142828e-01
3.7280000000e+03,7.2000000000e+02,2.4000000000e+01,1.3598008454e-01
3.7280000000e+03,7.2000000000e+02,2.5000000000e+01,1.3599792123e-01
3.7280000000e+03,7.2000000000e+02,2.6000000000e+01,1.3601523638e-01
3.7280000000e+03,7.2000000000e+02,2.7000000000e+01,1.3603222370e-01
3.7280000000e+03,7.2000000000e+02,2.8000000000e+01,1.3604900241e-01
3.7280000000e+03,7.2000000000e+02,2.9000000000e+01,1.3606566191e-01
3.7280000000e+03,7.2000000000e+02,3.0000000000e+01,1.3608224690e-01
3.7280000000e+03,7.2000000000e+02,3.1000000000e+01,1.3609880209e-01
3.7280000000e+03,1.0000000000e+03,0.0000000000e+00,1.9976212978e+00
3.7280000000e+03,1.0000000000e+03,1.0000000000e+00,4.3289300799e-01
3.7280000000e+03,1.0000000000e+03,2.0000000000e+00,1.9536463916e-01
3.7280000000e+03,1.0000000000e+03,3.0000000000e+00,1.6646635532e-01
3.7280000000e+03,1.0000000000e+03,4.0000000000e+00,1.6647939384e-01
3.7280000000e+03,1.0000000000e+03,5.0000000000e+00,1.7082071304e-01
3.7280000000e+03,1.0000000000e+03,6.0000000000e+00,1.7544820905e-01
3.7280000000e+03,1.0000000000e+03,7.0000000000e+00,1.8022802472e-01
3.7280000000e+03,1.0000000000e+03,8.0000000000e+00,1.8560186028e-01
3.7280000000e+03,1.0000000000e+03,9.0000000000e+00,1.9197583199e-01
3.7280000000e+03,1.0000000000e+03,1.0000000000e+01,1.9964376092e-01
3.7280000000e+03,1.0000000000e+03,1.1000000000e+01,2.0880839229e-01
3.7280000000e+03,1.0000000000e+03,1.2000000000e+01,2.1961227059e-01
3.7280000000e+03,1.0000000000e+03,1.3000000000e+01,2.3216167092e-01
3.7280000000e+03,1.0000000000e+03,1.4000000000e+01,2.4654242396e-01
3.7280000000e+03,1.0000000000e+03,1.5000000000e+01,2.6282960176e-01
3.7280000000e+03,1.0000000000e+03,1.6000000000e+01,2.8109353781e-01
3.7280000000e+03,1.0000000000e+03,1.7000000000e+01,3.0140268803e-01
3.7280000000e+03,1.0000000000e+03,1.8000000000e+01,3.2382595539e-01
3.7280000000e+03,1.0000000000e+03,1.9000000000e+01,3.4843313694e-01
3.7280000000e+03,1.0000000000e+03,2.0000000000e+01,3.7529581785e-01
3.7280000000e+03,1.0000000000e+03,2.1000000000e+01,4.0448719263e-01
3.7280000000e+03,1.0000000000e+03,2.2000000000e+01,4.3608257174e-01
3.7280000000e+03,1.0000000000e+03,2.3000000000e+01,4.7015932202e-01
3.7280000000e+03,1.0000000000e+03,2.4000000000e+01,5.0679659843e-01
3.7280000000e+03,1.0000000000e+03,2.5000000000e+01,5.4607582092e-01
3.7280000000e+03,1.0000000000e+03,2.6000000000e+01,5.8808052540e-01
3.7280000000e+03,1.0000000000e+03,2.7000000000e+01,6.3289636374e-01
3.7280000000e+03,1.0000000000e+03,2.8000000000e+01,6.8061119318e-01
3.7280000000e+03,1.0000000000e+03,2.9000000000e+01,7.3131501675e-01
3.7280000000e+03,1.0000000000e+03,3.0000000000e+01,7.8510010242e-01
3.7280000000e+03,1.0000000000e+03,3.1000000000e+01,8.4206128120e-01
5.1790000000e+03,1.0000000000e+01,0.0000000000e+00,2.0031392574e+00
5.1790000000e+03,1.0000000000e+01,1.0000000000e+00,1.8732722998e+00
5.1790000000e+03,1.0000000000e+01,2.0000000000e+00,1.9049428701e+00
5.1790000000e+03,1.0000000000e+01,3.0000000000e+00,1.9933898449e+00
5.1790000000e+03,1.0000000000e+01,4.0000000000e+00,2.0906801224e+00
5.1790000000e+03,1.0000000000e+01,5.0000000000e+00,2.1821212769e+00
5.1790000000e+03,1.0000000000e+01,6.0000000000e+00,2.2646975517e+00
5.1790000000e+03,1.0000000000e+01,7.0000000000e+00,2.3390419483e+00
5.1790000000e+03,1.0000000000e+01,8.0000000000e+00,2.4066262245e+00
5.1790000000e+03,1.0000000000e+01,9.0000000000e+00,2.4689052105e+00
5.1790000000e+03,1.0000000000e+01,1.0000000000e+01,2.5271058083e+00
5.1790000000e+03,1.0000000000e+01,1.1000000000e+01,2.5822172165e+00
5.1790000000e+03,1.0000000000e+01,1.2000000000e+01,2.6350245476e+00
5.1790000000e+03,1.0000000000e+01,1.3000000000e+01,2.6861519814e+00
5.1790000000e+03,1.0000000000e+01,1.4000000000e+01,2.7360987663e+00
5.1790000000e+03,1.0000000000e+01,1.5000000000e+01,2.7852680683e+00
5.1790000000e+03,1.0000000000e+01,1.6000000000e+01,2.8339881897e+00
5.1790000000e+03,1.0000000000e+01,1.7000000000e+01,2.8825292587e+00
5.1790000000e+03,1.0000000000e+01,1.8000000000e+01,2.9311163425e+00
5.1790000000e+03,1.0000000000e+01,1.9000000000e+01,2.9799361229e+00
5.1790000000e+03,1.0000000000e+01,2.0000000000e+01,3.0291478634e+00
5.1790000000e+03,1.0000000000e+01,2.1000000000e+01,3.0788860321e+00
5.1790000000e+03,1.0000000000e+01,2.2000000000e+01,3.1292669773e+00
5.1790000000e+03,1.0000000000e+01,2.3000000000e+01,3.1803889275e+00
5.1790000000e+03,1.0000000000e+01,2.4000000000e+01,3.2323393822e+00
5.1790000000e+03,1.0000000000e+01,2.5000000000e+01,3.2851929665e+00
5.1790000000e+03,1.0000000000e+01,2.6000000000e+01,3.3390154839e+00
5.1790000000e+03,1.0000000000e+01,2.7000000000e+01,3.3938658237e+00
5.1790000000e+03,1.0000000000e+01,2.8000000000e+01,3.4497940540e+00
5.1790000000e+03,1.0000000000e+01,2.9000000000e+01,3.5068471432e+00
5.1790000000e+03,1.0000000000e+01,3.0000000000e+01,3.5650639534e+00
5.1790000000e+03,1.0000000000e+01,3.1000000000e+01,3.6244823933e+00
5.1790000000e+03,1.4000000000e+01,0.0000000000e+00,1.9951773882e+00
5.1790000000e+03,1.4000000000e+01,1.0000000000e+00,1.8138742447e+00
5.1790000000e+03,1.4000000000e+01,2.0000000000e+00,1.8447220325e+00
5.1790000000e+03,1.4000000000e+01,3.0000000000e+00,1.9653800726e+00
5.1790000000e+03,1.4000000000e+01,4.0000000000e+00,2.1125268936e+00
5.1790000000e+03,1.4000000000e+01,5.0000000000e+00,2.2602570057e+00
5.1790000000e+03,1.4000000000e+01,6.0000000000e+00,2.3988537788e+00
5.1790000000e+03,1.4000000000e+01,7.0000000000e+00,2.5258600712e+00
5.1790000000e+03,1.4000000000e+01,8.0000000000e+00,2.6416618824e+00
5.1790000000e+03,1.4000000000e+01,9.0000000000e+00,2.7475781441e+00
5.1790000000e+03,1.4000000000e+01,1.0000000000e+01,2.8450939655e+00
5.1790000000e+03,1.4000000000e+01,1.1000000000e+01,2.9355912209e+00
5.1790000000e+03,1.4000000000e+01,1.2000000000e+01,3.0202665329e+00
5.1790000000e+03,1.4000000000e+01,1.3000000000e+01,3.1001296043e+00
5.1790000000e+03,1.4000000000e+01,1.4000000000e+01,3.1760220528e+00
5.1790000000e+03,1.4000000000e+01,1.5000000000e+01,3.2486457825e+00
5.1790000000e+03,1.4000000000e+01,1.6000000000e+01,3.3185858727e+00
5.1790000000e+03,1.4000000000e+01,1.7000000000e+01,3.3863329887e+00
5.1790000000e+03,1.4000000000e+01,1.8000000000e+01,3.4523007870e+00
5.1790000000e+03,1.4000000000e+01,1.9000000000e+01,3.5168392658e+00
5.1790000000e+03,1.4000000000e+01,2.0000000000e+01,3.5802476406e+00
5.1790000000e+03,1.4000000000e+01,2.1000000000e+01,3.6427826881e+00
5.1790000000e+03,1.4000000000e+01,2.2000000000e+01,3.7046644688e+00
5.1790000000e+03,1.4000000000e+01,2.3000000000e+01,3.7660863400e+00
5.1790000000e+03,1.4000000000e+01,2.4000000000e+01,3.8272151947e+00
5.1790000000e+03,1.4000000000e+01,2.5000000000e+01,3.8881971836e+00
5.1790000000e+03,1.4000000000e+01,2.6000000000e+01,3.9491624832e+00
5.1790000000e+03,1.4000000000e+01,2.7000000000e+01,4.0102243423e+00
5.1790000000e+03,1.4000000000e+01,2.8000000000e+01,4.0714845657e+00
5.1790000000e+03,1.4000000000e+01,2.9000000000e+01,4.1330327988e+00
5.1790000000e+03,1.4000000000e+01,3.0000000000e+01,4.1949510574e+00
5.1790000000e+03,1.4000000000e+01,3.1000000000e+01,4.2573108673e+00
5.1790000000e+03,1.9000000000e+01,0.0000000000e+00,1.9953105450e+00
5.1790000000e+03,1.9000000000e+01,1.0000000000e+00,1.7556623220e+00
5.1790000000e+03,1.9000000000e+01,2.0000000000e+00,1.7816264629e+00
5.1790000000e+03,1.9000000000e+01,3.0000000000e+00,1.9303188324e+00
5.1790000000e+03,1.9000000000e+01,4.0000000000e+00,2.1277723312e+00
5.1790000000e+03,1.9000000000e+01,5.0000000000e+00,2.3389735222e+00
5.1790000000e+03,1.9000000000e+01,6.0000000000e+00,2.5465283394e+00
5.1790000000e+03,1.9000000000e+01,7.0000000000e+00,2.7428612709e+00
5.1790000000e+03,1.9000000000e+01,8.0000000000e+00,2.9255099297e+00
5.1790000000e+03,1.9000000000e+01,9.0000000000e+00,3.0944371223e+00
5.1790000000e+03,1.9000000000e+01,1.0000000000e+01,3.2506313324e+00
5.1790000000e+03,1.9000000000e+01,1.1000000000e+01,3.3954310417e+00
5.1790000000e+03,1.9000000000e+01,1.2000000000e+01,3.5302140713e+00
5.1790000000e+03,1.9000000000e+01,1.3000000000e+01,3.6562690735e+00
5.1790000000e+03,1.9000000000e+01,1.4000000000e+01,3.7747459412e+00
5.1790000000e+03,1.9000000000e+01,1.5000000000e+01,3.8866529465e+00
5.1790000000e+03,1.9000000000e+01,1.6000000000e+01,3.9928634167e+00
5.1790000000e+03,1.9000000000e+01,1.7000000000e+01,4.0941314697e+00
5.1790000000e+03,1.9000000000e+01,1.8000000000e+01,4.1911072731e+00
5.1790000000e+03,1.9000000000e+01,1.9000000000e+01,4.2843532562e+00
5.1790000000e+03,1.9000000000e+01,2.0000000000e+01,4.3743557930e+00
5.1790000000e+03,1.9000000000e+01,2.1000000000e+01,4.4615392685e+00
5.1790000000e+03,1.9000000000e+01,2.2000000000e+01,4.5462732315e+00
5.1790000000e+03,1.9000000000e+01,2.3000000000e+01,4.6288805008e+00
5.1790000000e+03,1.9000000000e+01,2.4000000000e+01,4.7096462250e+00
5.1790000000e+03,1.9000000000e+01,2.5000000000e+01,4.7888221741e+00
5.1790000000e+03,1.9000000000e+01,2.6000000000e+01,4.8666296005e+00
5.1790000000e+03,1.9000000000e+01,2.7000000000e+01,4.9432673454e+00
5.1790000000e+03,1.9000000000e+01,2.8000000000e+01,5.0189123154e+00
5.1790000000e+03,1.9000000000e+01,2.9000000000e+01,5.0937213898e+00
5.1790000000e+03,1.9000000000e+01,3.0000000000e+01,5.1678376198e+00
5.1790000000e+03,1.9000000000e+01,3.1000000000e+01,5.2413892746e+00
5.1790000000e+03,2.7000000000e+01,0.0000000000e+00,2.0031323433e+00
5.1790000000e+03,2.7000000000e+01,1.0000000000e+00,1.6693227291e+00
5.1790000000e+03,2.7000000000e+01,2.0000000000e+00,1.6830363274e+00
5.1790000000e+03,2.7000000000e+01,3.0000000000e+00,1.8622806072e+00
5.1790000000e+03,2.7000000000e+01,4.0000000000e+00,2.1215374470e+00
5.1790000000e+03,2.7000000000e+01,5.0000000000e+00,2.4199287891e+00
5.1790000000e+03,2.7000000000e+01,6.0000000000e+00,2.7327556610e+00
5.1790000000e+03,2.7000000000e+01,7.0000000000e+00,3.0453047752e+00
5.1790000000e+03,2.7000000000e+01,8.0000000000e+00,3.3493759632e+00
5.1790000000e+03,2.7000000000e+01,9.0000000000e+00,3.6408941746e+00
5.1790000000e+03,2.7000000000e+01,1.0000000000e+01,3.9182529449e+00
5.1790000000e+03,2.7000000000e+01,1.1000000000e+01,4.1812572479e+00
5.1790000000e+03,2.7000000000e+01,1.2000000000e+01,4.4304666519e+00
5.1790000000e+03,2.7000000000e+01,1.3000000000e+01,4.6668152809e+00
5.1790000000e+03,2.7000000000e+01,1.4000000000e+01,4.8913850784e+00
5.1790000000e+03,2.7000000000e+01,1.5000000000e+01,5.1052875519e+00
5.1790000000e+03,2.7000000000e+01,1.6000000000e+01,5.3095970154e+00
5.1790000000e+03,2.7000000000e+01,1.7000000000e+01,5.5053186417e+00
5.1790000000e+03,2.7000000000e+01,1.8000000000e+01,5.6933736801e+00
5.1790000000e+03,2.7000000000e+01,1.9000000000e+01,5.8746013641e+00
5.1790000000e+03,2.7000000000e+01,2.0000000000e+01,6.0497555733e+00
5.1790000000e+03,2.7000000000e+01,2.1000000000e+01,6.2195167542e+00
5.1790000000e+03,2.7000000000e+01,2.2000000000e+01,6.3844933510e+00
5.1790000000e+03,2.7000000000e+01,2.3000000000e+01,6.5452332497e+00
5.1790000000e+03,2.7000000000e+01,2.4000000000e+01,6.7022266388e+00
5.1790000000e+03,2.7000000000e+01,2.5000000000e+01,6.8559160233e+00
5.1790000000e+03,2.7000000000e+01,2.6000000000e+01,7.0066995621e+00
5.1790000000e+03,2.7000000000e+01,2.7000000000e+01,7.1549320221e+00
5.1790000000e+03,2.7000000000e+01,2.8000000000e+01,7.3009390831e+00
5.1790000000e+03,2.7000000000e+01,2.9000000000e+01,7.4450135231e+00
5.1790000000e+03,2.7000000000e+01,3.0000000000e+01,7.5874204636e+00
5.1790000000e+03,2.7000000000e+01,3.1000000000e+01,7.7284016609e+00
5.1790000000e+03,3.7000000000e+01,0.0000000000e+00,2.0020678043e+00
5.1790000000e+03,3.7000000000e+01,1.0000000000e+00,1.5777847767e+00
5.1790000000e+03,3.7000000000e+01,2.0000000000e+00,1.5718952417e+00
5.1790000000e+03,3.7000000000e+01,3.0000000000e+00,1.7618181705e+00
5.1790000000e+03,3.7000000000e+01,4.0000000000e+00,2.0507965088e+00
5.1790000000e+03,3.7000000000e+01,5.0000000000e+00,2.3976016045e+00
5.1790000000e+03,3.7000000000e+01,6.0000000000e+00,2.7769079208e+00
5.1790000000e+03,3.7000000000e+01,7.0000000000e+00,3.1717886925e+00
5.1790000000e+03,3.7000000000e+01,8.0000000000e+00,3.5707592964e+00
5.1790000000e+03,3.7000000000e+01,9.0000000000e+00,3.9662208557e+00
5.1790000000e+03,3.7000000000e+01,1.0000000000e+01,4.3533377647e+00
5.1790000000e+03,3.7000000000e+01,1.1000000000e+01,4.7292137146e+00
5.1790000000e+03,3.7000000000e+01,1.2000000000e+01,5.0922822952e+00
5.1790000000e+03,3.7000000000e+01,1.3000000000e+01,5.4418659210e+00
5.1790000000e+03,3.7000000000e+01,1.4000000000e+01,5.7778720856e+00
5.1790000000e+03,3.7000000000e+01,1.5000000000e+01,6.1005768776e+00
5.1790000000e+03,3.7000000000e+01,1.6000000000e+01,6.4104814529e+00
5.1790000000e+03,3.7000000000e+01,1.7000000000e+01,6.7082157135e+00
5.1790000000e+03,3.7000000000e+01,1.8000000000e+01,6.9944715500e+00
5.1790000000e+03,3.7000000000e+01,1.9000000000e+01,7.2699651718e+00
5.1790000000e+03,3.7000000000e+01,2.0000000000e+01,7.5354056358e+00
5.1790000000e+03,3.7000000000e+01,2.1000000000e+01,7.7914829254e+00
5.1790000000e+03,3.7000000000e+01,2.2000000000e+01,8.0388526917e+00
5.1790000000e+03,3.7000000000e+01,2.3000000000e+01,8.2781372070e+00
5.1790000000e+03,3.7000000000e+01,2.4000000000e+01,8.5099182129e+00
5.1790000000e+03,3.7000000000e+01,2.5000000000e+01,8.7347393036e+00
5.1790000000e+03,3.7000000000e+01,2.6000000000e+01,8.9531068802e+00
5.1790000000e+03,3.7000000000e+01,2.7000000000e+01,9.1654901505e+00
5.1790000000e+03,3.7000000000e+01,2.8000000000e+01,9.3723230362e+00
5.1790000000e+03,3.7000000000e+01,2.9000000000e+01,9.5740098953e+00
5.1790000000e+03,3.7000000000e+01,3.0000000000e+01,9.7709217072e+00
5.1790000000e+03,3.7000000000e+01,3.1000000000e+01,9.9634065628e+00
5.1790000000e+03,5.2000000000e+01,0.0000000000e+00,2.0021560192e+00
5.1790000000e+03,5.2000000000e+01,1.0000000000e+00,1.4716426134e+00
5.1790000000e+03,5.2000000000e+01,2.0000000000e+00,1.4092884064e+00
5.1790000000e+03,5.2000000000e+01,3.0000000000e+00,1.5561897755e+00
5.1790000000e+03,5.2000000000e+01,4.0000000000e+00,1.8048326969e+00
5.1790000000e+03,5.2000000000e+01,5.0000000000e+00,2.1163346767e+00
5.1790000000e+03,5.2000000000e+01,6.0000000000e+00,2.4693815708e+00
5.1790000000e+03,5.2000000000e+01,7.0000000000e+00,2.8501839638e+00
5.1790000000e+03,5.2000000000e+01,8.0000000000e+00,3.2489717007e+00
5.1790000000e+03,5.2000000000e+01,9.0000000000e+00,3.6585605145e+00
5.1790000000e+03,5.2000000000e+01,1.0000000000e+01,4.0735812187e+00
5.1790000000e+03,5.2000000000e+01,1.1000000000e+01,4.4900116920e+00
5.1790000000e+03,5.2000000000e+01,1.2000000000e+01,4.9048600197e+00
5.1790000000e+03,5.2000000000e+01,1.3000000000e+01,5.3159255981e+00
5.1790000000e+03,5.2000000000e+01,1.4000000000e+01,5.7216205597e+00
5.1790000000e+03,5.2000000000e+01,1.5000000000e+01,6.1208310127e+00
5.1790000000e+03,5.2000000000e+01,1.6000000000e+01,6.5128035545e+00
5.1790000000e+03,5.2000000000e+01,1.7000000000e+01,6.8970651627e+00
5.1790000000e+03,5.2000000000e+01,1.8000000000e+01,7.2733507156e+00
5.1790000000e+03,5.2000000000e+01,1.9000000000e+01,7.6415557861e+00
5.1790000000e+03,5.2000000000e+01,2.0000000000e+01,8.0016937256e+00
5.1790000000e+03,5.2000000000e+01,2.1000000000e+01,8.3538675308e+00
5.1790000000e+03,5.2000000000e+01,2.2000000000e+01,8.6982402802e+00
5.1790000000e+03,5.2000000000e+01,2.3000000000e+01,9.0350227356e+00
5.1790000000e+03,5.2000000000e+01,2.4000000000e+01,9.3644580841e+00
5.1790000000e+03,5.2000000000e+01,2.5000000000e+01,9.6868085861e+00
5.1790000000e+03,5.2000000000e+01,2.6000000000e+01,1.0002345085e+01
5.1790000000e+03,5.2000000000e+01,2.7000000000e+01,1.0311349869e+01
5.1790000000e+03,5.2000000000e+01,2.8000000000e+01,1.0614104271e+01
5.1790000000e+03,5.2000000000e+01,2.9000000000e+01,1.0910886765e+01
5.1790000000e+03,5.2000000000e+01,3.0000000000e+01,1.1201973915e+01
5.1790000000e+03,5.2000000000e+01,3.1000000000e+01,1.1487631798e+01
5.1790000000e+03,7.2000000000e+01,0.0000000000e+00,1.9994033575e+00
5.1790000000e+03,7.2000000000e+01,1.0000000000e+00,1.3541358709e+00
5.1790000000e+03,7.2000000000e+01,2.0000000000e+00,1.2297904491e+00
5.1790000000e+03,7.2000000000e+01,3.0000000000e+00,1.3105000257e+00
5.1790000000e+03,7.2000000000e+01,4.0000000000e+00,1.4814261198e+00
5.1790000000e+03,7.2000000000e+01,5.0000000000e+00,1.7049325705e+00
5.1790000000e+03,7.2000000000e+01,6.0000000000e+00,1.9625478983e+00
5.1790000000e+03,7.2000000000e+01,7.0000000000e+00,2.2437303066e+00
5.1790000000e+03,7.2000000000e+01,8.0000000000e+00,2.5416259766e+00
5.1790000000e+03,7.2000000000e+01,9.0000000000e+00,2.8514983654e+00
5.1790000000e+03,7.2000000000e+01,1.0000000000e+01,3.1698908806e+00
5.1790000000e+03,7.2000000000e+01,1.1000000000e+01,3.4941906929e+00
5.1790000000e+03,7.2000000000e+01,1.2000000000e+01,3.8223803043e+00
5.1790000000e+03,7.2000000000e+01,1.3000000000e+01,4.1528692245e+00
5.1790000000e+03,7.2000000000e+01,1.4000000000e+01,4.4843955040e+00
5.1790000000e+03,7.2000000000e+01,1.5000000000e+01,4.8159499168e+00
5.1790000000e+03,7.2000000000e+01,1.6000000000e+01,5.1467199326e+00
5.1790000000e+03,7.2000000000e+01,1.7000000000e+01,5.4760565758e+00
5.1790000000e+03,7.2000000000e+01,1.8000000000e+01,5.8034381866e+00
5.1790000000e+03,7.2000000000e+01,1.9000000000e+01,6.1284508705e+00
5.1790000000e+03,7.2000000000e+01,2.0000000000e+01,6.4507660866e+00
5.1790000000e+03,7.2000000000e+01,2.1000000000e+01,6.7701268196e+00
5.1790000000e+03,7.2000000000e+01,2.2000000000e+01,7.0863361359e+00
5.1790000000e+03,7.2000000000e+01,2.3000000000e+01,7.3992457390e+00
5.1790000000e+03,7.2000000000e+01,2.4000000000e+01,7.7087502480e+00
5.1790000000e+03,7.2000000000e+01,2.5000000000e+01,8.0147724152e+00
5.1790000000e+03,7.2000000000e+01,2.6000000000e+01,8.3172712326e+00
5.1790000000e+03,7.2000000000e+01,2.7000000000e+01,8.6162204742e+00
5.1790000000e+03,7.2000000000e+01,2.8000000000e+01,8.9116210938e+00
5.1790000000e+03,7.2000000000e+01,2.9000000000e+01,9.2034816742e+00
5.1790000000e+03,7.2000000000e+01,3.0000000000e+01,9.4918327332e+00
5.1790000000e+03,7.2000000000e+01,3.1000000000e+01,9.7767076492e+00
5.1790000000e+03,1.0000000000e+02,0.0000000000e+00,2.0006995201e+00
5.1790000000e+03,1.0000000000e+02,1.0000000000e+00,1.1714806557e+00
5.1790000000e+03,1.0000000000e+02,2.0000000000e+00,1.0153158903e+00
5.1790000000e+03,1.0000000000e+02,3.0000000000e+00,1.0972959995e+00
5.1790000000e+03,1.0000000000e+02,4.0000000000e+00,1.2657539845e+00
5.1790000000e+03,1.0000000000e+02,5.0000000000e+00,1.4775002003e+00
5.1790000000e+03,1.0000000000e+02,6.0000000000e+00,1.7127392292e+00
5.1790000000e+03,1.0000000000e+02,7.0000000000e+00,1.9616024494e+00
5.1790000000e+03,1.0000000000e+02,8.0000000000e+00,2.2182288170e+00
5.1790000000e+03,1.0000000000e+02,9.0000000000e+00,2.4790744781e+00
5.1790000000e+03,1.0000000000e+02,1.0000000000e+01,2.7417840958e+00
5.1790000000e+03,1.0000000000e+02,1.1000000000e+01,3.0047991276e+00
5.1790000000e+03,1.0000000000e+02,1.2000000000e+01,3.2670202255e+00
5.1790000000e+03,1.0000000000e+02,1.3000000000e+01,3.5276887417e+00
5.1790000000e+03,1.0000000000e+02,1.4000000000e+01,3.7862539291e+00
5.1790000000e+03,1.0000000000e+02,1.5000000000e+01,4.0423331261e+00
5.1790000000e+03,1.0000000000e+02,1.6000000000e+01,4.2956466675e+00
5.1790000000e+03,1.0000000000e+02,1.7000000000e+01,4.5460047722e+00
5.1790000000e+03,1.0000000000e+02,1.8000000000e+01,4.7932758331e+00
5.1790000000e+03,1.0000000000e+02,1.9000000000e+01,5.0373773575e+00
5.1790000000e+03,1.0000000000e+02,2.0000000000e+01,5.2782578468e+00
5.1790000000e+03,1.0000000000e+02,2.1000000000e+01,5.5158977509e+00
5.1790000000e+03,1.0000000000e+02,2.2000000000e+01,5.7502956390e+00
5.1790000000e+03,1.0000000000e+02,2.3000000000e+01,5.9814653397e+00
5.1790000000e+03,1.0000000000e+02,2.4000000000e+01,6.2094349861e+00
5.1790000000e+03,1.0000000000e+02,2.5000000000e+01,6.4342417717e+00
5.1790000000e+03,1.0000000000e+02,2.6000000000e+01,6.6559290886e+00
5.1790000000e+03,1.0000000000e+02,2.7000000000e+01,6.8745465279e+00
5.1790000000e+03,1.0000000000e+02,2.8000000000e+01,7.0901484489e+00
5.1790000000e+03,1.0000000000e+02,2.9000000000e+01,7.3027896881e+00
5.1790000000e+03,1.0000000000e+02,3.0000000000e+01,7.5125298500e+00
5.1790000000e+03,1.0000000000e+02,3.1000000000e+01,7.7194294930e+00
5.1790000000e+03,1.3900000000e+02,0.0000000000e+00,2.0037794113e+00
5.1790000000e+03,1.3900000000e+02,1.0000000000e+00,1.0244160891e+00
5.1790000000e+03,1.3900000000e+02,2.0000000000e+00,8.0087161064e-01
5.1790000000e+03,1.3900000000e+02,3.0000000000e+00,8.1732124090e-01
5.1790000000e+03,1.3900000000e+02,4.0000000000e+00,9.0627473593e-01
5.1790000000e+03,1.3900000000e+02,5.0000000000e+00,1.0236762762e+00
5.1790000000e+03,1.3900000000e+02,6.0000000000e+00,1.1516573429e+00
5.1790000000e+03,1.3900000000e+02,7.0000000000e+00,1.2822828293e+00
5.1790000000e+03,1.3900000000e+02,8.0000000000e+00,1.4115283489e+00
5.1790000000e+03,1.3900000000e+02,9.0000000000e+00,1.5373704433e+00
5.1790000000e+03,1.3900000000e+02,1.0000000000e+01,1.6587717533e+00
5.1790000000e+03,1.3900000000e+02,1.1000000000e+01,1.7752581835e+00
5.1790000000e+03,1.3900000000e+02,1.2000000000e+01,1.8866639137e+00
5.1790000000e+03,1.3900000000e+02,1.3000000000e+01,1.9930043221e+00
5.1790000000e+03,1.3900000000e+02,1.4000000000e+01,2.0943977833e+00
5.1790000000e+03,1.3900000000e+02,1.5000000000e+01,2.1910223961e+00
5.1790000000e+03,1.3900000000e+02,1.6000000000e+01,2.2830865383e+00
5.1790000000e+03,1.3900000000e+02,1.7000000000e+01,2.3708119392e+00
5.1790000000e+03,1.3900000000e+02,1.8000000000e+01,2.4544246197e+00
5.1790000000e+03,1.3900000000e+02,1.9000000000e+01,2.5341482162e+00
5.1790000000e+03,1.3900000000e+02,2.0000000000e+01,2.6102001667e+00
5.1790000000e+03,1.3900000000e+02,2.1000000000e+01,2.6827867031e+00
5.1790000000e+03,1.3900000000e+02,2.2000000000e+01,2.7521061897e+00
5.1790000000e+03,1.3900000000e+02,2.3000000000e+01,2.8183457851e+00
5.1790000000e+03,1.3900000000e+02,2.4000000000e+01,2.8816809654e+00
5.1790000000e+03,1.3900000000e+02,2.5000000000e+01,2.9422783852e+00
5.1790000000e+03,1.3900000000e+02,2.6000000000e+01,3.0002923012e+00
5.1790000000e+03,1.3900000000e+02,2.7000000000e+01,3.0558691025e+00
5.1790000000e+03,1.3900000000e+02,2.8000000000e+01,3.1091451645e+00
5.1790000000e+03,1.3900000000e+02,2.9000000000e+01,3.1602478027e+00
5.1790000000e+03,1.3900000000e+02,3.0000000000e+01,3.2092974186e+00
5.1790000000e+03,1.3900000000e+02,3.1000000000e+01,3.2564048767e+00
5.1790000000e+03,1.9300000000e+02,0.0000000000e+00,1.9958761930e+00
5.1790000000e+03,1.9300000000e+02,1.0000000000e+00,8.7795263529e-01
5.1790000000e+03,1.9300000000e+02,2.0000000000e+00,6.0176551342e-01
5.1790000000e+03,1.9300000000e+02,3.0000000000e+00,5.7038360834e-01
5.1790000000e+03,1.9300000000e+02,4.0000000000e+00,6.0248267651e-01
5.1790000000e+03,1.9300000000e+02,5.0000000000e+00,6.5450018644e-01
5.1790000000e+03,1.9300000000e+02,6.0000000000e+00,7.1099400520e-01
5.1790000000e+03,1.9300000000e+02,7.0000000000e+00,7.6608210802e-01
5.1790000000e+03,1.9300000000e+02,8.0000000000e+00,8.1742298603e-01
5.1790000000e+03,1.9300000000e+02,9.0000000000e+00,8.6423933506e-01
5.1790000000e+03,1.9300000000e+02,1.0000000000e+01,9.0643554926e-01
5.1790000000e+03,1.9300000000e+02,1.1000000000e+01,9.4422727823e-01
5.1790000000e+03,1.9300000000e+02,1.2000000000e+01,9.7795689106e-01
5.1790000000e+03,1.9300000000e+02,1.3000000000e+01,1.0080085993e+00
5.1790000000e+03,1.9300000000e+02,1.4000000000e+01,1.0347645283e+00
5.1790000000e+03,1.9300000000e+02,1.5000000000e+01,1.0585854053e+00
5.1790000000e+03,1.9300000000e+02,1.6000000000e+01,1.0798015594e+00
5.1790000000e+03,1.9300000000e+02,1.7000000000e+01,1.0987116098e+00
5.1790000000e+03,1.9300000000e+02,1.8000000000e+01,1.1155811548e+00
5.1790000000e+03,1.9300000000e+02,1.9000000000e+01,1.1306461096e+00
5.1790000000e+03,1.9300000000e+02,2.0000000000e+01,1.1441148520e+00
5.1790000000e+03,1.9300000000e+02,2.1000000000e+01,1.1561709642e+00
5.1790000000e+03,1.9300000000e+02,2.2000000000e+01,1.1669764519e+00
5.1790000000e+03,1.9300000000e+02,2.3000000000e+01,1.1766732931e+00
5.1790000000e+03,1.9300000000e+02,2.4000000000e+01,1.1853868961e+00
5.1790000000e+03,1.9300000000e+02,2.5000000000e+01,1.1932274103e+00
5.1790000000e+03,1.9300000000e+02,2.6000000000e+01,1.2002917528e+00
5.1790000000e+03,1.9300000000e+02,2.7000000000e+01,1.2066656351e+00
5.1790000000e+03,1.9300000000e+02,2.8000000000e+01,1.2124245167e+00
5.1790000000e+03,1.9300000000e+02,2.9000000000e+01,1.2176349163e+00
5.1790000000e+03,1.9300000000e+02,3.0000000000e+01,1.2223556042e+00
5.1790000000e+03,1.9300000000e+02,3.1000000000e+01,1.2266391516e+00
5.1790000000e+03,2.6800000000e+02,0.0000000000e+00,2.0005981922e+00
5.1790000000e+03,2.6800000000e+02,1.0000000000e+00,7.4244004488e-01
5.1790000000e+03,2.6800000000e+02,2.0000000000e+00,4.4090425968e-01
5.1790000000e+03,2.6800000000e+02,3.0000000000e+00,3.8653522730e-01
5.1790000000e+03,2.6800000000e+02,4.0000000000e+00,3.8958564401e-01
5.1790000000e+03,2.6800000000e+02,5.0000000000e+00,4.0864086151e-01
5.1790000000e+03,2.6800000000e+02,6.0000000000e+00,4.3067169189e-01
5.1790000000e+03,2.6800000000e+02,7.0000000000e+00,4.5137789845e-01
5.1790000000e+03,2.6800000000e+02,8.0000000000e+00,4.6945482492e-01
5.1790000000e+03,2.6800000000e+02,9.0000000000e+00,4.8472136259e-01
5.1790000000e+03,2.6800000000e+02,1.0000000000e+01,4.9740204215e-01
5.1790000000e+03,2.6800000000e+02,1.1000000000e+01,5.0784462690e-01
5.1790000000e+03,2.6800000000e+02,1.2000000000e+01,5.1640725136e-01
5.1790000000e+03,2.6800000000e+02,1.3000000000e+01,5.2341562510e-01
5.1790000000e+03,2.6800000000e+02,1.4000000000e+01,5.2915024757e-01
5.1790000000e+03,2.6800000000e+02,1.5000000000e+01,5.3384584188e-01
5.1790000000e+03,2.6800000000e+02,1.6000000000e+01,5.3769600391e-01
5.1790000000e+03,2.6800000000e+02,1.7000000000e+01,5.4085880518e-01
5.1790000000e+03,2.6800000000e+02,1.8000000000e+01,5.4346281290e-01
5.1790000000e+03,2.6800000000e+02,1.9000000000e+01,5.4561215639e-01
5.1790000000e+03,2.6800000000e+02,2.0000000000e+01,5.4739123583e-01
5.1790000000e+03,2.6800000000e+02,2.1000000000e+01,5.4886841774e-01
5.1790000000e+03,2.6800000000e+02,2.2000000000e+01,5.5009907484e-01
5.1790000000e+03,2.6800000000e+02,2.3000000000e+01,5.5112808943e-01
5.1790000000e+03,2.6800000000e+02,2.4000000000e+01,5.5199193954e-01
5.1790000000e+03,2.6800000000e+02,2.5000000000e+01,5.5272018909e-01
5.1790000000e+03,2.6800000000e+02,2.6000000000e+01,5.5333709717e-01
5.1790000000e+03,2.6800000000e+02,2.7000000000e+01,5.5386233330e-01
5.1790000000e+03,2.6800000000e+02,2.8000000000e+01,5.5431193113e-01
5.1790000000e+03,2.6800000000e+02,2.9000000000e+01,5.5469918251e-01
5.1790000000e+03,2.6800000000e+02,3.0000000000e+01,5.5503469706e-01
5.1790000000e+03,2.6800000000e+02,3.1000000000e+01,5.5532753468e-01
5.1790000000e+03,3.7300000000e+02,0.0000000000e+00,1.9962664843e+00
5.1790000000e+03,3.7300000000e+02,1.0000000000e+00,6.2340772152e-01
5.1790000000e+03,3.7300000000e+02,2.0000000000e+00,3.1270316243e-01
5.1790000000e+03,3.7300000000e+02,3.0000000000e+00,2.5174137950e-01
5.1790000000e+03,3.7300000000e+02,4.0000000000e+00,2.4400939047e-01
5.1790000000e+03,3.7300000000e+02,5.0000000000e+00,2.4970522523e-01
5.1790000000e+03,3.7300000000e+02,6.0000000000e+00,2.5780284405e-01
5.1790000000e+03,3.7300000000e+02,7.0000000000e+00,2.6520323753e-01
5.1790000000e+03,3.7300000000e+02,8.0000000000e+00,2.7119854093e-01
5.1790000000e+03,3.7300000000e+02,9.0000000000e+00,2.7582490444e-01
5.1790000000e+03,3.7300000000e+02,1.0000000000e+01,2.7931505442e-01
5.1790000000e+03,3.7300000000e+02,1.1000000000e+01,2.8191998601e-01
5.1790000000e+03,3.7300000000e+02,1.2000000000e+01,2.8385540843e-01
5.1790000000e+03,3.7300000000e+02,1.3000000000e+01,2.8529185057e-01
5.1790000000e+03,3.7300000000e+02,1.4000000000e+01,2.8635919094e-01
5.1790000000e+03,3.7300000000e+02,1.5000000000e+01,2.8715437651e-01
5.1790000000e+03,3.7300000000e+02,1.6000000000e+01,2.8774917126e-01
5.1790000000e+03,3.7300000000e+02,1.7000000000e+01,2.8819620609e-01
5.1790000000e+03,3.7300000000e+02,1.8000000000e+01,2.8853428364e-01
5.1790000000e+03,3.7300000000e+02,1.9000000000e+01,2.8879180551e-01
5.1790000000e+03,3.7300000000e+02,2.0000000000e+01,2.8898960352e-01
5.1790000000e+03,3.7300000000e+02,2.1000000000e+01,2.8914320469e-01
5.1790000000e+03,3.7300000000e+02,2.2000000000e+01,2.8926378489e-01
5.1790000000e+03,3.7300000000e+02,2.3000000000e+01,2.8935980797e-01
5.1790000000e+03,3.7300000000e+02,2.4000000000e+01,2.8943744302e-01
5.1790000000e+03,3.7300000000e+02,2.5000000000e+01,2.8950133920e-01
5.1790000000e+03,3.7300000000e+02,2.6000000000e+01,2.8955489397e-01
5.1790000000e+03,3.7300000000e+02,2.7000000000e+01,2.8960072994e-01
5.1790000000e+03,3.7300000000e+02,2.8000000000e+01,2.8964069486e-01
5.1790000000e+03,3.7300000000e+02,2.9000000000e+01,2.8967624903e-01
5.1790000000e+03,3.7300000000e+02,3.0000000000e+01,2.8970852494e-01
5.1790000000e+03,3.7300000000e+02,3.1000000000e+01,2.8973826766e-01
5.1790000000e+03,5.1800000000e+02,0.0000000000e+00,2.0143618584e+00
5.1790000000e+03,5.1800000000e+02,1.0000000000e+00,5.3822350502e-01
5.1790000000e+03,5.1800000000e+02,2.0000000000e+00,2.2935657203e-01
5.1790000000e+03,5.1800000000e+02,3.0000000000e+00,1.7324298620e-01
5.1790000000e+03,5.1800000000e+02,4.0000000000e+00,1.6427141428e-01
5.1790000000e+03,5.1800000000e+02,5.0000000000e+00,1.6563293338e-01
5.1790000000e+03,5.1800000000e+02,6.0000000000e+00,1.6866745055e-01
5.1790000000e+03,5.1800000000e+02,7.0000000000e+00,1.7134043574e-01
5.1790000000e+03,5.1800000000e+02,8.0000000000e+00,1.7332364619e-01
5.1790000000e+03,5.1800000000e+02,9.0000000000e+00,1.7470651865e-01
5.1790000000e+03,5.1800000000e+02,1.0000000000e+01,1.7564582825e-01
5.1790000000e+03,5.1800000000e+02,1.1000000000e+01,1.7627699673e-01
5.1790000000e+03,5.1800000000e+02,1.2000000000e+01,1.7669990659e-01
5.1790000000e+03,5.1800000000e+02,1.3000000000e+01,1.7698384821e-01
5.1790000000e+03,5.1800000000e+02,1.4000000000e+01,1.7717556655e-01
5.1790000000e+03,5.1800000000e+02,1.5000000000e+01,1.7730613053e-01
5.1790000000e+03,5.1800000000e+02,1.6000000000e+01,1.7739614844e-01
5.1790000000e+03,5.1800000000e+02,1.7000000000e+01,1.7745921016e-01
5.1790000000e+03,5.1800000000e+02,1.8000000000e+01,1.7750433087e-01
5.1790000000e+03,5.1800000000e+02,1.9000000000e+01,1.7753745615e-01
5.1790000000e+03,5.1800000000e+02,2.0000000000e+01,1.7756253481e-01
5.1790000000e+03,5.1800000000e+02,2.1000000000e+01,1.7758223414e-01
5.1790000000e+03,5.1800000000e+02,2.2000000000e+01,1.7759829760e-01
5.1790000000e+03,5.1800000000e+02,2.3000000000e+01,1.7761191726e-01
5.1790000000e+03,5.1800000000e+02,2.4000000000e+01,1.7762388289e-01
5.1790000000e+03,5.1800000000e+02,2.5000000000e+01,1.7763471603e-01
5.1790000000e+03,5.1800000000e+02,2.6000000000e+01,1.7764478922e-01
5.1790000000e+03,5.1800000000e+02,2.7000000000e+01,1.7765437067e-01
5.1790000000e+03,5.1800000000e+02,2.8000000000e+01,1.7766359448e-01
5.1790000000e+03,5.1800000000e+02,2.9000000000e+01,1.7767257988e-01
5.1790000000e+03,5.1800000000e+02,3.0000000000e+01,1.7768143117e-01
5.1790000000e+03,5.1800000000e+02,3.1000000000e+01,1.7769017816e-01
5.1790000000e+03,7.2000000000e+02,0.0000000000e+00,1.9975152016e+00
5.1790000000e+03,7.2000000000e+02,1.0000000000e+00,5.6407237053e-01
5.1790000000e+03,7.2000000000e+02,2.0000000000e+00,3.1448155642e-01
5.1790000000e+03,7.2000000000e+02,3.0000000000e+00,2.8748792410e-01
5.1790000000e+03,7.2000000000e+02,4.0000000000e+00,2.9776260257e-01
5.1790000000e+03,7.2000000000e+02,5.0000000000e+00,3.1391179562e-01
5.1790000000e+03,7.2000000000e+02,6.0000000000e+00,3.2899200916e-01
5.1790000000e+03,7.2000000000e+02,7.0000000000e+00,3.4145390987e-01
5.1790000000e+03,7.2000000000e+02,8.0000000000e+00,3.5119795799e-01
5.1790000000e+03,7.2000000000e+02,9.0000000000e+00,3.5854858160e-01
5.1790000000e+03,7.2000000000e+02,1.0000000000e+01,3.6393415928e-01
5.1790000000e+03,7.2000000000e+02,1.1000000000e+01,3.6777353287e-01
5.1790000000e+03,7.2000000000e+02,1.2000000000e+01,3.7043401599e-01
5.1790000000e+03,7.2000000000e+02,1.3000000000e+01,3.7221956253e-01
5.1790000000e+03,7.2000000000e+02,1.4000000000e+01,3.7337213755e-01
5.1790000000e+03,7.2000000000e+02,1.5000000000e+01,3.7407833338e-01
5.1790000000e+03,7.2000000000e+02,1.6000000000e+01,3.7447869778e-01
5.1790000000e+03,7.2000000000e+02,1.7000000000e+01,3.7467616796e-01
5.1790000000e+03,7.2000000000e+02,1.8000000000e+01,3.7474471331e-01
5.1790000000e+03,7.2000000000e+02,1.9000000000e+01,3.7473598123e-01
5.1790000000e+03,7.2000000000e+02,2.0000000000e+01,3.7468510866e-01
5.1790000000e+03,7.2000000000e+02,2.1000000000e+01,3.7461522222e-01
5.1790000000e+03,7.2000000000e+02,2.2000000000e+01,3.7454095483e-01
5.1790000000e+03,7.2000000000e+02,2.3000000000e+01,3.7447088957e-01
5.1790000000e+03,7.2000000000e+02,2.4000000000e+01,3.7440961599e-01
5.1790000000e+03,7.2000000000e+02,2.5000000000e+01,3.7435922027e-01
5.1790000000e+03,7.2000000000e+02,2.6000000000e+01,3.7432003021e-01
5.1790000000e+03,7.2000000000e+02,2.7000000000e+01,3.7429141998e-01
5.1790000000e+03,7.2000000000e+02,2.8000000000e+01,3.7427237630e-01
5.1790000000e+03,7.2000000000e+02,2.9000000000e+01,3.7426152825e-01
5.1790000000e+03,7.2000000000e+02,3.0000000000e+01,3.7425765395e-01
5.1790000000e+03,7.2000000000e+02,3.1000000000e+01,3.7425944209e-01
5.1790000000e+03,1.0000000000e+03,0.0000000000e+00,1.9979293346e+00
5.1790000000e+03,1.0000000000e+03,1.0000000000e+00,3.7360200286e-01
5.1790000000e+03,1.0000000000e+03,2.0000000000e+00,1.0838192701e-01
5.1790000000e+03,1.0000000000e+03,3.0000000000e+00,7.2730630636e-02
5.1790000000e+03,1.0000000000e+03,4.0000000000e+00,6.8298093975e-02
5.1790000000e+03,1.0000000000e+03,5.0000000000e+00,6.8573623896e-02
5.1790000000e+03,1.0000000000e+03,6.0000000000e+00,6.9272100925e-02
5.1790000000e+03,1.0000000000e+03,7.0000000000e+00,6.9772265851e-02
5.1790000000e+03,1.0000000000e+03,8.0000000000e+00,7.0072568953e-02
5.1790000000e+03,1.0000000000e+03,9.0000000000e+00,7.0243775845e-02
5.1790000000e+03,1.0000000000e+03,1.0000000000e+01,7.0340156555e-02
5.1790000000e+03,1.0000000000e+03,1.1000000000e+01,7.0394769311e-02
5.1790000000e+03,1.0000000000e+03,1.2000000000e+01,7.0426344872e-02
5.1790000000e+03,1.0000000000e+03,1.3000000000e+01,7.0445224643e-02
5.1790000000e+03,1.0000000000e+03,1.4000000000e+01,7.0457100868e-02
5.1790000000e+03,1.0000000000e+03,1.5000000000e+01,7.0465080440e-02
5.1790000000e+03,1.0000000000e+03,1.6000000000e+01,7.0470899343e-02
5.1790000000e+03,1.0000000000e+03,1.7000000000e+01,7.0475503802e-02
5.1790000000e+03,1.0000000000e+03,1.8000000000e+01,7.0479422808e-02
5.1790000000e+03,1.0000000000e+03,1.9000000000e+01,7.0482946932e-02
5.1790000000e+03,1.0000000000e+03,2.0000000000e+01,7.0486262441e-02
5.1790000000e+03,1.0000000000e+03,2.1000000000e+01,7.0489451289e-02
5.1790000000e+03,1.0000000000e+03,2.2000000000e+01,7.0492573082e-02
5.1790000000e+03,1.0000000000e+03,2.3000000000e+01,7.0495650172e-02
5.1790000000e+03,1.0000000000e+03,2.4000000000e+01,7.0498704910e-02
5.1790000000e+03,1.0000000000e+03,2.5000000000e+01,7.0501767099e-02
5.1790000000e+03,1.0000000000e+03,2.6000000000e+01,7.0504814386e-02
5.1790000000e+03,1.0000000000e+03,2.7000000000e+01,7.0507861674e-02
5.1790000000e+03,1.0000000000e+03,2.8000000000e+01,7.0510908961e-02
5.1790000000e+03,1.0000000000e+03,2.9000000000e+01,7.0513956249e-02
5.1790000000e+03,1.0000000000e+03,3.0000000000e+01,7.0517018437e-02
5.1790000000e+03,1.0000000000e+03,3.1000000000e+01,7.0520073175e-02
7.1970000000e+03,1.0000000000e+01,0.0000000000e+00,1.9943202734e+00
7.1970000000e+03,1.0000000000e+01,1.0000000000e+00,1.8630849123e+00
7.1970000000e+03,1.0000000000e+01,2.0000000000e+00,1.8923202753e+00
7.1970000000e+03,1.0000000000e+01,3.0000000000e+00,1.9782248735e+00
7.1970000000e+03,1.0000000000e+01,4.0000000000e+00,2.0724506378e+00
7.1970000000e+03,1.0000000000e+01,5.0000000000e+00,2.1604380608e+00
7.1970000000e+03,1.0000000000e+01,6.0000000000e+00,2.2391781807e+00
7.1970000000e+03,1.0000000000e+01,7.0000000000e+00,2.3092706203e+00
7.1970000000e+03,1.0000000000e+01,8.0000000000e+00,2.3721427917e+00
7.1970000000e+03,1.0000000000e+01,9.0000000000e+00,2.4292104244e+00
7.1970000000e+03,1.0000000000e+01,1.0000000000e+01,2.4816694260e+00
7.1970000000e+03,1.0000000000e+01,1.1000000000e+01,2.5304827690e+00
7.1970000000e+03,1.0000000000e+01,1.2000000000e+01,2.5764155388e+00
7.1970000000e+03,1.0000000000e+01,1.3000000000e+01,2.6200757027e+00
7.1970000000e+03,1.0000000000e+01,1.4000000000e+01,2.6619491577e+00
7.1970000000e+03,1.0000000000e+01,1.5000000000e+01,2.7024290562e+00
7.1970000000e+03,1.0000000000e+01,1.6000000000e+01,2.7418339252e+00
7.1970000000e+03,1.0000000000e+01,1.7000000000e+01,2.7804267406e+00
7.1970000000e+03,1.0000000000e+01,1.8000000000e+01,2.8184258938e+00
7.1970000000e+03,1.0000000000e+01,1.9000000000e+01,2.8560140133e+00
7.1970000000e+03,1.0000000000e+01,2.0000000000e+01,2.8933453560e+00
7.1970000000e+03,1.0000000000e+01,2.1000000000e+01,2.9305505753e+00
7.1970000000e+03,1.0000000000e+01,2.2000000000e+01,2.9677424431e+00
7.1970000000e+03,1.0000000000e+01,2.3000000000e+01,3.0050177574e+00
7.1970000000e+03,1.0000000000e+01,2.4000000000e+01,3.0424604416e+00
7.1970000000e+03,1.0000000000e+01,2.5000000000e+01,3.0801439285e+00
7.1970000000e+03,1.0000000000e+01,2.6000000000e+01,3.1181325912e+00
7.1970000000e+03,1.0000000000e+01,2.7000000000e+01,3.1564829350e+00
7.1970000000e+03,1.0000000000e+01,2.8000000000e+01,3.1952452660e+00
7.1970000000e+03,1.0000000000e+01,2.9000000000e+01,3.2344641685e+00
7.1970000000e+03,1.0000000000e+01,3.0000000000e+01,3.2741796970e+00
7.1970000000e+03,1.0000000000e+01,3.1000000000e+01,3.3144278526e+00
7.1970000000e+03,1.4000000000e+01,0.0000000000e+00,2.0029051304e+00
7.1970000000e+03,1.4000000000e+01,1.0000000000e+00,1.8174078465e+00
7.1970000000e+03,1.4000000000e+01,2.0000000000e+00,1.8437521458e+00
7.1970000000e+03,1.4000000000e+01,3.0000000000e+00,1.9602500200e+00
7.1970000000e+03,1.4000000000e+01,4.0000000000e+00,2.1034424305e+00
7.1970000000e+03,1.4000000000e+01,5.0000000000e+00,2.2473530769e+00
7.1970000000e+03,1.4000000000e+01,6.0000000000e+00,2.3822658062e+00
7.1970000000e+03,1.4000000000e+01,7.0000000000e+00,2.5057013035e+00
7.1970000000e+03,1.4000000000e+01,8.0000000000e+00,2.6180174351e+00
7.1970000000e+03,1.4000000000e+01,9.0000000000e+00,2.7204978466e+00
7.1970000000e+03,1.4000000000e+01,1.0000000000e+01,2.8145942688e+00
7.1970000000e+03,1.4000000000e+01,1.1000000000e+01,2.9016573429e+00
7.1970000000e+03,1.4000000000e+01,1.2000000000e+01,2.9828562737e+00
7.1970000000e+03,1.4000000000e+01,1.3000000000e+01,3.0591766834e+00
7.1970000000e+03,1.4000000000e+01,1.4000000000e+01,3.1314411163e+00
7.1970000000e+03,1.4000000000e+01,1.5000000000e+01,3.2003335953e+00
7.1970000000e+03,1.4000000000e+01,1.6000000000e+01,3.2664256096e+00
7.1970000000e+03,1.4000000000e+01,1.7000000000e+01,3.3301956654e+00
7.1970000000e+03,1.4000000000e+01,1.8000000000e+01,3.3920476437e+00
7.1970000000e+03,1.4000000000e+01,1.9000000000e+01,3.4523220062e+00
7.1970000000e+03,1.4000000000e+01,2.0000000000e+01,3.5113112926e+00
7.1970000000e+03,1.4000000000e+01,2.1000000000e+01,3.5692653656e+00
7.1970000000e+03,1.4000000000e+01,2.2000000000e+01,3.6263999939e+00
7.1970000000e+03,1.4000000000e+01,2.3000000000e+01,3.6829020977e+00
7.1970000000e+03,1.4000000000e+01,2.4000000000e+01,3.7389349937e+00
7.1970000000e+03,1.4000000000e+01,2.5000000000e+01,3.7946422100e+00
7.1970000000e+03,1.4000000000e+01,2.6000000000e+01,3.8501486778e+00
7.1970000000e+03,1.4000000000e+01,2.7000000000e+01,3.9055664539e+00
7.1970000000e+03,1.4000000000e+01,2.8000000000e+01,3.9609944820e+00
7.1970000000e+03,1.4000000000e+01,2.9000000000e+01,4.0165195465e+00
7.1970000000e+03,1.4000000000e+01,3.0000000000e+01,4.0722227097e+00
7.1970000000e+03,1.4000000000e+01,3.1000000000e+01,4.1281728745e+00
7.1970000000e+03,1.9000000000e+01,0.0000000000e+00,1.9949480295e+00
7.1970000000e+03,1.9000000000e+01,1.0000000000e+00,1.7488821745e+00
7.1970000000e+03,1.9000000000e+01,2.0000000000e+00,1.7695034742e+00
7.1970000000e+03,1.9000000000e+01,3.0000000000e+00,1.9134327173e+00
7.1970000000e+03,1.9000000000e+01,4.0000000000e+00,2.1068339348e+00
7.1970000000e+03,1.9000000000e+01,5.0000000000e+00,2.3147699833e+00
7.1970000000e+03,1.9000000000e+01,6.0000000000e+00,2.5197443962e+00
7.1970000000e+03,1.9000000000e+01,7.0000000000e+00,2.7140634060e+00
7.1970000000e+03,1.9000000000e+01,8.0000000000e+00,2.8951561451e+00
7.1970000000e+03,1.9000000000e+01,9.0000000000e+00,3.0628960133e+00
7.1970000000e+03,1.9000000000e+01,1.0000000000e+01,3.2182061672e+00
7.1970000000e+03,1.9000000000e+01,1.1000000000e+01,3.3623785973e+00
7.1970000000e+03,1.9000000000e+01,1.2000000000e+01,3.4967565536e+00
7.1970000000e+03,1.9000000000e+01,1.3000000000e+01,3.6226029396e+00
7.1970000000e+03,1.9000000000e+01,1.4000000000e+01,3.7410511971e+00
7.1970000000e+03,1.9000000000e+01,1.5000000000e+01,3.8530948162e+00
7.1970000000e+03,1.9000000000e+01,1.6000000000e+01,3.9595968723e+00
7.1970000000e+03,1.9000000000e+01,1.7000000000e+01,4.0613026619e+00
7.1970000000e+03,1.9000000000e+01,1.8000000000e+01,4.1588563919e+00
7.1970000000e+03,1.9000000000e+01,1.9000000000e+01,4.2528138161e+00
7.1970000000e+03,1.9000000000e+01,2.0000000000e+01,4.3436584473e+00
7.1970000000e+03,1.9000000000e+01,2.1000000000e+01,4.4318094254e+00
7.1970000000e+03,1.9000000000e+01,2.2000000000e+01,4.5176334381e+00
7.1970000000e+03,1.9000000000e+01,2.3000000000e+01,4.6014509201e+00
7.1970000000e+03,1.9000000000e+01,2.4000000000e+01,4.6835441589e+00
7.1970000000e+03,1.9000000000e+01,2.5000000000e+01,4.7641634941e+00
7.1970000000e+03,1.9000000000e+01,2.6000000000e+01,4.8435273170e+00
7.1970000000e+03,1.9000000000e+01,2.7000000000e+01,4.9218339920e+00
7.1970000000e+03,1.9000000000e+01,2.8000000000e+01,4.9992575645e+00
7.1970000000e+03,1.9000000000e+01,2.9000000000e+01,5.0759553909e+00
7.1970000000e+03,1.9000000000e+01,3.0000000000e+01,5.1520676613e+00
7.1970000000e+03,1.9000000000e+01,3.1000000000e+01,5.2277226448e+00
7.1970000000e+03,2.7000000000e+01,0.0000000000e+00,2.0000975132e+00
7.1970000000e+03,2.7000000000e+01,1.0000000000e+00,1.6714551449e+00
7.1970000000e+03,2.7000000000e+01,2.0000000000e+00,1.6826082468e+00
7.1970000000e+03,2.7000000000e+01,3.0000000000e+00,1.8568220139e+00
7.1970000000e+03,2.7000000000e+01,4.0000000000e+00,2.1094293594e+00
7.1970000000e+03,2.7000000000e+01,5.0000000000e+00,2.3999361992e+00
7.1970000000e+03,2.7000000000e+01,6.0000000000e+00,2.7039859295e+00
7.1970000000e+03,2.7000000000e+01,7.0000000000e+00,3.0070557594e+00
7.1970000000e+03,2.7000000000e+01,8.0000000000e+00,3.3010523319e+00
7.1970000000e+03,2.7000000000e+01,9.0000000000e+00,3.5819399357e+00
7.1970000000e+03,2.7000000000e+01,1.0000000000e+01,3.8481142521e+00
7.1970000000e+03,2.7000000000e+01,1.1000000000e+01,4.0993609428e+00
7.1970000000e+03,2.7000000000e+01,1.2000000000e+01,4.3362126350e+00
7.1970000000e+03,2.7000000000e+01,1.3000000000e+01,4.5595693588e+00
7.1970000000e+03,2.7000000000e+01,1.4000000000e+01,4.7704830170e+00
7.1970000000e+03,2.7000000000e+01,1.5000000000e+01,4.9700355530e+00
7.1970000000e+03,2.7000000000e+01,1.6000000000e+01,5.1592712402e+00
7.1970000000e+03,2.7000000000e+01,1.7000000000e+01,5.3391723633e+00
7.1970000000e+03,2.7000000000e+01,1.8000000000e+01,5.5106368065e+00
7.1970000000e+03,2.7000000000e+01,1.9000000000e+01,5.6744818687e+00
7.1970000000e+03,2.7000000000e+01,2.0000000000e+01,5.8314456940e+00
7.1970000000e+03,2.7000000000e+01,2.1000000000e+01,5.9821910858e+00
7.1970000000e+03,2.7000000000e+01,2.2000000000e+01,6.1273145676e+00
7.1970000000e+03,2.7000000000e+01,2.3000000000e+01,6.2673492432e+00
7.1970000000e+03,2.7000000000e+01,2.4000000000e+01,6.4027757645e+00
7.1970000000e+03,2.7000000000e+01,2.5000000000e+01,6.5340242386e+00
7.1970000000e+03,2.7000000000e+01,2.6000000000e+01,6.6614832878e+00
7.1970000000e+03,2.7000000000e+01,2.7000000000e+01,6.7855033875e+00
7.1970000000e+03,2.7000000000e+01,2.8000000000e+01,6.9063997269e+00
7.1970000000e+03,2.7000000000e+01,2.9000000000e+01,7.0244588852e+00
7.1970000000e+03,2.7000000000e+01,3.0000000000e+01,7.1399421692e+00
7.1970000000e+03,2.7000000000e+01,3.1000000000e+01,7.2530832291e+00
7.1970000000e+03,3.7000000000e+01,0.0000000000e+00,2.0047948360e+00
7.1970000000e+03,3.7000000000e+01,1.0000000000e+00,1.5798337460e+00
7.1970000000e+03,3.7000000000e+01,2.0000000000e+00,1.5703727007e+00
7.1970000000e+03,3.7000000000e+01,3.0000000000e+00,1.7550252676e+00
7.1970000000e+03,3.7000000000e+01,4.0000000000e+00,2.0382685661e+00
7.1970000000e+03,3.7000000000e+01,5.0000000000e+00,2.3790621758e+00
7.1970000000e+03,3.7000000000e+01,6.0000000000e+00,2.7522685528e+00
7.1970000000e+03,3.7000000000e+01,7.0000000000e+00,3.1410064697e+00
7.1970000000e+03,3.7000000000e+01,8.0000000000e+00,3.5337753296e+00
7.1970000000e+03,3.7000000000e+01,9.0000000000e+00,3.9229280949e+00
7.1970000000e+03,3.7000000000e+01,1.0000000000e+01,4.3035769463e+00
7.1970000000e+03,3.7000000000e+01,1.1000000000e+01,4.6727781296e+00
7.1970000000e+03,3.7000000000e+01,1.2000000000e+01,5.0289235115e+00
7.1970000000e+03,3.7000000000e+01,1.3000000000e+01,5.3713026047e+00
7.1970000000e+03,3.7000000000e+01,1.4000000000e+01,5.6997957230e+00
7.1970000000e+03,3.7000000000e+01,1.5000000000e+01,6.0146570206e+00
7.1970000000e+03,3.7000000000e+01,1.6000000000e+01,6.3163690567e+00
7.1970000000e+03,3.7000000000e+01,1.7000000000e+01,6.6055479050e+00
7.1970000000e+03,3.7000000000e+01,1.8000000000e+01,6.8828744888e+00
7.1970000000e+03,3.7000000000e+01,1.9000000000e+01,7.1490526199e+00
7.1970000000e+03,3.7000000000e+01,2.0000000000e+01,7.4047832489e+00
7.1970000000e+03,3.7000000000e+01,2.1000000000e+01,7.6507468224e+00
7.1970000000e+03,3.7000000000e+01,2.2000000000e+01,7.8875927925e+00
7.1970000000e+03,3.7000000000e+01,2.3000000000e+01,8.1159381866e+00
7.1970000000e+03,3.7000000000e+01,2.4000000000e+01,8.3363561630e+00
7.1970000000e+03,3.7000000000e+01,2.5000000000e+01,8.5493879318e+00
7.1970000000e+03,3.7000000000e+01,2.6000000000e+01,8.7555332184e+00
7.1970000000e+03,3.7000000000e+01,2.7000000000e+01,8.9552564621e+00
7.1970000000e+03,3.7000000000e+01,2.8000000000e+01,9.1489915848e+00
7.1970000000e+03,3.7000000000e+01,2.9000000000e+01,9.3371334076e+00
7.1970000000e+03,3.7000000000e+01,3.0000000000e+01,9.5200529099e+00
7.1970000000e+03,3.7000000000e+01,3.1000000000e+01,9.6980934143e+00
7.1970000000e+03,5.2000000000e+01,0.0000000000e+00,2.0063834190e+00
7.1970000000e+03,5.2000000000e+01,1.0000000000e+00,1.4548704624e+00
7.1970000000e+03,5.2000000000e+01,2.0000000000e+00,1.4084596634e+00
7.1970000000e+03,5.2000000000e+01,3.0000000000e+00,1.5824518204e+00
7.1970000000e+03,5.2000000000e+01,4.0000000000e+00,1.8639578819e+00
7.1970000000e+03,5.2000000000e+01,5.0000000000e+00,2.2121851444e+00
7.1970000000e+03,5.2000000000e+01,6.0000000000e+00,2.6043672562e+00
7.1970000000e+03,5.2000000000e+01,7.0000000000e+00,3.0256319046e+00
7.1970000000e+03,5.2000000000e+01,8.0000000000e+00,3.4653761387e+00
7.1970000000e+03,5.2000000000e+01,9.0000000000e+00,3.9157655239e+00
7.1970000000e+03,5.2000000000e+01,1.0000000000e+01,4.3709387779e+00
7.1970000000e+03,5.2000000000e+01,1.1000000000e+01,4.8265094757e+00
7.1970000000e+03,5.2000000000e+01,1.2000000000e+01,5.2792215347e+00
7.1970000000e+03,5.2000000000e+01,1.3000000000e+01,5.7266979218e+00
7.1970000000e+03,5.2000000000e+01,1.4000000000e+01,6.1672315598e+00
7.1970000000e+03,5.2000000000e+01,1.5000000000e+01,6.5996403694e+00
7.1970000000e+03,5.2000000000e+01,1.6000000000e+01,7.0231399536e+00
7.1970000000e+03,5.2000000000e+01,1.7000000000e+01,7.4372482300e+00
7.1970000000e+03,5.2000000000e+01,1.8000000000e+01,7.8417139053e+00
7.1970000000e+03,5.2000000000e+01,1.9000000000e+01,8.2364568710e+00
7.1970000000e+03,5.2000000000e+01,2.0000000000e+01,8.6215248108e+00
7.1970000000e+03,5.2000000000e+01,2.1000000000e+01,8.9970579147e+00
7.1970000000e+03,5.2000000000e+01,2.2000000000e+01,9.3632650375e+00
7.1970000000e+03,5.2000000000e+01,2.3000000000e+01,9.7203998566e+00
7.1970000000e+03,5.2000000000e+01,2.4000000000e+01,1.0068748474e+01
7.1970000000e+03,5.2000000000e+01,2.5000000000e+01,1.0408617973e+01
7.1970000000e+03,5.2000000000e+01,2.6000000000e+01,1.0740326881e+01
7.1970000000e+03,5.2000000000e+01,2.7000000000e+01,1.1064192772e+01
7.1970000000e+03,5.2000000000e+01,2.8000000000e+01,1.1380540848e+01
7.1970000000e+03,5.2000000000e+01,2.9000000000e+01,1.1689689636e+01
7.1970000000e+03,5.2000000000e+01,3.0000000000e+01,1.1991948128e+01
7.1970000000e+03,5.2000000000e+01,3.1000000000e+01,1.2287617683e+01
7.1970000000e+03,7.2000000000e+01,0.0000000000e+00,2.0087242126e+00
7.1970000000e+03,7.2000000000e+01,1.0000000000e+00,1.3311705589e+00
7.1970000000e+03,7.2000000000e+01,2.0000000000e+00,1.2383588552e+00
7.1970000000e+03,7.2000000000e+01,3.0000000000e+00,1.3793959618e+00
7.1970000000e+03,7.2000000000e+01,4.0000000000e+00,1.6214601994e+00
7.1970000000e+03,7.2000000000e+01,5.0000000000e+00,1.9226588011e+00
7.1970000000e+03,7.2000000000e+01,6.0000000000e+00,2.2622869015e+00
7.1970000000e+03,7.2000000000e+01,7.0000000000e+00,2.6284773350e+00
7.1970000000e+03,7.2000000000e+01,8.0000000000e+00,3.0133838654e+00
7.1970000000e+03,7.2000000000e+01,9.0000000000e+00,3.4115042686e+00
7.1970000000e+03,7.2000000000e+01,1.0000000000e+01,3.8187580109e+00
7.1970000000e+03,7.2000000000e+01,1.1000000000e+01,4.2320289612e+00
7.1970000000e+03,7.2000000000e+01,1.2000000000e+01,4.6488904953e+00
7.1970000000e+03,7.2000000000e+01,1.3000000000e+01,5.0674233437e+00
7.1970000000e+03,7.2000000000e+01,1.4000000000e+01,5.4861035347e+00
7.1970000000e+03,7.2000000000e+01,1.5000000000e+01,5.9037137032e+00
7.1970000000e+03,7.2000000000e+01,1.6000000000e+01,6.3192820549e+00
7.1970000000e+03,7.2000000000e+01,1.7000000000e+01,6.7320356369e+00
7.1970000000e+03,7.2000000000e+01,1.8000000000e+01,7.1413626671e+00
7.1970000000e+03,7.2000000000e+01,1.9000000000e+01,7.5467815399e+00
7.1970000000e+03,7.2000000000e+01,2.0000000000e+01,7.9479198456e+00
7.1970000000e+03,7.2000000000e+01,2.1000000000e+01,8.3444948196e+00
7.1970000000e+03,7.2000000000e+01,2.2000000000e+01,8.7362937927e+00
7.1970000000e+03,7.2000000000e+01,2.3000000000e+01,9.1231689453e+00
7.1970000000e+03,7.2000000000e+01,2.4000000000e+01,9.5050163269e+00
7.1970000000e+03,7.2000000000e+01,2.5000000000e+01,9.8817787170e+00
7.1970000000e+03,7.2000000000e+01,2.6000000000e+01,1.0253427505e+01
7.1970000000e+03,7.2000000000e+01,2.7000000000e+01,1.0619966507e+01
7.1970000000e+03,7.2000000000e+01,2.8000000000e+01,1.0981417656e+01
7.1970000000e+03,7.2000000000e+01,2.9000000000e+01,1.1337821960e+01
7.1970000000e+03,7.2000000000e+01,3.0000000000e+01,1.1689237595e+01
7.1970000000e+03,7.2000000000e+01,3.1000000000e+01,1.2035736084e+01
7.1970000000e+03,1.0000000000e+02,0.0000000000e+00,1.9984967709e+00
7.1970000000e+03,1.0000000000e+02,1.0000000000e+00,1.1667296886e+00
7.1970000000e+03,1.0000000000e+02,2.0000000000e+00,1.0118242502e+00
7.1970000000e+03,1.0000000000e+02,3.0000000000e+00,1.0936610699e+00
7.1970000000e+03,1.0000000000e+02,4.0000000000e+00,1.2616403103e+00
7.1970000000e+03,1.0000000000e+02,5.0000000000e+00,1.4726543427e+00
7.1970000000e+03,1.0000000000e+02,6.0000000000e+00,1.7072346210e+00
7.1970000000e+03,1.0000000000e+02,7.0000000000e+00,1.9555034637e+00
7.1970000000e+03,1.0000000000e+02,8.0000000000e+00,2.2116329670e+00
7.1970000000e+03,1.0000000000e+02,9.0000000000e+00,2.4720494747e+00
7.1970000000e+03,1.0000000000e+02,1.0000000000e+01,2.7344059944e+00
7.1970000000e+03,1.0000000000e+02,1.1000000000e+01,2.9971227646e+00
7.1970000000e+03,1.0000000000e+02,1.2000000000e+01,3.2591018677e+00
7.1970000000e+03,1.0000000000e+02,1.3000000000e+01,3.5195689201e+00
7.1970000000e+03,1.0000000000e+02,1.4000000000e+01,3.7779719830e+00
7.1970000000e+03,1.0000000000e+02,1.5000000000e+01,4.0339140892e+00
7.1970000000e+03,1.0000000000e+02,1.6000000000e+01,4.2871146202e+00
7.1970000000e+03,1.0000000000e+02,1.7000000000e+01,4.5373740196e+00
7.1970000000e+03,1.0000000000e+02,1.8000000000e+01,4.7845573425e+00
7.1970000000e+03,1.0000000000e+02,1.9000000000e+01,5.0285739899e+00
7.1970000000e+03,1.0000000000e+02,2.0000000000e+01,5.2693719864e+00
7.1970000000e+03,1.0000000000e+02,2.1000000000e+01,5.5069255829e+00
7.1970000000e+03,1.0000000000e+02,2.2000000000e+01,5.7412290573e+00
7.1970000000e+03,1.0000000000e+02,2.3000000000e+01,5.9722962379e+00
7.1970000000e+03,1.0000000000e+02,2.4000000000e+01,6.2001500130e+00
7.1970000000e+03,1.0000000000e+02,2.5000000000e+01,6.4248251915e+00
7.1970000000e+03,1.0000000000e+02,2.6000000000e+01,6.6463642120e+00
7.1970000000e+03,1.0000000000e+02,2.7000000000e+01,6.8648147583e+00
7.1970000000e+03,1.0000000000e+02,2.8000000000e+01,7.0802278519e+00
7.1970000000e+03,1.0000000000e+02,2.9000000000e+01,7.2926588058e+00
7.1970000000e+03,1.0000000000e+02,3.0000000000e+01,7.5021638870e+00
7.1970000000e+03,1.0000000000e+02,3.1000000000e+01,7.7088017464e+00
7.1970000000e+03,1.3900000000e+02,0.0000000000e+00,1.9888837337e+00
7.1970000000e+03,1.3900000000e+02,1.0000000000e+00,1.0151424408e+00
7.1970000000e+03,1.3900000000e+02,2.0000000000e+00,7.9445612431e-01
7.1970000000e+03,1.3900000000e+02,3.0000000000e+00,8.1253921986e-01
7.1970000000e+03,1.3900000000e+02,4.0000000000e+00,9.0196877718e-01
7.1970000000e+03,1.3900000000e+02,5.0000000000e+00,1.0193094015e+00
7.1970000000e+03,1.3900000000e+02,6.0000000000e+00,1.1469385624e+00
7.1970000000e+03,1.3900000000e+02,7.0000000000e+00,1.2770429850e+00
7.1970000000e+03,1.3900000000e+02,8.0000000000e+00,1.4056458473e+00
7.1970000000e+03,1.3900000000e+02,9.0000000000e+00,1.5307607651e+00
7.1970000000e+03,1.3900000000e+02,1.0000000000e+01,1.6513695717e+00
7.1970000000e+03,1.3900000000e+02,1.1000000000e+01,1.7670178413e+00
7.1970000000e+03,1.3900000000e+02,1.2000000000e+01,1.8775515556e+00
7.1970000000e+03,1.3900000000e+02,1.3000000000e+01,1.9829986095e+00
7.1970000000e+03,1.3900000000e+02,1.4000000000e+01,2.0834865570e+00
7.1970000000e+03,1.3900000000e+02,1.5000000000e+01,2.1791996956e+00
7.1970000000e+03,1.3900000000e+02,1.6000000000e+01,2.2703518867e+00
7.1970000000e+03,1.3900000000e+02,1.7000000000e+01,2.3571696281e+00
7.1970000000e+03,1.3900000000e+02,1.8000000000e+01,2.4398822784e+00
7.1970000000e+03,1.3900000000e+02,1.9000000000e+01,2.5187153816e+00
7.1970000000e+03,1.3900000000e+02,2.0000000000e+01,2.5938873291e+00
7.1970000000e+03,1.3900000000e+02,2.1000000000e+01,2.6656072140e+00
7.1970000000e+03,1.3900000000e+02,2.2000000000e+01,2.7340731621e+00
7.1970000000e+03,1.3900000000e+02,2.3000000000e+01,2.7994730473e+00
7.1970000000e+03,1.3900000000e+02,2.4000000000e+01,2.8619828224e+00
7.1970000000e+03,1.3900000000e+02,2.5000000000e+01,2.9217679501e+00
7.1970000000e+03,1.3900000000e+02,2.6000000000e+01,2.9789838791e+00
7.1970000000e+03,1.3900000000e+02,2.7000000000e+01,3.0337767601e+00
7.1970000000e+03,1.3900000000e+02,2.8000000000e+01,3.0862815380e+00
7.1970000000e+03,1.3900000000e+02,2.9000000000e+01,3.1366264820e+00
7.1970000000e+03,1.3900000000e+02,3.0000000000e+01,3.1849303246e+00
7.1970000000e+03,1.3900000000e+02,3.1000000000e+01,3.2313048840e+00
7.1970000000e+03,1.9300000000e+02,0.0000000000e+00,2.0075984001e+00
7.1970000000e+03,1.9300000000e+02,1.0000000000e+00,8.7208867073e-01
7.1970000000e+03,1.9300000000e+02,2.0000000000e+00,5.9545654058e-01
7.1970000000e+03,1.9300000000e+02,3.0000000000e+00,5.6253248453e-01
7.1970000000e+03,1.9300000000e+02,4.0000000000e+00,5.9289801121e-01
7.1970000000e+03,1.9300000000e+02,5.0000000000e+00,6.4386701584e-01
7.1970000000e+03,1.9300000000e+02,6.0000000000e+00,6.9967192411e-01
7.1970000000e+03,1.9300000000e+02,7.0000000000e+00,7.5428307056e-01
7.1970000000e+03,1.9300000000e+02,8.0000000000e+00,8.0527603626e-01
7.1970000000e+03,1.9300000000e+02,9.0000000000e+00,8.5182595253e-01
7.1970000000e+03,1.9300000000e+02,1.0000000000e+01,8.9380908012e-01
7.1970000000e+03,1.9300000000e+02,1.1000000000e+01,9.3142420053e-01
7.1970000000e+03,1.9300000000e+02,1.2000000000e+01,9.6500366926e-01
7.1970000000e+03,1.9300000000e+02,1.3000000000e+01,9.9492502213e-01
7.1970000000e+03,1.9300000000e+02,1.4000000000e+01,1.0215667486e+00
7.1970000000e+03,1.9300000000e+02,1.5000000000e+01,1.0452864170e+00
7.1970000000e+03,1.9300000000e+02,1.6000000000e+01,1.0664130449e+00
7.1970000000e+03,1.9300000000e+02,1.7000000000e+01,1.0852429867e+00
7.1970000000e+03,1.9300000000e+02,1.8000000000e+01,1.1020408869e+00
7.1970000000e+03,1.9300000000e+02,1.9000000000e+01,1.1170417070e+00
7.1970000000e+03,1.9300000000e+02,2.0000000000e+01,1.1304527521e+00
7.1970000000e+03,1.9300000000e+02,2.1000000000e+01,1.1424568892e+00
7.1970000000e+03,1.9300000000e+02,2.2000000000e+01,1.1532154083e+00
7.1970000000e+03,1.9300000000e+02,2.3000000000e+01,1.1628696918e+00
7.1970000000e+03,1.9300000000e+02,2.4000000000e+01,1.1715441942e+00
7.1970000000e+03,1.9300000000e+02,2.5000000000e+01,1.1793488264e+00
7.1970000000e+03,1.9300000000e+02,2.6000000000e+01,1.1863800287e+00
7.1970000000e+03,1.9300000000e+02,2.7000000000e+01,1.1927227974e+00
7.1970000000e+03,1.9300000000e+02,2.8000000000e+01,1.1984525919e+00
7.1970000000e+03,1.9300000000e+02,2.9000000000e+01,1.2036352158e+00
7.1970000000e+03,1.9300000000e+02,3.0000000000e+01,1.2083296776e+00
7.1970000000e+03,1.9300000000e+02,3.1000000000e+01,1.2125873566e+00
7.1970000000e+03,2.6800000000e+02,0.0000000000e+00,1.9948396683e+00
7.1970000000e+03,2.6800000000e+02,1.0000000000e+00,7.4336582422e-01
7.1970000000e+03,2.6800000000e+02,2.0000000000e+00,4.3678417802e-01
7.1970000000e+03,2.6800000000e+02,3.0000000000e+00,3.8149762154e-01
7.1970000000e+03,2.6800000000e+02,4.0000000000e+00,3.8466420770e-01
7.1970000000e+03,2.6800000000e+02,5.0000000000e+00,4.0406453609e-01
7.1970000000e+03,2.6800000000e+02,6.0000000000e+00,4.2648917437e-01
7.1970000000e+03,2.6800000000e+02,7.0000000000e+00,4.4756227732e-01
7.1970000000e+03,2.6800000000e+02,8.0000000000e+00,4.6596106887e-01
7.1970000000e+03,2.6800000000e+02,9.0000000000e+00,4.8150295019e-01
7.1970000000e+03,2.6800000000e+02,1.0000000000e+01,4.9441605806e-01
7.1970000000e+03,2.6800000000e+02,1.1000000000e+01,5.0505340099e-01
7.1970000000e+03,2.6800000000e+02,1.2000000000e+01,5.1377803087e-01
7.1970000000e+03,2.6800000000e+02,1.3000000000e+01,5.2092021704e-01
7.1970000000e+03,2.6800000000e+02,1.4000000000e+01,5.2676451206e-01
7.1970000000e+03,2.6800000000e+02,1.5000000000e+01,5.3154909611e-01
7.1970000000e+03,2.6800000000e+02,1.6000000000e+01,5.3547066450e-01
7.1970000000e+03,2.6800000000e+02,1.7000000000e+01,5.3868991137e-01
7.1970000000e+03,2.6800000000e+02,1.8000000000e+01,5.4133743048e-01
7.1970000000e+03,2.6800000000e+02,1.9000000000e+01,5.4351949692e-01
7.1970000000e+03,2.6800000000e+02,2.0000000000e+01,5.4532217979e-01
7.1970000000e+03,2.6800000000e+02,2.1000000000e+01,5.4681509733e-01
7.1970000000e+03,2.6800000000e+02,2.2000000000e+01,5.4805481434e-01
7.1970000000e+03,2.6800000000e+02,2.3000000000e+01,5.4908728600e-01
7.1970000000e+03,2.6800000000e+02,2.4000000000e+01,5.4994982481e-01
7.1970000000e+03,2.6800000000e+02,2.5000000000e+01,5.5067288876e-01
7.1970000000e+03,2.6800000000e+02,2.6000000000e+01,5.5128109455e-01
7.1970000000e+03,2.6800000000e+02,2.7000000000e+01,5.5179476738e-01
7.1970000000e+03,2.6800000000e+02,2.8000000000e+01,5.5223029852e-01
7.1970000000e+03,2.6800000000e+02,2.9000000000e+01,5.5260133743e-01
7.1970000000e+03,2.6800000000e+02,3.0000000000e+01,5.5291903019e-01
7.1970000000e+03,2.6800000000e+02,3.1000000000e+01,5.5319237709e-01
7.1970000000e+03,3.7300000000e+02,0.0000000000e+00,1.9990141392e+00
7.1970000000e+03,3.7300000000e+02,1.0000000000e+00,6.3036632538e-01
7.1970000000e+03,3.7300000000e+02,2.0000000000e+00,3.1713882089e-01
7.1970000000e+03,3.7300000000e+02,3.0000000000e+00,2.5556460023e-01
7.1970000000e+03,3.7300000000e+02,4.0000000000e+00,2.4743464589e-01
7.1970000000e+03,3.7300000000e+02,5.0000000000e+00,2.5287586451e-01
7.1970000000e+03,3.7300000000e+02,6.0000000000e+00,2.6084178686e-01
7.1970000000e+03,3.7300000000e+02,7.0000000000e+00,2.6817810535e-01
7.1970000000e+03,3.7300000000e+02,8.0000000000e+00,2.7414777875e-01
7.1970000000e+03,3.7300000000e+02,9.0000000000e+00,2.7876794338e-01
7.1970000000e+03,3.7300000000e+02,1.0000000000e+01,2.8226077557e-01
7.1970000000e+03,3.7300000000e+02,1.1000000000e+01,2.8487131000e-01
7.1970000000e+03,3.7300000000e+02,1.2000000000e+01,2.8681209683e-01
7.1970000000e+03,3.7300000000e+02,1.3000000000e+01,2.8825226426e-01
7.1970000000e+03,3.7300000000e+02,1.4000000000e+01,2.8932109475e-01
7.1970000000e+03,3.7300000000e+02,1.5000000000e+01,2.9011547565e-01
7.1970000000e+03,3.7300000000e+02,1.6000000000e+01,2.9070726037e-01
7.1970000000e+03,3.7300000000e+02,1.7000000000e+01,2.9114943743e-01
7.1970000000e+03,3.7300000000e+02,1.8000000000e+01,2.9148101807e-01
7.1970000000e+03,3.7300000000e+02,1.9000000000e+01,2.9173064232e-01
7.1970000000e+03,3.7300000000e+02,2.0000000000e+01,2.9191952944e-01
7.1970000000e+03,3.7300000000e+02,2.1000000000e+01,2.9206314683e-01
7.1970000000e+03,3.7300000000e+02,2.2000000000e+01,2.9217305779e-01
7.1970000000e+03,3.7300000000e+02,2.3000000000e+01,2.9225781560e-01
7.1970000000e+03,3.7300000000e+02,2.4000000000e+01,2.9232367873e-01
7.1970000000e+03,3.7300000000e+02,2.5000000000e+01,2.9237538576e-01
7.1970000000e+03,3.7300000000e+02,2.6000000000e+01,2.9241642356e-01
7.1970000000e+03,3.7300000000e+02,2.7000000000e+01,2.9244947433e-01
7.1970000000e+03,3.7300000000e+02,2.8000000000e+01,2.9247641563e-01
7.1970000000e+03,3.7300000000e+02,2.9000000000e+01,2.9249876738e-01
7.1970000000e+03,3.7300000000e+02,3.0000000000e+01,2.9251766205e-01
7.1970000000e+03,3.7300000000e+02,3.1000000000e+01,2.9253387451e-01
7.1970000000e+03,5.1800000000e+02,0.0000000000e+00,2.0056967735e+00
7.1970000000e+03,5.1800000000e+02,1.0000000000e+00,5.3700923920e-01
7.1970000000e+03,5.1800000000e+02,2.0000000000e+00,2.2715358436e-01
7.1970000000e+03,5.1800000000e+02,3.0000000000e+00,1.6927871108e-01
7.1970000000e+03,5.1800000000e+02,4.0000000000e+00,1.5928691626e-01
7.1970000000e+03,5.1800000000e+02,5.0000000000e+00,1.6019502282e-01
7.1970000000e+03,5.1800000000e+02,6.0000000000e+00,1.6298225522e-01
7.1970000000e+03,5.1800000000e+02,7.0000000000e+00,1.6550925374e-01
7.1970000000e+03,5.1800000000e+02,8.0000000000e+00,1.6740140319e-01
7.1970000000e+03,5.1800000000e+02,9.0000000000e+00,1.6872566938e-01
7.1970000000e+03,5.1800000000e+02,1.0000000000e+01,1.6962629557e-01
7.1970000000e+03,5.1800000000e+02,1.1000000000e+01,1.7023134232e-01
7.1970000000e+03,5.1800000000e+02,1.2000000000e+01,1.7063620687e-01
7.1970000000e+03,5.1800000000e+02,1.3000000000e+01,1.7090739310e-01
7.1970000000e+03,5.1800000000e+02,1.4000000000e+01,1.7108978331e-01
7.1970000000e+03,5.1800000000e+02,1.5000000000e+01,1.7121334374e-01
7.1970000000e+03,5.1800000000e+02,1.6000000000e+01,1.7129786313e-01
7.1970000000e+03,5.1800000000e+02,1.7000000000e+01,1.7135646939e-01
7.1970000000e+03,5.1800000000e+02,1.8000000000e+01,1.7139780521e-01
7.1970000000e+03,5.1800000000e+02,1.9000000000e+01,1.7142760754e-01
7.1970000000e+03,5.1800000000e+02,2.0000000000e+01,1.7144964635e-01
7.1970000000e+03,5.1800000000e+02,2.1000000000e+01,1.7146652937e-01
7.1970000000e+03,5.1800000000e+02,2.2000000000e+01,1.7147992551e-01
7.1970000000e+03,5.1800000000e+02,2.3000000000e+01,1.7149095237e-01
7.1970000000e+03,5.1800000000e+02,2.4000000000e+01,1.7150036991e-01
7.1970000000e+03,5.1800000000e+02,2.5000000000e+01,1.7150872946e-01
7.1970000000e+03,5.1800000000e+02,2.6000000000e+01,1.7151632905e-01
7.1970000000e+03,5.1800000000e+02,2.7000000000e+01,1.7152343690e-01
7.1970000000e+03,5.1800000000e+02,2.8000000000e+01,1.7153021693e-01
7.1970000000e+03,5.1800000000e+02,2.9000000000e+01,1.7153677344e-01
7.1970000000e+03,5.1800000000e+02,3.0000000000e+01,1.7154318094e-01
7.1970000000e+03,5.1800000000e+02,3.1000000000e+01,1.7154946923e-01
7.1970000000e+03,7.2000000000e+02,0.0000000000e+00,2.0051655769e+00
7.1970000000e+03,7.2000000000e+02,1.0000000000e+00,4.5362859964e-01
7.1970000000e+03,7.2000000000e+02,2.0000000000e+00,1.6863706708e-01
7.1970000000e+03,7.2000000000e+02,3.0000000000e+00,1.2309492379e-01
7.1970000000e+03,7.2000000000e+02,4.0000000000e+00,1.1671366543e-01
7.1970000000e+03,7.2000000000e+02,5.0000000000e+00,1.1802341789e-01
7.1970000000e+03,7.2000000000e+02,6.0000000000e+00,1.2052210420e-01
7.1970000000e+03,7.2000000000e+02,7.0000000000e+00,1.2281078845e-01
7.1970000000e+03,7.2000000000e+02,8.0000000000e+00,1.2465651333e-01
7.1970000000e+03,7.2000000000e+02,9.0000000000e+00,1.2609110773e-01
7.1970000000e+03,7.2000000000e+02,1.0000000000e+01,1.2719349563e-01
7.1970000000e+03,7.2000000000e+02,1.1000000000e+01,1.2803819776e-01
7.1970000000e+03,7.2000000000e+02,1.2000000000e+01,1.2868550420e-01
7.1970000000e+03,7.2000000000e+02,1.3000000000e+01,1.2918230891e-01
7.1970000000e+03,7.2000000000e+02,1.4000000000e+01,1.2956437469e-01
7.1970000000e+03,7.2000000000e+02,1.5000000000e+01,1.2985901535e-01
7.1970000000e+03,7.2000000000e+02,1.6000000000e+01,1.3008697331e-01
7.1970000000e+03,7.2000000000e+02,1.7000000000e+01,1.3026405871e-01
7.1970000000e+03,7.2000000000e+02,1.8000000000e+01,1.3040235639e-01
7.1970000000e+03,7.2000000000e+02,1.9000000000e+01,1.3051104546e-01
7.1970000000e+03,7.2000000000e+02,2.0000000000e+01,1.3059708476e-01
7.1970000000e+03,7.2000000000e+02,2.1000000000e+01,1.3066583872e-01
7.1970000000e+03,7.2000000000e+02,2.2000000000e+01,1.3072137535e-01
7.1970000000e+03,7.2000000000e+02,2.3000000000e+01,1.3076677918e-01
7.1970000000e+03,7.2000000000e+02,2.4000000000e+01,1.3080446422e-01
7.1970000000e+03,7.2000000000e+02,2.5000000000e+01,1.3083621860e-01
7.1970000000e+03,7.2000000000e+02,2.6000000000e+01,1.3086342812e-01
7.1970000000e+03,7.2000000000e+02,2.7000000000e+01,1.3088716567e-01
7.1970000000e+03,7.2000000000e+02,2.8000000000e+01,1.3090825081e-01
7.1970000000e+03,7.2000000000e+02,2.9000000000e+01,1.3092726469e-01
7.1970000000e+03,7.2000000000e+02,3.0000000000e+01,1.3094474375e-01
7.1970000000e+03,7.2000000000e+02,3.1000000000e+01,1.3096100092e-01
7.1970000000e+03,1.0000000000e+03,0.0000000000e+00,2.0027203560e+00
7.1970000000e+03,1.0000000000e+03,1.0000000000e+00,3.8166242838e-01
7.1970000000e+03,1.0000000000e+03,2.0000000000e+00,1.1466501653e-01
7.1970000000e+03,1.0000000000e+03,3.0000000000e+00,7.8422024846e-02
7.1970000000e+03,1.0000000000e+03,4.0000000000e+00,7.4099510908e-02
7.1970000000e+03,1.0000000000e+03,5.0000000000e+00,7.5003497303e-02
7.1970000000e+03,1.0000000000e+03,6.0000000000e+00,7.6501317322e-02
7.1970000000e+03,1.0000000000e+03,7.0000000000e+00,7.7774301171e-02
7.1970000000e+03,1.0000000000e+03,8.0000000000e+00,7.8737229109e-02
7.1970000000e+03,1.0000000000e+03,9.0000000000e+00,7.9440616071e-02
7.1970000000e+03,1.0000000000e+03,1.0000000000e+01,7.9947941005e-02
7.1970000000e+03,1.0000000000e+03,1.1000000000e+01,8.0311954021e-02
7.1970000000e+03,1.0000000000e+03,1.2000000000e+01,8.0572605133e-02
7.1970000000e+03,1.0000000000e+03,1.3000000000e+01,8.0759145319e-02
7.1970000000e+03,1.0000000000e+03,1.4000000000e+01,8.0892719328e-02
7.1970000000e+03,1.0000000000e+03,1.5000000000e+01,8.0988518894e-02
7.1970000000e+03,1.0000000000e+03,1.6000000000e+01,8.1057384610e-02
7.1970000000e+03,1.0000000000e+03,1.7000000000e+01,8.1107065082e-02
7.1970000000e+03,1.0000000000e+03,1.8000000000e+01,8.1143066287e-02
7.1970000000e+03,1.0000000000e+03,1.9000000000e+01,8.1169351935e-02
7.1970000000e+03,1.0000000000e+03,2.0000000000e+01,8.1188671291e-02
7.1970000000e+03,1.0000000000e+03,2.1000000000e+01,8.1203058362e-02
7.1970000000e+03,1.0000000000e+03,2.2000000000e+01,8.1213906407e-02
7.1970000000e+03,1.0000000000e+03,2.3000000000e+01,8.1222236156e-02
7.1970000000e+03,1.0000000000e+03,2.4000000000e+01,8.1228762865e-02
7.1970000000e+03,1.0000000000e+03,2.5000000000e+01,8.1234000623e-02
7.1970000000e+03,1.0000000000e+03,2.6000000000e+01,8.1238314509e-02
7.1970000000e+03,1.0000000000e+03,2.7000000000e+01,8.1241980195e-02
7.1970000000e+03,1.0000000000e+03,2.8000000000e+01,8.1245169044e-02
7.1970000000e+03,1.0000000000e+03,2.9000000000e+01,8.1248015165e-02
7.1970000000e+03,1.0000000000e+03,3.0000000000e+01,8.1250630319e-02
7.1970000000e+03,1.0000000000e+03,3.1000000000e+01,8.1253066659e-02
1.0000000000e+04,1.0000000000e+01,0.0000000000e+00,1.9918569326e+00
1.0000000000e+04,1.0000000000e+01,1.0000000000e+00,1.8590430021e+00
1.0000000000e+04,1.0000000000e+01,2.0000000000e+00,1.8867467642e+00
1.0000000000e+04,1.0000000000e+01,3.0000000000e+00,1.9710397720e+00
1.0000000000e+04,1.0000000000e+01,4.0000000000e+00,2.0635700226e+00
1.0000000000e+04,1.0000000000e+01,5.0000000000e+00,2.1497058868e+00
1.0000000000e+04,1.0000000000e+01,6.0000000000e+00,2.2264962196e+00
1.0000000000e+04,1.0000000000e+01,7.0000000000e+00,2.2945833206e+00
1.0000000000e+04,1.0000000000e+01,8.0000000000e+00,2.3554091454e+00
1.0000000000e+04,1.0000000000e+01,9.0000000000e+00,2.4103875160e+00
1.0000000000e+04,1.0000000000e+01,1.0000000000e+01,2.4607081413e+00
1.0000000000e+04,1.0000000000e+01,1.1000000000e+01,2.5073246956e+00
1.0000000000e+04,1.0000000000e+01,1.2000000000e+01,2.5509946346e+00
1.0000000000e+04,1.0000000000e+01,1.3000000000e+01,2.5923182964e+00
1.0000000000e+04,1.0000000000e+01,1.4000000000e+01,2.6317758560e+00
1.0000000000e+04,1.0000000000e+01,1.5000000000e+01,2.6697540283e+00
1.0000000000e+04,1.0000000000e+01,1.6000000000e+01,2.7065677643e+00
1.0000000000e+04,1.0000000000e+01,1.7000000000e+01,2.7424764633e+00
1.0000000000e+04,1.0000000000e+01,1.8000000000e+01,2.7776942253e+00
1.0000000000e+04,1.0000000000e+01,1.9000000000e+01,2.8124022484e+00
1.0000000000e+04,1.0000000000e+01,2.0000000000e+01,2.8467516899e+00
1.0000000000e+04,1.0000000000e+01,2.1000000000e+01,2.8808712959e+00
1.0000000000e+04,1.0000000000e+01,2.2000000000e+01,2.9148721695e+00
1.0000000000e+04,1.0000000000e+01,2.3000000000e+01,2.9488496780e+00
1.0000000000e+04,1.0000000000e+01,2.4000000000e+01,2.9828863144e+00
1.0000000000e+04,1.0000000000e+01,2.5000000000e+01,3.0170550346e+00
1.0000000000e+04,1.0000000000e+01,2.6000000000e+01,3.0514178276e+00
1.0000000000e+04,1.0000000000e+01,2.7000000000e+01,3.0860319138e+00
1.0000000000e+04,1.0000000000e+01,2.8000000000e+01,3.1209454536e+00
1.0000000000e+04,1.0000000000e+01,2.9000000000e+01,3.1562032700e+00
1.0000000000e+04,1.0000000000e+01,3.0000000000e+01,3.1918437481e+00
1.0000000000e+04,1.0000000000e+01,3.1000000000e+01,3.2279026508e+00
1.0000000000e+04,1.4000000000e+01,0.0000000000e+00,2.0026867390e+00
1.0000000000e+04,1.4000000000e+01,1.0000000000e+00,1.8121709824e+00
1.0000000000e+04,1.4000000000e+01,2.0000000000e+00,1.8360526562e+00
1.0000000000e+04,1.4000000000e+01,3.0000000000e+00,1.9496417046e+00
1.0000000000e+04,1.4000000000e+01,4.0000000000e+00,2.0898685455e+00
1.0000000000e+04,1.4000000000e+01,5.0000000000e+00,2.2305998802e+00
1.0000000000e+04,1.4000000000e+01,6.0000000000e+00,2.3620133400e+00
1.0000000000e+04,1.4000000000e+01,7.0000000000e+00,2.4816021919e+00
1.0000000000e+04,1.4000000000e+01,8.0000000000e+00,2.5897214413e+00
1.0000000000e+04,1.4000000000e+01,9.0000000000e+00,2.6876544952e+00
1.0000000000e+04,1.4000000000e+01,1.0000000000e+01,2.7768490314e+00
1.0000000000e+04,1.4000000000e+01,1.1000000000e+01,2.8586478233e+00
1.0000000000e+04,1.4000000000e+01,1.2000000000e+01,2.9342126846e+00
1.0000000000e+04,1.4000000000e+01,1.3000000000e+01,3.0045206547e+00
1.0000000000e+04,1.4000000000e+01,1.4000000000e+01,3.0703861713e+00
1.0000000000e+04,1.4000000000e+01,1.5000000000e+01,3.1324858665e+00
1.0000000000e+04,1.4000000000e+01,1.6000000000e+01,3.1913843155e+00
1.0000000000e+04,1.4000000000e+01,1.7000000000e+01,3.2475543022e+00
1.0000000000e+04,1.4000000000e+01,1.8000000000e+01,3.3013930321e+00
1.0000000000e+04,1.4000000000e+01,1.9000000000e+01,3.3532388210e+00
1.0000000000e+04,1.4000000000e+01,2.0000000000e+01,3.4033780098e+00
1.0000000000e+04,1.4000000000e+01,2.1000000000e+01,3.4520576000e+00
1.0000000000e+04,1.4000000000e+01,2.2000000000e+01,3.4994900227e+00
1.0000000000e+04,1.4000000000e+01,2.3000000000e+01,3.5458590984e+00
1.0000000000e+04,1.4000000000e+01,2.4000000000e+01,3.5913262367e+00
1.0000000000e+04,1.4000000000e+01,2.5000000000e+01,3.6360316277e+00
1.0000000000e+04,1.4000000000e+01,2.6000000000e+01,3.6800994873e+00
1.0000000000e+04,1.4000000000e+01,2.7000000000e+01,3.7236392498e+00
1.0000000000e+04,1.4000000000e+01,2.8000000000e+01,3.7667479515e+00
1.0000000000e+04,1.4000000000e+01,2.9000000000e+01,3.8095130920e+00
1.0000000000e+04,1.4000000000e+01,3.0000000000e+01,3.8520116806e+00
1.0000000000e+04,1.4000000000e+01,3.1000000000e+01,3.8943130970e+00
1.0000000000e+04,1.9000000000e+01,0.0000000000e+00,1.9961386919e+00
1.0000000000e+04,1.9000000000e+01,1.0000000000e+00,1.7489738464e+00
1.0000000000e+04,1.9000000000e+01,2.0000000000e+00,1.7683643103e+00
1.0000000000e+04,1.9000000000e+01,3.0000000000e+00,1.9103099108e+00
1.0000000000e+04,1.9000000000e+01,4.0000000000e+00,2.1015956402e+00
1.0000000000e+04,1.9000000000e+01,5.0000000000e+00,2.3073062897e+00
1.0000000000e+04,1.9000000000e+01,6.0000000000e+00,2.5098690987e+00
1.0000000000e+04,1.9000000000e+01,7.0000000000e+00,2.7014548779e+00
1.0000000000e+04,1.9000000000e+01,8.0000000000e+00,2.8794023991e+00
1.0000000000e+04,1.9000000000e+01,9.0000000000e+00,3.0435380936e+00
1.0000000000e+04,1.9000000000e+01,1.0000000000e+01,3.1947607994e+00
1.0000000000e+04,1.9000000000e+01,1.1000000000e+01,3.3343513012e+00
1.0000000000e+04,1.9000000000e+01,1.2000000000e+01,3.4636478424e+00
1.0000000000e+04,1.9000000000e+01,1.3000000000e+01,3.5839097500e+00
1.0000000000e+04,1.9000000000e+01,1.4000000000e+01,3.6962680817e+00
1.0000000000e+04,1.9000000000e+01,1.5000000000e+01,3.8017134666e+00
1.0000000000e+04,1.9000000000e+01,1.6000000000e+01,3.9011082649e+00
1.0000000000e+04,1.9000000000e+01,1.7000000000e+01,3.9951949120e+00
1.0000000000e+04,1.9000000000e+01,1.8000000000e+01,4.0846166611e+00
1.0000000000e+04,1.9000000000e+01,1.9000000000e+01,4.1699280739e+00
1.0000000000e+04,1.9000000000e+01,2.0000000000e+01,4.2516093254e+00
1.0000000000e+04,1.9000000000e+01,2.1000000000e+01,4.3300790787e+00
1.0000000000e+04,1.9000000000e+01,2.2000000000e+01,4.4057035446e+00
1.0000000000e+04,1.9000000000e+01,2.3000000000e+01,4.4787988663e+00
1.0000000000e+04,1.9000000000e+01,2.4000000000e+01,4.5496497154e+00
1.0000000000e+04,1.9000000000e+01,2.5000000000e+01,4.6185011864e+00
1.0000000000e+04,1.9000000000e+01,2.6000000000e+01,4.6855750084e+00
1.0000000000e+04,1.9000000000e+01,2.7000000000e+01,4.7510647774e+00
1.0000000000e+04,1.9000000000e+01,2.8000000000e+01,4.8151459694e+00
1.0000000000e+04,1.9000000000e+01,2.9000000000e+01,4.8779740334e+00
1.0000000000e+04,1.9000000000e+01,3.0000000000e+01,4.9396896362e+00
1.0000000000e+04,1.9000000000e+01,3.1000000000e+01,5.0004186630e+00
1.0000000000e+04,2.7000000000e+01,0.0000000000e+00,1.9952652454e+00
1.0000000000e+04,2.7000000000e+01,1.0000000000e+00,1.6638612747e+00
1.0000000000e+04,2.7000000000e+01,2.0000000000e+00,1.6743609905e+00
1.0000000000e+04,2.7000000000e+01,3.0000000000e+00,1.8460421562e+00
1.0000000000e+04,2.7000000000e+01,4.0000000000e+00,2.0951137543e+00
1.0000000000e+04,2.7000000000e+01,5.0000000000e+00,2.3812921047e+00
1.0000000000e+04,2.7000000000e+01,6.0000000000e+00,2.6804649830e+00
1.0000000000e+04,2.7000000000e+01,7.0000000000e+00,2.9783058167e+00
1.0000000000e+04,2.7000000000e+01,8.0000000000e+00,3.2668409348e+00
1.0000000000e+04,2.7000000000e+01,9.0000000000e+00,3.5421028137e+00
1.0000000000e+04,2.7000000000e+01,1.0000000000e+01,3.8025188446e+00
1.0000000000e+04,2.7000000000e+01,1.1000000000e+01,4.0478887558e+00
1.0000000000e+04,2.7000000000e+01,1.2000000000e+01,4.2787466049e+00
1.0000000000e+04,2.7000000000e+01,1.3000000000e+01,4.4959878922e+00
1.0000000000e+04,2.7000000000e+01,1.4000000000e+01,4.7006530762e+00
1.0000000000e+04,2.7000000000e+01,1.5000000000e+01,4.8938140869e+00
1.0000000000e+04,2.7000000000e+01,1.6000000000e+01,5.0765056610e+00
1.0000000000e+04,2.7000000000e+01,1.7000000000e+01,5.2496933937e+00
1.0000000000e+04,2.7000000000e+01,1.8000000000e+01,5.4142670631e+00
1.0000000000e+04,2.7000000000e+01,1.9000000000e+01,5.5710325241e+00
1.0000000000e+04,2.7000000000e+01,2.0000000000e+01,5.7207155228e+00
1.0000000000e+04,2.7000000000e+01,2.1000000000e+01,5.8639726639e+00
1.0000000000e+04,2.7000000000e+01,2.2000000000e+01,6.0013885498e+00
1.0000000000e+04,2.7000000000e+01,2.3000000000e+01,6.1334886551e+00
1.0000000000e+04,2.7000000000e+01,2.4000000000e+01,6.2607479095e+00
1.0000000000e+04,2.7000000000e+01,2.5000000000e+01,6.3835873604e+00
1.0000000000e+04,2.7000000000e+01,2.6000000000e+01,6.5023913383e+00
1.0000000000e+04,2.7000000000e+01,2.7000000000e+01,6.6175022125e+00
1.0000000000e+04,2.7000000000e+01,2.8000000000e+01,6.7292332649e+00
1.0000000000e+04,2.7000000000e+01,2.9000000000e+01,6.8378639221e+00
1.0000000000e+04,2.7000000000e+01,3.0000000000e+01,6.9436507225e+00
1.0000000000e+04,2.7000000000e+01,3.1000000000e+01,7.0468244553e+00
1.0000000000e+04,3.7000000000e+01,0.0000000000e+00,1.9879239798e+00
1.0000000000e+04,3.7000000000e+01,1.0000000000e+00,1.5626032352e+00
1.0000000000e+04,3.7000000000e+01,2.0000000000e+00,1.5564109087e+00
1.0000000000e+04,3.7000000000e+01,3.0000000000e+00,1.7443408966e+00
1.0000000000e+04,3.7000000000e+01,4.0000000000e+00,2.0313043594e+00
1.0000000000e+04,3.7000000000e+01,5.0000000000e+00,2.3762223721e+00
1.0000000000e+04,3.7000000000e+01,6.0000000000e+00,2.7537672520e+00
1.0000000000e+04,3.7000000000e+01,7.0000000000e+00,3.1469349861e+00
1.0000000000e+04,3.7000000000e+01,8.0000000000e+00,3.5441334248e+00
1.0000000000e+04,3.7000000000e+01,9.0000000000e+00,3.9376864433e+00
1.0000000000e+04,3.7000000000e+01,1.0000000000e+01,4.3227014542e+00
1.0000000000e+04,3.7000000000e+01,1.1000000000e+01,4.6962499619e+00
1.0000000000e+04,3.7000000000e+01,1.2000000000e+01,5.0567493439e+00
1.0000000000e+04,3.7000000000e+01,1.3000000000e+01,5.4035201073e+00
1.0000000000e+04,3.7000000000e+01,1.4000000000e+01,5.7364697456e+00
1.0000000000e+04,3.7000000000e+01,1.5000000000e+01,6.0558819771e+00
1.0000000000e+04,3.7000000000e+01,1.6000000000e+01,6.3622665405e+00
1.0000000000e+04,3.7000000000e+01,1.7000000000e+01,6.6562628746e+00
1.0000000000e+04,3.7000000000e+01,1.8000000000e+01,6.9385700226e+00
1.0000000000e+04,3.7000000000e+01,1.9000000000e+01,7.2099123001e+00
1.0000000000e+04,3.7000000000e+01,2.0000000000e+01,7.4710068703e+00
1.0000000000e+04,3.7000000000e+01,2.1000000000e+01,7.7225484848e+00
1.0000000000e+04,3.7000000000e+01,2.2000000000e+01,7.9651985168e+00
1.0000000000e+04,3.7000000000e+01,2.3000000000e+01,8.1995840073e+00
1.0000000000e+04,3.7000000000e+01,2.4000000000e+01,8.4262914658e+00
1.0000000000e+04,3.7000000000e+01,2.5000000000e+01,8.6458635330e+00
1.0000000000e+04,3.7000000000e+01,2.6000000000e+01,8.8588113785e+00
1.0000000000e+04,3.7000000000e+01,2.7000000000e+01,9.0656061172e+00
1.0000000000e+04,3.7000000000e+01,2.8000000000e+01,9.2666835785e+00
1.0000000000e+04,3.7000000000e+01,2.9000000000e+01,9.4624471664e+00
1.0000000000e+04,3.7000000000e+01,3.0000000000e+01,9.6532707214e+00
1.0000000000e+04,3.7000000000e+01,3.1000000000e+01,9.8395013809e+00
1.0000000000e+04,5.2000000000e+01,0.0000000000e+00,1.9976921082e+00
1.0000000000e+04,5.2000000000e+01,1.0000000000e+00,1.4495997429e+00
1.0000000000e+04,5.2000000000e+01,2.0000000000e+00,1.4104309082e+00
1.0000000000e+04,5.2000000000e+01,3.0000000000e+00,1.5900449753e+00
1.0000000000e+04,5.2000000000e+01,4.0000000000e+00,1.8767139912e+00
1.0000000000e+04,5.2000000000e+01,5.0000000000e+00,2.2299859524e+00
1.0000000000e+04,5.2000000000e+01,6.0000000000e+00,2.6271169186e+00
1.0000000000e+04,5.2000000000e+01,7.0000000000e+00,3.0532476902e+00
1.0000000000e+04,5.2000000000e+01,8.0000000000e+00,3.4977099895e+00
1.0000000000e+04,5.2000000000e+01,9.0000000000e+00,3.9526166916e+00
1.0000000000e+04,5.2000000000e+01,1.0000000000e+01,4.4120573997e+00
1.0000000000e+04,5.2000000000e+01,1.1000000000e+01,4.8716106415e+00
1.0000000000e+04,5.2000000000e+01,1.2000000000e+01,5.3279991150e+00
1.0000000000e+04,5.2000000000e+01,1.3000000000e+01,5.7788286209e+00
1.0000000000e+04,5.2000000000e+01,1.4000000000e+01,6.2223877907e+00
1.0000000000e+04,5.2000000000e+01,1.5000000000e+01,6.6574921608e+00
1.0000000000e+04,5.2000000000e+01,1.6000000000e+01,7.0833549500e+00
1.0000000000e+04,5.2000000000e+01,1.7000000000e+01,7.4995002747e+00
1.0000000000e+04,5.2000000000e+01,1.8000000000e+01,7.9056787491e+00
1.0000000000e+04,5.2000000000e+01,1.9000000000e+01,8.3018169403e+00
1.0000000000e+04,5.2000000000e+01,2.0000000000e+01,8.6879663467e+00
1.0000000000e+04,5.2000000000e+01,2.1000000000e+01,9.0642738342e+00
1.0000000000e+04,5.2000000000e+01,2.2000000000e+01,9.4309539795e+00
1.0000000000e+04,5.2000000000e+01,2.3000000000e+01,9.7882652283e+00
1.0000000000e+04,5.2000000000e+01,2.4000000000e+01,1.0136500359e+01
1.0000000000e+04,5.2000000000e+01,2.5000000000e+01,1.0475971222e+01
1.0000000000e+04,5.2000000000e+01,2.6000000000e+01,1.0806998253e+01
1.0000000000e+04,5.2000000000e+01,2.7000000000e+01,1.1129909515e+01
1.0000000000e+04,5.2000000000e+01,2.8000000000e+01,1.1445028305e+01
1.0000000000e+04,5.2000000000e+01,2.9000000000e+01,1.1752679825e+01
1.0000000000e+04,5.2000000000e+01,3.0000000000e+01,1.2053176880e+01
1.0000000000e+04,5.2000000000e+01,3.1000000000e+01,1.2346823692e+01
1.0000000000e+04,7.2000000000e+01,0.0000000000e+00,2.0060553551e+00
1.0000000000e+04,7.2000000000e+01,1.0000000000e+00,1.3220605850e+00
1.0000000000e+04,7.2000000000e+01,2.0000000000e+00,1.2258964777e+00
1.0000000000e+04,7.2000000000e+01,3.0000000000e+00,1.3616926670e+00
1.0000000000e+04,7.2000000000e+01,4.0000000000e+00,1.5983006954e+00
1.0000000000e+04,7.2000000000e+01,5.0000000000e+00,1.8939619064e+00
1.0000000000e+04,7.2000000000e+01,6.0000000000e+00,2.2278871536e+00
1.0000000000e+04,7.2000000000e+01,7.0000000000e+00,2.5881848335e+00
1.0000000000e+04,7.2000000000e+01,8.0000000000e+00,2.9670011997e+00
1.0000000000e+04,7.2000000000e+01,9.0000000000e+00,3.3588299751e+00
1.0000000000e+04,7.2000000000e+01,1.0000000000e+01,3.7596225739e+00
1.0000000000e+04,7.2000000000e+01,1.1000000000e+01,4.1662845612e+00
1.0000000000e+04,7.2000000000e+01,1.2000000000e+01,4.5764236450e+00
1.0000000000e+04,7.2000000000e+01,1.3000000000e+01,4.9881467819e+00
1.0000000000e+04,7.2000000000e+01,1.4000000000e+01,5.3999557495e+00
1.0000000000e+04,7.2000000000e+01,1.5000000000e+01,5.8106575012e+00
1.0000000000e+04,7.2000000000e+01,1.6000000000e+01,6.2192974091e+00
1.0000000000e+04,7.2000000000e+01,1.7000000000e+01,6.6251182556e+00
1.0000000000e+04,7.2000000000e+01,1.8000000000e+01,7.0275211334e+00
1.0000000000e+04,7.2000000000e+01,1.9000000000e+01,7.4260349274e+00
1.0000000000e+04,7.2000000000e+01,2.0000000000e+01,7.8202953339e+00
1.0000000000e+04,7.2000000000e+01,2.1000000000e+01,8.2100238800e+00
1.0000000000e+04,7.2000000000e+01,2.2000000000e+01,8.5950145721e+00
1.0000000000e+04,7.2000000000e+01,2.3000000000e+01,8.9751186371e+00
1.0000000000e+04,7.2000000000e+01,2.4000000000e+01,9.3502378464e+00
1.0000000000e+04,7.2000000000e+01,2.5000000000e+01,9.7203121185e+00
1.0000000000e+04,7.2000000000e+01,2.6000000000e+01,1.0085317612e+01
1.0000000000e+04,7.2000000000e+01,2.7000000000e+01,1.0445250511e+01
1.0000000000e+04,7.2000000000e+01,2.8000000000e+01,1.0800133705e+01
1.0000000000e+04,7.2000000000e+01,2.9000000000e+01,1.1150011063e+01
1.0000000000e+04,7.2000000000e+01,3.0000000000e+01,1.1494933128e+01
1.0000000000e+04,7.2000000000e+01,3.1000000000e+01,1.1834966660e+01
1.0000000000e+04,1.0000000000e+02,0.0000000000e+00,2.0030095577e+00
1.0000000000e+04,1.0000000000e+02,1.0000000000e+00,1.1759374142e+00
1.0000000000e+04,1.0000000000e+02,2.0000000000e+00,1.0134806633e+00
1.0000000000e+04,1.0000000000e+02,3.0000000000e+00,1.0882430077e+00
1.0000000000e+04,1.0000000000e+02,4.0000000000e+00,1.2499002218e+00
1.0000000000e+04,1.0000000000e+02,5.0000000000e+00,1.4549376965e+00
1.0000000000e+04,1.0000000000e+02,6.0000000000e+00,1.6836440563e+00
1.0000000000e+04,1.0000000000e+02,7.0000000000e+00,1.9261599779e+00
1.0000000000e+04,1.0000000000e+02,8.0000000000e+00,2.1766216755e+00
1.0000000000e+04,1.0000000000e+02,9.0000000000e+00,2.4314746857e+00
1.0000000000e+04,1.0000000000e+02,1.0000000000e+01,2.6883502007e+00
1.0000000000e+04,1.0000000000e+02,1.1000000000e+01,2.9456717968e+00
1.0000000000e+04,1.0000000000e+02,1.2000000000e+01,3.2023296356e+00
1.0000000000e+04,1.0000000000e+02,1.3000000000e+01,3.4575488567e+00
1.0000000000e+04,1.0000000000e+02,1.4000000000e+01,3.7107713223e+00
1.0000000000e+04,1.0000000000e+02,1.5000000000e+01,3.9616017342e+00
1.0000000000e+04,1.0000000000e+02,1.6000000000e+01,4.2097539902e+00
1.0000000000e+04,1.0000000000e+02,1.7000000000e+01,4.4550299644e+00
1.0000000000e+04,1.0000000000e+02,1.8000000000e+01,4.6972913742e+00
1.0000000000e+04,1.0000000000e+02,1.9000000000e+01,4.9364480972e+00
1.0000000000e+04,1.0000000000e+02,2.0000000000e+01,5.1724467278e+00
1.0000000000e+04,1.0000000000e+02,2.1000000000e+01,5.4052591324e+00
1.0000000000e+04,1.0000000000e+02,2.2000000000e+01,5.6348810196e+00
1.0000000000e+04,1.0000000000e+02,2.3000000000e+01,5.8613224030e+00
1.0000000000e+04,1.0000000000e+02,2.4000000000e+01,6.0846080780e+00
1.0000000000e+04,1.0000000000e+02,2.5000000000e+01,6.3047685623e+00
1.0000000000e+04,1.0000000000e+02,2.6000000000e+01,6.5218472481e+00
1.0000000000e+04,1.0000000000e+02,2.7000000000e+01,6.7358894348e+00
1.0000000000e+04,1.0000000000e+02,2.8000000000e+01,6.9469456673e+00
1.0000000000e+04,1.0000000000e+02,2.9000000000e+01,7.1550693512e+00
1.0000000000e+04,1.0000000000e+02,3.0000000000e+01,7.3603167534e+00
1.0000000000e+04,1.0000000000e+02,3.1000000000e+01,7.5627455711e+00
1.0000000000e+04,1.3900000000e+02,0.0000000000e+00,2.0084953308e+00
1.0000000000e+04,1.3900000000e+02,1.0000000000e+00,1.0266679525e+00
1.0000000000e+04,1.3900000000e+02,2.0000000000e+00,8.0123275518e-01
1.0000000000e+04,1.3900000000e+02,3.0000000000e+00,8.1480634212e-01
1.0000000000e+04,1.3900000000e+02,4.0000000000e+00,9.0129393339e-01
1.0000000000e+04,1.3900000000e+02,5.0000000000e+00,1.0164817572e+00
1.0000000000e+04,1.3900000000e+02,6.0000000000e+00,1.1425127983e+00
1.0000000000e+04,1.3900000000e+02,7.0000000000e+00,1.2713123560e+00
1.0000000000e+04,1.3900000000e+02,8.0000000000e+00,1.3988015652e+00
1.0000000000e+04,1.3900000000e+02,9.0000000000e+00,1.5229177475e+00
1.0000000000e+04,1.3900000000e+02,1.0000000000e+01,1.6426055431e+00
1.0000000000e+04,1.3900000000e+02,1.1000000000e+01,1.7573847771e+00
1.0000000000e+04,1.3900000000e+02,1.2000000000e+01,1.8670854568e+00
1.0000000000e+04,1.3900000000e+02,1.3000000000e+01,1.9717248678e+00
1.0000000000e+04,1.3900000000e+02,1.4000000000e+01,2.0714228153e+00
1.0000000000e+04,1.3900000000e+02,1.5000000000e+01,2.1663594246e+00
1.0000000000e+04,1.3900000000e+02,1.6000000000e+01,2.2567446232e+00
1.0000000000e+04,1.3900000000e+02,1.7000000000e+01,2.3428030014e+00
1.0000000000e+04,1.3900000000e+02,1.8000000000e+01,2.4247622490e+00
1.0000000000e+04,1.3900000000e+02,1.9000000000e+01,2.5028474331e+00
1.0000000000e+04,1.3900000000e+02,2.0000000000e+01,2.5772750378e+00
1.0000000000e+04,1.3900000000e+02,2.1000000000e+01,2.6482546329e+00
1.0000000000e+04,1.3900000000e+02,2.2000000000e+01,2.7159838676e+00
1.0000000000e+04,1.3900000000e+02,2.3000000000e+01,2.7806496620e+00
1.0000000000e+04,1.3900000000e+02,2.4000000000e+01,2.8424286842e+00
1.0000000000e+04,1.3900000000e+02,2.5000000000e+01,2.9014863968e+00
1.0000000000e+04,1.3900000000e+02,2.6000000000e+01,2.9579782486e+00
1.0000000000e+04,1.3900000000e+02,2.7000000000e+01,3.0120491982e+00
1.0000000000e+04,1.3900000000e+02,2.8000000000e+01,3.0638358593e+00
1.0000000000e+04,1.3900000000e+02,2.9000000000e+01,3.1134650707e+00
1.0000000000e+04,1.3900000000e+02,3.0000000000e+01,3.1610562801e+00
1.0000000000e+04,1.3900000000e+02,3.1000000000e+01,3.2067203522e+00
1.0000000000e+04,1.9300000000e+02,0.0000000000e+00,2.0021951199e+00
1.0000000000e+04,1.9300000000e+02,1.0000000000e+00,8.6984843016e-01
1.0000000000e+04,1.9300000000e+02,2.0000000000e+00,5.9649676085e-01
1.0000000000e+04,1.9300000000e+02,3.0000000000e+00,5.6430113316e-01
1.0000000000e+04,1.9300000000e+02,4.0000000000e+00,5.9500646591e-01
1.0000000000e+04,1.9300000000e+02,5.0000000000e+00,6.4591079950e-01
1.0000000000e+04,1.9300000000e+02,6.0000000000e+00,7.0165079832e-01
1.0000000000e+04,1.9300000000e+02,7.0000000000e+00,7.5625962019e-01
1.0000000000e+04,1.9300000000e+02,8.0000000000e+00,8.0730473995e-01
1.0000000000e+04,1.9300000000e+02,9.0000000000e+00,8.5394722223e-01
1.0000000000e+04,1.9300000000e+02,1.0000000000e+01,8.9604681730e-01
1.0000000000e+04,1.9300000000e+02,1.1000000000e+01,9.3379104137e-01
1.0000000000e+04,1.9300000000e+02,1.2000000000e+01,9.6750283241e-01
1.0000000000e+04,1.9300000000e+02,1.3000000000e+01,9.9755370617e-01
1.0000000000e+04,1.9300000000e+02,1.4000000000e+01,1.0243173838e+00
1.0000000000e+04,1.9300000000e+02,1.5000000000e+01,1.0481492281e+00
1.0000000000e+04,1.9300000000e+02,1.6000000000e+01,1.0693761110e+00
1.0000000000e+04,1.9300000000e+02,1.7000000000e+01,1.0882936716e+00
1.0000000000e+04,1.9300000000e+02,1.8000000000e+01,1.1051667929e+00
1.0000000000e+04,1.9300000000e+02,1.9000000000e+01,1.1202299595e+00
1.0000000000e+04,1.9300000000e+02,2.0000000000e+01,1.1336914301e+00
1.0000000000e+04,1.9300000000e+02,2.1000000000e+01,1.1457345486e+00
1.0000000000e+04,1.9300000000e+02,2.2000000000e+01,1.1565210819e+00
1.0000000000e+04,1.9300000000e+02,2.3000000000e+01,1.1661932468e+00
1.0000000000e+04,1.9300000000e+02,2.4000000000e+01,1.1748765707e+00
1.0000000000e+04,1.9300000000e+02,2.5000000000e+01,1.1826813221e+00
1.0000000000e+04,1.9300000000e+02,2.6000000000e+01,1.1897048950e+00
1.0000000000e+04,1.9300000000e+02,2.7000000000e+01,1.1960332394e+00
1.0000000000e+04,1.9300000000e+02,2.8000000000e+01,1.2017419338e+00
1.0000000000e+04,1.9300000000e+02,2.9000000000e+01,1.2068977356e+00
1.0000000000e+04,1.9300000000e+02,3.0000000000e+01,1.2115601301e+00
1.0000000000e+04,1.9300000000e+02,3.1000000000e+01,1.2157812119e+00
1.0000000000e+04,2.6800000000e+02,0.0000000000e+00,2.0095486641e+00
1.0000000000e+04,2.6800000000e+02,1.0000000000e+00,7.4337399006e-01
1.0000000000e+04,2.6800000000e+02,2.0000000000e+00,4.3544912338e-01
1.0000000000e+04,2.6800000000e+02,3.0000000000e+00,3.7830641866e-01
1.0000000000e+04,2.6800000000e+02,4.0000000000e+00,3.8045978546e-01
1.0000000000e+04,2.6800000000e+02,5.0000000000e+00,3.9913088083e-01
1.0000000000e+04,2.6800000000e+02,6.0000000000e+00,4.2099767923e-01
1.0000000000e+04,2.6800000000e+02,7.0000000000e+00,4.4163805246e-01
1.0000000000e+04,2.6800000000e+02,8.0000000000e+00,4.5969611406e-01
1.0000000000e+04,2.6800000000e+02,9.0000000000e+00,4.7496742010e-01
1.0000000000e+04,2.6800000000e+02,1.0000000000e+01,4.8766323924e-01
1.0000000000e+04,2.6800000000e+02,1.1000000000e+01,4.9812465906e-01
1.0000000000e+04,2.6800000000e+02,1.2000000000e+01,5.0670570135e-01
1.0000000000e+04,2.6800000000e+02,1.3000000000e+01,5.1372981071e-01
1.0000000000e+04,2.6800000000e+02,1.4000000000e+01,5.1947623491e-01
1.0000000000e+04,2.6800000000e+02,1.5000000000e+01,5.2417922020e-01
1.0000000000e+04,2.6800000000e+02,1.6000000000e+01,5.2803200483e-01
1.0000000000e+04,2.6800000000e+02,1.7000000000e+01,5.3119277954e-01
1.0000000000e+04,2.6800000000e+02,1.8000000000e+01,5.3379034996e-01
1.0000000000e+04,2.6800000000e+02,1.9000000000e+01,5.3592926264e-01
1.0000000000e+04,2.6800000000e+02,2.0000000000e+01,5.3769415617e-01
1.0000000000e+04,2.6800000000e+02,2.1000000000e+01,5.3915381432e-01
1.0000000000e+04,2.6800000000e+02,2.2000000000e+01,5.4036390781e-01
1.0000000000e+04,2.6800000000e+02,2.3000000000e+01,5.4136961699e-01
1.0000000000e+04,2.6800000000e+02,2.4000000000e+01,5.4220789671e-01
1.0000000000e+04,2.6800000000e+02,2.5000000000e+01,5.4290854931e-01
1.0000000000e+04,2.6800000000e+02,2.6000000000e+01,5.4349589348e-01
1.0000000000e+04,2.6800000000e+02,2.7000000000e+01,5.4399013519e-01
1.0000000000e+04,2.6800000000e+02,2.8000000000e+01,5.4440730810e-01
1.0000000000e+04,2.6800000000e+02,2.9000000000e+01,5.4476076365e-01
1.0000000000e+04,2.6800000000e+02,3.0000000000e+01,5.4506152868e-01
1.0000000000e+04,2.6800000000e+02,3.1000000000e+01,5.4531860352e-01
1.0000000000e+04,3.7300000000e+02,0.0000000000e+00,2.0030272007e+00
1.0000000000e+04,3.7300000000e+02,1.0000000000e+00,6.3054758310e-01
1.0000000000e+04,3.7300000000e+02,2.0000000000e+00,3.1215482950e-01
1.0000000000e+04,3.7300000000e+02,3.0000000000e+00,2.4918662012e-01
1.0000000000e+04,3.7300000000e+02,4.0000000000e+00,2.4076755345e-01
1.0000000000e+04,3.7300000000e+02,5.0000000000e+00,2.4610440433e-01
1.0000000000e+04,3.7300000000e+02,6.0000000000e+00,2.5397536159e-01
1.0000000000e+04,3.7300000000e+02,7.0000000000e+00,2.6121929288e-01
1.0000000000e+04,3.7300000000e+02,8.0000000000e+00,2.6710373163e-01
1.0000000000e+04,3.7300000000e+02,9.0000000000e+00,2.7164971828e-01
1.0000000000e+04,3.7300000000e+02,1.0000000000e+01,2.7508020401e-01
1.0000000000e+04,3.7300000000e+02,1.1000000000e+01,2.7763956785e-01
1.0000000000e+04,3.7300000000e+02,1.2000000000e+01,2.7953901887e-01
1.0000000000e+04,3.7300000000e+02,1.3000000000e+01,2.8094616532e-01
1.0000000000e+04,3.7300000000e+02,1.4000000000e+01,2.8198885918e-01
1.0000000000e+04,3.7300000000e+02,1.5000000000e+01,2.8276276588e-01
1.0000000000e+04,3.7300000000e+02,1.6000000000e+01,2.8333854675e-01
1.0000000000e+04,3.7300000000e+02,1.7000000000e+01,2.8376832604e-01
1.0000000000e+04,3.7300000000e+02,1.8000000000e+01,2.8409036994e-01
1.0000000000e+04,3.7300000000e+02,1.9000000000e+01,2.8433272243e-01
1.0000000000e+04,3.7300000000e+02,2.0000000000e+01,2.8451609612e-01
1.0000000000e+04,3.7300000000e+02,2.1000000000e+01,2.8465566039e-01
1.0000000000e+04,3.7300000000e+02,2.2000000000e+01,2.8476259112e-01
1.0000000000e+04,3.7300000000e+02,2.3000000000e+01,2.8484523296e-01
1.0000000000e+04,3.7300000000e+02,2.4000000000e+01,2.8490966558e-01
1.0000000000e+04,3.7300000000e+02,2.5000000000e+01,2.8496047854e-01
1.0000000000e+04,3.7300000000e+02,2.6000000000e+01,2.8500103951e-01
1.0000000000e+04,3.7300000000e+02,2.7000000000e+01,2.8503391147e-01
1.0000000000e+04,3.7300000000e+02,2.8000000000e+01,2.8506100178e-01
1.0000000000e+04,3.7300000000e+02,2.9000000000e+01,2.8508368134e-01
1.0000000000e+04,3.7300000000e+02,3.0000000000e+01,2.8510299325e-01
1.0000000000e+04,3.7300000000e+02,3.1000000000e+01,2.8511986136e-01
1.0000000000e+04,5.1800000000e+02,0.0000000000e+00,1.9981532097e+00
1.0000000000e+04,5.1800000000e+02,1.0000000000e+00,5.2982926369e-01
1.0000000000e+04,5.1800000000e+02,2.0000000000e+00,2.1939441562e-01
1.0000000000e+04,5.1800000000e+02,3.0000000000e+00,1.6078026593e-01
1.0000000000e+04,5.1800000000e+02,4.0000000000e+00,1.5039841831e-01
1.0000000000e+04,5.1800000000e+02,5.0000000000e+00,1.5099349618e-01
1.0000000000e+04,5.1800000000e+02,6.0000000000e+00,1.5359562635e-01
1.0000000000e+04,5.1800000000e+02,7.0000000000e+00,1.5601584315e-01
1.0000000000e+04,5.1800000000e+02,8.0000000000e+00,1.5784682333e-01
1.0000000000e+04,5.1800000000e+02,9.0000000000e+00,1.5913556516e-01
1.0000000000e+04,5.1800000000e+02,1.0000000000e+01,1.6001503170e-01
1.0000000000e+04,5.1800000000e+02,1.1000000000e+01,1.6060709953e-01
1.0000000000e+04,5.1800000000e+02,1.2000000000e+01,1.6100354493e-01
1.0000000000e+04,5.1800000000e+02,1.3000000000e+01,1.6126884520e-01
1.0000000000e+04,5.1800000000e+02,1.4000000000e+01,1.6144680977e-01
1.0000000000e+04,5.1800000000e+02,1.5000000000e+01,1.6156674922e-01
1.0000000000e+04,5.1800000000e+02,1.6000000000e+01,1.6164806485e-01
1.0000000000e+04,5.1800000000e+02,1.7000000000e+01,1.6170370579e-01
1.0000000000e+04,5.1800000000e+02,1.8000000000e+01,1.6174218059e-01
1.0000000000e+04,5.1800000000e+02,1.9000000000e+01,1.6176919639e-01
1.0000000000e+04,5.1800000000e+02,2.0000000000e+01,1.6178849339e-01
1.0000000000e+04,5.1800000000e+02,2.1000000000e+01,1.6180263460e-01
1.0000000000e+04,5.1800000000e+02,2.2000000000e+01,1.6181325912e-01
1.0000000000e+04,5.1800000000e+02,2.3000000000e+01,1.6182152927e-01
1.0000000000e+04,5.1800000000e+02,2.4000000000e+01,1.6182820499e-01
1.0000000000e+04,5.1800000000e+02,2.5000000000e+01,1.6183376312e-01
1.0000000000e+04,5.1800000000e+02,2.6000000000e+01,1.6183859110e-01
1.0000000000e+04,5.1800000000e+02,2.7000000000e+01,1.6184291244e-01
1.0000000000e+04,5.1800000000e+02,2.8000000000e+01,1.6184689105e-01
1.0000000000e+04,5.1800000000e+02,2.9000000000e+01,1.6185064614e-01
1.0000000000e+04,5.1800000000e+02,3.0000000000e+01,1.6185422242e-01
1.0000000000e+04,5.1800000000e+02,3.1000000000e+01,1.6185770929e-01
1.0000000000e+04,7.2000000000e+02,0.0000000000e+00,2.0016047955e+00
1.0000000000e+04,7.2000000000e+02,1.0000000000e+00,4.4294536114e-01
1.0000000000e+04,7.2000000000e+02,2.0000000000e+00,1.5500557423e-01
1.0000000000e+04,7.2000000000e+02,3.0000000000e+00,1.0917858779e-01
1.0000000000e+04,7.2000000000e+02,4.0000000000e+00,1.0237518698e-01
1.0000000000e+04,7.2000000000e+02,5.0000000000e+00,1.0274070501e-01
1.0000000000e+04,7.2000000000e+02,6.0000000000e+00,1.0401922464e-01
1.0000000000e+04,7.2000000000e+02,7.0000000000e+00,1.0504738241e-01
1.0000000000e+04,7.2000000000e+02,8.0000000000e+00,1.0572656244e-01
1.0000000000e+04,7.2000000000e+02,9.0000000000e+00,1.0614690930e-01
1.0000000000e+04,7.2000000000e+02,1.0000000000e+01,1.0640065372e-01
1.0000000000e+04,7.2000000000e+02,1.1000000000e+01,1.0655263066e-01
1.0000000000e+04,7.2000000000e+02,1.2000000000e+01,1.0664374381e-01
1.0000000000e+04,7.2000000000e+02,1.3000000000e+01,1.0669874400e-01
1.0000000000e+04,7.2000000000e+02,1.4000000000e+01,1.0673236847e-01
1.0000000000e+04,7.2000000000e+02,1.5000000000e+01,1.0675331950e-01
1.0000000000e+04,7.2000000000e+02,1.6000000000e+01,1.0676673800e-01
1.0000000000e+04,7.2000000000e+02,1.7000000000e+01,1.0677565634e-01
1.0000000000e+04,7.2000000000e+02,1.8000000000e+01,1.0678188503e-01
1.0000000000e+04,7.2000000000e+02,1.9000000000e+01,1.0678648949e-01
1.0000000000e+04,7.2000000000e+02,2.0000000000e+01,1.0679011792e-01
1.0000000000e+04,7.2000000000e+02,2.1000000000e+01,1.0679315031e-01
1.0000000000e+04,7.2000000000e+02,2.2000000000e+01,1.0679583251e-01
1.0000000000e+04,7.2000000000e+02,2.3000000000e+01,1.0679829866e-01
1.0000000000e+04,7.2000000000e+02,2.4000000000e+01,1.0680063069e-01
1.0000000000e+04,7.2000000000e+02,2.5000000000e+01,1.0680288076e-01
1.0000000000e+04,7.2000000000e+02,2.6000000000e+01,1.0680508614e-01
1.0000000000e+04,7.2000000000e+02,2.7000000000e+01,1.0680726171e-01
1.0000000000e+04,7.2000000000e+02,2.8000000000e+01,1.0680942237e-01
1.0000000000e+04,7.2000000000e+02,2.9000000000e+01,1.0681158304e-01
1.0000000000e+04,7.2000000000e+02,3.0000000000e+01,1.0681372881e-01
1.0000000000e+04,7.2000000000e+02,3.1000000000e+01,1.0681588948e-01
1.0000000000e+04,1.0000000000e+03,0.0000000000e+00,2.0070588589e+00
1.0000000000e+04,1.0000000000e+03,1.0000000000e+00,3.7958416343e-01
1.0000000000e+04,1.0000000000e+03,2.0000000000e+00,1.1065825075e-01
1.0000000000e+04,1.0000000000e+03,3.0000000000e+00,7.3973663151e-02
1.0000000000e+04,1.0000000000e+03,4.0000000000e+00,6.8688303232e-02
1.0000000000e+04,1.0000000000e+03,5.0000000000e+00,6.8597458303e-02
1.0000000000e+04,1.0000000000e+03,6.0000000000e+00,6.9100067019e-02
1.0000000000e+04,1.0000000000e+03,7.0000000000e+00,6.9484069943e-02
1.0000000000e+04,1.0000000000e+03,8.0000000000e+00,6.9713309407e-02
1.0000000000e+04,1.0000000000e+03,9.0000000000e+00,6.9840639830e-02
1.0000000000e+04,1.0000000000e+03,1.0000000000e+01,6.9909788668e-02
1.0000000000e+04,1.0000000000e+03,1.1000000000e+01,6.9947294891e-02
1.0000000000e+04,1.0000000000e+03,1.2000000000e+01,6.9967888296e-02
1.0000000000e+04,1.0000000000e+03,1.3000000000e+01,6.9979496300e-02
1.0000000000e+04,1.0000000000e+03,1.4000000000e+01,6.9986306131e-02
1.0000000000e+04,1.0000000000e+03,1.5000000000e+01,6.9990575314e-02
1.0000000000e+04,1.0000000000e+03,1.6000000000e+01,6.9993466139e-02
1.0000000000e+04,1.0000000000e+03,1.7000000000e+01,6.9995611906e-02
1.0000000000e+04,1.0000000000e+03,1.8000000000e+01,6.9997370243e-02
1.0000000000e+04,1.0000000000e+03,1.9000000000e+01,6.9998905063e-02
1.0000000000e+04,1.0000000000e+03,2.0000000000e+01,7.0000328124e-02
1.0000000000e+04,1.0000000000e+03,2.1000000000e+01,7.0001691580e-02
1.0000000000e+04,1.0000000000e+03,2.2000000000e+01,7.0003017783e-02
1.0000000000e+04,1.0000000000e+03,2.3000000000e+01,7.0004321635e-02
1.0000000000e+04,1.0000000000e+03,2.4000000000e+01,7.0005618036e-02
1.0000000000e+04,1.0000000000e+03,2.5000000000e+01,7.0006914437e-02
1.0000000000e+04,1.0000000000e+03,2.6000000000e+01,7.0008210838e-02
1.0000000000e+04,1.0000000000e+03,2.7000000000e+01,7.0009492338e-02
1.0000000000e+04,1.0000000000e+03,2.8000000000e+01,7.0010788739e-02
1.0000000000e+04,1.0000000000e+03,2.9000000000e+01,7.0012085140e-02
1.0000000000e+04,1.0000000000e+03,3.0000000000e+01,7.0013381541e-02
1.0000000000e+04,1.0000000000e+03,3.1000000000e+01,7.0014685392e-02
