1.0000000000e+02,1.0000000000e+01,0.0000000000e+00,1.9937701225e+00
1.0000000000e+02,1.0000000000e+01,1.0000000000e+00,2.9527115822e+00
1.0000000000e+02,1.0000000000e+01,2.0000000000e+00,4.5412106514e+00
1.0000000000e+02,1.0000000000e+01,3.0000000000e+00,7.1800475121e+00
1.0000000000e+02,1.0000000000e+01,4.0000000000e+00,1.0595595360e+01
1.0000000000e+02,1.0000000000e+01,5.0000000000e+00,1.4955375671e+01
1.0000000000e+02,1.0000000000e+01,6.0000000000e+00,2.0116294861e+01
1.0000000000e+02,1.0000000000e+01,7.0000000000e+00,2.6218427658e+01
1.0000000000e+02,1.0000000000e+01,8.0000000000e+00,3.3135936737e+01
1.0000000000e+02,1.0000000000e+01,9.0000000000e+00,4.0996517181e+01
1.0000000000e+02,1.0000000000e+01,1.0000000000e+01,4.9681797028e+01
1.0000000000e+02,1.0000000000e+01,1.1000000000e+01,5.9312225342e+01
1.0000000000e+02,1.0000000000e+01,1.2000000000e+01,6.9766914368e+01
1.0000000000e+02,1.0000000000e+01,1.3000000000e+01,8.1173797607e+01
1.0000000000e+02,1.0000000000e+01,1.4000000000e+01,9.3403625488e+01
1.0000000000e+02,1.0000000000e+01,1.5000000000e+01,1.0659082031e+02
1.0000000000e+02,1.0000000000e+01,1.6000000000e+01,1.2060063171e+02
1.0000000000e+02,1.0000000000e+01,1.7000000000e+01,1.3557019043e+02
1.0000000000e+02,1.0000000000e+01,1.8000000000e+01,1.5136265564e+02
1.0000000000e+02,1.0000000000e+01,1.9000000000e+01,1.6811720276e+02
1.0000000000e+02,1.0000000000e+01,2.0000000000e+01,1.8569435120e+02
1.0000000000e+02,1.0000000000e+01,2.1000000000e+01,2.0423150635e+02
1.0000000000e+02,1.0000000000e+01,2.2000000000e+01,2.2359532166e+02
1.0000000000e+02,1.0000000000e+01,2.3000000000e+01,2.4392330933e+02
1.0000000000e+02,1.0000000000e+01,2.4000000000e+01,2.6507119751e+02
1.0000000000e+02,1.0000000000e+01,2.5000000000e+01,2.8718612671e+02
1.0000000000e+02,1.0000000000e+01,2.6000000000e+01,3.1012002563e+02
1.0000000000e+02,1.0000000000e+01,2.7000000000e+01,3.3402386475e+02
1.0000000000e+02,1.0000000000e+01,2.8000000000e+01,3.5874716187e+02
1.0000000000e+02,1.0000000000e+01,2.9000000000e+01,3.8443930054e+02
1.0000000000e+02,1.0000000000e+01,3.0000000000e+01,4.1095062256e+02
1.0000000000e+02,1.0000000000e+01,3.1000000000e+01,4.3843389893e+02
1.0000000000e+02,1.4000000000e+01,0.0000000000e+00,2.0051896572e+00
1.0000000000e+02,1.4000000000e+01,1.0000000000e+00,2.8012363911e+00
1.0000000000e+02,1.4000000000e+01,2.0000000000e+00,4.2450785637e+00
1.0000000000e+02,1.4000000000e+01,3.0000000000e+00,6.6458401680e+00
1.0000000000e+02,1.4000000000e+01,4.0000000000e+00,9.7338027954e+00
1.0000000000e+02,1.4000000000e+01,5.0000000000e+00,1.3662642479e+01
1.0000000000e+02,1.4000000000e+01,6.0000000000e+00,1.8292224884e+01
1.0000000000e+02,1.4000000000e+01,7.0000000000e+00,2.3756612778e+01
1.0000000000e+02,1.4000000000e+01,8.0000000000e+00,2.9924764633e+01
1.0000000000e+02,1.4000000000e+01,9.0000000000e+00,3.6930206299e+01
1.0000000000e+02,1.4000000000e+01,1.0000000000e+01,4.4641643524e+01
1.0000000000e+02,1.4000000000e+01,1.1000000000e+01,5.3196029663e+01
1.0000000000e+02,1.4000000000e+01,1.2000000000e+01,6.2454429626e+01
1.0000000000e+02,1.4000000000e+01,1.3000000000e+01,7.2560287476e+01
1.0000000000e+02,1.4000000000e+01,1.4000000000e+01,8.3370300293e+01
1.0000000000e+02,1.4000000000e+01,1.5000000000e+01,9.5035614014e+01
1.0000000000e+02,1.4000000000e+01,1.6000000000e+01,1.0739949036e+02
1.0000000000e+02,1.4000000000e+01,1.7000000000e+01,1.2062346649e+02
1.0000000000e+02,1.4000000000e+01,1.8000000000e+01,1.3454290771e+02
1.0000000000e+02,1.4000000000e+01,1.9000000000e+01,1.4932723999e+02
1.0000000000e+02,1.4000000000e+01,2.0000000000e+01,1.6480799866e+02
1.0000000000e+02,1.4000000000e+01,2.1000000000e+01,1.8115667725e+02
1.0000000000e+02,1.4000000000e+01,2.2000000000e+01,1.9819625854e+02
1.0000000000e+02,1.4000000000e+01,2.3000000000e+01,2.1610882568e+02
1.0000000000e+02,1.4000000000e+01,2.4000000000e+01,2.3470993042e+02
1.0000000000e+02,1.4000000000e+01,2.5000000000e+01,2.5418743896e+02
1.0000000000e+02,1.4000000000e+01,2.6000000000e+01,2.7435052490e+02
1.0000000000e+02,1.4000000000e+01,2.7000000000e+01,2.9539334106e+02
1.0000000000e+02,1.4000000000e+01,2.8000000000e+01,3.1711999512e+02
1.0000000000e+02,1.4000000000e+01,2.9000000000e+01,3.3972842407e+02
1.0000000000e+02,1.4000000000e+01,3.0000000000e+01,3.6301782227e+02
1.0000000000e+02,1.4000000000e+01,3.1000000000e+01,3.8719317627e+02
1.0000000000e+02,1.9000000000e+01,0.0000000000e+00,2.0057823658e+00
1.0000000000e+02,1.9000000000e+01,1.0000000000e+00,2.7040760517e+00
1.0000000000e+02,1.9000000000e+01,2.0000000000e+00,3.9966998100e+00
1.0000000000e+02,1.9000000000e+01,3.0000000000e+00,6.1167702675e+00
1.0000000000e+02,1.9000000000e+01,4.0000000000e+00,8.7869129181e+00
1.0000000000e+02,1.9000000000e+01,5.0000000000e+00,1.2151799202e+01
1.0000000000e+02,1.9000000000e+01,6.0000000000e+00,1.6067737579e+01
1.0000000000e+02,1.9000000000e+01,7.0000000000e+00,2.0658182144e+01
1.0000000000e+02,1.9000000000e+01,8.0000000000e+00,2.5799825668e+01
1.0000000000e+02,1.9000000000e+01,9.0000000000e+00,3.1620752335e+01
1.0000000000e+02,1.9000000000e+01,1.0000000000e+01,3.7988880157e+01
1.0000000000e+02,1.9000000000e+01,1.1000000000e+01,4.5041999817e+01
1.0000000000e+02,1.9000000000e+01,1.2000000000e+01,5.2636928558e+01
1.0000000000e+02,1.9000000000e+01,1.3000000000e+01,6.0925987244e+01
1.0000000000e+02,1.9000000000e+01,1.4000000000e+01,6.9753341675e+01
1.0000000000e+02,1.9000000000e+01,1.5000000000e+01,7.9283615112e+01
1.0000000000e+02,1.9000000000e+01,1.6000000000e+01,8.9345535278e+01
1.0000000000e+02,1.9000000000e+01,1.7000000000e+01,1.0011392212e+02
1.0000000000e+02,1.9000000000e+01,1.8000000000e+01,1.1140882874e+02
1.0000000000e+02,1.9000000000e+01,1.9000000000e+01,1.2342218018e+02
1.0000000000e+02,1.9000000000e+01,2.0000000000e+01,1.3595732117e+02
1.0000000000e+02,1.9000000000e+01,2.1000000000e+01,1.4921804810e+02
1.0000000000e+02,1.9000000000e+01,2.2000000000e+01,1.6299006653e+02
1.0000000000e+02,1.9000000000e+01,2.3000000000e+01,1.7749580383e+02
1.0000000000e+02,1.9000000000e+01,2.4000000000e+01,1.9251185608e+02
1.0000000000e+02,1.9000000000e+01,2.5000000000e+01,2.0826657104e+02
1.0000000000e+02,1.9000000000e+01,2.6000000000e+01,2.2452243042e+02
1.0000000000e+02,1.9000000000e+01,2.7000000000e+01,2.4152442932e+02
1.0000000000e+02,1.9000000000e+01,2.8000000000e+01,2.5902508545e+02
1.0000000000e+02,1.9000000000e+01,2.9000000000e+01,2.7727511597e+02
1.0000000000e+02,1.9000000000e+01,3.0000000000e+01,2.9601901245e+02
1.0000000000e+02,1.9000000000e+01,3.1000000000e+01,3.1552008057e+02
1.0000000000e+02,2.7000000000e+01,0.0000000000e+00,1.9942065477e+00
1.0000000000e+02,2.7000000000e+01,1.0000000000e+00,2.4963414669e+00
1.0000000000e+02,2.7000000000e+01,2.0000000000e+00,3.6159582138e+00
1.0000000000e+02,2.7000000000e+01,3.0000000000e+00,5.4089946747e+00
1.0000000000e+02,2.7000000000e+01,4.0000000000e+00,7.6427650452e+00
1.0000000000e+02,2.7000000000e+01,5.0000000000e+00,1.0408072472e+01
1.0000000000e+02,2.7000000000e+01,6.0000000000e+00,1.3597658157e+01
1.0000000000e+02,2.7000000000e+01,7.0000000000e+00,1.7294607162e+01
1.0000000000e+02,2.7000000000e+01,8.0000000000e+00,2.1404323578e+01
1.0000000000e+02,2.7000000000e+01,9.0000000000e+00,2.6020746231e+01
1.0000000000e+02,2.7000000000e+01,1.0000000000e+01,3.1044200897e+01
1.0000000000e+02,2.7000000000e+01,1.1000000000e+01,3.6580951691e+01
1.0000000000e+02,2.7000000000e+01,1.2000000000e+01,4.2515701294e+01
1.0000000000e+02,2.7000000000e+01,1.3000000000e+01,4.8969482422e+01
1.0000000000e+02,2.7000000000e+01,1.4000000000e+01,5.5816318512e+01
1.0000000000e+02,2.7000000000e+01,1.5000000000e+01,6.3190277100e+01
1.0000000000e+02,2.7000000000e+01,1.6000000000e+01,7.0948829651e+01
1.0000000000e+02,2.7000000000e+01,1.7000000000e+01,7.9243728638e+01
1.0000000000e+02,2.7000000000e+01,1.8000000000e+01,8.7919227600e+01
1.0000000000e+02,2.7000000000e+01,1.9000000000e+01,9.7133804321e+01
1.0000000000e+02,2.7000000000e+01,2.0000000000e+01,1.0672687531e+02
1.0000000000e+02,2.7000000000e+01,2.1000000000e+01,1.1686428833e+02
1.0000000000e+02,2.7000000000e+01,2.2000000000e+01,1.2737429810e+02
1.0000000000e+02,2.7000000000e+01,2.3000000000e+01,1.3843746948e+02
1.0000000000e+02,2.7000000000e+01,2.4000000000e+01,1.4986695862e+02
1.0000000000e+02,2.7000000000e+01,2.5000000000e+01,1.6185099792e+02
1.0000000000e+02,2.7000000000e+01,2.6000000000e+01,1.7420037842e+02
1.0000000000e+02,2.7000000000e+01,2.7000000000e+01,1.8711228943e+02
1.0000000000e+02,2.7000000000e+01,2.8000000000e+01,2.0038096619e+02
1.0000000000e+02,2.7000000000e+01,2.9000000000e+01,2.1422087097e+02
1.0000000000e+02,2.7000000000e+01,3.0000000000e+01,2.2841426086e+02
1.0000000000e+02,2.7000000000e+01,3.1000000000e+01,2.4318040466e+02
1.0000000000e+02,3.7000000000e+01,0.0000000000e+00,1.9995632172e+00
1.0000000000e+02,3.7000000000e+01,1.0000000000e+00,2.3810002804e+00
1.0000000000e+02,3.7000000000e+01,2.0000000000e+00,3.2948484421e+00
1.0000000000e+02,3.7000000000e+01,3.0000000000e+00,4.7521324158e+00
1.0000000000e+02,3.7000000000e+01,4.0000000000e+00,6.5125398636e+00
1.0000000000e+02,3.7000000000e+01,5.0000000000e+00,8.6691389084e+00
1.0000000000e+02,3.7000000000e+01,6.0000000000e+00,1.1099445343e+01
1.0000000000e+02,3.7000000000e+01,7.0000000000e+00,1.3900037766e+01
1.0000000000e+02,3.7000000000e+01,8.0000000000e+00,1.6949844360e+01
1.0000000000e+02,3.7000000000e+01,9.0000000000e+00,2.0371524811e+01
1.0000000000e+02,3.7000000000e+01,1.0000000000e+01,2.4036094666e+01
1.0000000000e+02,3.7000000000e+01,1.1000000000e+01,2.8075979233e+01
1.0000000000e+02,3.7000000000e+01,1.2000000000e+01,3.2340339661e+01
1.0000000000e+02,3.7000000000e+01,1.3000000000e+01,3.6995410919e+01
1.0000000000e+02,3.7000000000e+01,1.4000000000e+01,4.1860095978e+01
1.0000000000e+02,3.7000000000e+01,1.5000000000e+01,4.7130939484e+01
1.0000000000e+02,3.7000000000e+01,1.6000000000e+01,5.2595840454e+01
1.0000000000e+02,3.7000000000e+01,1.7000000000e+01,5.8475734711e+01
1.0000000000e+02,3.7000000000e+01,1.8000000000e+01,6.4545570374e+01
1.0000000000e+02,3.7000000000e+01,1.9000000000e+01,7.1037399292e+01
1.0000000000e+02,3.7000000000e+01,2.0000000000e+01,7.7706069946e+01
1.0000000000e+02,3.7000000000e+01,2.1000000000e+01,8.4812217712e+01
1.0000000000e+02,3.7000000000e+01,2.2000000000e+01,9.2091842651e+01
1.0000000000e+02,3.7000000000e+01,2.3000000000e+01,9.9807144165e+01
1.0000000000e+02,3.7000000000e+01,2.4000000000e+01,1.0768649292e+02
1.0000000000e+02,3.7000000000e+01,2.5000000000e+01,1.1601593781e+02
1.0000000000e+02,3.7000000000e+01,2.6000000000e+01,1.2450608063e+02
1.0000000000e+02,3.7000000000e+01,2.7000000000e+01,1.3344915771e+02
1.0000000000e+02,3.7000000000e+01,2.8000000000e+01,1.4254292297e+02
1.0000000000e+02,3.7000000000e+01,2.9000000000e+01,1.5210156250e+02
1.0000000000e+02,3.7000000000e+01,3.0000000000e+01,1.6180676270e+02
1.0000000000e+02,3.7000000000e+01,3.1000000000e+01,1.7197547913e+02
1.0000000000e+02,5.2000000000e+01,0.0000000000e+00,2.0059063435e+00
1.0000000000e+02,5.2000000000e+01,1.0000000000e+00,2.1336085796e+00
1.0000000000e+02,5.2000000000e+01,2.0000000000e+00,2.6535642147e+00
1.0000000000e+02,5.2000000000e+01,3.0000000000e+00,3.5696811676e+00
1.0000000000e+02,5.2000000000e+01,4.0000000000e+00,4.6312279701e+00
1.0000000000e+02,5.2000000000e+01,5.0000000000e+00,5.8948302269e+00
1.0000000000e+02,5.2000000000e+01,6.0000000000e+00,7.2761001587e+00
1.0000000000e+02,5.2000000000e+01,7.0000000000e+00,8.8240442276e+00
1.0000000000e+02,5.2000000000e+01,8.0000000000e+00,1.0478191376e+01
1.0000000000e+02,5.2000000000e+01,9.0000000000e+00,1.2289257050e+01
1.0000000000e+02,5.2000000000e+01,1.0000000000e+01,1.4197147369e+01
1.0000000000e+02,5.2000000000e+01,1.1000000000e+01,1.6259239197e+01
1.0000000000e+02,5.2000000000e+01,1.2000000000e+01,1.8412689209e+01
1.0000000000e+02,5.2000000000e+01,1.3000000000e+01,2.0719045639e+01
1.0000000000e+02,5.2000000000e+01,1.4000000000e+01,2.3110551834e+01
1.0000000000e+02,5.2000000000e+01,1.5000000000e+01,2.5656869888e+01
1.0000000000e+02,5.2000000000e+01,1.6000000000e+01,2.8283966064e+01
1.0000000000e+02,5.2000000000e+01,1.7000000000e+01,3.1067754745e+01
1.0000000000e+02,5.2000000000e+01,1.8000000000e+01,3.3929000854e+01
1.0000000000e+02,5.2000000000e+01,1.9000000000e+01,3.6949440002e+01
1.0000000000e+02,5.2000000000e+01,2.0000000000e+01,4.0044433594e+01
1.0000000000e+02,5.2000000000e+01,2.1000000000e+01,4.3300579071e+01
1.0000000000e+02,5.2000000000e+01,2.2000000000e+01,4.6627597809e+01
1.0000000000e+02,5.2000000000e+01,2.3000000000e+01,5.0117130280e+01
1.0000000000e+02,5.2000000000e+01,2.4000000000e+01,5.3677829742e+01
1.0000000000e+02,5.2000000000e+01,2.5000000000e+01,5.7402786255e+01
1.0000000000e+02,5.2000000000e+01,2.6000000000e+01,6.1194141388e+01
1.0000000000e+02,5.2000000000e+01,2.7000000000e+01,6.5152420044e+01
1.0000000000e+02,5.2000000000e+01,2.8000000000e+01,6.9174705505e+01
1.0000000000e+02,5.2000000000e+01,2.9000000000e+01,7.3367370605e+01
1.0000000000e+02,5.2000000000e+01,3.0000000000e+01,7.7621063232e+01
1.0000000000e+02,5.2000000000e+01,3.1000000000e+01,8.2047828674e+01
1.0000000000e+02,7.2000000000e+01,0.0000000000e+00,2.0027253628e+00
1.0000000000e+02,7.2000000000e+01,1.0000000000e+00,1.9698959589e+00
1.0000000000e+02,7.2000000000e+01,2.0000000000e+00,2.3176517487e+00
1.0000000000e+02,7.2000000000e+01,3.0000000000e+00,2.9993805885e+00
1.0000000000e+02,7.2000000000e+01,4.0000000000e+00,3.7596306801e+00
1.0000000000e+02,7.2000000000e+01,5.0000000000e+00,4.6366724968e+00
1.0000000000e+02,7.2000000000e+01,6.0000000000e+00,5.5630531311e+00
1.0000000000e+02,7.2000000000e+01,7.0000000000e+00,6.5711159706e+00
1.0000000000e+02,7.2000000000e+01,8.0000000000e+00,7.6189360619e+00
1.0000000000e+02,7.2000000000e+01,9.0000000000e+00,8.7372503281e+00
1.0000000000e+02,7.2000000000e+01,1.0000000000e+01,9.8886051178e+00
1.0000000000e+02,7.2000000000e+01,1.1000000000e+01,1.1106361389e+01
1.0000000000e+02,7.2000000000e+01,1.2000000000e+01,1.2350945473e+01
1.0000000000e+02,7.2000000000e+01,1.3000000000e+01,1.3661394119e+01
1.0000000000e+02,7.2000000000e+01,1.4000000000e+01,1.4994009972e+01
1.0000000000e+02,7.2000000000e+01,1.5000000000e+01,1.6392217636e+01
1.0000000000e+02,7.2000000000e+01,1.6000000000e+01,1.7810720444e+01
1.0000000000e+02,7.2000000000e+01,1.7000000000e+01,1.9294935226e+01
1.0000000000e+02,7.2000000000e+01,1.8000000000e+01,2.0794826508e+01
1.0000000000e+02,7.2000000000e+01,1.9000000000e+01,2.2362838745e+01
1.0000000000e+02,7.2000000000e+01,2.0000000000e+01,2.3942026138e+01
1.0000000000e+02,7.2000000000e+01,2.1000000000e+01,2.5592681885e+01
1.0000000000e+02,7.2000000000e+01,2.2000000000e+01,2.7250240326e+01
1.0000000000e+02,7.2000000000e+01,2.3000000000e+01,2.8981718063e+01
1.0000000000e+02,7.2000000000e+01,2.4000000000e+01,3.0717847824e+01
1.0000000000e+02,7.2000000000e+01,2.5000000000e+01,3.2530456543e+01
1.0000000000e+02,7.2000000000e+01,2.6000000000e+01,3.4343803406e+01
1.0000000000e+02,7.2000000000e+01,2.7000000000e+01,3.6235855103e+01
1.0000000000e+02,7.2000000000e+01,2.8000000000e+01,3.8126441956e+01
1.0000000000e+02,7.2000000000e+01,2.9000000000e+01,4.0098041534e+01
1.0000000000e+02,7.2000000000e+01,3.0000000000e+01,4.2063930511e+01
1.0000000000e+02,7.2000000000e+01,3.1000000000e+01,4.4115024567e+01
1.0000000000e+02,1.0000000000e+02,0.0000000000e+00,2.0024130344e+00
1.0000000000e+02,1.0000000000e+02,1.0000000000e+00,1.6847208738e+00
1.0000000000e+02,1.0000000000e+02,2.0000000000e+00,1.8298063278e+00
1.0000000000e+02,1.0000000000e+02,3.0000000000e+00,2.2388486862e+00
1.0000000000e+02,1.0000000000e+02,4.0000000000e+00,2.6850495338e+00
1.0000000000e+02,1.0000000000e+02,5.0000000000e+00,3.1789634228e+00
1.0000000000e+02,1.0000000000e+02,6.0000000000e+00,3.6800787449e+00
1.0000000000e+02,1.0000000000e+02,7.0000000000e+00,4.2001767159e+00
1.0000000000e+02,1.0000000000e+02,8.0000000000e+00,4.7212929726e+00
1.0000000000e+02,1.0000000000e+02,9.0000000000e+00,5.2528009415e+00
1.0000000000e+02,1.0000000000e+02,1.0000000000e+01,5.7828636169e+00
1.0000000000e+02,1.0000000000e+02,1.1000000000e+01,6.3199086189e+00
1.0000000000e+02,1.0000000000e+02,1.2000000000e+01,6.8541083336e+00
1.0000000000e+02,1.0000000000e+02,1.3000000000e+01,7.3939657211e+00
1.0000000000e+02,1.0000000000e+02,1.4000000000e+01,7.9299349785e+00
1.0000000000e+02,1.0000000000e+02,1.5000000000e+01,8.4711990356e+00
1.0000000000e+02,1.0000000000e+02,1.6000000000e+01,9.0076389313e+00
1.0000000000e+02,1.0000000000e+02,1.7000000000e+01,9.5494556427e+00
1.0000000000e+02,1.0000000000e+02,1.8000000000e+01,1.0085667610e+01
1.0000000000e+02,1.0000000000e+02,1.9000000000e+01,1.0627986908e+01
1.0000000000e+02,1.0000000000e+02,2.0000000000e+01,1.1163812637e+01
1.0000000000e+02,1.0000000000e+02,2.1000000000e+01,1.1706228256e+01
1.0000000000e+02,1.0000000000e+02,2.2000000000e+01,1.2241264343e+01
1.0000000000e+02,1.0000000000e+02,2.3000000000e+01,1.2783726692e+01
1.0000000000e+02,1.0000000000e+02,2.4000000000e+01,1.3317638397e+01
1.0000000000e+02,1.0000000000e+02,2.5000000000e+01,1.3860028267e+01
1.0000000000e+02,1.0000000000e+02,2.6000000000e+01,1.4393294334e+01
1.0000000000e+02,1.0000000000e+02,2.7000000000e+01,1.4935548782e+01
1.0000000000e+02,1.0000000000e+02,2.8000000000e+01,1.5468759537e+01
1.0000000000e+02,1.0000000000e+02,2.9000000000e+01,1.6011007309e+01
1.0000000000e+02,1.0000000000e+02,3.0000000000e+01,1.6544212341e+01
1.0000000000e+02,1.0000000000e+02,3.1000000000e+01,1.7086469650e+01
1.0000000000e+02,1.3900000000e+02,0.0000000000e+00,2.0105924606e+00
1.0000000000e+02,1.3900000000e+02,1.0000000000e+00,1.5193578005e+00
1.0000000000e+02,1.3900000000e+02,2.0000000000e+00,1.5215499401e+00
1.0000000000e+02,1.3900000000e+02,3.0000000000e+00,1.7698513269e+00
1.0000000000e+02,1.3900000000e+02,4.0000000000e+00,2.0306191444e+00
1.0000000000e+02,1.3900000000e+02,5.0000000000e+00,2.3066625595e+00
1.0000000000e+02,1.3900000000e+02,6.0000000000e+00,2.5689604282e+00
1.0000000000e+02,1.3900000000e+02,7.0000000000e+00,2.8252706528e+00
1.0000000000e+02,1.3900000000e+02,8.0000000000e+00,3.0667514801e+00
1.0000000000e+02,1.3900000000e+02,9.0000000000e+00,3.2988114357e+00
1.0000000000e+02,1.3900000000e+02,1.0000000000e+01,3.5172519684e+00
1.0000000000e+02,1.3900000000e+02,1.1000000000e+01,3.7263727188e+00
1.0000000000e+02,1.3900000000e+02,1.2000000000e+01,3.9232954979e+00
1.0000000000e+02,1.3900000000e+02,1.3000000000e+01,4.1118831635e+00
1.0000000000e+02,1.3900000000e+02,1.4000000000e+01,4.2895450592e+00
1.0000000000e+02,1.3900000000e+02,1.5000000000e+01,4.4600629807e+00
1.0000000000e+02,1.3900000000e+02,1.6000000000e+01,4.6206569672e+00
1.0000000000e+02,1.3900000000e+02,1.7000000000e+01,4.7752876282e+00
1.0000000000e+02,1.3900000000e+02,1.8000000000e+01,4.9207892418e+00
1.0000000000e+02,1.3900000000e+02,1.9000000000e+01,5.0614194870e+00
1.0000000000e+02,1.3900000000e+02,2.0000000000e+01,5.1936135292e+00
1.0000000000e+02,1.3900000000e+02,2.1000000000e+01,5.3218836784e+00
1.0000000000e+02,1.3900000000e+02,2.2000000000e+01,5.4423480034e+00
1.0000000000e+02,1.3900000000e+02,2.3000000000e+01,5.5596442223e+00
1.0000000000e+02,1.3900000000e+02,2.4000000000e+01,5.6695890427e+00
1.0000000000e+02,1.3900000000e+02,2.5000000000e+01,5.7771272659e+00
1.0000000000e+02,1.3900000000e+02,2.6000000000e+01,5.8777136803e+00
1.0000000000e+02,1.3900000000e+02,2.7000000000e+01,5.9766378403e+00
1.0000000000e+02,1.3900000000e+02,2.8000000000e+01,6.0688381195e+00
1.0000000000e+02,1.3900000000e+02,2.9000000000e+01,6.1600298882e+00
1.0000000000e+02,1.3900000000e+02,3.0000000000e+01,6.2446885109e+00
1.0000000000e+02,1.3900000000e+02,3.1000000000e+01,6.3289160728e+00
1.0000000000e+02,1.9300000000e+02,0.0000000000e+00,1.9936228991e+00
1.0000000000e+02,1.9300000000e+02,1.0000000000e+00,1.3261884451e+00
1.0000000000e+02,1.9300000000e+02,2.0000000000e+00,1.2519991398e+00
1.0000000000e+02,1.9300000000e+02,3.0000000000e+00,1.3829988241e+00
1.0000000000e+02,1.9300000000e+02,4.0000000000e+00,1.5189095736e+00
1.0000000000e+02,1.9300000000e+02,5.0000000000e+00,1.6523113251e+00
1.0000000000e+02,1.9300000000e+02,6.0000000000e+00,1.7697337866e+00
1.0000000000e+02,1.9300000000e+02,7.0000000000e+00,1.8743669987e+00
1.0000000000e+02,1.9300000000e+02,8.0000000000e+00,1.9652506113e+00
1.0000000000e+02,1.9300000000e+02,9.0000000000e+00,2.0449049473e+00
1.0000000000e+02,1.9300000000e+02,1.0000000000e+01,2.1141018867e+00
1.0000000000e+02,1.9300000000e+02,1.1000000000e+01,2.1745786667e+00
1.0000000000e+02,1.9300000000e+02,1.2000000000e+01,2.2272524834e+00
1.0000000000e+02,1.9300000000e+02,1.3000000000e+01,2.2733228207e+00
1.0000000000e+02,1.9300000000e+02,1.4000000000e+01,2.3135688305e+00
1.0000000000e+02,1.9300000000e+02,1.5000000000e+01,2.3488323689e+00
1.0000000000e+02,1.9300000000e+02,1.6000000000e+01,2.3797264099e+00
1.0000000000e+02,1.9300000000e+02,1.7000000000e+01,2.4068534374e+00
1.0000000000e+02,1.9300000000e+02,1.8000000000e+01,2.4306795597e+00
1.0000000000e+02,1.9300000000e+02,1.9000000000e+01,2.4516494274e+00
1.0000000000e+02,1.9300000000e+02,2.0000000000e+01,2.4701039791e+00
1.0000000000e+02,1.9300000000e+02,2.1000000000e+01,2.4863917828e+00
1.0000000000e+02,1.9300000000e+02,2.2000000000e+01,2.5007390976e+00
1.0000000000e+02,1.9300000000e+02,2.3000000000e+01,2.5134501457e+00
1.0000000000e+02,1.9300000000e+02,2.4000000000e+01,2.5246372223e+00
1.0000000000e+02,1.9300000000e+02,2.5000000000e+01,2.5346033573e+00
1.0000000000e+02,1.9300000000e+02,2.6000000000e+01,2.5433475971e+00
1.0000000000e+02,1.9300000000e+02,2.7000000000e+01,2.5511896610e+00
1.0000000000e+02,1.9300000000e+02,2.8000000000e+01,2.5580501556e+00
1.0000000000e+02,1.9300000000e+02,2.9000000000e+01,2.5642344952e+00
1.0000000000e+02,1.9300000000e+02,3.0000000000e+01,2.5696437359e+00
1.0000000000e+02,1.9300000000e+02,3.1000000000e+01,2.5745398998e+00
1.0000000000e+02,2.6800000000e+02,0.0000000000e+00,1.9964892864e+00
1.0000000000e+02,2.6800000000e+02,1.0000000000e+00,1.1893532276e+00
1.0000000000e+02,2.6800000000e+02,2.0000000000e+00,1.0701127052e+00
1.0000000000e+02,2.6800000000e+02,3.0000000000e+00,1.1450339556e+00
1.0000000000e+02,2.6800000000e+02,4.0000000000e+00,1.2205913067e+00
1.0000000000e+02,2.6800000000e+02,5.0000000000e+00,1.2893085480e+00
1.0000000000e+02,2.6800000000e+02,6.0000000000e+00,1.3441792727e+00
1.0000000000e+02,2.6800000000e+02,7.0000000000e+00,1.3883925676e+00
1.0000000000e+02,2.6800000000e+02,8.0000000000e+00,1.4231691360e+00
1.0000000000e+02,2.6800000000e+02,9.0000000000e+00,1.4507158995e+00
1.0000000000e+02,2.6800000000e+02,1.0000000000e+01,1.4724121094e+00
1.0000000000e+02,2.6800000000e+02,1.1000000000e+01,1.4895830154e+00
1.0000000000e+02,2.6800000000e+02,1.2000000000e+01,1.5031633377e+00
1.0000000000e+02,2.6800000000e+02,1.3000000000e+01,1.5139434338e+00
1.0000000000e+02,2.6800000000e+02,1.4000000000e+01,1.5225086212e+00
1.0000000000e+02,2.6800000000e+02,1.5000000000e+01,1.5293338299e+00
1.0000000000e+02,2.6800000000e+02,1.6000000000e+01,1.5347810984e+00
1.0000000000e+02,2.6800000000e+02,1.7000000000e+01,1.5391390324e+00
1.0000000000e+02,2.6800000000e+02,1.8000000000e+01,1.5426313877e+00
1.0000000000e+02,2.6800000000e+02,1.9000000000e+01,1.5454361439e+00
1.0000000000e+02,2.6800000000e+02,2.0000000000e+01,1.5476920605e+00
1.0000000000e+02,2.6800000000e+02,2.1000000000e+01,1.5495101213e+00
1.0000000000e+02,2.6800000000e+02,2.2000000000e+01,1.5509775877e+00
1.0000000000e+02,2.6800000000e+02,2.3000000000e+01,1.5521640778e+00
1.0000000000e+02,2.6800000000e+02,2.4000000000e+01,1.5531249046e+00
1.0000000000e+02,2.6800000000e+02,2.5000000000e+01,1.5539040565e+00
1.0000000000e+02,2.6800000000e+02,2.6000000000e+01,1.5545367002e+00
1.0000000000e+02,2.6800000000e+02,2.7000000000e+01,1.5550510883e+00
1.0000000000e+02,2.6800000000e+02,2.8000000000e+01,1.5554701090e+00
1.0000000000e+02,2.6800000000e+02,2.9000000000e+01,1.5558116436e+00
1.0000000000e+02,2.6800000000e+02,3.0000000000e+01,1.5560903549e+00
1.0000000000e+02,2.6800000000e+02,3.1000000000e+01,1.5563184023e+00
1.0000000000e+02,3.7300000000e+02,0.0000000000e+00,1.9939721823e+00
1.0000000000e+02,3.7300000000e+02,1.0000000000e+00,1.0320750475e+00
1.0000000000e+02,3.7300000000e+02,2.0000000000e+00,8.7847512960e-01
1.0000000000e+02,3.7300000000e+02,3.0000000000e+00,9.1166591644e-01
1.0000000000e+02,3.7300000000e+02,4.0000000000e+00,9.5121914148e-01
1.0000000000e+02,3.7300000000e+02,5.0000000000e+00,9.8470461369e-01
1.0000000000e+02,3.7300000000e+02,6.0000000000e+00,1.0091220140e+00
1.0000000000e+02,3.7300000000e+02,7.0000000000e+00,1.0267055035e+00
1.0000000000e+02,3.7300000000e+02,8.0000000000e+00,1.0391249657e+00
1.0000000000e+02,3.7300000000e+02,9.0000000000e+00,1.0479052067e+00
1.0000000000e+02,3.7300000000e+02,1.0000000000e+01,1.0541028976e+00
1.0000000000e+02,3.7300000000e+02,1.1000000000e+01,1.0584907532e+00
1.0000000000e+02,3.7300000000e+02,1.2000000000e+01,1.0616042614e+00
1.0000000000e+02,3.7300000000e+02,1.3000000000e+01,1.0638213158e+00
1.0000000000e+02,3.7300000000e+02,1.4000000000e+01,1.0654042959e+00
1.0000000000e+02,3.7300000000e+02,1.5000000000e+01,1.0665385723e+00
1.0000000000e+02,3.7300000000e+02,1.6000000000e+01,1.0673538446e+00
1.0000000000e+02,3.7300000000e+02,1.7000000000e+01,1.0679414272e+00
1.0000000000e+02,3.7300000000e+02,1.8000000000e+01,1.0683660507e+00
1.0000000000e+02,3.7300000000e+02,1.9000000000e+01,1.0686739683e+00
1.0000000000e+02,3.7300000000e+02,2.0000000000e+01,1.0688976049e+00
1.0000000000e+02,3.7300000000e+02,2.1000000000e+01,1.0690604448e+00
1.0000000000e+02,3.7300000000e+02,2.2000000000e+01,1.0691795349e+00
1.0000000000e+02,3.7300000000e+02,2.3000000000e+01,1.0692665577e+00
1.0000000000e+02,3.7300000000e+02,2.4000000000e+01,1.0693304539e+00
1.0000000000e+02,3.7300000000e+02,2.5000000000e+01,1.0693773031e+00
1.0000000000e+02,3.7300000000e+02,2.6000000000e+01,1.0694116354e+00
1.0000000000e+02,3.7300000000e+02,2.7000000000e+01,1.0694371462e+00
1.0000000000e+02,3.7300000000e+02,2.8000000000e+01,1.0694559813e+00
1.0000000000e+02,3.7300000000e+02,2.9000000000e+01,1.0694698095e+00
1.0000000000e+02,3.7300000000e+02,3.0000000000e+01,1.0694800615e+00
1.0000000000e+02,3.7300000000e+02,3.1000000000e+01,1.0694876909e+00
1.0000000000e+02,5.1800000000e+02,0.0000000000e+00,2.0114092827e+00
1.0000000000e+02,5.1800000000e+02,1.0000000000e+00,9.3554651737e-01
1.0000000000e+02,5.1800000000e+02,2.0000000000e+00,7.8736799955e-01
1.0000000000e+02,5.1800000000e+02,3.0000000000e+00,8.1016641855e-01
1.0000000000e+02,5.1800000000e+02,4.0000000000e+00,8.3620977402e-01
1.0000000000e+02,5.1800000000e+02,5.0000000000e+00,8.5554552078e-01
1.0000000000e+02,5.1800000000e+02,6.0000000000e+00,8.6802375317e-01
1.0000000000e+02,5.1800000000e+02,7.0000000000e+00,8.7594383955e-01
1.0000000000e+02,5.1800000000e+02,8.0000000000e+00,8.8089865446e-01
1.0000000000e+02,5.1800000000e+02,9.0000000000e+00,8.8400542736e-01
1.0000000000e+02,5.1800000000e+02,1.0000000000e+01,8.8595670462e-01
1.0000000000e+02,5.1800000000e+02,1.1000000000e+01,8.8718831539e-01
1.0000000000e+02,5.1800000000e+02,1.2000000000e+01,8.8796943426e-01
1.0000000000e+02,5.1800000000e+02,1.3000000000e+01,8.8846731186e-01
1.0000000000e+02,5.1800000000e+02,1.4000000000e+01,8.8878613710e-01
1.0000000000e+02,5.1800000000e+02,1.5000000000e+01,8.8899135590e-01
1.0000000000e+02,5.1800000000e+02,1.6000000000e+01,8.8912397623e-01
1.0000000000e+02,5.1800000000e+02,1.7000000000e+01,8.8921010494e-01
1.0000000000e+02,5.1800000000e+02,1.8000000000e+01,8.8926613331e-01
1.0000000000e+02,5.1800000000e+02,1.9000000000e+01,8.8930273056e-01
1.0000000000e+02,5.1800000000e+02,2.0000000000e+01,8.8932675123e-01
1.0000000000e+02,5.1800000000e+02,2.1000000000e+01,8.8934254646e-01
1.0000000000e+02,5.1800000000e+02,2.2000000000e+01,8.8935297728e-01
1.0000000000e+02,5.1800000000e+02,2.3000000000e+01,8.8935989141e-01
1.0000000000e+02,5.1800000000e+02,2.4000000000e+01,8.8936448097e-01
1.0000000000e+02,5.1800000000e+02,2.5000000000e+01,8.8936746120e-01
1.0000000000e+02,5.1800000000e+02,2.6000000000e+01,8.8936966658e-01
1.0000000000e+02,5.1800000000e+02,2.7000000000e+01,8.8937085867e-01
1.0000000000e+02,5.1800000000e+02,2.8000000000e+01,8.8937187195e-01
1.0000000000e+02,5.1800000000e+02,2.9000000000e+01,8.8937240839e-01
1.0000000000e+02,5.1800000000e+02,3.0000000000e+01,8.8937282562e-01
1.0000000000e+02,5.1800000000e+02,3.1000000000e+01,8.8937318325e-01
1.0000000000e+02,7.2000000000e+02,0.0000000000e+00,1.9964388609e+00
1.0000000000e+02,7.2000000000e+02,1.0000000000e+00,8.6232572794e-01
1.0000000000e+02,7.2000000000e+02,2.0000000000e+00,7.3451948166e-01
1.0000000000e+02,7.2000000000e+02,3.0000000000e+00,7.5338578224e-01
1.0000000000e+02,7.2000000000e+02,4.0000000000e+00,7.7107846737e-01
1.0000000000e+02,7.2000000000e+02,5.0000000000e+00,7.8203278780e-01
1.0000000000e+02,7.2000000000e+02,6.0000000000e+00,7.8809118271e-01
1.0000000000e+02,7.2000000000e+02,7.0000000000e+00,7.9139542580e-01
1.0000000000e+02,7.2000000000e+02,8.0000000000e+00,7.9318505526e-01
1.0000000000e+02,7.2000000000e+02,9.0000000000e+00,7.9415947199e-01
1.0000000000e+02,7.2000000000e+02,1.0000000000e+01,7.9469263554e-01
1.0000000000e+02,7.2000000000e+02,1.1000000000e+01,7.9498666525e-01
1.0000000000e+02,7.2000000000e+02,1.2000000000e+01,7.9514962435e-01
1.0000000000e+02,7.2000000000e+02,1.3000000000e+01,7.9524070024e-01
1.0000000000e+02,7.2000000000e+02,1.4000000000e+01,7.9529190063e-01
1.0000000000e+02,7.2000000000e+02,1.5000000000e+01,7.9532068968e-01
1.0000000000e+02,7.2000000000e+02,1.6000000000e+01,7.9533714056e-01
1.0000000000e+02,7.2000000000e+02,1.7000000000e+01,7.9534649849e-01
1.0000000000e+02,7.2000000000e+02,1.8000000000e+01,7.9535180330e-01
1.0000000000e+02,7.2000000000e+02,1.9000000000e+01,7.9535490274e-01
1.0000000000e+02,7.2000000000e+02,2.0000000000e+01,7.9535663128e-01
1.0000000000e+02,7.2000000000e+02,2.1000000000e+01,7.9535770416e-01
1.0000000000e+02,7.2000000000e+02,2.2000000000e+01,7.9535824060e-01
1.0000000000e+02,7.2000000000e+02,2.3000000000e+01,7.9535865784e-01
1.0000000000e+02,7.2000000000e+02,2.4000000000e+01,7.9535877705e-01
1.0000000000e+02,7.2000000000e+02,2.5000000000e+01,7.9535895586e-01
1.0000000000e+02,7.2000000000e+02,2.6000000000e+01,7.9535895586e-01
1.0000000000e+02,7.2000000000e+02,2.7000000000e+01,7.9535901546e-01
1.0000000000e+02,7.2000000000e+02,2.8000000000e+01,7.9535907507e-01
1.0000000000e+02,7.2000000000e+02,2.9000000000e+01,7.9535907507e-01
1.0000000000e+02,7.2000000000e+02,3.0000000000e+01,7.9535907507e-01
1.0000000000e+02,7.2000000000e+02,3.1000000000e+01,7.9535907507e-01
1.0000000000e+02,1.0000000000e+03,0.0000000000e+00,1.9934200048e+00
1.0000000000e+02,1.0000000000e+03,1.0000000000e+00,7.4710124731e-01
1.0000000000e+02,1.0000000000e+03,2.0000000000e+00,6.2752151489e-01
1.0000000000e+02,1.0000000000e+03,3.0000000000e+00,6.4241683483e-01
1.0000000000e+02,1.0000000000e+03,4.0000000000e+00,6.5591704845e-01
1.0000000000e+02,1.0000000000e+03,5.0000000000e+00,6.6344636679e-01
1.0000000000e+02,1.0000000000e+03,6.0000000000e+00,6.6725969315e-01
1.0000000000e+02,1.0000000000e+03,7.0000000000e+00,6.6915845871e-01
1.0000000000e+02,1.0000000000e+03,8.0000000000e+00,6.7010217905e-01
1.0000000000e+02,1.0000000000e+03,9.0000000000e+00,6.7057394981e-01
1.0000000000e+02,1.0000000000e+03,1.0000000000e+01,6.7081147432e-01
1.0000000000e+02,1.0000000000e+03,1.1000000000e+01,6.7093193531e-01
1.0000000000e+02,1.0000000000e+03,1.2000000000e+01,6.7099362612e-01
1.0000000000e+02,1.0000000000e+03,1.3000000000e+01,6.7102527618e-01
1.0000000000e+02,1.0000000000e+03,1.4000000000e+01,6.7104166746e-01
1.0000000000e+02,1.0000000000e+03,1.5000000000e+01,6.7105019093e-01
1.0000000000e+02,1.0000000000e+03,1.6000000000e+01,6.7105472088e-01
1.0000000000e+02,1.0000000000e+03,1.7000000000e+01,6.7105704546e-01
1.0000000000e+02,1.0000000000e+03,1.8000000000e+01,6.7105829716e-01
1.0000000000e+02,1.0000000000e+03,1.9000000000e+01,6.7105895281e-01
1.0000000000e+02,1.0000000000e+03,2.0000000000e+01,6.7105925083e-01
1.0000000000e+02,1.0000000000e+03,2.1000000000e+01,6.7105948925e-01
1.0000000000e+02,1.0000000000e+03,2.2000000000e+01,6.7105954885e-01
1.0000000000e+02,1.0000000000e+03,2.3000000000e+01,6.7105960846e-01
1.0000000000e+02,1.0000000000e+03,2.4000000000e+01,6.7105966806e-01
1.0000000000e+02,1.0000000000e+03,2.5000000000e+01,6.7105966806e-01
1.0000000000e+02,1.0000000000e+03,2.6000000000e+01,6.7105966806e-01
1.0000000000e+02,1.0000000000e+03,2.7000000000e+01,6.7105966806e-01
1.0000000000e+02,1.0000000000e+03,2.8000000000e+01,6.7105966806e-01
1.0000000000e+02,1.0000000000e+03,2.9000000000e+01,6.7105972767e-01
1.0000000000e+02,1.0000000000e+03,3.0000000000e+01,6.7105966806e-01
1.0000000000e+02,1.0000000000e+03,3.1000000000e+01,6.7105972767e-01
1.3900000000e+02,1.0000000000e+01,0.0000000000e+00,2.0066840649e+00
1.3900000000e+02,1.0000000000e+01,1.0000000000e+00,2.5287766457e+00
1.3900000000e+02,1.0000000000e+01,2.0000000000e+00,3.4735062122e+00
1.3900000000e+02,1.0000000000e+01,3.0000000000e+00,5.0437960625e+00
1.3900000000e+02,1.0000000000e+01,4.0000000000e+00,7.1056842804e+00
1.3900000000e+02,1.0000000000e+01,5.0000000000e+00,9.7238016129e+00
1.3900000000e+02,1.0000000000e+01,6.0000000000e+00,1.2846473694e+01
1.3900000000e+02,1.0000000000e+01,7.0000000000e+00,1.6523664474e+01
1.3900000000e+02,1.0000000000e+01,8.0000000000e+00,2.0712430954e+01
1.3900000000e+02,1.0000000000e+01,9.0000000000e+00,2.5458290100e+01
1.3900000000e+02,1.0000000000e+01,1.0000000000e+01,3.0718881607e+01
1.3900000000e+02,1.0000000000e+01,1.1000000000e+01,3.6540447235e+01
1.3900000000e+02,1.0000000000e+01,1.2000000000e+01,4.2877597809e+01
1.3900000000e+02,1.0000000000e+01,1.3000000000e+01,4.9778018951e+01
1.3900000000e+02,1.0000000000e+01,1.4000000000e+01,5.7194839478e+01
1.3900000000e+02,1.0000000000e+01,1.5000000000e+01,6.5175918579e+01
1.3900000000e+02,1.0000000000e+01,1.6000000000e+01,7.3674026489e+01
1.3900000000e+02,1.0000000000e+01,1.7000000000e+01,8.2738037109e+01
1.3900000000e+02,1.0000000000e+01,1.8000000000e+01,9.2319839478e+01
1.3900000000e+02,1.0000000000e+01,1.9000000000e+01,1.0246721649e+02
1.3900000000e+02,1.0000000000e+01,2.0000000000e+01,1.1313336945e+02
1.3900000000e+02,1.0000000000e+01,2.1000000000e+01,1.2436508179e+02
1.3900000000e+02,1.0000000000e+01,2.2000000000e+01,1.3611578369e+02
1.3900000000e+02,1.0000000000e+01,2.3000000000e+01,1.4843293762e+02
1.3900000000e+02,1.0000000000e+01,2.4000000000e+01,1.6126895142e+02
1.3900000000e+02,1.0000000000e+01,2.5000000000e+01,1.7467193604e+02
1.3900000000e+02,1.0000000000e+01,2.6000000000e+01,1.8859429932e+02
1.3900000000e+02,1.0000000000e+01,2.7000000000e+01,2.0308277893e+02
1.3900000000e+02,1.0000000000e+01,2.8000000000e+01,2.1809059143e+02
1.3900000000e+02,1.0000000000e+01,2.9000000000e+01,2.3366601562e+02
1.3900000000e+02,1.0000000000e+01,3.0000000000e+01,2.4976031494e+02
1.3900000000e+02,1.0000000000e+01,3.1000000000e+01,2.6642214966e+02
1.3900000000e+02,1.4000000000e+01,0.0000000000e+00,1.9996024370e+00
1.3900000000e+02,1.4000000000e+01,1.0000000000e+00,2.4336359501e+00
1.3900000000e+02,1.4000000000e+01,2.0000000000e+00,3.4096274376e+00
1.3900000000e+02,1.4000000000e+01,3.0000000000e+00,5.0149931908e+00
1.3900000000e+02,1.4000000000e+01,4.0000000000e+00,7.1192507744e+00
1.3900000000e+02,1.4000000000e+01,5.0000000000e+00,9.7766008377e+00
1.3900000000e+02,1.4000000000e+01,6.0000000000e+00,1.2935601234e+01
1.3900000000e+02,1.4000000000e+01,7.0000000000e+00,1.6641212463e+01
1.3900000000e+02,1.4000000000e+01,8.0000000000e+00,2.0852205276e+01
1.3900000000e+02,1.4000000000e+01,9.0000000000e+00,2.5608739853e+01
1.3900000000e+02,1.4000000000e+01,1.0000000000e+01,3.0874317169e+01
1.3900000000e+02,1.4000000000e+01,1.1000000000e+01,3.6687545776e+01
1.3900000000e+02,1.4000000000e+01,1.2000000000e+01,4.3010112762e+01
1.3900000000e+02,1.4000000000e+01,1.3000000000e+01,4.9881927490e+01
1.3900000000e+02,1.4000000000e+01,1.4000000000e+01,5.7261753082e+01
1.3900000000e+02,1.4000000000e+01,1.5000000000e+01,6.5194007874e+01
1.3900000000e+02,1.4000000000e+01,1.6000000000e+01,7.3635803223e+01
1.3900000000e+02,1.4000000000e+01,1.7000000000e+01,8.2629859924e+01
1.3900000000e+02,1.4000000000e+01,1.8000000000e+01,9.2133422852e+01
1.3900000000e+02,1.4000000000e+01,1.9000000000e+01,1.0219107819e+02
1.3900000000e+02,1.4000000000e+01,2.0000000000e+01,1.1275906372e+02
1.3900000000e+02,1.4000000000e+01,2.1000000000e+01,1.2388110352e+02
1.3900000000e+02,1.4000000000e+01,2.2000000000e+01,1.3551170349e+02
1.3900000000e+02,1.4000000000e+01,2.3000000000e+01,1.4769903564e+02
1.3900000000e+02,1.4000000000e+01,2.4000000000e+01,1.6039569092e+02
1.3900000000e+02,1.4000000000e+01,2.5000000000e+01,1.7364884949e+02
1.3900000000e+02,1.4000000000e+01,2.6000000000e+01,1.8741073608e+02
1.3900000000e+02,1.4000000000e+01,2.7000000000e+01,2.0172993469e+02
1.3900000000e+02,1.4000000000e+01,2.8000000000e+01,2.1655725098e+02
1.3900000000e+02,1.4000000000e+01,2.9000000000e+01,2.3194491577e+02
1.3900000000e+02,1.4000000000e+01,3.0000000000e+01,2.4783839417e+02
1.3900000000e+02,1.4000000000e+01,3.1000000000e+01,2.6429241943e+02
1.3900000000e+02,1.9000000000e+01,0.0000000000e+00,2.0011832714e+00
1.3900000000e+02,1.9000000000e+01,1.0000000000e+00,2.3592076302e+00
1.3900000000e+02,1.9000000000e+01,2.0000000000e+00,3.2724893093e+00
1.3900000000e+02,1.9000000000e+01,3.0000000000e+00,4.7661838531e+00
1.3900000000e+02,1.9000000000e+01,4.0000000000e+00,6.6941790581e+00
1.3900000000e+02,1.9000000000e+01,5.0000000000e+00,9.1167306900e+00
1.3900000000e+02,1.9000000000e+01,6.0000000000e+00,1.1964730263e+01
1.3900000000e+02,1.9000000000e+01,7.0000000000e+00,1.5296860695e+01
1.3900000000e+02,1.9000000000e+01,8.0000000000e+00,1.9050878525e+01
1.3900000000e+02,1.9000000000e+01,9.0000000000e+00,2.3291501999e+01
1.3900000000e+02,1.9000000000e+01,1.0000000000e+01,2.7952959061e+01
1.3900000000e+02,1.9000000000e+01,1.1000000000e+01,3.3104366302e+01
1.3900000000e+02,1.9000000000e+01,1.2000000000e+01,3.8675735474e+01
1.3900000000e+02,1.9000000000e+01,1.3000000000e+01,4.4738254547e+01
1.3900000000e+02,1.9000000000e+01,1.4000000000e+01,5.1218784332e+01
1.3900000000e+02,1.9000000000e+01,1.5000000000e+01,5.8195915222e+01
1.3900000000e+02,1.9000000000e+01,1.6000000000e+01,6.5588272095e+01
1.3900000000e+02,1.9000000000e+01,1.7000000000e+01,7.3479759216e+01
1.3900000000e+02,1.9000000000e+01,1.8000000000e+01,8.1784156799e+01
1.3900000000e+02,1.9000000000e+01,1.9000000000e+01,9.0592170715e+01
1.3900000000e+02,1.9000000000e+01,2.0000000000e+01,9.9813911438e+01
1.3900000000e+02,1.9000000000e+01,2.1000000000e+01,1.0954087830e+02
1.3900000000e+02,1.9000000000e+01,2.2000000000e+01,1.1967280579e+02
1.3900000000e+02,1.9000000000e+01,2.3000000000e+01,1.3031782532e+02
1.3900000000e+02,1.9000000000e+01,2.4000000000e+01,1.4136918640e+02
1.3900000000e+02,1.9000000000e+01,2.5000000000e+01,1.5293478394e+02
1.3900000000e+02,1.9000000000e+01,2.6000000000e+01,1.6490257263e+02
1.3900000000e+02,1.9000000000e+01,2.7000000000e+01,1.7738780212e+02
1.3900000000e+02,1.9000000000e+01,2.8000000000e+01,1.9027174377e+02
1.3900000000e+02,1.9000000000e+01,2.9000000000e+01,2.0367837524e+02
1.3900000000e+02,1.9000000000e+01,3.0000000000e+01,2.1747964478e+02
1.3900000000e+02,1.9000000000e+01,3.1000000000e+01,2.3180609131e+02
1.3900000000e+02,2.7000000000e+01,0.0000000000e+00,2.0064032078e+00
1.3900000000e+02,2.7000000000e+01,1.0000000000e+00,2.2361729145e+00
1.3900000000e+02,2.7000000000e+01,2.0000000000e+00,2.9360928535e+00
1.3900000000e+02,2.7000000000e+01,3.0000000000e+00,4.0961871147e+00
1.3900000000e+02,2.7000000000e+01,4.0000000000e+00,5.5549831390e+00
1.3900000000e+02,2.7000000000e+01,5.0000000000e+00,7.3580570221e+00
1.3900000000e+02,2.7000000000e+01,6.0000000000e+00,9.4440803528e+00
1.3900000000e+02,2.7000000000e+01,7.0000000000e+00,1.1855656624e+01
1.3900000000e+02,2.7000000000e+01,8.0000000000e+00,1.4542888641e+01
1.3900000000e+02,2.7000000000e+01,9.0000000000e+00,1.7554080963e+01
1.3900000000e+02,2.7000000000e+01,1.0000000000e+01,2.0837356567e+01
1.3900000000e+02,2.7000000000e+01,1.1000000000e+01,2.4445724487e+01
1.3900000000e+02,2.7000000000e+01,1.2000000000e+01,2.8323694229e+01
1.3900000000e+02,2.7000000000e+01,1.3000000000e+01,3.2527782440e+01
1.3900000000e+02,2.7000000000e+01,1.4000000000e+01,3.6999656677e+01
1.3900000000e+02,2.7000000000e+01,1.5000000000e+01,4.1800125122e+01
1.3900000000e+02,2.7000000000e+01,1.6000000000e+01,4.6865612030e+01
1.3900000000e+02,2.7000000000e+01,1.7000000000e+01,5.2262928009e+01
1.3900000000e+02,2.7000000000e+01,1.8000000000e+01,5.7923999786e+01
1.3900000000e+02,2.7000000000e+01,1.9000000000e+01,6.3919612885e+01
1.3900000000e+02,2.7000000000e+01,2.0000000000e+01,7.0174621582e+01
1.3900000000e+02,2.7000000000e+01,2.1000000000e+01,7.6768905640e+01
1.3900000000e+02,2.7000000000e+01,2.2000000000e+01,8.3620819092e+01
1.3900000000e+02,2.7000000000e+01,2.3000000000e+01,9.0813400269e+01
1.3900000000e+02,2.7000000000e+01,2.4000000000e+01,9.8264167786e+01
1.3900000000e+02,2.7000000000e+01,2.5000000000e+01,1.0605566406e+02
1.3900000000e+02,2.7000000000e+01,2.6000000000e+01,1.1410350800e+02
1.3900000000e+02,2.7000000000e+01,2.7000000000e+01,1.2249401855e+02
1.3900000000e+02,2.7000000000e+01,2.8000000000e+01,1.3114067078e+02
1.3900000000e+02,2.7000000000e+01,2.9000000000e+01,1.4013259888e+02
1.3900000000e+02,2.7000000000e+01,3.0000000000e+01,1.4937844849e+02
1.3900000000e+02,2.7000000000e+01,3.1000000000e+01,1.5897016907e+02
1.3900000000e+02,3.7000000000e+01,0.0000000000e+00,2.0060307980e+00
1.3900000000e+02,3.7000000000e+01,1.0000000000e+00,2.0851125717e+00
1.3900000000e+02,3.7000000000e+01,2.0000000000e+00,2.5740919113e+00
1.3900000000e+02,3.7000000000e+01,3.0000000000e+00,3.4356322289e+00
1.3900000000e+02,3.7000000000e+01,4.0000000000e+00,4.5003056526e+00
1.3900000000e+02,3.7000000000e+01,5.0000000000e+00,5.7936983109e+00
1.3900000000e+02,3.7000000000e+01,6.0000000000e+00,7.2657504082e+00
1.3900000000e+02,3.7000000000e+01,7.0000000000e+00,8.9418001175e+00
1.3900000000e+02,3.7000000000e+01,8.0000000000e+00,1.0789135933e+01
1.3900000000e+02,3.7000000000e+01,9.0000000000e+00,1.2832126617e+01
1.3900000000e+02,3.7000000000e+01,1.0000000000e+01,1.5043116570e+01
1.3900000000e+02,3.7000000000e+01,1.1000000000e+01,1.7446403503e+01
1.3900000000e+02,3.7000000000e+01,1.2000000000e+01,2.0016109467e+01
1.3900000000e+02,3.7000000000e+01,1.3000000000e+01,2.2775924683e+01
1.3900000000e+02,3.7000000000e+01,1.4000000000e+01,2.5701169968e+01
1.3900000000e+02,3.7000000000e+01,1.5000000000e+01,2.8817920685e+01
1.3900000000e+02,3.7000000000e+01,1.6000000000e+01,3.2097782135e+01
1.3900000000e+02,3.7000000000e+01,1.7000000000e+01,3.5568771362e+01
1.3900000000e+02,3.7000000000e+01,1.8000000000e+01,3.9203567505e+01
1.3900000000e+02,3.7000000000e+01,1.9000000000e+01,4.3029468536e+01
1.3900000000e+02,3.7000000000e+01,2.0000000000e+01,4.7018333435e+01
1.3900000000e+02,3.7000000000e+01,2.1000000000e+01,5.1198993683e+01
1.3900000000e+02,3.7000000000e+01,2.2000000000e+01,5.5542991638e+01
1.3900000000e+02,3.7000000000e+01,2.3000000000e+01,6.0079029083e+01
1.3900000000e+02,3.7000000000e+01,2.4000000000e+01,6.4777435303e+01
1.3900000000e+02,3.7000000000e+01,2.5000000000e+01,6.9668266296e+01
1.3900000000e+02,3.7000000000e+01,2.6000000000e+01,7.4722015381e+01
1.3900000000e+02,3.7000000000e+01,2.7000000000e+01,7.9968246460e+01
1.3900000000e+02,3.7000000000e+01,2.8000000000e+01,8.5377662659e+01
1.3900000000e+02,3.7000000000e+01,2.9000000000e+01,9.0979988098e+01
1.3900000000e+02,3.7000000000e+01,3.0000000000e+01,9.6745941162e+01
1.3900000000e+02,3.7000000000e+01,3.1000000000e+01,1.0270448303e+02
1.3900000000e+02,5.2000000000e+01,0.0000000000e+00,2.0024101734e+00
1.3900000000e+02,5.2000000000e+01,1.0000000000e+00,1.9556636810e+00
1.3900000000e+02,5.2000000000e+01,2.0000000000e+00,2.3338780403e+00
1.3900000000e+02,5.2000000000e+01,3.0000000000e+00,3.0451340675e+00
1.3900000000e+02,5.2000000000e+01,4.0000000000e+00,3.9002707005e+00
1.3900000000e+02,5.2000000000e+01,5.0000000000e+00,4.9191370010e+00
1.3900000000e+02,5.2000000000e+01,6.0000000000e+00,6.0506834984e+00
1.3900000000e+02,5.2000000000e+01,7.0000000000e+00,7.3166275024e+00
1.3900000000e+02,5.2000000000e+01,8.0000000000e+00,8.6851758957e+00
1.3900000000e+02,5.2000000000e+01,9.0000000000e+00,1.0177430153e+01
1.3900000000e+02,5.2000000000e+01,1.0000000000e+01,1.1766620636e+01
1.3900000000e+02,5.2000000000e+01,1.1000000000e+01,1.3475078583e+01
1.3900000000e+02,5.2000000000e+01,1.2000000000e+01,1.5275712967e+01
1.3900000000e+02,5.2000000000e+01,1.3000000000e+01,1.7194496155e+01
1.3900000000e+02,5.2000000000e+01,1.4000000000e+01,1.9201835632e+01
1.3900000000e+02,5.2000000000e+01,1.5000000000e+01,2.1328722000e+01
1.3900000000e+02,5.2000000000e+01,1.6000000000e+01,2.3539649963e+01
1.3900000000e+02,5.2000000000e+01,1.7000000000e+01,2.5872455597e+01
1.3900000000e+02,5.2000000000e+01,1.8000000000e+01,2.8286300659e+01
1.3900000000e+02,5.2000000000e+01,1.9000000000e+01,3.0822946548e+01
1.3900000000e+02,5.2000000000e+01,2.0000000000e+01,3.3437671661e+01
1.3900000000e+02,5.2000000000e+01,2.1000000000e+01,3.6176811218e+01
1.3900000000e+02,5.2000000000e+01,2.2000000000e+01,3.8992256165e+01
1.3900000000e+02,5.2000000000e+01,2.3000000000e+01,4.1935047150e+01
1.3900000000e+02,5.2000000000e+01,2.4000000000e+01,4.4950172424e+01
1.3900000000e+02,5.2000000000e+01,2.5000000000e+01,4.8094417572e+01
1.3900000000e+02,5.2000000000e+01,2.6000000000e+01,5.1309108734e+01
1.3900000000e+02,5.2000000000e+01,2.7000000000e+01,5.4656482697e+01
1.3900000000e+02,5.2000000000e+01,2.8000000000e+01,5.8071350098e+01
1.3900000000e+02,5.2000000000e+01,2.9000000000e+01,6.1620513916e+01
1.3900000000e+02,5.2000000000e+01,3.0000000000e+01,6.5235397339e+01
1.3900000000e+02,5.2000000000e+01,3.1000000000e+01,6.8987174988e+01
1.3900000000e+02,7.2000000000e+01,0.0000000000e+00,2.0033040047e+00
1.3900000000e+02,7.2000000000e+01,1.0000000000e+00,1.7543194294e+00
1.3900000000e+02,7.2000000000e+01,2.0000000000e+00,1.9480642080e+00
1.3900000000e+02,7.2000000000e+01,3.0000000000e+00,2.4259653091e+00
1.3900000000e+02,7.2000000000e+01,4.0000000000e+00,2.9933800697e+00
1.3900000000e+02,7.2000000000e+01,5.0000000000e+00,3.6504588127e+00
1.3900000000e+02,7.2000000000e+01,6.0000000000e+00,4.3607521057e+00
1.3900000000e+02,7.2000000000e+01,7.0000000000e+00,5.1313571930e+00
1.3900000000e+02,7.2000000000e+01,8.0000000000e+00,5.9447512627e+00
1.3900000000e+02,7.2000000000e+01,9.0000000000e+00,6.8078765869e+00
1.3900000000e+02,7.2000000000e+01,1.0000000000e+01,7.7086153030e+00
1.3900000000e+02,7.2000000000e+01,1.1000000000e+01,8.6547374725e+00
1.3900000000e+02,7.2000000000e+01,1.2000000000e+01,9.6349096298e+00
1.3900000000e+02,7.2000000000e+01,1.3000000000e+01,1.0658349991e+01
1.3900000000e+02,7.2000000000e+01,1.4000000000e+01,1.1712643623e+01
1.3900000000e+02,7.2000000000e+01,1.5000000000e+01,1.2809633255e+01
1.3900000000e+02,7.2000000000e+01,1.6000000000e+01,1.3934799194e+01
1.3900000000e+02,7.2000000000e+01,1.7000000000e+01,1.5102692604e+01
1.3900000000e+02,7.2000000000e+01,1.8000000000e+01,1.6296688080e+01
1.3900000000e+02,7.2000000000e+01,1.9000000000e+01,1.7533197403e+01
1.3900000000e+02,7.2000000000e+01,2.0000000000e+01,1.8794683456e+01
1.3900000000e+02,7.2000000000e+01,2.1000000000e+01,2.0098230362e+01
1.3900000000e+02,7.2000000000e+01,2.2000000000e+01,2.1425279617e+01
1.3900000000e+02,7.2000000000e+01,2.3000000000e+01,2.2795831680e+01
1.3900000000e+02,7.2000000000e+01,2.4000000000e+01,2.4188447952e+01
1.3900000000e+02,7.2000000000e+01,2.5000000000e+01,2.5624870300e+01
1.3900000000e+02,7.2000000000e+01,2.6000000000e+01,2.7082014084e+01
1.3900000000e+02,7.2000000000e+01,2.7000000000e+01,2.8584135056e+01
1.3900000000e+02,7.2000000000e+01,2.8000000000e+01,3.0104602814e+01
1.3900000000e+02,7.2000000000e+01,2.9000000000e+01,3.1671632767e+01
1.3900000000e+02,7.2000000000e+01,3.0000000000e+01,3.3255641937e+01
1.3900000000e+02,7.2000000000e+01,3.1000000000e+01,3.4887557983e+01
1.3900000000e+02,1.0000000000e+02,0.0000000000e+00,2.0028181076e+00
1.3900000000e+02,1.0000000000e+02,1.0000000000e+00,1.5624951124e+00
1.3900000000e+02,1.0000000000e+02,2.0000000000e+00,1.6390044689e+00
1.3900000000e+02,1.0000000000e+02,3.0000000000e+00,1.9545633793e+00
1.3900000000e+02,1.0000000000e+02,4.0000000000e+00,2.3220024109e+00
1.3900000000e+02,1.0000000000e+02,5.0000000000e+00,2.7317233086e+00
1.3900000000e+02,1.0000000000e+02,6.0000000000e+00,3.1556100845e+00
1.3900000000e+02,1.0000000000e+02,7.0000000000e+00,3.5963568687e+00
1.3900000000e+02,1.0000000000e+02,8.0000000000e+00,4.0428552628e+00
1.3900000000e+02,1.0000000000e+02,9.0000000000e+00,4.4985108376e+00
1.3900000000e+02,1.0000000000e+02,1.0000000000e+01,4.9566211700e+00
1.3900000000e+02,1.0000000000e+02,1.1000000000e+01,5.4206776619e+00
1.3900000000e+02,1.0000000000e+02,1.2000000000e+01,5.8853845596e+00
1.3900000000e+02,1.0000000000e+02,1.3000000000e+01,6.3547554016e+00
1.3900000000e+02,1.0000000000e+02,1.4000000000e+01,6.8234281540e+00
1.3900000000e+02,1.0000000000e+02,1.5000000000e+01,7.2964396477e+00
1.3900000000e+02,1.0000000000e+02,1.6000000000e+01,7.7675457001e+00
1.3900000000e+02,1.0000000000e+02,1.7000000000e+01,8.2433023453e+00
1.3900000000e+02,1.0000000000e+02,1.8000000000e+01,8.7159709930e+00
1.3900000000e+02,1.0000000000e+02,1.9000000000e+01,9.1935091019e+00
1.3900000000e+02,1.0000000000e+02,2.0000000000e+01,9.6672649384e+00
1.3900000000e+02,1.0000000000e+02,2.1000000000e+01,1.0146317482e+01
1.3900000000e+02,1.0000000000e+02,2.2000000000e+01,1.0621088028e+01
1.3900000000e+02,1.0000000000e+02,2.3000000000e+01,1.1101192474e+01
1.3900000000e+02,1.0000000000e+02,2.4000000000e+01,1.1576406479e+01
1.3900000000e+02,1.0000000000e+02,2.5000000000e+01,1.2057984352e+01
1.3900000000e+02,1.0000000000e+02,2.6000000000e+01,1.2534046173e+01
1.3900000000e+02,1.0000000000e+02,2.7000000000e+01,1.3017024994e+01
1.3900000000e+02,1.0000000000e+02,2.8000000000e+01,1.3493627548e+01
1.3900000000e+02,1.0000000000e+02,2.9000000000e+01,1.3977676392e+01
1.3900000000e+02,1.0000000000e+02,3.0000000000e+01,1.4454624176e+01
1.3900000000e+02,1.0000000000e+02,3.1000000000e+01,1.4939744949e+01
1.3900000000e+02,1.3900000000e+02,0.0000000000e+00,2.0024638176e+00
1.3900000000e+02,1.3900000000e+02,1.0000000000e+00,1.3880722523e+00
1.3900000000e+02,1.3900000000e+02,2.0000000000e+00,1.3705086708e+00
1.3900000000e+02,1.3900000000e+02,3.0000000000e+00,1.5642621517e+00
1.3900000000e+02,1.3900000000e+02,4.0000000000e+00,1.7842260599e+00
1.3900000000e+02,1.3900000000e+02,5.0000000000e+00,2.0165057182e+00
1.3900000000e+02,1.3900000000e+02,6.0000000000e+00,2.2421836853e+00
1.3900000000e+02,1.3900000000e+02,7.0000000000e+00,2.4618473053e+00
1.3900000000e+02,1.3900000000e+02,8.0000000000e+00,2.6711645126e+00
1.3900000000e+02,1.3900000000e+02,9.0000000000e+00,2.8715066910e+00
1.3900000000e+02,1.3900000000e+02,1.0000000000e+01,3.0616388321e+00
1.3900000000e+02,1.3900000000e+02,1.1000000000e+01,3.2428388596e+00
1.3900000000e+02,1.3900000000e+02,1.2000000000e+01,3.4147286415e+00
1.3900000000e+02,1.3900000000e+02,1.3000000000e+01,3.5784454346e+00
1.3900000000e+02,1.3900000000e+02,1.4000000000e+01,3.7338588238e+00
1.3900000000e+02,1.3900000000e+02,1.5000000000e+01,3.8819794655e+00
1.3900000000e+02,1.3900000000e+02,1.6000000000e+01,4.0227489471e+00
1.3900000000e+02,1.3900000000e+02,1.7000000000e+01,4.1570639610e+00
1.3900000000e+02,1.3900000000e+02,1.8000000000e+01,4.2848744392e+00
1.3900000000e+02,1.3900000000e+02,1.9000000000e+01,4.4069633484e+00
1.3900000000e+02,1.3900000000e+02,2.0000000000e+01,4.5232934952e+00
1.3900000000e+02,1.3900000000e+02,2.1000000000e+01,4.6345353127e+00
1.3900000000e+02,1.3900000000e+02,2.2000000000e+01,4.7406711578e+00
1.3900000000e+02,1.3900000000e+02,2.3000000000e+01,4.8422636986e+00
1.3900000000e+02,1.3900000000e+02,2.4000000000e+01,4.9393310547e+00
1.3900000000e+02,1.3900000000e+02,2.5000000000e+01,5.0323133469e+00
1.3900000000e+02,1.3900000000e+02,2.6000000000e+01,5.1212868690e+00
1.3900000000e+02,1.3900000000e+02,2.7000000000e+01,5.2065677643e+00
1.3900000000e+02,1.3900000000e+02,2.8000000000e+01,5.2882862091e+00
1.3900000000e+02,1.3900000000e+02,2.9000000000e+01,5.3666558266e+00
1.3900000000e+02,1.3900000000e+02,3.0000000000e+01,5.4418315887e+00
1.3900000000e+02,1.3900000000e+02,3.1000000000e+01,5.5139622688e+00
1.3900000000e+02,1.9300000000e+02,0.0000000000e+00,1.9996377230e+00
1.3900000000e+02,1.9300000000e+02,1.0000000000e+00,1.4071316719e+00
1.3900000000e+02,1.9300000000e+02,2.0000000000e+00,1.3950276375e+00
1.3900000000e+02,1.9300000000e+02,3.0000000000e+00,1.5294783115e+00
1.3900000000e+02,1.9300000000e+02,4.0000000000e+00,1.6652592421e+00
1.3900000000e+02,1.9300000000e+02,5.0000000000e+00,1.7938354015e+00
1.3900000000e+02,1.9300000000e+02,6.0000000000e+00,1.9061436653e+00
1.3900000000e+02,1.9300000000e+02,7.0000000000e+00,2.0048241615e+00
1.3900000000e+02,1.9300000000e+02,8.0000000000e+00,2.0899310112e+00
1.3900000000e+02,1.9300000000e+02,9.0000000000e+00,2.1636970043e+00
1.3900000000e+02,1.9300000000e+02,1.0000000000e+01,2.2273592949e+00
1.3900000000e+02,1.9300000000e+02,1.1000000000e+01,2.2823972702e+00
1.3900000000e+02,1.9300000000e+02,1.2000000000e+01,2.3300611973e+00
1.3900000000e+02,1.9300000000e+02,1.3000000000e+01,2.3712739944e+00
1.3900000000e+02,1.9300000000e+02,1.4000000000e+01,2.4071214199e+00
1.3900000000e+02,1.9300000000e+02,1.5000000000e+01,2.4381313324e+00
1.3900000000e+02,1.9300000000e+02,1.6000000000e+01,2.4652421474e+00
1.3900000000e+02,1.9300000000e+02,1.7000000000e+01,2.4886875153e+00
1.3900000000e+02,1.9300000000e+02,1.8000000000e+01,2.5093088150e+00
1.3900000000e+02,1.9300000000e+02,1.9000000000e+01,2.5271141529e+00
1.3900000000e+02,1.9300000000e+02,2.0000000000e+01,2.5428881645e+00
1.3900000000e+02,1.9300000000e+02,2.1000000000e+01,2.5564644337e+00
1.3900000000e+02,1.9300000000e+02,2.2000000000e+01,2.5685968399e+00
1.3900000000e+02,1.9300000000e+02,2.3000000000e+01,2.5789847374e+00
1.3900000000e+02,1.9300000000e+02,2.4000000000e+01,2.5883657932e+00
1.3900000000e+02,1.9300000000e+02,2.5000000000e+01,2.5963385105e+00
1.3900000000e+02,1.9300000000e+02,2.6000000000e+01,2.6036307812e+00
1.3900000000e+02,1.9300000000e+02,2.7000000000e+01,2.6097643375e+00
1.3900000000e+02,1.9300000000e+02,2.8000000000e+01,2.6154623032e+00
1.3900000000e+02,1.9300000000e+02,2.9000000000e+01,2.6201891899e+00
1.3900000000e+02,1.9300000000e+02,3.0000000000e+01,2.6246628761e+00
1.3900000000e+02,1.9300000000e+02,3.1000000000e+01,2.6283113956e+00
1.3900000000e+02,2.6800000000e+02,0.0000000000e+00,2.0024225712e+00
1.3900000000e+02,2.6800000000e+02,1.0000000000e+00,1.0702117682e+00
1.3900000000e+02,2.6800000000e+02,2.0000000000e+00,9.1635000706e-01
1.3900000000e+02,2.6800000000e+02,3.0000000000e+00,9.5645916462e-01
1.3900000000e+02,2.6800000000e+02,4.0000000000e+00,1.0149468184e+00
1.3900000000e+02,2.6800000000e+02,5.0000000000e+00,1.0716280937e+00
1.3900000000e+02,2.6800000000e+02,6.0000000000e+00,1.1193121672e+00
1.3900000000e+02,2.6800000000e+02,7.0000000000e+00,1.1585770845e+00
1.3900000000e+02,2.6800000000e+02,8.0000000000e+00,1.1902048588e+00
1.3900000000e+02,2.6800000000e+02,9.0000000000e+00,1.2156318426e+00
1.3900000000e+02,2.6800000000e+02,1.0000000000e+01,1.2359814644e+00
1.3900000000e+02,2.6800000000e+02,1.1000000000e+01,1.2522903681e+00
1.3900000000e+02,2.6800000000e+02,1.2000000000e+01,1.2653589249e+00
1.3900000000e+02,2.6800000000e+02,1.3000000000e+01,1.2758529186e+00
1.3900000000e+02,2.6800000000e+02,1.4000000000e+01,1.2842897177e+00
1.3900000000e+02,2.6800000000e+02,1.5000000000e+01,1.2910869122e+00
1.3900000000e+02,2.6800000000e+02,1.6000000000e+01,1.2965722084e+00
1.3900000000e+02,2.6800000000e+02,1.7000000000e+01,1.3010075092e+00
1.3900000000e+02,2.6800000000e+02,1.8000000000e+01,1.3045997620e+00
1.3900000000e+02,2.6800000000e+02,1.9000000000e+01,1.3075149059e+00
1.3900000000e+02,2.6800000000e+02,2.0000000000e+01,1.3098843098e+00
1.3900000000e+02,2.6800000000e+02,2.1000000000e+01,1.3118131161e+00
1.3900000000e+02,2.6800000000e+02,2.2000000000e+01,1.3133862019e+00
1.3900000000e+02,2.6800000000e+02,2.3000000000e+01,1.3146708012e+00
1.3900000000e+02,2.6800000000e+02,2.4000000000e+01,1.3157215118e+00
1.3900000000e+02,2.6800000000e+02,2.5000000000e+01,1.3165820837e+00
1.3900000000e+02,2.6800000000e+02,2.6000000000e+01,1.3172878027e+00
1.3900000000e+02,2.6800000000e+02,2.7000000000e+01,1.3178670406e+00
1.3900000000e+02,2.6800000000e+02,2.8000000000e+01,1.3183436394e+00
1.3900000000e+02,2.6800000000e+02,2.9000000000e+01,1.3187359571e+00
1.3900000000e+02,2.6800000000e+02,3.0000000000e+01,1.3190591335e+00
1.3900000000e+02,2.6800000000e+02,3.1000000000e+01,1.3193256855e+00
1.3900000000e+02,3.7300000000e+02,0.0000000000e+00,1.9991019964e+00
1.3900000000e+02,3.7300000000e+02,1.0000000000e+00,9.8641049862e-01
1.3900000000e+02,3.7300000000e+02,2.0000000000e+00,8.3857423067e-01
1.3900000000e+02,3.7300000000e+02,3.0000000000e+00,8.6319160461e-01
1.3900000000e+02,3.7300000000e+02,4.0000000000e+00,8.9849704504e-01
1.3900000000e+02,3.7300000000e+02,5.0000000000e+00,9.2884790897e-01
1.3900000000e+02,3.7300000000e+02,6.0000000000e+00,9.5156645775e-01
1.3900000000e+02,3.7300000000e+02,7.0000000000e+00,9.6809864044e-01
1.3900000000e+02,3.7300000000e+02,8.0000000000e+00,9.7992950678e-01
1.3900000000e+02,3.7300000000e+02,9.0000000000e+00,9.8837006092e-01
1.3900000000e+02,3.7300000000e+02,1.0000000000e+01,9.9438565969e-01
1.3900000000e+02,3.7300000000e+02,1.1000000000e+01,9.9868023396e-01
1.3900000000e+02,3.7300000000e+02,1.2000000000e+01,1.0017533302e+00
1.3900000000e+02,3.7300000000e+02,1.3000000000e+01,1.0039584637e+00
1.3900000000e+02,3.7300000000e+02,1.4000000000e+01,1.0055457354e+00
1.3900000000e+02,3.7300000000e+02,1.5000000000e+01,1.0066916943e+00
1.3900000000e+02,3.7300000000e+02,1.6000000000e+01,1.0075213909e+00
1.3900000000e+02,3.7300000000e+02,1.7000000000e+01,1.0081238747e+00
1.3900000000e+02,3.7300000000e+02,1.8000000000e+01,1.0085625648e+00
1.3900000000e+02,3.7300000000e+02,1.9000000000e+01,1.0088828802e+00
1.3900000000e+02,3.7300000000e+02,2.0000000000e+01,1.0091174841e+00
1.3900000000e+02,3.7300000000e+02,2.1000000000e+01,1.0092895031e+00
1.3900000000e+02,3.7300000000e+02,2.2000000000e+01,1.0094159842e+00
1.3900000000e+02,3.7300000000e+02,2.3000000000e+01,1.0095092058e+00
1.3900000000e+02,3.7300000000e+02,2.4000000000e+01,1.0095781088e+00
1.3900000000e+02,3.7300000000e+02,2.5000000000e+01,1.0096290112e+00
1.3900000000e+02,3.7300000000e+02,2.6000000000e+01,1.0096666813e+00
1.3900000000e+02,3.7300000000e+02,2.7000000000e+01,1.0096948147e+00
1.3900000000e+02,3.7300000000e+02,2.8000000000e+01,1.0097156763e+00
1.3900000000e+02,3.7300000000e+02,2.9000000000e+01,1.0097312927e+00
1.3900000000e+02,3.7300000000e+02,3.0000000000e+01,1.0097428560e+00
1.3900000000e+02,3.7300000000e+02,3.1000000000e+01,1.0097514391e+00
1.3900000000e+02,5.1800000000e+02,0.0000000000e+00,1.9960181713e+00
1.3900000000e+02,5.1800000000e+02,1.0000000000e+00,8.5945296288e-01
1.3900000000e+02,5.1800000000e+02,2.0000000000e+00,6.9425207376e-01
1.3900000000e+02,5.1800000000e+02,3.0000000000e+00,7.0507359505e-01
1.3900000000e+02,5.1800000000e+02,4.0000000000e+00,7.2590881586e-01
1.3900000000e+02,5.1800000000e+02,5.0000000000e+00,7.4237245321e-01
1.3900000000e+02,5.1800000000e+02,6.0000000000e+00,7.5338745117e-01
1.3900000000e+02,5.1800000000e+02,7.0000000000e+00,7.6050966978e-01
1.3900000000e+02,5.1800000000e+02,8.0000000000e+00,7.6503694057e-01
1.3900000000e+02,5.1800000000e+02,9.0000000000e+00,7.6790958643e-01
1.3900000000e+02,5.1800000000e+02,1.0000000000e+01,7.6973354816e-01
1.3900000000e+02,5.1800000000e+02,1.1000000000e+01,7.7089583874e-01
1.3900000000e+02,5.1800000000e+02,1.2000000000e+01,7.7163946629e-01
1.3900000000e+02,5.1800000000e+02,1.3000000000e+01,7.7211749554e-01
1.3900000000e+02,5.1800000000e+02,1.4000000000e+01,7.7242612839e-01
1.3900000000e+02,5.1800000000e+02,1.5000000000e+01,7.7262628078e-01
1.3900000000e+02,5.1800000000e+02,1.6000000000e+01,7.7275657654e-01
1.3900000000e+02,5.1800000000e+02,1.7000000000e+01,7.7284181118e-01
1.3900000000e+02,5.1800000000e+02,1.8000000000e+01,7.7289777994e-01
1.3900000000e+02,5.1800000000e+02,1.9000000000e+01,7.7293449640e-01
1.3900000000e+02,5.1800000000e+02,2.0000000000e+01,7.7295887470e-01
1.3900000000e+02,5.1800000000e+02,2.1000000000e+01,7.7297496796e-01
1.3900000000e+02,5.1800000000e+02,2.2000000000e+01,7.7298569679e-01
1.3900000000e+02,5.1800000000e+02,2.3000000000e+01,7.7299278975e-01
1.3900000000e+02,5.1800000000e+02,2.4000000000e+01,7.7299767733e-01
1.3900000000e+02,5.1800000000e+02,2.5000000000e+01,7.7300083637e-01
1.3900000000e+02,5.1800000000e+02,2.6000000000e+01,7.7300298214e-01
1.3900000000e+02,5.1800000000e+02,2.7000000000e+01,7.7300441265e-01
1.3900000000e+02,5.1800000000e+02,2.8000000000e+01,7.7300536633e-01
1.3900000000e+02,5.1800000000e+02,2.9000000000e+01,7.7300614119e-01
1.3900000000e+02,5.1800000000e+02,3.0000000000e+01,7.7300655842e-01
1.3900000000e+02,5.1800000000e+02,3.1000000000e+01,7.7300679684e-01
1.3900000000e+02,7.2000000000e+02,0.0000000000e+00,1.9994189739e+00
1.3900000000e+02,7.2000000000e+02,1.0000000000e+00,7.4263685942e-01
1.3900000000e+02,7.2000000000e+02,2.0000000000e+00,5.8872723579e-01
1.3900000000e+02,7.2000000000e+02,3.0000000000e+00,5.9683293104e-01
1.3900000000e+02,7.2000000000e+02,4.0000000000e+00,6.1260229349e-01
1.3900000000e+02,7.2000000000e+02,5.0000000000e+00,6.2373697758e-01
1.3900000000e+02,7.2000000000e+02,6.0000000000e+00,6.3046222925e-01
1.3900000000e+02,7.2000000000e+02,7.0000000000e+00,6.3437402248e-01
1.3900000000e+02,7.2000000000e+02,8.0000000000e+00,6.3662385941e-01
1.3900000000e+02,7.2000000000e+02,9.0000000000e+00,6.3791722059e-01
1.3900000000e+02,7.2000000000e+02,1.0000000000e+01,6.3866317272e-01
1.3900000000e+02,7.2000000000e+02,1.1000000000e+01,6.3909560442e-01
1.3900000000e+02,7.2000000000e+02,1.2000000000e+01,6.3934767246e-01
1.3900000000e+02,7.2000000000e+02,1.3000000000e+01,6.3949537277e-01
1.3900000000e+02,7.2000000000e+02,1.4000000000e+01,6.3958239555e-01
1.3900000000e+02,7.2000000000e+02,1.5000000000e+01,6.3963401318e-01
1.3900000000e+02,7.2000000000e+02,1.6000000000e+01,6.3966459036e-01
1.3900000000e+02,7.2000000000e+02,1.7000000000e+01,6.3968294859e-01
1.3900000000e+02,7.2000000000e+02,1.8000000000e+01,6.3969385624e-01
1.3900000000e+02,7.2000000000e+02,1.9000000000e+01,6.3970047235e-01
1.3900000000e+02,7.2000000000e+02,2.0000000000e+01,6.3970446587e-01
1.3900000000e+02,7.2000000000e+02,2.1000000000e+01,6.3970685005e-01
1.3900000000e+02,7.2000000000e+02,2.2000000000e+01,6.3970839977e-01
1.3900000000e+02,7.2000000000e+02,2.3000000000e+01,6.3970923424e-01
1.3900000000e+02,7.2000000000e+02,2.4000000000e+01,6.3970983028e-01
1.3900000000e+02,7.2000000000e+02,2.5000000000e+01,6.3971012831e-01
1.3900000000e+02,7.2000000000e+02,2.6000000000e+01,6.3971036673e-01
1.3900000000e+02,7.2000000000e+02,2.7000000000e+01,6.3971048594e-01
1.3900000000e+02,7.2000000000e+02,2.8000000000e+01,6.3971054554e-01
1.3900000000e+02,7.2000000000e+02,2.9000000000e+01,6.3971060514e-01
1.3900000000e+02,7.2000000000e+02,3.0000000000e+01,6.3971060514e-01
1.3900000000e+02,7.2000000000e+02,3.1000000000e+01,6.3971060514e-01
1.3900000000e+02,1.0000000000e+03,0.0000000000e+00,2.0070803165e+00
1.3900000000e+02,1.0000000000e+03,1.0000000000e+00,6.6560512781e-01
1.3900000000e+02,1.0000000000e+03,2.0000000000e+00,5.1679170132e-01
1.3900000000e+02,1.0000000000e+03,3.0000000000e+00,5.2189218998e-01
1.3900000000e+02,1.0000000000e+03,4.0000000000e+00,5.3243392706e-01
1.3900000000e+02,1.0000000000e+03,5.0000000000e+00,5.3881901503e-01
1.3900000000e+02,1.0000000000e+03,6.0000000000e+00,5.4217982292e-01
1.3900000000e+02,1.0000000000e+03,7.0000000000e+00,5.4388785362e-01
1.3900000000e+02,1.0000000000e+03,8.0000000000e+00,5.4475015402e-01
1.3900000000e+02,1.0000000000e+03,9.0000000000e+00,5.4518628120e-01
1.3900000000e+02,1.0000000000e+03,1.0000000000e+01,5.4540812969e-01
1.3900000000e+02,1.0000000000e+03,1.1000000000e+01,5.4552167654e-01
1.3900000000e+02,1.0000000000e+03,1.2000000000e+01,5.4558014870e-01
1.3900000000e+02,1.0000000000e+03,1.3000000000e+01,5.4561048746e-01
1.3900000000e+02,1.0000000000e+03,1.4000000000e+01,5.4562628269e-01
1.3900000000e+02,1.0000000000e+03,1.5000000000e+01,5.4563456774e-01
1.3900000000e+02,1.0000000000e+03,1.6000000000e+01,5.4563885927e-01
1.3900000000e+02,1.0000000000e+03,1.7000000000e+01,5.4564124346e-01
1.3900000000e+02,1.0000000000e+03,1.8000000000e+01,5.4564243555e-01
1.3900000000e+02,1.0000000000e+03,1.9000000000e+01,5.4564309120e-01
1.3900000000e+02,1.0000000000e+03,2.0000000000e+01,5.4564344883e-01
1.3900000000e+02,1.0000000000e+03,2.1000000000e+01,5.4564362764e-01
1.3900000000e+02,1.0000000000e+03,2.2000000000e+01,5.4564368725e-01
1.3900000000e+02,1.0000000000e+03,2.3000000000e+01,5.4564374685e-01
1.3900000000e+02,1.0000000000e+03,2.4000000000e+01,5.4564386606e-01
1.3900000000e+02,1.0000000000e+03,2.5000000000e+01,5.4564386606e-01
1.3900000000e+02,1.0000000000e+03,2.6000000000e+01,5.4564386606e-01
1.3900000000e+02,1.0000000000e+03,2.7000000000e+01,5.4564386606e-01
1.3900000000e+02,1.0000000000e+03,2.8000000000e+01,5.4564386606e-01
1.3900000000e+02,1.0000000000e+03,2.9000000000e+01,5.4564386606e-01
1.3900000000e+02,1.0000000000e+03,3.0000000000e+01,5.4564386606e-01
1.3900000000e+02,1.0000000000e+03,3.1000000000e+01,5.4564386606e-01
1.9300000000e+02,1.0000000000e+01,0.0000000000e+00,1.9968497753e+00
1.9300000000e+02,1.0000000000e+01,1.0000000000e+00,2.3075878620e+00
1.9300000000e+02,1.0000000000e+01,2.0000000000e+00,3.0668821335e+00
1.9300000000e+02,1.0000000000e+01,3.0000000000e+00,4.3171839714e+00
1.9300000000e+02,1.0000000000e+01,4.0000000000e+00,5.9905714989e+00
1.9300000000e+02,1.0000000000e+01,5.0000000000e+00,8.1152830124e+00
1.9300000000e+02,1.0000000000e+01,6.0000000000e+00,1.0667573929e+01
1.9300000000e+02,1.0000000000e+01,7.0000000000e+00,1.3670957565e+01
1.9300000000e+02,1.0000000000e+01,8.0000000000e+00,1.7105813980e+01
1.9300000000e+02,1.0000000000e+01,9.0000000000e+00,2.0992317200e+01
1.9300000000e+02,1.0000000000e+01,1.0000000000e+01,2.5312612534e+01
1.9300000000e+02,1.0000000000e+01,1.1000000000e+01,3.0086183548e+01
1.9300000000e+02,1.0000000000e+01,1.2000000000e+01,3.5294532776e+01
1.9300000000e+02,1.0000000000e+01,1.3000000000e+01,4.0956436157e+01
1.9300000000e+02,1.0000000000e+01,1.4000000000e+01,4.7054309845e+01
1.9300000000e+02,1.0000000000e+01,1.5000000000e+01,5.3607112885e+01
1.9300000000e+02,1.0000000000e+01,1.6000000000e+01,6.0595932007e+01
1.9300000000e+02,1.0000000000e+01,1.7000000000e+01,6.8039794922e+01
1.9300000000e+02,1.0000000000e+01,1.8000000000e+01,7.5919967651e+01
1.9300000000e+02,1.0000000000e+01,1.9000000000e+01,8.4256103516e+01
1.9300000000e+02,1.0000000000e+01,2.0000000000e+01,9.3028846741e+01
1.9300000000e+02,1.0000000000e+01,2.1000000000e+01,1.0225722504e+02
1.9300000000e+02,1.0000000000e+01,2.2000000000e+01,1.1192257690e+02
1.9300000000e+02,1.0000000000e+01,2.3000000000e+01,1.2204430389e+02
1.9300000000e+02,1.0000000000e+01,2.4000000000e+01,1.3260258484e+02
1.9300000000e+02,1.0000000000e+01,2.5000000000e+01,1.4361737061e+02
1.9300000000e+02,1.0000000000e+01,2.6000000000e+01,1.5506916809e+02
1.9300000000e+02,1.0000000000e+01,2.7000000000e+01,1.6697781372e+02
1.9300000000e+02,1.0000000000e+01,2.8000000000e+01,1.7932289124e+02
1.9300000000e+02,1.0000000000e+01,2.9000000000e+01,1.9212510681e+02
1.9300000000e+02,1.0000000000e+01,3.0000000000e+01,2.0536370850e+02
1.9300000000e+02,1.0000000000e+01,3.1000000000e+01,2.1906036377e+02
1.9300000000e+02,1.4000000000e+01,0.0000000000e+00,1.9910585880e+00
1.9300000000e+02,1.4000000000e+01,1.0000000000e+00,2.2139596939e+00
1.9300000000e+02,1.4000000000e+01,2.0000000000e+00,2.9201872349e+00
1.9300000000e+02,1.4000000000e+01,3.0000000000e+00,4.0895586014e+00
1.9300000000e+02,1.4000000000e+01,4.0000000000e+00,5.6502919197e+00
1.9300000000e+02,1.4000000000e+01,5.0000000000e+00,7.6231174469e+00
1.9300000000e+02,1.4000000000e+01,6.0000000000e+00,9.9843692780e+00
1.9300000000e+02,1.4000000000e+01,7.0000000000e+00,1.2753806114e+01
1.9300000000e+02,1.4000000000e+01,8.0000000000e+00,1.5911746025e+01
1.9300000000e+02,1.4000000000e+01,9.0000000000e+00,1.9478008270e+01
1.9300000000e+02,1.4000000000e+01,1.0000000000e+01,2.3434242249e+01
1.9300000000e+02,1.4000000000e+01,1.1000000000e+01,2.7800025940e+01
1.9300000000e+02,1.4000000000e+01,1.2000000000e+01,3.2555335999e+01
1.9300000000e+02,1.4000000000e+01,1.3000000000e+01,3.7721820831e+01
1.9300000000e+02,1.4000000000e+01,1.4000000000e+01,4.3278488159e+01
1.9300000000e+02,1.4000000000e+01,1.5000000000e+01,4.9246883392e+01
1.9300000000e+02,1.4000000000e+01,1.6000000000e+01,5.5605175018e+01
1.9300000000e+02,1.4000000000e+01,1.7000000000e+01,6.2376285553e+01
1.9300000000e+02,1.4000000000e+01,1.8000000000e+01,6.9537895203e+01
1.9300000000e+02,1.4000000000e+01,1.9000000000e+01,7.7113021851e+01
1.9300000000e+02,1.4000000000e+01,2.0000000000e+01,8.5078437805e+01
1.9300000000e+02,1.4000000000e+01,2.1000000000e+01,9.3457916260e+01
1.9300000000e+02,1.4000000000e+01,2.2000000000e+01,1.0222748566e+02
1.9300000000e+02,1.4000000000e+01,2.3000000000e+01,1.1141143036e+02
1.9300000000e+02,1.4000000000e+01,2.4000000000e+01,1.2098561096e+02
1.9300000000e+02,1.4000000000e+01,2.5000000000e+01,1.3097508240e+02
1.9300000000e+02,1.4000000000e+01,2.6000000000e+01,1.4135420227e+02
1.9300000000e+02,1.4000000000e+01,2.7000000000e+01,1.5214929199e+02
1.9300000000e+02,1.4000000000e+01,2.8000000000e+01,1.6333387756e+02
1.9300000000e+02,1.4000000000e+01,2.9000000000e+01,1.7493502808e+02
1.9300000000e+02,1.4000000000e+01,3.0000000000e+01,1.8692532349e+02
1.9300000000e+02,1.4000000000e+01,3.1000000000e+01,1.9933160400e+02
1.9300000000e+02,1.9000000000e+01,0.0000000000e+00,1.9998644590e+00
1.9300000000e+02,1.9000000000e+01,1.0000000000e+00,2.1554026604e+00
1.9300000000e+02,1.9000000000e+01,2.0000000000e+00,2.7251756191e+00
1.9300000000e+02,1.9000000000e+01,3.0000000000e+00,3.6914031506e+00
1.9300000000e+02,1.9000000000e+01,4.0000000000e+00,4.9597382545e+00
1.9300000000e+02,1.9000000000e+01,5.0000000000e+00,6.5447835922e+00
1.9300000000e+02,1.9000000000e+01,6.0000000000e+00,8.4226217270e+00
1.9300000000e+02,1.9000000000e+01,7.0000000000e+00,1.0607595444e+01
1.9300000000e+02,1.9000000000e+01,8.0000000000e+00,1.3083782196e+01
1.9300000000e+02,1.9000000000e+01,9.0000000000e+00,1.5866943359e+01
1.9300000000e+02,1.9000000000e+01,1.0000000000e+01,1.8940849304e+01
1.9300000000e+02,1.9000000000e+01,1.1000000000e+01,2.2322105408e+01
1.9300000000e+02,1.9000000000e+01,1.2000000000e+01,2.5994091034e+01
1.9300000000e+02,1.9000000000e+01,1.3000000000e+01,2.9974988937e+01
1.9300000000e+02,1.9000000000e+01,1.4000000000e+01,3.4246055603e+01
1.9300000000e+02,1.9000000000e+01,1.5000000000e+01,3.8826671600e+01
1.9300000000e+02,1.9000000000e+01,1.6000000000e+01,4.3698047638e+01
1.9300000000e+02,1.9000000000e+01,1.7000000000e+01,4.8879699707e+01
1.9300000000e+02,1.9000000000e+01,1.8000000000e+01,5.4352363586e+01
1.9300000000e+02,1.9000000000e+01,1.9000000000e+01,6.0136272430e+01
1.9300000000e+02,1.9000000000e+01,2.0000000000e+01,6.6211196899e+01
1.9300000000e+02,1.9000000000e+01,2.1000000000e+01,7.2597930908e+01
1.9300000000e+02,1.9000000000e+01,2.2000000000e+01,7.9274635315e+01
1.9300000000e+02,1.9000000000e+01,2.3000000000e+01,8.6264785767e+01
1.9300000000e+02,1.9000000000e+01,2.4000000000e+01,9.3544380188e+01
1.9300000000e+02,1.9000000000e+01,2.5000000000e+01,1.0113839722e+02
1.9300000000e+02,1.9000000000e+01,2.6000000000e+01,1.0902220917e+02
1.9300000000e+02,1.9000000000e+01,2.7000000000e+01,1.1722060394e+02
1.9300000000e+02,1.9000000000e+01,2.8000000000e+01,1.2570735168e+02
1.9300000000e+02,1.9000000000e+01,2.9000000000e+01,1.3451095581e+02
1.9300000000e+02,1.9000000000e+01,3.0000000000e+01,1.4360185242e+02
1.9300000000e+02,1.9000000000e+01,3.1000000000e+01,1.5301034546e+02
1.9300000000e+02,2.7000000000e+01,0.0000000000e+00,1.9929255247e+00
1.9300000000e+02,2.7000000000e+01,1.0000000000e+00,2.0105333328e+00
1.9300000000e+02,2.7000000000e+01,2.0000000000e+00,2.4140005112e+00
1.9300000000e+02,2.7000000000e+01,3.0000000000e+00,3.1390750408e+00
1.9300000000e+02,2.7000000000e+01,4.0000000000e+00,4.0807099342e+00
1.9300000000e+02,2.7000000000e+01,5.0000000000e+00,5.2399883270e+00
1.9300000000e+02,2.7000000000e+01,6.0000000000e+00,6.5955414772e+00
1.9300000000e+02,2.7000000000e+01,7.0000000000e+00,8.1528158188e+00
1.9300000000e+02,2.7000000000e+01,8.0000000000e+00,9.9026031494e+00
1.9300000000e+02,2.7000000000e+01,9.0000000000e+00,1.1849582672e+01
1.9300000000e+02,2.7000000000e+01,1.0000000000e+01,1.3987632751e+01
1.9300000000e+02,2.7000000000e+01,1.1000000000e+01,1.6321889877e+01
1.9300000000e+02,2.7000000000e+01,1.2000000000e+01,1.8846319199e+01
1.9300000000e+02,2.7000000000e+01,1.3000000000e+01,2.1566816330e+01
1.9300000000e+02,2.7000000000e+01,1.4000000000e+01,2.4477106094e+01
1.9300000000e+02,2.7000000000e+01,1.5000000000e+01,2.7583816528e+01
1.9300000000e+02,2.7000000000e+01,1.6000000000e+01,3.0879928589e+01
1.9300000000e+02,2.7000000000e+01,1.7000000000e+01,3.4373264313e+01
1.9300000000e+02,2.7000000000e+01,1.8000000000e+01,3.8055381775e+01
1.9300000000e+02,2.7000000000e+01,1.9000000000e+01,4.1935543060e+01
1.9300000000e+02,2.7000000000e+01,2.0000000000e+01,4.6004249573e+01
1.9300000000e+02,2.7000000000e+01,2.1000000000e+01,5.0271697998e+01
1.9300000000e+02,2.7000000000e+01,2.2000000000e+01,5.4727272034e+01
1.9300000000e+02,2.7000000000e+01,2.3000000000e+01,5.9382522583e+01
1.9300000000e+02,2.7000000000e+01,2.4000000000e+01,6.4224891663e+01
1.9300000000e+02,2.7000000000e+01,2.5000000000e+01,6.9268447876e+01
1.9300000000e+02,2.7000000000e+01,2.6000000000e+01,7.4498573303e+01
1.9300000000e+02,2.7000000000e+01,2.7000000000e+01,7.9930839539e+01
1.9300000000e+02,2.7000000000e+01,2.8000000000e+01,8.5549194336e+01
1.9300000000e+02,2.7000000000e+01,2.9000000000e+01,9.1369979858e+01
1.9300000000e+02,2.7000000000e+01,3.0000000000e+01,9.7376441956e+01
1.9300000000e+02,2.7000000000e+01,3.1000000000e+01,1.0358657837e+02
1.9300000000e+02,3.7000000000e+01,0.0000000000e+00,2.0052559376e+00
1.9300000000e+02,3.7000000000e+01,1.0000000000e+00,1.9821085930e+00
1.9300000000e+02,3.7000000000e+01,2.0000000000e+00,2.4033348560e+00
1.9300000000e+02,3.7000000000e+01,3.0000000000e+00,3.1398401260e+00
1.9300000000e+02,3.7000000000e+01,4.0000000000e+00,4.0766334534e+00
1.9300000000e+02,3.7000000000e+01,5.0000000000e+00,5.2200207710e+00
1.9300000000e+02,3.7000000000e+01,6.0000000000e+00,6.5371885300e+00
1.9300000000e+02,3.7000000000e+01,7.0000000000e+00,8.0429458618e+00
1.9300000000e+02,3.7000000000e+01,8.0000000000e+00,9.7141990662e+00
1.9300000000e+02,3.7000000000e+01,9.0000000000e+00,1.1568415642e+01
1.9300000000e+02,3.7000000000e+01,1.0000000000e+01,1.3583345413e+01
1.9300000000e+02,3.7000000000e+01,1.1000000000e+01,1.5780105591e+01
1.9300000000e+02,3.7000000000e+01,1.2000000000e+01,1.8133941650e+01
1.9300000000e+02,3.7000000000e+01,1.3000000000e+01,2.0671041489e+01
1.9300000000e+02,3.7000000000e+01,1.4000000000e+01,2.3362113953e+01
1.9300000000e+02,3.7000000000e+01,1.5000000000e+01,2.6237712860e+01
1.9300000000e+02,3.7000000000e+01,1.6000000000e+01,2.9264308929e+01
1.9300000000e+02,3.7000000000e+01,1.7000000000e+01,3.2478214264e+01
1.9300000000e+02,3.7000000000e+01,1.8000000000e+01,3.5839500427e+01
1.9300000000e+02,3.7000000000e+01,1.9000000000e+01,3.9391979218e+01
1.9300000000e+02,3.7000000000e+01,2.0000000000e+01,4.3088726044e+01
1.9300000000e+02,3.7000000000e+01,2.1000000000e+01,4.6978965759e+01
1.9300000000e+02,3.7000000000e+01,2.2000000000e+01,5.1011215210e+01
1.9300000000e+02,3.7000000000e+01,2.3000000000e+01,5.5239723206e+01
1.9300000000e+02,3.7000000000e+01,2.4000000000e+01,5.9608417511e+01
1.9300000000e+02,3.7000000000e+01,2.5000000000e+01,6.4175323486e+01
1.9300000000e+02,3.7000000000e+01,2.6000000000e+01,6.8879287720e+01
1.9300000000e+02,3.7000000000e+01,2.7000000000e+01,7.3785453796e+01
1.9300000000e+02,3.7000000000e+01,2.8000000000e+01,7.8825912476e+01
1.9300000000e+02,3.7000000000e+01,2.9000000000e+01,8.4070999146e+01
1.9300000000e+02,3.7000000000e+01,3.0000000000e+01,8.9448539734e+01
1.9300000000e+02,3.7000000000e+01,3.1000000000e+01,9.5032852173e+01
1.9300000000e+02,5.2000000000e+01,0.0000000000e+00,2.0051598549e+00
1.9300000000e+02,5.2000000000e+01,1.0000000000e+00,1.7605907917e+00
1.9300000000e+02,5.2000000000e+01,2.0000000000e+00,1.9576957226e+00
1.9300000000e+02,5.2000000000e+01,3.0000000000e+00,2.4299178123e+00
1.9300000000e+02,5.2000000000e+01,4.0000000000e+00,3.0325441360e+00
1.9300000000e+02,5.2000000000e+01,5.0000000000e+00,3.7539541721e+00
1.9300000000e+02,5.2000000000e+01,6.0000000000e+00,4.5675039291e+00
1.9300000000e+02,5.2000000000e+01,7.0000000000e+00,5.4735169411e+00
1.9300000000e+02,5.2000000000e+01,8.0000000000e+00,6.4610733986e+00
1.9300000000e+02,5.2000000000e+01,9.0000000000e+00,7.5316543579e+00
1.9300000000e+02,5.2000000000e+01,1.0000000000e+01,8.6787204742e+00
1.9300000000e+02,5.2000000000e+01,1.1000000000e+01,9.9041900635e+00
1.9300000000e+02,5.2000000000e+01,1.2000000000e+01,1.1203460693e+01
1.9300000000e+02,5.2000000000e+01,1.3000000000e+01,1.2578462601e+01
1.9300000000e+02,5.2000000000e+01,1.4000000000e+01,1.4025402069e+01
1.9300000000e+02,5.2000000000e+01,1.5000000000e+01,1.5546598434e+01
1.9300000000e+02,5.2000000000e+01,1.6000000000e+01,1.7138839722e+01
1.9300000000e+02,5.2000000000e+01,1.7000000000e+01,1.8804473877e+01
1.9300000000e+02,5.2000000000e+01,1.8000000000e+01,2.0539922714e+01
1.9300000000e+02,5.2000000000e+01,1.9000000000e+01,2.2348583221e+01
1.9300000000e+02,5.2000000000e+01,2.0000000000e+01,2.4226324081e+01
1.9300000000e+02,5.2000000000e+01,2.1000000000e+01,2.6176967621e+01
1.9300000000e+02,5.2000000000e+01,2.2000000000e+01,2.8195911407e+01
1.9300000000e+02,5.2000000000e+01,2.3000000000e+01,3.0288215637e+01
1.9300000000e+02,5.2000000000e+01,2.4000000000e+01,3.2447631836e+01
1.9300000000e+02,5.2000000000e+01,2.5000000000e+01,3.4680900574e+01
1.9300000000e+02,5.2000000000e+01,2.6000000000e+01,3.6980949402e+01
1.9300000000e+02,5.2000000000e+01,2.7000000000e+01,3.9354675293e+01
1.9300000000e+02,5.2000000000e+01,2.8000000000e+01,4.1795211792e+01
1.9300000000e+02,5.2000000000e+01,2.9000000000e+01,4.4309589386e+01
1.9300000000e+02,5.2000000000e+01,3.0000000000e+01,4.6890182495e+01
1.9300000000e+02,5.2000000000e+01,3.1000000000e+01,4.9545135498e+01
1.9300000000e+02,7.2000000000e+01,0.0000000000e+00,1.9961180687e+00
1.9300000000e+02,7.2000000000e+01,1.0000000000e+00,1.5865579844e+00
1.9300000000e+02,7.2000000000e+01,2.0000000000e+00,1.6819792986e+00
1.9300000000e+02,7.2000000000e+01,3.0000000000e+00,2.0272364616e+00
1.9300000000e+02,7.2000000000e+01,4.0000000000e+00,2.4683144093e+00
1.9300000000e+02,7.2000000000e+01,5.0000000000e+00,2.9829447269e+00
1.9300000000e+02,7.2000000000e+01,6.0000000000e+00,3.5482966900e+00
1.9300000000e+02,7.2000000000e+01,7.0000000000e+00,4.1600503922e+00
1.9300000000e+02,7.2000000000e+01,8.0000000000e+00,4.8099946976e+00
1.9300000000e+02,7.2000000000e+01,9.0000000000e+00,5.4966001511e+00
1.9300000000e+02,7.2000000000e+01,1.0000000000e+01,6.2158751488e+00
1.9300000000e+02,7.2000000000e+01,1.1000000000e+01,6.9670615196e+00
1.9300000000e+02,7.2000000000e+01,1.2000000000e+01,7.7476587296e+00
1.9300000000e+02,7.2000000000e+01,1.3000000000e+01,8.5579013824e+00
1.9300000000e+02,7.2000000000e+01,1.4000000000e+01,9.3953809738e+00
1.9300000000e+02,7.2000000000e+01,1.5000000000e+01,1.0261036873e+01
1.9300000000e+02,7.2000000000e+01,1.6000000000e+01,1.1152599335e+01
1.9300000000e+02,7.2000000000e+01,1.7000000000e+01,1.2071117401e+01
1.9300000000e+02,7.2000000000e+01,1.8000000000e+01,1.3014569283e+01
1.9300000000e+02,7.2000000000e+01,1.9000000000e+01,1.3984480858e+01
1.9300000000e+02,7.2000000000e+01,2.0000000000e+01,1.4978161812e+01
1.9300000000e+02,7.2000000000e+01,2.1000000000e+01,1.5998320580e+01
1.9300000000e+02,7.2000000000e+01,2.2000000000e+01,1.7041078568e+01
1.9300000000e+02,7.2000000000e+01,2.3000000000e+01,1.8110473633e+01
1.9300000000e+02,7.2000000000e+01,2.4000000000e+01,1.9201530457e+01
1.9300000000e+02,7.2000000000e+01,2.5000000000e+01,2.0319417953e+01
1.9300000000e+02,7.2000000000e+01,2.6000000000e+01,2.1458211899e+01
1.9300000000e+02,7.2000000000e+01,2.7000000000e+01,2.2624170303e+01
1.9300000000e+02,7.2000000000e+01,2.8000000000e+01,2.3810419083e+01
1.9300000000e+02,7.2000000000e+01,2.9000000000e+01,2.5023897171e+01
1.9300000000e+02,7.2000000000e+01,3.0000000000e+01,2.6257070541e+01
1.9300000000e+02,7.2000000000e+01,3.1000000000e+01,2.7517585754e+01
1.9300000000e+02,1.0000000000e+02,0.0000000000e+00,1.9972070456e+00
1.9300000000e+02,1.0000000000e+02,1.0000000000e+00,1.4793068171e+00
1.9300000000e+02,1.0000000000e+02,2.0000000000e+00,1.5232977867e+00
1.9300000000e+02,1.0000000000e+02,3.0000000000e+00,1.7796272039e+00
1.9300000000e+02,1.0000000000e+02,4.0000000000e+00,2.0965328217e+00
1.9300000000e+02,1.0000000000e+02,5.0000000000e+00,2.4509670734e+00
1.9300000000e+02,1.0000000000e+02,6.0000000000e+00,2.8233222961e+00
1.9300000000e+02,1.0000000000e+02,7.0000000000e+00,3.2097656727e+00
1.9300000000e+02,1.0000000000e+02,8.0000000000e+00,3.6043529510e+00
1.9300000000e+02,1.0000000000e+02,9.0000000000e+00,4.0057311058e+00
1.9300000000e+02,1.0000000000e+02,1.0000000000e+01,4.4115772247e+00
1.9300000000e+02,1.0000000000e+02,1.1000000000e+01,4.8210344315e+00
1.9300000000e+02,1.0000000000e+02,1.2000000000e+01,5.2332901955e+00
1.9300000000e+02,1.0000000000e+02,1.3000000000e+01,5.6474971771e+00
1.9300000000e+02,1.0000000000e+02,1.4000000000e+01,6.0636830330e+00
1.9300000000e+02,1.0000000000e+02,1.5000000000e+01,6.4808750153e+00
1.9300000000e+02,1.0000000000e+02,1.6000000000e+01,6.8995876312e+00
1.9300000000e+02,1.0000000000e+02,1.7000000000e+01,7.3188891411e+00
1.9300000000e+02,1.0000000000e+02,1.8000000000e+01,7.7392649651e+00
1.9300000000e+02,1.0000000000e+02,1.9000000000e+01,8.1601200104e+00
1.9300000000e+02,1.0000000000e+02,2.0000000000e+01,8.5816526413e+00
1.9300000000e+02,1.0000000000e+02,2.1000000000e+01,9.0035991669e+00
1.9300000000e+02,1.0000000000e+02,2.2000000000e+01,9.4260082245e+00
1.9300000000e+02,1.0000000000e+02,2.3000000000e+01,9.8487167358e+00
1.9300000000e+02,1.0000000000e+02,2.4000000000e+01,1.0272064209e+01
1.9300000000e+02,1.0000000000e+02,2.5000000000e+01,1.0695537567e+01
1.9300000000e+02,1.0000000000e+02,2.6000000000e+01,1.1119688034e+01
1.9300000000e+02,1.0000000000e+02,2.7000000000e+01,1.1543836594e+01
1.9300000000e+02,1.0000000000e+02,2.8000000000e+01,1.1968735695e+01
1.9300000000e+02,1.0000000000e+02,2.9000000000e+01,1.2393496513e+01
1.9300000000e+02,1.0000000000e+02,3.0000000000e+01,1.2819001198e+01
1.9300000000e+02,1.0000000000e+02,3.1000000000e+01,1.3244543076e+01
1.9300000000e+02,1.3900000000e+02,0.0000000000e+00,2.0031323433e+00
1.9300000000e+02,1.3900000000e+02,1.0000000000e+00,1.2827060223e+00
1.9300000000e+02,1.3900000000e+02,2.0000000000e+00,1.1997439861e+00
1.9300000000e+02,1.3900000000e+02,3.0000000000e+00,1.3348321915e+00
1.9300000000e+02,1.3900000000e+02,4.0000000000e+00,1.5141835213e+00
1.9300000000e+02,1.3900000000e+02,5.0000000000e+00,1.7098864317e+00
1.9300000000e+02,1.3900000000e+02,6.0000000000e+00,1.9057233334e+00
1.9300000000e+02,1.3900000000e+02,7.0000000000e+00,2.0979204178e+00
1.9300000000e+02,1.3900000000e+02,8.0000000000e+00,2.2834346294e+00
1.9300000000e+02,1.3900000000e+02,9.0000000000e+00,2.4614975452e+00
1.9300000000e+02,1.3900000000e+02,1.0000000000e+01,2.6317367554e+00
1.9300000000e+02,1.3900000000e+02,1.1000000000e+01,2.7940359116e+00
1.9300000000e+02,1.3900000000e+02,1.2000000000e+01,2.9487953186e+00
1.9300000000e+02,1.3900000000e+02,1.3000000000e+01,3.0959844589e+00
1.9300000000e+02,1.3900000000e+02,1.4000000000e+01,3.2363257408e+00
1.9300000000e+02,1.3900000000e+02,1.5000000000e+01,3.3696761131e+00
1.9300000000e+02,1.3900000000e+02,1.6000000000e+01,3.4969360828e+00
1.9300000000e+02,1.3900000000e+02,1.7000000000e+01,3.6178579330e+00
1.9300000000e+02,1.3900000000e+02,1.8000000000e+01,3.7333920002e+00
1.9300000000e+02,1.3900000000e+02,1.9000000000e+01,3.8431882858e+00
1.9300000000e+02,1.3900000000e+02,2.0000000000e+01,3.9482588768e+00
1.9300000000e+02,1.3900000000e+02,2.1000000000e+01,4.0481271744e+00
1.9300000000e+02,1.3900000000e+02,2.2000000000e+01,4.1438760757e+00
1.9300000000e+02,1.3900000000e+02,2.3000000000e+01,4.2348766327e+00
1.9300000000e+02,1.3900000000e+02,2.4000000000e+01,4.3223071098e+00
1.9300000000e+02,1.3900000000e+02,2.5000000000e+01,4.4053626060e+00
1.9300000000e+02,1.3900000000e+02,2.6000000000e+01,4.4853534698e+00
1.9300000000e+02,1.3900000000e+02,2.7000000000e+01,4.5612854958e+00
1.9300000000e+02,1.3900000000e+02,2.8000000000e+01,4.6346096992e+00
1.9300000000e+02,1.3900000000e+02,2.9000000000e+01,4.7041521072e+00
1.9300000000e+02,1.3900000000e+02,3.0000000000e+01,4.7714934349e+00
1.9300000000e+02,1.3900000000e+02,3.1000000000e+01,4.8352894783e+00
1.9300000000e+02,1.9300000000e+02,0.0000000000e+00,1.9988862276e+00
1.9300000000e+02,1.9300000000e+02,1.0000000000e+00,1.4555388689e+00
1.9300000000e+02,1.9300000000e+02,2.0000000000e+00,1.4542623758e+00
1.9300000000e+02,1.9300000000e+02,3.0000000000e+00,1.5780891180e+00
1.9300000000e+02,1.9300000000e+02,4.0000000000e+00,1.7013049126e+00
1.9300000000e+02,1.9300000000e+02,5.0000000000e+00,1.8173509836e+00
1.9300000000e+02,1.9300000000e+02,6.0000000000e+00,1.9179803133e+00
1.9300000000e+02,1.9300000000e+02,7.0000000000e+00,2.0061545372e+00
1.9300000000e+02,1.9300000000e+02,8.0000000000e+00,2.0816483498e+00
1.9300000000e+02,1.9300000000e+02,9.0000000000e+00,2.1469213963e+00
1.9300000000e+02,1.9300000000e+02,1.0000000000e+01,2.2028365135e+00
1.9300000000e+02,1.9300000000e+02,1.1000000000e+01,2.2510528564e+00
1.9300000000e+02,1.9300000000e+02,1.2000000000e+01,2.2925026417e+00
1.9300000000e+02,1.9300000000e+02,1.3000000000e+01,2.3282377720e+00
1.9300000000e+02,1.9300000000e+02,1.4000000000e+01,2.3590993881e+00
1.9300000000e+02,1.9300000000e+02,1.5000000000e+01,2.3857102394e+00
1.9300000000e+02,1.9300000000e+02,1.6000000000e+01,2.4088015556e+00
1.9300000000e+02,1.9300000000e+02,1.7000000000e+01,2.4287343025e+00
1.9300000000e+02,1.9300000000e+02,1.8000000000e+01,2.4460799694e+00
1.9300000000e+02,1.9300000000e+02,1.9000000000e+01,2.4611277580e+00
1.9300000000e+02,1.9300000000e+02,2.0000000000e+01,2.4741871357e+00
1.9300000000e+02,1.9300000000e+02,2.1000000000e+01,2.4856870174e+00
1.9300000000e+02,1.9300000000e+02,2.2000000000e+01,2.4954974651e+00
1.9300000000e+02,1.9300000000e+02,2.3000000000e+01,2.5042526722e+00
1.9300000000e+02,1.9300000000e+02,2.4000000000e+01,2.5116562843e+00
1.9300000000e+02,1.9300000000e+02,2.5000000000e+01,2.5182585716e+00
1.9300000000e+02,1.9300000000e+02,2.6000000000e+01,2.5240149498e+00
1.9300000000e+02,1.9300000000e+02,2.7000000000e+01,2.5291368961e+00
1.9300000000e+02,1.9300000000e+02,2.8000000000e+01,2.5335040092e+00
1.9300000000e+02,1.9300000000e+02,2.9000000000e+01,2.5375273228e+00
1.9300000000e+02,1.9300000000e+02,3.0000000000e+01,2.5407915115e+00
1.9300000000e+02,1.9300000000e+02,3.1000000000e+01,2.5438857079e+00
1.9300000000e+02,2.6800000000e+02,0.0000000000e+00,1.9923671484e+00
1.9300000000e+02,2.6800000000e+02,1.0000000000e+00,9.7052395344e-01
1.9300000000e+02,2.6800000000e+02,2.0000000000e+00,7.8667724133e-01
1.9300000000e+02,2.6800000000e+02,3.0000000000e+00,8.0540287495e-01
1.9300000000e+02,2.6800000000e+02,4.0000000000e+00,8.5207641125e-01
1.9300000000e+02,2.6800000000e+02,5.0000000000e+00,9.0076392889e-01
1.9300000000e+02,2.6800000000e+02,6.0000000000e+00,9.4336509705e-01
1.9300000000e+02,2.6800000000e+02,7.0000000000e+00,9.7911274433e-01
1.9300000000e+02,2.6800000000e+02,8.0000000000e+00,1.0083652735e+00
1.9300000000e+02,2.6800000000e+02,9.0000000000e+00,1.0321230888e+00
1.9300000000e+02,2.6800000000e+02,1.0000000000e+01,1.0513172150e+00
1.9300000000e+02,2.6800000000e+02,1.1000000000e+01,1.0668094158e+00
1.9300000000e+02,2.6800000000e+02,1.2000000000e+01,1.0793082714e+00
1.9300000000e+02,2.6800000000e+02,1.3000000000e+01,1.0894010067e+00
1.9300000000e+02,2.6800000000e+02,1.4000000000e+01,1.0975594521e+00
1.9300000000e+02,2.6800000000e+02,1.5000000000e+01,1.1041635275e+00
1.9300000000e+02,2.6800000000e+02,1.6000000000e+01,1.1095175743e+00
1.9300000000e+02,2.6800000000e+02,1.7000000000e+01,1.1138648987e+00
1.9300000000e+02,2.6800000000e+02,1.8000000000e+01,1.1174006462e+00
1.9300000000e+02,2.6800000000e+02,1.9000000000e+01,1.1202806234e+00
1.9300000000e+02,2.6800000000e+02,2.0000000000e+01,1.1226303577e+00
1.9300000000e+02,2.6800000000e+02,2.1000000000e+01,1.1245503426e+00
1.9300000000e+02,2.6800000000e+02,2.2000000000e+01,1.1261214018e+00
1.9300000000e+02,2.6800000000e+02,2.3000000000e+01,1.1274087429e+00
1.9300000000e+02,2.6800000000e+02,2.4000000000e+01,1.1284652948e+00
1.9300000000e+02,2.6800000000e+02,2.5000000000e+01,1.1293334961e+00
1.9300000000e+02,2.6800000000e+02,2.6000000000e+01,1.1300475597e+00
1.9300000000e+02,2.6800000000e+02,2.7000000000e+01,1.1306359768e+00
1.9300000000e+02,2.6800000000e+02,2.8000000000e+01,1.1311211586e+00
1.9300000000e+02,2.6800000000e+02,2.9000000000e+01,1.1315219402e+00
1.9300000000e+02,2.6800000000e+02,3.0000000000e+01,1.1318531036e+00
1.9300000000e+02,2.6800000000e+02,3.1000000000e+01,1.1321272850e+00
1.9300000000e+02,3.7300000000e+02,0.0000000000e+00,2.0001306534e+00
1.9300000000e+02,3.7300000000e+02,1.0000000000e+00,8.9218962193e-01
1.9300000000e+02,3.7300000000e+02,2.0000000000e+00,7.0836889744e-01
1.9300000000e+02,3.7300000000e+02,3.0000000000e+00,7.1547389030e-01
1.9300000000e+02,3.7300000000e+02,4.0000000000e+00,7.4316453934e-01
1.9300000000e+02,3.7300000000e+02,5.0000000000e+00,7.6964062452e-01
1.9300000000e+02,3.7300000000e+02,6.0000000000e+00,7.9062664509e-01
1.9300000000e+02,3.7300000000e+02,7.0000000000e+00,8.0650568008e-01
1.9300000000e+02,3.7300000000e+02,8.0000000000e+00,8.1826692820e-01
1.9300000000e+02,3.7300000000e+02,9.0000000000e+00,8.2692795992e-01
1.9300000000e+02,3.7300000000e+02,1.0000000000e+01,8.3329373598e-01
1.9300000000e+02,3.7300000000e+02,1.1000000000e+01,8.3797913790e-01
1.9300000000e+02,3.7300000000e+02,1.2000000000e+01,8.4143543243e-01
1.9300000000e+02,3.7300000000e+02,1.3000000000e+01,8.4399294853e-01
1.9300000000e+02,3.7300000000e+02,1.4000000000e+01,8.4589129686e-01
1.9300000000e+02,3.7300000000e+02,1.5000000000e+01,8.4730535746e-01
1.9300000000e+02,3.7300000000e+02,1.6000000000e+01,8.4836196899e-01
1.9300000000e+02,3.7300000000e+02,1.7000000000e+01,8.4915405512e-01
1.9300000000e+02,3.7300000000e+02,1.8000000000e+01,8.4974986315e-01
1.9300000000e+02,3.7300000000e+02,1.9000000000e+01,8.5019916296e-01
1.9300000000e+02,3.7300000000e+02,2.0000000000e+01,8.5053896904e-01
1.9300000000e+02,3.7300000000e+02,2.1000000000e+01,8.5079669952e-01
1.9300000000e+02,3.7300000000e+02,2.2000000000e+01,8.5099261999e-01
1.9300000000e+02,3.7300000000e+02,2.3000000000e+01,8.5114198923e-01
1.9300000000e+02,3.7300000000e+02,2.4000000000e+01,8.5125601292e-01
1.9300000000e+02,3.7300000000e+02,2.5000000000e+01,8.5134339333e-01
1.9300000000e+02,3.7300000000e+02,2.6000000000e+01,8.5141038895e-01
1.9300000000e+02,3.7300000000e+02,2.7000000000e+01,8.5146200657e-01
1.9300000000e+02,3.7300000000e+02,2.8000000000e+01,8.5150164366e-01
1.9300000000e+02,3.7300000000e+02,2.9000000000e+01,8.5153222084e-01
1.9300000000e+02,3.7300000000e+02,3.0000000000e+01,8.5155582428e-01
1.9300000000e+02,3.7300000000e+02,3.1000000000e+01,8.5157418251e-01
1.9300000000e+02,5.1800000000e+02,0.0000000000e+00,1.9988914728e+00
1.9300000000e+02,5.1800000000e+02,1.0000000000e+00,7.4711549282e-01
1.9300000000e+02,5.1800000000e+02,2.0000000000e+00,5.5090725422e-01
1.9300000000e+02,5.1800000000e+02,3.0000000000e+00,5.4625368118e-01
1.9300000000e+02,5.1800000000e+02,4.0000000000e+00,5.6181776524e-01
1.9300000000e+02,5.1800000000e+02,5.0000000000e+00,5.7614845037e-01
1.9300000000e+02,5.1800000000e+02,6.0000000000e+00,5.8647441864e-01
1.9300000000e+02,5.1800000000e+02,7.0000000000e+00,5.9342694283e-01
1.9300000000e+02,5.1800000000e+02,8.0000000000e+00,5.9799212217e-01
1.9300000000e+02,5.1800000000e+02,9.0000000000e+00,6.0096281767e-01
1.9300000000e+02,5.1800000000e+02,1.0000000000e+01,6.0289144516e-01
1.9300000000e+02,5.1800000000e+02,1.1000000000e+01,6.0414481163e-01
1.9300000000e+02,5.1800000000e+02,1.2000000000e+01,6.0496133566e-01
1.9300000000e+02,5.1800000000e+02,1.3000000000e+01,6.0549497604e-01
1.9300000000e+02,5.1800000000e+02,1.4000000000e+01,6.0584485531e-01
1.9300000000e+02,5.1800000000e+02,1.5000000000e+01,6.0607516766e-01
1.9300000000e+02,5.1800000000e+02,1.6000000000e+01,6.0622727871e-01
1.9300000000e+02,5.1800000000e+02,1.7000000000e+01,6.0632801056e-01
1.9300000000e+02,5.1800000000e+02,1.8000000000e+01,6.0639506578e-01
1.9300000000e+02,5.1800000000e+02,1.9000000000e+01,6.0643965006e-01
1.9300000000e+02,5.1800000000e+02,2.0000000000e+01,6.0646957159e-01
1.9300000000e+02,5.1800000000e+02,2.1000000000e+01,6.0648953915e-01
1.9300000000e+02,5.1800000000e+02,2.2000000000e+01,6.0650295019e-01
1.9300000000e+02,5.1800000000e+02,2.3000000000e+01,6.0651206970e-01
1.9300000000e+02,5.1800000000e+02,2.4000000000e+01,6.0651814938e-01
1.9300000000e+02,5.1800000000e+02,2.5000000000e+01,6.0652226210e-01
1.9300000000e+02,5.1800000000e+02,2.6000000000e+01,6.0652506351e-01
1.9300000000e+02,5.1800000000e+02,2.7000000000e+01,6.0652697086e-01
1.9300000000e+02,5.1800000000e+02,2.8000000000e+01,6.0652828217e-01
1.9300000000e+02,5.1800000000e+02,2.9000000000e+01,6.0652911663e-01
1.9300000000e+02,5.1800000000e+02,3.0000000000e+01,6.0652977228e-01
1.9300000000e+02,5.1800000000e+02,3.1000000000e+01,6.0653018951e-01
1.9300000000e+02,7.2000000000e+02,0.0000000000e+00,1.9939864874e+00
1.9300000000e+02,7.2000000000e+02,1.0000000000e+00,6.6219717264e-01
1.9300000000e+02,7.2000000000e+02,2.0000000000e+00,4.8020538688e-01
1.9300000000e+02,7.2000000000e+02,3.0000000000e+00,4.7764089704e-01
1.9300000000e+02,7.2000000000e+02,4.0000000000e+00,4.8995849490e-01
1.9300000000e+02,7.2000000000e+02,5.0000000000e+00,4.9978560209e-01
1.9300000000e+02,7.2000000000e+02,6.0000000000e+00,5.0606250763e-01
1.9300000000e+02,7.2000000000e+02,7.0000000000e+00,5.0983893871e-01
1.9300000000e+02,7.2000000000e+02,8.0000000000e+00,5.1206684113e-01
1.9300000000e+02,7.2000000000e+02,9.0000000000e+00,5.1337444782e-01
1.9300000000e+02,7.2000000000e+02,1.0000000000e+01,5.1414245367e-01
1.9300000000e+02,7.2000000000e+02,1.1000000000e+01,5.1459497213e-01
1.9300000000e+02,7.2000000000e+02,1.2000000000e+01,5.1486277580e-01
1.9300000000e+02,7.2000000000e+02,1.3000000000e+01,5.1502203941e-01
1.9300000000e+02,7.2000000000e+02,1.4000000000e+01,5.1511716843e-01
1.9300000000e+02,7.2000000000e+02,1.5000000000e+01,5.1517426968e-01
1.9300000000e+02,7.2000000000e+02,1.6000000000e+01,5.1520872116e-01
1.9300000000e+02,7.2000000000e+02,1.7000000000e+01,5.1522946358e-01
1.9300000000e+02,7.2000000000e+02,1.8000000000e+01,5.1524215937e-01
1.9300000000e+02,7.2000000000e+02,1.9000000000e+01,5.1524978876e-01
1.9300000000e+02,7.2000000000e+02,2.0000000000e+01,5.1525449753e-01
1.9300000000e+02,7.2000000000e+02,2.1000000000e+01,5.1525741816e-01
1.9300000000e+02,7.2000000000e+02,2.2000000000e+01,5.1525920630e-01
1.9300000000e+02,7.2000000000e+02,2.3000000000e+01,5.1526027918e-01
1.9300000000e+02,7.2000000000e+02,2.4000000000e+01,5.1526093483e-01
1.9300000000e+02,7.2000000000e+02,2.5000000000e+01,5.1526135206e-01
1.9300000000e+02,7.2000000000e+02,2.6000000000e+01,5.1526165009e-01
1.9300000000e+02,7.2000000000e+02,2.7000000000e+01,5.1526176929e-01
1.9300000000e+02,7.2000000000e+02,2.8000000000e+01,5.1526188850e-01
1.9300000000e+02,7.2000000000e+02,2.9000000000e+01,5.1526194811e-01
1.9300000000e+02,7.2000000000e+02,3.0000000000e+01,5.1526194811e-01
1.9300000000e+02,7.2000000000e+02,3.1000000000e+01,5.1526200771e-01
1.9300000000e+02,1.0000000000e+03,0.0000000000e+00,2.0082764626e+00
1.9300000000e+02,1.0000000000e+03,1.0000000000e+00,6.1808049679e-01
1.9300000000e+02,1.0000000000e+03,2.0000000000e+00,4.6324491501e-01
1.9300000000e+02,1.0000000000e+03,3.0000000000e+00,4.7043776512e-01
1.9300000000e+02,1.0000000000e+03,4.0000000000e+00,4.8378738761e-01
1.9300000000e+02,1.0000000000e+03,5.0000000000e+00,4.9234104156e-01
1.9300000000e+02,1.0000000000e+03,6.0000000000e+00,4.9713027477e-01
1.9300000000e+02,1.0000000000e+03,7.0000000000e+00,4.9972093105e-01
1.9300000000e+02,1.0000000000e+03,8.0000000000e+00,5.0111150742e-01
1.9300000000e+02,1.0000000000e+03,9.0000000000e+00,5.0185889006e-01
1.9300000000e+02,1.0000000000e+03,1.0000000000e+01,5.0226241350e-01
1.9300000000e+02,1.0000000000e+03,1.1000000000e+01,5.0248163939e-01
1.9300000000e+02,1.0000000000e+03,1.2000000000e+01,5.0260132551e-01
1.9300000000e+02,1.0000000000e+03,1.3000000000e+01,5.0266706944e-01
1.9300000000e+02,1.0000000000e+03,1.4000000000e+01,5.0270342827e-01
1.9300000000e+02,1.0000000000e+03,1.5000000000e+01,5.0272351503e-01
1.9300000000e+02,1.0000000000e+03,1.6000000000e+01,5.0273483992e-01
1.9300000000e+02,1.0000000000e+03,1.7000000000e+01,5.0274115801e-01
1.9300000000e+02,1.0000000000e+03,1.8000000000e+01,5.0274467468e-01
1.9300000000e+02,1.0000000000e+03,1.9000000000e+01,5.0274664164e-01
1.9300000000e+02,1.0000000000e+03,2.0000000000e+01,5.0274783373e-01
1.9300000000e+02,1.0000000000e+03,2.1000000000e+01,5.0274842978e-01
1.9300000000e+02,1.0000000000e+03,2.2000000000e+01,5.0274878740e-01
1.9300000000e+02,1.0000000000e+03,2.3000000000e+01,5.0274896622e-01
1.9300000000e+02,1.0000000000e+03,2.4000000000e+01,5.0274914503e-01
1.9300000000e+02,1.0000000000e+03,2.5000000000e+01,5.0274920464e-01
1.9300000000e+02,1.0000000000e+03,2.6000000000e+01,5.0274920464e-01
1.9300000000e+02,1.0000000000e+03,2.7000000000e+01,5.0274926424e-01
1.9300000000e+02,1.0000000000e+03,2.8000000000e+01,5.0274926424e-01
1.9300000000e+02,1.0000000000e+03,2.9000000000e+01,5.0274932384e-01
1.9300000000e+02,1.0000000000e+03,3.0000000000e+01,5.0274926424e-01
1.9300000000e+02,1.0000000000e+03,3.1000000000e+01,5.0274926424e-01
2.6800000000e+02,1.0000000000e+01,0.0000000000e+00,1.9943459034e+00
2.6800000000e+02,1.0000000000e+01,1.0000000000e+00,2.1519377232e+00
2.6800000000e+02,1.0000000000e+01,2.0000000000e+00,2.7036061287e+00
2.6800000000e+02,1.0000000000e+01,3.0000000000e+00,3.6231694221e+00
2.6800000000e+02,1.0000000000e+01,4.0000000000e+00,4.8747105598e+00
2.6800000000e+02,1.0000000000e+01,5.0000000000e+00,6.4662971497e+00
2.6800000000e+02,1.0000000000e+01,6.0000000000e+00,8.3890600204e+00
2.6800000000e+02,1.0000000000e+01,7.0000000000e+00,1.0650136948e+01
2.6800000000e+02,1.0000000000e+01,8.0000000000e+00,1.3243684769e+01
2.6800000000e+02,1.0000000000e+01,9.0000000000e+00,1.6176103592e+01
2.6800000000e+02,1.0000000000e+01,1.0000000000e+01,1.9441873550e+01
2.6800000000e+02,1.0000000000e+01,1.1000000000e+01,2.3047168732e+01
2.6800000000e+02,1.0000000000e+01,1.2000000000e+01,2.6985839844e+01
2.6800000000e+02,1.0000000000e+01,1.3000000000e+01,3.1264862061e+01
2.6800000000e+02,1.0000000000e+01,1.4000000000e+01,3.5877597809e+01
2.6800000000e+02,1.0000000000e+01,1.5000000000e+01,4.0831157684e+01
2.6800000000e+02,1.0000000000e+01,1.6000000000e+01,4.6118526459e+01
2.6800000000e+02,1.0000000000e+01,1.7000000000e+01,5.1747222900e+01
2.6800000000e+02,1.0000000000e+01,1.8000000000e+01,5.7709556580e+01
2.6800000000e+02,1.0000000000e+01,1.9000000000e+01,6.4013755798e+01
2.6800000000e+02,1.0000000000e+01,2.0000000000e+01,7.0651596069e+01
2.6800000000e+02,1.0000000000e+01,2.1000000000e+01,7.7631561279e+01
2.6800000000e+02,1.0000000000e+01,2.2000000000e+01,8.4945121765e+01
2.6800000000e+02,1.0000000000e+01,2.3000000000e+01,9.2601013184e+01
2.6800000000e+02,1.0000000000e+01,2.4000000000e+01,1.0059046173e+02
2.6800000000e+02,1.0000000000e+01,2.5000000000e+01,1.0892251587e+02
2.6800000000e+02,1.0000000000e+01,2.6000000000e+01,1.1758795929e+02
2.6800000000e+02,1.0000000000e+01,2.7000000000e+01,1.2659632111e+02
2.6800000000e+02,1.0000000000e+01,2.8000000000e+01,1.3593803406e+02
2.6800000000e+02,1.0000000000e+01,2.9000000000e+01,1.4562277222e+02
2.6800000000e+02,1.0000000000e+01,3.0000000000e+01,1.5564064026e+02
2.6800000000e+02,1.0000000000e+01,3.1000000000e+01,1.6600201416e+02
2.6800000000e+02,1.4000000000e+01,0.0000000000e+00,1.9857735634e+00
2.6800000000e+02,1.4000000000e+01,1.0000000000e+00,2.1157398224e+00
2.6800000000e+02,1.4000000000e+01,2.0000000000e+00,2.6280395985e+00
2.6800000000e+02,1.4000000000e+01,3.0000000000e+00,3.4903049469e+00
2.6800000000e+02,1.4000000000e+01,4.0000000000e+00,4.6466264725e+00
2.6800000000e+02,1.4000000000e+01,5.0000000000e+00,6.1088876724e+00
2.6800000000e+02,1.4000000000e+01,6.0000000000e+00,7.8607702255e+00
2.6800000000e+02,1.4000000000e+01,7.0000000000e+00,9.9146490097e+00
2.6800000000e+02,1.4000000000e+01,8.0000000000e+00,1.2258186340e+01
2.6800000000e+02,1.4000000000e+01,9.0000000000e+00,1.4904180527e+01
2.6800000000e+02,1.4000000000e+01,1.0000000000e+01,1.7839962006e+01
2.6800000000e+02,1.4000000000e+01,1.1000000000e+01,2.1079442978e+01
2.6800000000e+02,1.4000000000e+01,1.2000000000e+01,2.4608484268e+01
2.6800000000e+02,1.4000000000e+01,1.3000000000e+01,2.8442590714e+01
2.6800000000e+02,1.4000000000e+01,1.4000000000e+01,3.2565979004e+01
2.6800000000e+02,1.4000000000e+01,1.5000000000e+01,3.6995487213e+01
2.6800000000e+02,1.4000000000e+01,1.6000000000e+01,4.1714015961e+01
2.6800000000e+02,1.4000000000e+01,1.7000000000e+01,4.6740024567e+01
2.6800000000e+02,1.4000000000e+01,1.8000000000e+01,5.2054206848e+01
2.6800000000e+02,1.4000000000e+01,1.9000000000e+01,5.7676925659e+01
2.6800000000e+02,1.4000000000e+01,2.0000000000e+01,6.3587448120e+01
2.6800000000e+02,1.4000000000e+01,2.1000000000e+01,6.9807098389e+01
2.6800000000e+02,1.4000000000e+01,2.2000000000e+01,7.6314292908e+01
2.6800000000e+02,1.4000000000e+01,2.3000000000e+01,8.3131729126e+01
2.6800000000e+02,1.4000000000e+01,2.4000000000e+01,9.0236259460e+01
2.6800000000e+02,1.4000000000e+01,2.5000000000e+01,9.7651550293e+01
2.6800000000e+02,1.4000000000e+01,2.6000000000e+01,1.0535329437e+02
2.6800000000e+02,1.4000000000e+01,2.7000000000e+01,1.1336669159e+02
2.6800000000e+02,1.4000000000e+01,2.8000000000e+01,1.2166620636e+02
2.6800000000e+02,1.4000000000e+01,2.9000000000e+01,1.3027857971e+02
2.6800000000e+02,1.4000000000e+01,3.0000000000e+01,1.3917564392e+02
2.6800000000e+02,1.4000000000e+01,3.1000000000e+01,1.4838565063e+02
2.6800000000e+02,1.9000000000e+01,0.0000000000e+00,1.9957602024e+00
2.6800000000e+02,1.9000000000e+01,1.0000000000e+00,2.0003533363e+00
2.6800000000e+02,1.9000000000e+01,2.0000000000e+00,2.3227376938e+00
2.6800000000e+02,1.9000000000e+01,3.0000000000e+00,2.9225709438e+00
2.6800000000e+02,1.9000000000e+01,4.0000000000e+00,3.7267518044e+00
2.6800000000e+02,1.9000000000e+01,5.0000000000e+00,4.7317152023e+00
2.6800000000e+02,1.9000000000e+01,6.0000000000e+00,5.9253726006e+00
2.6800000000e+02,1.9000000000e+01,7.0000000000e+00,7.3101463318e+00
2.6800000000e+02,1.9000000000e+01,8.0000000000e+00,8.8815155029e+00
2.6800000000e+02,1.9000000000e+01,9.0000000000e+00,1.0641929626e+01
2.6800000000e+02,1.9000000000e+01,1.0000000000e+01,1.2588644028e+01
2.6800000000e+02,1.9000000000e+01,1.1000000000e+01,1.4724010468e+01
2.6800000000e+02,1.9000000000e+01,1.2000000000e+01,1.7046018600e+01
2.6800000000e+02,1.9000000000e+01,1.3000000000e+01,1.9556879044e+01
2.6800000000e+02,1.9000000000e+01,1.4000000000e+01,2.2254611969e+01
2.6800000000e+02,1.9000000000e+01,1.5000000000e+01,2.5141410828e+01
2.6800000000e+02,1.9000000000e+01,1.6000000000e+01,2.8215169907e+01
2.6800000000e+02,1.9000000000e+01,1.7000000000e+01,3.1478591919e+01
2.6800000000e+02,1.9000000000e+01,1.8000000000e+01,3.4929180145e+01
2.6800000000e+02,1.9000000000e+01,1.9000000000e+01,3.8569789886e+01
2.6800000000e+02,1.9000000000e+01,2.0000000000e+01,4.2397853851e+01
2.6800000000e+02,1.9000000000e+01,2.1000000000e+01,4.6416164398e+01
2.6800000000e+02,1.9000000000e+01,2.2000000000e+01,5.0622001648e+01
2.6800000000e+02,1.9000000000e+01,2.3000000000e+01,5.5018505096e+01
2.6800000000e+02,1.9000000000e+01,2.4000000000e+01,5.9602359772e+01
2.6800000000e+02,1.9000000000e+01,2.5000000000e+01,6.4377227783e+01
2.6800000000e+02,1.9000000000e+01,2.6000000000e+01,6.9339843750e+01
2.6800000000e+02,1.9000000000e+01,2.7000000000e+01,7.4493362427e+01
2.6800000000e+02,1.9000000000e+01,2.8000000000e+01,7.9834800720e+01
2.6800000000e+02,1.9000000000e+01,2.9000000000e+01,8.5367538452e+01
2.6800000000e+02,1.9000000000e+01,3.0000000000e+01,9.1088043213e+01
2.6800000000e+02,1.9000000000e+01,3.1000000000e+01,9.6999877930e+01
2.6800000000e+02,2.7000000000e+01,0.0000000000e+00,1.9976912737e+00
2.6800000000e+02,2.7000000000e+01,1.0000000000e+00,2.0226812363e+00
2.6800000000e+02,2.7000000000e+01,2.0000000000e+00,2.4446139336e+00
2.6800000000e+02,2.7000000000e+01,3.0000000000e+00,3.1677205563e+00
2.6800000000e+02,2.7000000000e+01,4.0000000000e+00,4.1162710190e+00
2.6800000000e+02,2.7000000000e+01,5.0000000000e+00,5.2944507599e+00
2.6800000000e+02,2.7000000000e+01,6.0000000000e+00,6.6817140579e+00
2.6800000000e+02,2.7000000000e+01,7.0000000000e+00,8.2876977921e+00
2.6800000000e+02,2.7000000000e+01,8.0000000000e+00,1.0097540855e+01
2.6800000000e+02,2.7000000000e+01,9.0000000000e+00,1.2124372482e+01
2.6800000000e+02,2.7000000000e+01,1.0000000000e+01,1.4352261543e+01
2.6800000000e+02,2.7000000000e+01,1.1000000000e+01,1.6796974182e+01
2.6800000000e+02,2.7000000000e+01,1.2000000000e+01,1.9440673828e+01
2.6800000000e+02,2.7000000000e+01,1.3000000000e+01,2.2303035736e+01
2.6800000000e+02,2.7000000000e+01,1.4000000000e+01,2.5363044739e+01
2.6800000000e+02,2.7000000000e+01,1.5000000000e+01,2.8642528534e+01
2.6800000000e+02,2.7000000000e+01,1.6000000000e+01,3.2119163513e+01
2.6800000000e+02,2.7000000000e+01,1.7000000000e+01,3.5816219330e+01
2.6800000000e+02,2.7000000000e+01,1.8000000000e+01,3.9709259033e+01
2.6800000000e+02,2.7000000000e+01,1.9000000000e+01,4.3824306488e+01
2.6800000000e+02,2.7000000000e+01,2.0000000000e+01,4.8134082794e+01
2.6800000000e+02,2.7000000000e+01,2.1000000000e+01,5.2667430878e+01
2.6800000000e+02,2.7000000000e+01,2.2000000000e+01,5.7394523621e+01
2.6800000000e+02,2.7000000000e+01,2.3000000000e+01,6.2346992493e+01
2.6800000000e+02,2.7000000000e+01,2.4000000000e+01,6.7491661072e+01
2.6800000000e+02,2.7000000000e+01,2.5000000000e+01,7.2863342285e+01
2.6800000000e+02,2.7000000000e+01,2.6000000000e+01,7.8425949097e+01
2.6800000000e+02,2.7000000000e+01,2.7000000000e+01,8.4217430115e+01
2.6800000000e+02,2.7000000000e+01,2.8000000000e+01,9.0197921753e+01
2.6800000000e+02,2.7000000000e+01,2.9000000000e+01,9.6409072876e+01
2.6800000000e+02,2.7000000000e+01,3.0000000000e+01,1.0280856323e+02
2.6800000000e+02,2.7000000000e+01,3.1000000000e+01,1.0943954468e+02
2.6800000000e+02,3.7000000000e+01,0.0000000000e+00,2.0132839680e+00
2.6800000000e+02,3.7000000000e+01,1.0000000000e+00,1.8032501936e+00
2.6800000000e+02,3.7000000000e+01,2.0000000000e+00,2.0063884258e+00
2.6800000000e+02,3.7000000000e+01,3.0000000000e+00,2.4739537239e+00
2.6800000000e+02,3.7000000000e+01,4.0000000000e+00,3.0996837616e+00
2.6800000000e+02,3.7000000000e+01,5.0000000000e+00,3.8674397469e+00
2.6800000000e+02,3.7000000000e+01,6.0000000000e+00,4.7595319748e+00
2.6800000000e+02,3.7000000000e+01,7.0000000000e+00,5.7739686966e+00
2.6800000000e+02,3.7000000000e+01,8.0000000000e+00,6.9037356377e+00
2.6800000000e+02,3.7000000000e+01,9.0000000000e+00,8.1492977142e+00
2.6800000000e+02,3.7000000000e+01,1.0000000000e+01,9.5063877106e+00
2.6800000000e+02,3.7000000000e+01,1.1000000000e+01,1.0976272583e+01
2.6800000000e+02,3.7000000000e+01,1.2000000000e+01,1.2556185722e+01
2.6800000000e+02,3.7000000000e+01,1.3000000000e+01,1.4247310638e+01
2.6800000000e+02,3.7000000000e+01,1.4000000000e+01,1.6047922134e+01
2.6800000000e+02,3.7000000000e+01,1.5000000000e+01,1.7958824158e+01
2.6800000000e+02,3.7000000000e+01,1.6000000000e+01,1.9978534698e+01
2.6800000000e+02,3.7000000000e+01,1.7000000000e+01,2.2108165741e+01
2.6800000000e+02,3.7000000000e+01,1.8000000000e+01,2.4346157074e+01
2.6800000000e+02,3.7000000000e+01,1.9000000000e+01,2.6694038391e+01
2.6800000000e+02,3.7000000000e+01,2.0000000000e+01,2.9150199890e+01
2.6800000000e+02,3.7000000000e+01,2.1000000000e+01,3.1716362000e+01
2.6800000000e+02,3.7000000000e+01,2.2000000000e+01,3.4390777588e+01
2.6800000000e+02,3.7000000000e+01,2.3000000000e+01,3.7175209045e+01
2.6800000000e+02,3.7000000000e+01,2.4000000000e+01,4.0067588806e+01
2.6800000000e+02,3.7000000000e+01,2.5000000000e+01,4.3070110321e+01
2.6800000000e+02,3.7000000000e+01,2.6000000000e+01,4.6180496216e+01
2.6800000000e+02,3.7000000000e+01,2.7000000000e+01,4.9401275635e+01
2.6800000000e+02,3.7000000000e+01,2.8000000000e+01,5.2729839325e+01
2.6800000000e+02,3.7000000000e+01,2.9000000000e+01,5.6169242859e+01
2.6800000000e+02,3.7000000000e+01,3.0000000000e+01,5.9716266632e+01
2.6800000000e+02,3.7000000000e+01,3.1000000000e+01,6.3374298096e+01
2.6800000000e+02,5.2000000000e+01,0.0000000000e+00,2.0031037331e+00
2.6800000000e+02,5.2000000000e+01,1.0000000000e+00,1.6666032076e+00
2.6800000000e+02,5.2000000000e+01,2.0000000000e+00,1.7931884527e+00
2.6800000000e+02,5.2000000000e+01,3.0000000000e+00,2.1808860302e+00
2.6800000000e+02,5.2000000000e+01,4.0000000000e+00,2.6972348690e+00
2.6800000000e+02,5.2000000000e+01,5.0000000000e+00,3.3216609955e+00
2.6800000000e+02,5.2000000000e+01,6.0000000000e+00,4.0337715149e+00
2.6800000000e+02,5.2000000000e+01,7.0000000000e+00,4.8295187950e+00
2.6800000000e+02,5.2000000000e+01,8.0000000000e+00,5.7011418343e+00
2.6800000000e+02,5.2000000000e+01,9.0000000000e+00,6.6476898193e+00
2.6800000000e+02,5.2000000000e+01,1.0000000000e+01,7.6648206711e+00
2.6800000000e+02,5.2000000000e+01,1.1000000000e+01,8.7527513504e+00
2.6800000000e+02,5.2000000000e+01,1.2000000000e+01,9.9085426331e+00
2.6800000000e+02,5.2000000000e+01,1.3000000000e+01,1.1132722855e+01
2.6800000000e+02,5.2000000000e+01,1.4000000000e+01,1.2422956467e+01
2.6800000000e+02,5.2000000000e+01,1.5000000000e+01,1.3780143738e+01
2.6800000000e+02,5.2000000000e+01,1.6000000000e+01,1.5202325821e+01
2.6800000000e+02,5.2000000000e+01,1.7000000000e+01,1.6690496445e+01
2.6800000000e+02,5.2000000000e+01,1.8000000000e+01,1.8243055344e+01
2.6800000000e+02,5.2000000000e+01,1.9000000000e+01,1.9861011505e+01
2.6800000000e+02,5.2000000000e+01,2.0000000000e+01,2.1543004990e+01
2.6800000000e+02,5.2000000000e+01,2.1000000000e+01,2.3289617538e+01
2.6800000000e+02,5.2000000000e+01,2.2000000000e+01,2.5100223541e+01
2.6800000000e+02,5.2000000000e+01,2.3000000000e+01,2.6974763870e+01
2.6800000000e+02,5.2000000000e+01,2.4000000000e+01,2.8913465500e+01
2.6800000000e+02,5.2000000000e+01,2.5000000000e+01,3.0916057587e+01
2.6800000000e+02,5.2000000000e+01,2.6000000000e+01,3.2982402802e+01
2.6800000000e+02,5.2000000000e+01,2.7000000000e+01,3.5112888336e+01
2.6800000000e+02,5.2000000000e+01,2.8000000000e+01,3.7306549072e+01
2.6800000000e+02,5.2000000000e+01,2.9000000000e+01,3.9564304352e+01
2.6800000000e+02,5.2000000000e+01,3.0000000000e+01,4.1885242462e+01
2.6800000000e+02,5.2000000000e+01,3.1000000000e+01,4.4270404816e+01
2.6800000000e+02,7.2000000000e+01,0.0000000000e+00,1.9986207485e+00
2.6800000000e+02,7.2000000000e+01,1.0000000000e+00,1.6444220543e+00
2.6800000000e+02,7.2000000000e+01,2.0000000000e+00,1.7680896521e+00
2.6800000000e+02,7.2000000000e+01,3.0000000000e+00,2.0970139503e+00
2.6800000000e+02,7.2000000000e+01,4.0000000000e+00,2.5120804310e+00
2.6800000000e+02,7.2000000000e+01,5.0000000000e+00,2.9942157269e+00
2.6800000000e+02,7.2000000000e+01,6.0000000000e+00,3.5238466263e+00
2.6800000000e+02,7.2000000000e+01,7.0000000000e+00,4.0985188484e+00
2.6800000000e+02,7.2000000000e+01,8.0000000000e+00,4.7098975182e+00
2.6800000000e+02,7.2000000000e+01,9.0000000000e+00,5.3583011627e+00
2.6800000000e+02,7.2000000000e+01,1.0000000000e+01,6.0383687019e+00
2.6800000000e+02,7.2000000000e+01,1.1000000000e+01,6.7516384125e+00
2.6800000000e+02,7.2000000000e+01,1.2000000000e+01,7.4938726425e+00
2.6800000000e+02,7.2000000000e+01,1.3000000000e+01,8.2668018341e+00
2.6800000000e+02,7.2000000000e+01,1.4000000000e+01,9.0671634674e+00
2.6800000000e+02,7.2000000000e+01,1.5000000000e+01,9.8965549469e+00
2.6800000000e+02,7.2000000000e+01,1.6000000000e+01,1.0752338409e+01
2.6800000000e+02,7.2000000000e+01,1.7000000000e+01,1.1636167526e+01
2.6800000000e+02,7.2000000000e+01,1.8000000000e+01,1.2545322418e+01
2.6800000000e+02,7.2000000000e+01,1.9000000000e+01,1.3482025146e+01
2.6800000000e+02,7.2000000000e+01,2.0000000000e+01,1.4443273544e+01
2.6800000000e+02,7.2000000000e+01,2.1000000000e+01,1.5432236671e+01
2.6800000000e+02,7.2000000000e+01,2.2000000000e+01,1.6444362640e+01
2.6800000000e+02,7.2000000000e+01,2.3000000000e+01,1.7484615326e+01
2.6800000000e+02,7.2000000000e+01,2.4000000000e+01,1.8547580719e+01
2.6800000000e+02,7.2000000000e+01,2.5000000000e+01,1.9638242722e+01
2.6800000000e+02,7.2000000000e+01,2.6000000000e+01,2.0751298904e+01
2.6800000000e+02,7.2000000000e+01,2.7000000000e+01,2.1891933441e+01
2.6800000000e+02,7.2000000000e+01,2.8000000000e+01,2.3054248810e+01
2.6800000000e+02,7.2000000000e+01,2.9000000000e+01,2.4244729996e+01
2.6800000000e+02,7.2000000000e+01,3.0000000000e+01,2.5456380844e+01
2.6800000000e+02,7.2000000000e+01,3.1000000000e+01,2.6696554184e+01
2.6800000000e+02,1.0000000000e+02,0.0000000000e+00,2.0061011314e+00
2.6800000000e+02,1.0000000000e+02,1.0000000000e+00,1.4101108313e+00
2.6800000000e+02,1.0000000000e+02,2.0000000000e+00,1.4017493725e+00
2.6800000000e+02,1.0000000000e+02,3.0000000000e+00,1.6024246216e+00
2.6800000000e+02,1.0000000000e+02,4.0000000000e+00,1.8663934469e+00
2.6800000000e+02,1.0000000000e+02,5.0000000000e+00,2.1660244465e+00
2.6800000000e+02,1.0000000000e+02,6.0000000000e+00,2.4830906391e+00
2.6800000000e+02,1.0000000000e+02,7.0000000000e+00,2.8127441406e+00
2.6800000000e+02,1.0000000000e+02,8.0000000000e+00,3.1493327618e+00
2.6800000000e+02,1.0000000000e+02,9.0000000000e+00,3.4915328026e+00
2.6800000000e+02,1.0000000000e+02,1.0000000000e+01,3.8367891312e+00
2.6800000000e+02,1.0000000000e+02,1.1000000000e+01,4.1848435402e+00
2.6800000000e+02,1.0000000000e+02,1.2000000000e+01,4.5342025757e+00
2.6800000000e+02,1.0000000000e+02,1.3000000000e+01,4.8850488663e+00
2.6800000000e+02,1.0000000000e+02,1.4000000000e+01,5.2363171577e+00
2.6800000000e+02,1.0000000000e+02,1.5000000000e+01,5.5883989334e+00
2.6800000000e+02,1.0000000000e+02,1.6000000000e+01,5.9404239655e+00
2.6800000000e+02,1.0000000000e+02,1.7000000000e+01,6.2929286957e+00
2.6800000000e+02,1.0000000000e+02,1.8000000000e+01,6.6451058388e+00
2.6800000000e+02,1.0000000000e+02,1.9000000000e+01,6.9975843430e+00
2.6800000000e+02,1.0000000000e+02,2.0000000000e+01,7.3496074677e+00
2.6800000000e+02,1.0000000000e+02,2.1000000000e+01,7.7019281387e+00
2.6800000000e+02,1.0000000000e+02,2.2000000000e+01,8.0536222458e+00
2.6800000000e+02,1.0000000000e+02,2.3000000000e+01,8.4056758881e+00
2.6800000000e+02,1.0000000000e+02,2.4000000000e+01,8.7569627762e+00
2.6800000000e+02,1.0000000000e+02,2.5000000000e+01,9.1087312698e+00
2.6800000000e+02,1.0000000000e+02,2.6000000000e+01,9.4596023560e+00
2.6800000000e+02,1.0000000000e+02,2.7000000000e+01,9.8110818863e+00
2.6800000000e+02,1.0000000000e+02,2.8000000000e+01,1.0161507607e+01
2.6800000000e+02,1.0000000000e+02,2.9000000000e+01,1.0512804985e+01
2.6800000000e+02,1.0000000000e+02,3.0000000000e+01,1.0862870216e+01
2.6800000000e+02,1.0000000000e+02,3.1000000000e+01,1.1213916779e+01
2.6800000000e+02,1.3900000000e+02,0.0000000000e+00,2.0015571117e+00
2.6800000000e+02,1.3900000000e+02,1.0000000000e+00,1.2957546711e+00
2.6800000000e+02,1.3900000000e+02,2.0000000000e+00,1.2278770208e+00
2.6800000000e+02,1.3900000000e+02,3.0000000000e+00,1.3552860022e+00
2.6800000000e+02,1.3900000000e+02,4.0000000000e+00,1.5231418610e+00
2.6800000000e+02,1.3900000000e+02,5.0000000000e+00,1.7052388191e+00
2.6800000000e+02,1.3900000000e+02,6.0000000000e+00,1.8871898651e+00
2.6800000000e+02,1.3900000000e+02,7.0000000000e+00,2.0655791759e+00
2.6800000000e+02,1.3900000000e+02,8.0000000000e+00,2.2375755310e+00
2.6800000000e+02,1.3900000000e+02,9.0000000000e+00,2.4027349949e+00
2.6800000000e+02,1.3900000000e+02,1.0000000000e+01,2.5605204105e+00
2.6800000000e+02,1.3900000000e+02,1.1000000000e+01,2.7111554146e+00
2.6800000000e+02,1.3900000000e+02,1.2000000000e+01,2.8547170162e+00
2.6800000000e+02,1.3900000000e+02,1.3000000000e+01,2.9915747643e+00
2.6800000000e+02,1.3900000000e+02,1.4000000000e+01,3.1219902039e+00
2.6800000000e+02,1.3900000000e+02,1.5000000000e+01,3.2463262081e+00
2.6800000000e+02,1.3900000000e+02,1.6000000000e+01,3.3649041653e+00
2.6800000000e+02,1.3900000000e+02,1.7000000000e+01,3.4780213833e+00
2.6800000000e+02,1.3900000000e+02,1.8000000000e+01,3.5860321522e+00
2.6800000000e+02,1.3900000000e+02,1.9000000000e+01,3.6891396046e+00
2.6800000000e+02,1.3900000000e+02,2.0000000000e+01,3.7877306938e+00
2.6800000000e+02,1.3900000000e+02,2.1000000000e+01,3.8819100857e+00
2.6800000000e+02,1.3900000000e+02,2.2000000000e+01,3.9720916748e+00
2.6800000000e+02,1.3900000000e+02,2.3000000000e+01,4.0582895279e+00
2.6800000000e+02,1.3900000000e+02,2.4000000000e+01,4.1409668922e+00
2.6800000000e+02,1.3900000000e+02,2.5000000000e+01,4.2200546265e+00
2.6800000000e+02,1.3900000000e+02,2.6000000000e+01,4.2960090637e+00
2.6800000000e+02,1.3900000000e+02,2.7000000000e+01,4.3687572479e+00
2.6800000000e+02,1.3900000000e+02,2.8000000000e+01,4.4386782646e+00
2.6800000000e+02,1.3900000000e+02,2.9000000000e+01,4.5057115555e+00
2.6800000000e+02,1.3900000000e+02,3.0000000000e+01,4.5702137947e+00
2.6800000000e+02,1.3900000000e+02,3.1000000000e+01,4.6320848465e+00
2.6800000000e+02,1.9300000000e+02,0.0000000000e+00,1.9954791069e+00
2.6800000000e+02,1.9300000000e+02,1.0000000000e+00,1.0610859394e+00
2.6800000000e+02,1.9300000000e+02,2.0000000000e+00,8.7598645687e-01
2.6800000000e+02,1.9300000000e+02,3.0000000000e+00,9.1401731968e-01
2.6800000000e+02,1.9300000000e+02,4.0000000000e+00,9.9286204576e-01
2.6800000000e+02,1.9300000000e+02,5.0000000000e+00,1.0805772543e+00
2.6800000000e+02,1.9300000000e+02,6.0000000000e+00,1.1646175385e+00
2.6800000000e+02,1.9300000000e+02,7.0000000000e+00,1.2420445681e+00
2.6800000000e+02,1.9300000000e+02,8.0000000000e+00,1.3117258549e+00
2.6800000000e+02,1.9300000000e+02,9.0000000000e+00,1.3739173412e+00
2.6800000000e+02,1.9300000000e+02,1.0000000000e+01,1.4291129112e+00
2.6800000000e+02,1.9300000000e+02,1.1000000000e+01,1.4780057669e+00
2.6800000000e+02,1.9300000000e+02,1.2000000000e+01,1.5212682486e+00
2.6800000000e+02,1.9300000000e+02,1.3000000000e+01,1.5595481396e+00
2.6800000000e+02,1.9300000000e+02,1.4000000000e+01,1.5934313536e+00
2.6800000000e+02,1.9300000000e+02,1.5000000000e+01,1.6234421730e+00
2.6800000000e+02,1.9300000000e+02,1.6000000000e+01,1.6500456333e+00
2.6800000000e+02,1.9300000000e+02,1.7000000000e+01,1.6736494303e+00
2.6800000000e+02,1.9300000000e+02,1.8000000000e+01,1.6946130991e+00
2.6800000000e+02,1.9300000000e+02,1.9000000000e+01,1.7132495642e+00
2.6800000000e+02,1.9300000000e+02,2.0000000000e+01,1.7298343182e+00
2.6800000000e+02,1.9300000000e+02,2.1000000000e+01,1.7446067333e+00
2.6800000000e+02,1.9300000000e+02,2.2000000000e+01,1.7577793598e+00
2.6800000000e+02,1.9300000000e+02,2.3000000000e+01,1.7695353031e+00
2.6800000000e+02,1.9300000000e+02,2.4000000000e+01,1.7800377607e+00
2.6800000000e+02,1.9300000000e+02,2.5000000000e+01,1.7894276381e+00
2.6800000000e+02,1.9300000000e+02,2.6000000000e+01,1.7978320122e+00
2.6800000000e+02,1.9300000000e+02,2.7000000000e+01,1.8053590059e+00
2.6800000000e+02,1.9300000000e+02,2.8000000000e+01,1.8121078014e+00
2.6800000000e+02,1.9300000000e+02,2.9000000000e+01,1.8181617260e+00
2.6800000000e+02,1.9300000000e+02,3.0000000000e+01,1.8235989809e+00
2.6800000000e+02,1.9300000000e+02,3.1000000000e+01,1.8284837008e+00
2.6800000000e+02,2.6800000000e+02,0.0000000000e+00,1.9977924824e+00
2.6800000000e+02,2.6800000000e+02,1.0000000000e+00,1.0276787281e+00
2.6800000000e+02,2.6800000000e+02,2.0000000000e+00,8.7197369337e-01
2.6800000000e+02,2.6800000000e+02,3.0000000000e+00,8.9642274380e-01
2.6800000000e+02,2.6800000000e+02,4.0000000000e+00,9.4454526901e-01
2.6800000000e+02,2.6800000000e+02,5.0000000000e+00,9.9271899462e-01
2.6800000000e+02,2.6800000000e+02,6.0000000000e+00,1.0343513489e+00
2.6800000000e+02,2.6800000000e+02,7.0000000000e+00,1.0690379143e+00
2.6800000000e+02,2.6800000000e+02,8.0000000000e+00,1.0973174572e+00
2.6800000000e+02,2.6800000000e+02,9.0000000000e+00,1.1202387810e+00
2.6800000000e+02,2.6800000000e+02,1.0000000000e+01,1.1387380362e+00
2.6800000000e+02,2.6800000000e+02,1.1000000000e+01,1.1536670923e+00
2.6800000000e+02,2.6800000000e+02,1.2000000000e+01,1.1657155752e+00
2.6800000000e+02,2.6800000000e+02,1.3000000000e+01,1.1754529476e+00
2.6800000000e+02,2.6800000000e+02,1.4000000000e+01,1.1833332777e+00
2.6800000000e+02,2.6800000000e+02,1.5000000000e+01,1.1897215843e+00
2.6800000000e+02,2.6800000000e+02,1.6000000000e+01,1.1949098110e+00
2.6800000000e+02,2.6800000000e+02,1.7000000000e+01,1.1991306543e+00
2.6800000000e+02,2.6800000000e+02,1.8000000000e+01,1.2025707960e+00
2.6800000000e+02,2.6800000000e+02,1.9000000000e+01,1.2053794861e+00
2.6800000000e+02,2.6800000000e+02,2.0000000000e+01,1.2076765299e+00
2.6800000000e+02,2.6800000000e+02,2.1000000000e+01,1.2095583677e+00
2.6800000000e+02,2.6800000000e+02,2.2000000000e+01,1.2111024857e+00
2.6800000000e+02,2.6800000000e+02,2.3000000000e+01,1.2123712301e+00
2.6800000000e+02,2.6800000000e+02,2.4000000000e+01,1.2134158611e+00
2.6800000000e+02,2.6800000000e+02,2.5000000000e+01,1.2142765522e+00
2.6800000000e+02,2.6800000000e+02,2.6000000000e+01,1.2149870396e+00
2.6800000000e+02,2.6800000000e+02,2.7000000000e+01,1.2155741453e+00
2.6800000000e+02,2.6800000000e+02,2.8000000000e+01,1.2160601616e+00
2.6800000000e+02,2.6800000000e+02,2.9000000000e+01,1.2164627314e+00
2.6800000000e+02,2.6800000000e+02,3.0000000000e+01,1.2167966366e+00
2.6800000000e+02,2.6800000000e+02,3.1000000000e+01,1.2170741558e+00
2.6800000000e+02,3.7300000000e+02,0.0000000000e+00,2.0090460777e+00
2.6800000000e+02,3.7300000000e+02,1.0000000000e+00,8.0099725723e-01
2.6800000000e+02,3.7300000000e+02,2.0000000000e+00,5.7482117414e-01
2.6800000000e+02,3.7300000000e+02,3.0000000000e+00,5.6128031015e-01
2.6800000000e+02,3.7300000000e+02,4.0000000000e+00,5.7974487543e-01
2.6800000000e+02,3.7300000000e+02,5.0000000000e+00,6.0132139921e-01
2.6800000000e+02,3.7300000000e+02,6.0000000000e+00,6.1951202154e-01
2.6800000000e+02,3.7300000000e+02,7.0000000000e+00,6.3360935450e-01
2.6800000000e+02,3.7300000000e+02,8.0000000000e+00,6.4415705204e-01
2.6800000000e+02,3.7300000000e+02,9.0000000000e+00,6.5193694830e-01
2.6800000000e+02,3.7300000000e+02,1.0000000000e+01,6.5763801336e-01
2.6800000000e+02,3.7300000000e+02,1.1000000000e+01,6.6180711985e-01
2.6800000000e+02,3.7300000000e+02,1.2000000000e+01,6.6485577822e-01
2.6800000000e+02,3.7300000000e+02,1.3000000000e+01,6.6708767414e-01
2.6800000000e+02,3.7300000000e+02,1.4000000000e+01,6.6872453690e-01
2.6800000000e+02,3.7300000000e+02,1.5000000000e+01,6.6992771626e-01
2.6800000000e+02,3.7300000000e+02,1.6000000000e+01,6.7081403732e-01
2.6800000000e+02,3.7300000000e+02,1.7000000000e+01,6.7146867514e-01
2.6800000000e+02,3.7300000000e+02,1.8000000000e+01,6.7195296288e-01
2.6800000000e+02,3.7300000000e+02,1.9000000000e+01,6.7231243849e-01
2.6800000000e+02,3.7300000000e+02,2.0000000000e+01,6.7257958651e-01
2.6800000000e+02,3.7300000000e+02,2.1000000000e+01,6.7277884483e-01
2.6800000000e+02,3.7300000000e+02,2.2000000000e+01,6.7292749882e-01
2.6800000000e+02,3.7300000000e+02,2.3000000000e+01,6.7303884029e-01
2.6800000000e+02,3.7300000000e+02,2.4000000000e+01,6.7312222719e-01
2.6800000000e+02,3.7300000000e+02,2.5000000000e+01,6.7318493128e-01
2.6800000000e+02,3.7300000000e+02,2.6000000000e+01,6.7323201895e-01
2.6800000000e+02,3.7300000000e+02,2.7000000000e+01,6.7326754332e-01
2.6800000000e+02,3.7300000000e+02,2.8000000000e+01,6.7329430580e-01
2.6800000000e+02,3.7300000000e+02,2.9000000000e+01,6.7331457138e-01
2.6800000000e+02,3.7300000000e+02,3.0000000000e+01,6.7332994938e-01
2.6800000000e+02,3.7300000000e+02,3.1000000000e+01,6.7334163189e-01
2.6800000000e+02,5.1800000000e+02,0.0000000000e+00,2.0012040138e+00
2.6800000000e+02,5.1800000000e+02,1.0000000000e+00,7.0687013865e-01
2.6800000000e+02,5.1800000000e+02,2.0000000000e+00,4.9095377326e-01
2.6800000000e+02,5.1800000000e+02,3.0000000000e+00,4.7895461321e-01
2.6800000000e+02,5.1800000000e+02,4.0000000000e+00,4.9267828465e-01
2.6800000000e+02,5.1800000000e+02,5.0000000000e+00,5.0724452734e-01
2.6800000000e+02,5.1800000000e+02,6.0000000000e+00,5.1861798763e-01
2.6800000000e+02,5.1800000000e+02,7.0000000000e+00,5.2685177326e-01
2.6800000000e+02,5.1800000000e+02,8.0000000000e+00,5.3267174959e-01
2.6800000000e+02,5.1800000000e+02,9.0000000000e+00,5.3676092625e-01
2.6800000000e+02,5.1800000000e+02,1.0000000000e+01,5.3963738680e-01
2.6800000000e+02,5.1800000000e+02,1.1000000000e+01,5.4166901112e-01
2.6800000000e+02,5.1800000000e+02,1.2000000000e+01,5.4311156273e-01
2.6800000000e+02,5.1800000000e+02,1.3000000000e+01,5.4414147139e-01
2.6800000000e+02,5.1800000000e+02,1.4000000000e+01,5.4488086700e-01
2.6800000000e+02,5.1800000000e+02,1.5000000000e+01,5.4541456699e-01
2.6800000000e+02,5.1800000000e+02,1.6000000000e+01,5.4580169916e-01
2.6800000000e+02,5.1800000000e+02,1.7000000000e+01,5.4608374834e-01
2.6800000000e+02,5.1800000000e+02,1.8000000000e+01,5.4629015923e-01
2.6800000000e+02,5.1800000000e+02,1.9000000000e+01,5.4644173384e-01
2.6800000000e+02,5.1800000000e+02,2.0000000000e+01,5.4655349255e-01
2.6800000000e+02,5.1800000000e+02,2.1000000000e+01,5.4663616419e-01
2.6800000000e+02,5.1800000000e+02,2.2000000000e+01,5.4669743776e-01
2.6800000000e+02,5.1800000000e+02,2.3000000000e+01,5.4674303532e-01
2.6800000000e+02,5.1800000000e+02,2.4000000000e+01,5.4677706957e-01
2.6800000000e+02,5.1800000000e+02,2.5000000000e+01,5.4680246115e-01
2.6800000000e+02,5.1800000000e+02,2.6000000000e+01,5.4682147503e-01
2.6800000000e+02,5.1800000000e+02,2.7000000000e+01,5.4683578014e-01
2.6800000000e+02,5.1800000000e+02,2.8000000000e+01,5.4684644938e-01
2.6800000000e+02,5.1800000000e+02,2.9000000000e+01,5.4685449600e-01
2.6800000000e+02,5.1800000000e+02,3.0000000000e+01,5.4686063528e-01
2.6800000000e+02,5.1800000000e+02,3.1000000000e+01,5.4686522484e-01
2.6800000000e+02,7.2000000000e+02,0.0000000000e+00,1.9973940849e+00
2.6800000000e+02,7.2000000000e+02,1.0000000000e+00,6.0226738453e-01
2.6800000000e+02,7.2000000000e+02,2.0000000000e+00,3.9579537511e-01
2.6800000000e+02,7.2000000000e+02,3.0000000000e+00,3.8428249955e-01
2.6800000000e+02,7.2000000000e+02,4.0000000000e+00,3.9373111725e-01
2.6800000000e+02,7.2000000000e+02,5.0000000000e+00,4.0277737379e-01
2.6800000000e+02,7.2000000000e+02,6.0000000000e+00,4.0905517340e-01
2.6800000000e+02,7.2000000000e+02,7.0000000000e+00,4.1307836771e-01
2.6800000000e+02,7.2000000000e+02,8.0000000000e+00,4.1559302807e-01
2.6800000000e+02,7.2000000000e+02,9.0000000000e+00,4.1715368629e-01
2.6800000000e+02,7.2000000000e+02,1.0000000000e+01,4.1812220216e-01
2.6800000000e+02,7.2000000000e+02,1.1000000000e+01,4.1872495413e-01
2.6800000000e+02,7.2000000000e+02,1.2000000000e+01,4.1910159588e-01
2.6800000000e+02,7.2000000000e+02,1.3000000000e+01,4.1933792830e-01
2.6800000000e+02,7.2000000000e+02,1.4000000000e+01,4.1948682070e-01
2.6800000000e+02,7.2000000000e+02,1.5000000000e+01,4.1958102584e-01
2.6800000000e+02,7.2000000000e+02,1.6000000000e+01,4.1964089870e-01
2.6800000000e+02,7.2000000000e+02,1.7000000000e+01,4.1967907548e-01
2.6800000000e+02,7.2000000000e+02,1.8000000000e+01,4.1970345378e-01
2.6800000000e+02,7.2000000000e+02,1.9000000000e+01,4.1971910000e-01
2.6800000000e+02,7.2000000000e+02,2.0000000000e+01,4.1972917318e-01
2.6800000000e+02,7.2000000000e+02,2.1000000000e+01,4.1973564029e-01
2.6800000000e+02,7.2000000000e+02,2.2000000000e+01,4.1973984241e-01
2.6800000000e+02,7.2000000000e+02,2.3000000000e+01,4.1974258423e-01
2.6800000000e+02,7.2000000000e+02,2.4000000000e+01,4.1974431276e-01
2.6800000000e+02,7.2000000000e+02,2.5000000000e+01,4.1974544525e-01
2.6800000000e+02,7.2000000000e+02,2.6000000000e+01,4.1974622011e-01
2.6800000000e+02,7.2000000000e+02,2.7000000000e+01,4.1974669695e-01
2.6800000000e+02,7.2000000000e+02,2.8000000000e+01,4.1974705458e-01
2.6800000000e+02,7.2000000000e+02,2.9000000000e+01,4.1974723339e-01
2.6800000000e+02,7.2000000000e+02,3.0000000000e+01,4.1974735260e-01
2.6800000000e+02,7.2000000000e+02,3.1000000000e+01,4.1974744201e-01
2.6800000000e+02,1.0000000000e+03,0.0000000000e+00,1.9984412193e+00
2.6800000000e+02,1.0000000000e+03,1.0000000000e+00,5.5020505190e-01
2.6800000000e+02,1.0000000000e+03,2.0000000000e+00,3.7130898237e-01
2.6800000000e+02,1.0000000000e+03,3.0000000000e+00,3.7017697096e-01
2.6800000000e+02,1.0000000000e+03,4.0000000000e+00,3.8137030602e-01
2.6800000000e+02,1.0000000000e+03,5.0000000000e+00,3.8952395320e-01
2.6800000000e+02,1.0000000000e+03,6.0000000000e+00,3.9441901445e-01
2.6800000000e+02,1.0000000000e+03,7.0000000000e+00,3.9721614122e-01
2.6800000000e+02,1.0000000000e+03,8.0000000000e+00,3.9879325032e-01
2.6800000000e+02,1.0000000000e+03,9.0000000000e+00,3.9968121052e-01
2.6800000000e+02,1.0000000000e+03,1.0000000000e+01,4.0018257499e-01
2.6800000000e+02,1.0000000000e+03,1.1000000000e+01,4.0046700835e-01
2.6800000000e+02,1.0000000000e+03,1.2000000000e+01,4.0062922239e-01
2.6800000000e+02,1.0000000000e+03,1.3000000000e+01,4.0072217584e-01
2.6800000000e+02,1.0000000000e+03,1.4000000000e+01,4.0077570081e-01
2.6800000000e+02,1.0000000000e+03,1.5000000000e+01,4.0080666542e-01
2.6800000000e+02,1.0000000000e+03,1.6000000000e+01,4.0082460642e-01
2.6800000000e+02,1.0000000000e+03,1.7000000000e+01,4.0083509684e-01
2.6800000000e+02,1.0000000000e+03,1.8000000000e+01,4.0084123611e-01
2.6800000000e+02,1.0000000000e+03,1.9000000000e+01,4.0084481239e-01
2.6800000000e+02,1.0000000000e+03,2.0000000000e+01,4.0084695816e-01
2.6800000000e+02,1.0000000000e+03,2.1000000000e+01,4.0084815025e-01
2.6800000000e+02,1.0000000000e+03,2.2000000000e+01,4.0084892511e-01
2.6800000000e+02,1.0000000000e+03,2.3000000000e+01,4.0084934235e-01
2.6800000000e+02,1.0000000000e+03,2.4000000000e+01,4.0084961057e-01
2.6800000000e+02,1.0000000000e+03,2.5000000000e+01,4.0084975958e-01
2.6800000000e+02,1.0000000000e+03,2.6000000000e+01,4.0084981918e-01
2.6800000000e+02,1.0000000000e+03,2.7000000000e+01,4.0084993839e-01
2.6800000000e+02,1.0000000000e+03,2.8000000000e+01,4.0084996819e-01
2.6800000000e+02,1.0000000000e+03,2.9000000000e+01,4.0084996819e-01
2.6800000000e+02,1.0000000000e+03,3.0000000000e+01,4.0084996819e-01
2.6800000000e+02,1.0000000000e+03,3.1000000000e+01,4.0084996819e-01
3.7300000000e+02,1.0000000000e+01,0.0000000000e+00,2.0012264252e+00
3.7300000000e+02,1.0000000000e+01,1.0000000000e+00,2.0403871536e+00
3.7300000000e+02,1.0000000000e+01,2.0000000000e+00,2.3295478821e+00
3.7300000000e+02,1.0000000000e+01,3.0000000000e+00,2.8436946869e+00
3.7300000000e+02,1.0000000000e+01,4.0000000000e+00,3.5443873405e+00
3.7300000000e+02,1.0000000000e+01,5.0000000000e+00,4.4325351715e+00
3.7300000000e+02,1.0000000000e+01,6.0000000000e+00,5.5028958321e+00
3.7300000000e+02,1.0000000000e+01,7.0000000000e+00,6.7586164474e+00
3.7300000000e+02,1.0000000000e+01,8.0000000000e+00,8.1972646713e+00
3.7300000000e+02,1.0000000000e+01,9.0000000000e+00,9.8216085434e+00
3.7300000000e+02,1.0000000000e+01,1.0000000000e+01,1.1629620552e+01
3.7300000000e+02,1.0000000000e+01,1.1000000000e+01,1.3623670578e+01
3.7300000000e+02,1.0000000000e+01,1.2000000000e+01,1.5801964760e+01
3.7300000000e+02,1.0000000000e+01,1.3000000000e+01,1.8166820526e+01
3.7300000000e+02,1.0000000000e+01,1.4000000000e+01,2.0716224670e+01
3.7300000000e+02,1.0000000000e+01,1.5000000000e+01,2.3452486038e+01
3.7300000000e+02,1.0000000000e+01,1.6000000000e+01,2.6373470306e+01
3.7300000000e+02,1.0000000000e+01,1.7000000000e+01,2.9481609344e+01
3.7300000000e+02,1.0000000000e+01,1.8000000000e+01,3.2774616241e+01
3.7300000000e+02,1.0000000000e+01,1.9000000000e+01,3.6254947662e+01
3.7300000000e+02,1.0000000000e+01,2.0000000000e+01,3.9920291901e+01
3.7300000000e+02,1.0000000000e+01,2.1000000000e+01,4.3773063660e+01
3.7300000000e+02,1.0000000000e+01,2.2000000000e+01,4.7810932159e+01
3.7300000000e+02,1.0000000000e+01,2.3000000000e+01,5.2036346436e+01
3.7300000000e+02,1.0000000000e+01,2.4000000000e+01,5.6446918488e+01
3.7300000000e+02,1.0000000000e+01,2.5000000000e+01,6.1045089722e+01
3.7300000000e+02,1.0000000000e+01,2.6000000000e+01,6.5828498840e+01
3.7300000000e+02,1.0000000000e+01,2.7000000000e+01,7.0799552917e+01
3.7300000000e+02,1.0000000000e+01,2.8000000000e+01,7.5955894470e+01
3.7300000000e+02,1.0000000000e+01,2.9000000000e+01,8.1299919128e+01
3.7300000000e+02,1.0000000000e+01,3.0000000000e+01,8.6829292297e+01
3.7300000000e+02,1.0000000000e+01,3.1000000000e+01,9.2546333313e+01
3.7300000000e+02,1.4000000000e+01,0.0000000000e+00,1.9987723827e+00
3.7300000000e+02,1.4000000000e+01,1.0000000000e+00,1.9775567055e+00
3.7300000000e+02,1.4000000000e+01,2.0000000000e+00,2.2320830822e+00
3.7300000000e+02,1.4000000000e+01,3.0000000000e+00,2.7116997242e+00
3.7300000000e+02,1.4000000000e+01,4.0000000000e+00,3.3683834076e+00
3.7300000000e+02,1.4000000000e+01,5.0000000000e+00,4.1978302002e+00
3.7300000000e+02,1.4000000000e+01,6.0000000000e+00,5.1944522858e+00
3.7300000000e+02,1.4000000000e+01,7.0000000000e+00,6.3585205078e+00
3.7300000000e+02,1.4000000000e+01,8.0000000000e+00,7.6890168190e+00
3.7300000000e+02,1.4000000000e+01,9.0000000000e+00,9.1863164902e+00
3.7300000000e+02,1.4000000000e+01,1.0000000000e+01,1.0850350380e+01
3.7300000000e+02,1.4000000000e+01,1.1000000000e+01,1.2681318283e+01
3.7300000000e+02,1.4000000000e+01,1.2000000000e+01,1.4679458618e+01
3.7300000000e+02,1.4000000000e+01,1.3000000000e+01,1.6844770432e+01
3.7300000000e+02,1.4000000000e+01,1.4000000000e+01,1.9177646637e+01
3.7300000000e+02,1.4000000000e+01,1.5000000000e+01,2.1677921295e+01
3.7300000000e+02,1.4000000000e+01,1.6000000000e+01,2.4346088409e+01
3.7300000000e+02,1.4000000000e+01,1.7000000000e+01,2.7181827545e+01
3.7300000000e+02,1.4000000000e+01,1.8000000000e+01,3.0185703278e+01
3.7300000000e+02,1.4000000000e+01,1.9000000000e+01,3.3357364655e+01
3.7300000000e+02,1.4000000000e+01,2.0000000000e+01,3.6697292328e+01
3.7300000000e+02,1.4000000000e+01,2.1000000000e+01,4.0205226898e+01
3.7300000000e+02,1.4000000000e+01,2.2000000000e+01,4.3881488800e+01
3.7300000000e+02,1.4000000000e+01,2.3000000000e+01,4.7725948334e+01
3.7300000000e+02,1.4000000000e+01,2.4000000000e+01,5.1738853455e+01
3.7300000000e+02,1.4000000000e+01,2.5000000000e+01,5.5920021057e+01
3.7300000000e+02,1.4000000000e+01,2.6000000000e+01,6.0269763947e+01
3.7300000000e+02,1.4000000000e+01,2.7000000000e+01,6.4787872314e+01
3.7300000000e+02,1.4000000000e+01,2.8000000000e+01,6.9474555969e+01
3.7300000000e+02,1.4000000000e+01,2.9000000000e+01,7.4329780579e+01
3.7300000000e+02,1.4000000000e+01,3.0000000000e+01,7.9353569031e+01
3.7300000000e+02,1.4000000000e+01,3.1000000000e+01,8.4545959473e+01
3.7300000000e+02,1.9000000000e+01,0.0000000000e+00,1.9967861176e+00
3.7300000000e+02,1.9000000000e+01,1.0000000000e+00,1.9120359421e+00
3.7300000000e+02,1.9000000000e+01,2.0000000000e+00,2.1321718693e+00
3.7300000000e+02,1.9000000000e+01,3.0000000000e+00,2.5807070732e+00
3.7300000000e+02,1.9000000000e+01,4.0000000000e+00,3.1984484196e+00
3.7300000000e+02,1.9000000000e+01,5.0000000000e+00,3.9746682644e+00
3.7300000000e+02,1.9000000000e+01,6.0000000000e+00,4.9016451836e+00
3.7300000000e+02,1.9000000000e+01,7.0000000000e+00,5.9783854485e+00
3.7300000000e+02,1.9000000000e+01,8.0000000000e+00,7.2027134895e+00
3.7300000000e+02,1.9000000000e+01,9.0000000000e+00,8.5749044418e+00
3.7300000000e+02,1.9000000000e+01,1.0000000000e+01,1.0093976021e+01
3.7300000000e+02,1.9000000000e+01,1.1000000000e+01,1.1760452271e+01
3.7300000000e+02,1.9000000000e+01,1.2000000000e+01,1.3573745728e+01
3.7300000000e+02,1.9000000000e+01,1.3000000000e+01,1.5534401894e+01
3.7300000000e+02,1.9000000000e+01,1.4000000000e+01,1.7642005920e+01
3.7300000000e+02,1.9000000000e+01,1.5000000000e+01,1.9897104263e+01
3.7300000000e+02,1.9000000000e+01,1.6000000000e+01,2.2299274445e+01
3.7300000000e+02,1.9000000000e+01,1.7000000000e+01,2.4849206924e+01
3.7300000000e+02,1.9000000000e+01,1.8000000000e+01,2.7546318054e+01
3.7300000000e+02,1.9000000000e+01,1.9000000000e+01,3.0391330719e+01
3.7300000000e+02,1.9000000000e+01,2.0000000000e+01,3.3383865356e+01
3.7300000000e+02,1.9000000000e+01,2.1000000000e+01,3.6524276733e+01
3.7300000000e+02,1.9000000000e+01,2.2000000000e+01,3.9812492371e+01
3.7300000000e+02,1.9000000000e+01,2.3000000000e+01,4.3248641968e+01
3.7300000000e+02,1.9000000000e+01,2.4000000000e+01,4.6832790375e+01
3.7300000000e+02,1.9000000000e+01,2.5000000000e+01,5.0564945221e+01
3.7300000000e+02,1.9000000000e+01,2.6000000000e+01,5.4445220947e+01
3.7300000000e+02,1.9000000000e+01,2.7000000000e+01,5.8473613739e+01
3.7300000000e+02,1.9000000000e+01,2.8000000000e+01,6.2650234222e+01
3.7300000000e+02,1.9000000000e+01,2.9000000000e+01,6.6975090027e+01
3.7300000000e+02,1.9000000000e+01,3.0000000000e+01,7.1448280334e+01
3.7300000000e+02,1.9000000000e+01,3.1000000000e+01,7.6069747925e+01
3.7300000000e+02,2.7000000000e+01,0.0000000000e+00,1.9973993301e+00
3.7300000000e+02,2.7000000000e+01,1.0000000000e+00,1.8088277578e+00
3.7300000000e+02,2.7000000000e+01,2.0000000000e+00,1.9791358709e+00
3.7300000000e+02,2.7000000000e+01,3.0000000000e+00,2.3866231441e+00
3.7300000000e+02,2.7000000000e+01,4.0000000000e+00,2.9538745880e+00
3.7300000000e+02,2.7000000000e+01,5.0000000000e+00,3.6645195484e+00
3.7300000000e+02,2.7000000000e+01,6.0000000000e+00,4.5079641342e+00
3.7300000000e+02,2.7000000000e+01,7.0000000000e+00,5.4809207916e+00
3.7300000000e+02,2.7000000000e+01,8.0000000000e+00,6.5803437233e+00
3.7300000000e+02,2.7000000000e+01,9.0000000000e+00,7.8051900864e+00
3.7300000000e+02,2.7000000000e+01,1.0000000000e+01,9.1543064117e+00
3.7300000000e+02,2.7000000000e+01,1.1000000000e+01,1.0627320290e+01
3.7300000000e+02,2.7000000000e+01,1.2000000000e+01,1.2223741531e+01
3.7300000000e+02,2.7000000000e+01,1.3000000000e+01,1.3943413734e+01
3.7300000000e+02,2.7000000000e+01,1.4000000000e+01,1.5786186218e+01
3.7300000000e+02,2.7000000000e+01,1.5000000000e+01,1.7751947403e+01
3.7300000000e+02,2.7000000000e+01,1.6000000000e+01,1.9840723038e+01
3.7300000000e+02,2.7000000000e+01,1.7000000000e+01,2.2052423477e+01
3.7300000000e+02,2.7000000000e+01,1.8000000000e+01,2.4387168884e+01
3.7300000000e+02,2.7000000000e+01,1.9000000000e+01,2.6844818115e+01
3.7300000000e+02,2.7000000000e+01,2.0000000000e+01,2.9425621033e+01
3.7300000000e+02,2.7000000000e+01,2.1000000000e+01,3.2129386902e+01
3.7300000000e+02,2.7000000000e+01,2.2000000000e+01,3.4956390381e+01
3.7300000000e+02,2.7000000000e+01,2.3000000000e+01,3.7906509399e+01
3.7300000000e+02,2.7000000000e+01,2.4000000000e+01,4.0979911804e+01
3.7300000000e+02,2.7000000000e+01,2.5000000000e+01,4.4176452637e+01
3.7300000000e+02,2.7000000000e+01,2.6000000000e+01,4.7496440887e+01
3.7300000000e+02,2.7000000000e+01,2.7000000000e+01,5.0939693451e+01
3.7300000000e+02,2.7000000000e+01,2.8000000000e+01,5.4506465912e+01
3.7300000000e+02,2.7000000000e+01,2.9000000000e+01,5.8196548462e+01
3.7300000000e+02,2.7000000000e+01,3.0000000000e+01,6.2010299683e+01
3.7300000000e+02,2.7000000000e+01,3.1000000000e+01,6.5947448730e+01
3.7300000000e+02,3.7000000000e+01,0.0000000000e+00,1.9954578876e+00
3.7300000000e+02,3.7000000000e+01,1.0000000000e+00,1.7546149492e+00
3.7300000000e+02,3.7000000000e+01,2.0000000000e+00,1.9243183136e+00
3.7300000000e+02,3.7000000000e+01,3.0000000000e+00,2.3327586651e+00
3.7300000000e+02,3.7000000000e+01,4.0000000000e+00,2.8886518478e+00
3.7300000000e+02,3.7000000000e+01,5.0000000000e+00,3.5741665363e+00
3.7300000000e+02,3.7000000000e+01,6.0000000000e+00,4.3744564056e+00
3.7300000000e+02,3.7000000000e+01,7.0000000000e+00,5.2868928909e+00
3.7300000000e+02,3.7000000000e+01,8.0000000000e+00,6.3055534363e+00
3.7300000000e+02,3.7000000000e+01,9.0000000000e+00,7.4304594994e+00
3.7300000000e+02,3.7000000000e+01,1.0000000000e+01,8.6581220627e+00
3.7300000000e+02,3.7000000000e+01,1.1000000000e+01,9.9894275665e+00
3.7300000000e+02,3.7000000000e+01,1.2000000000e+01,1.1421747208e+01
3.7300000000e+02,3.7000000000e+01,1.3000000000e+01,1.2956528664e+01
3.7300000000e+02,3.7000000000e+01,1.4000000000e+01,1.4591385841e+01
3.7300000000e+02,3.7000000000e+01,1.5000000000e+01,1.6327981949e+01
3.7300000000e+02,3.7000000000e+01,1.6000000000e+01,1.8164394379e+01
3.7300000000e+02,3.7000000000e+01,1.7000000000e+01,2.0102077484e+01
3.7300000000e+02,3.7000000000e+01,1.8000000000e+01,2.2139266968e+01
3.7300000000e+02,3.7000000000e+01,1.9000000000e+01,2.4277618408e+01
3.7300000000e+02,3.7000000000e+01,2.0000000000e+01,2.6515340805e+01
3.7300000000e+02,3.7000000000e+01,2.1000000000e+01,2.8854093552e+01
3.7300000000e+02,3.7000000000e+01,2.2000000000e+01,3.1292320251e+01
3.7300000000e+02,3.7000000000e+01,2.3000000000e+01,3.3831581116e+01
3.7300000000e+02,3.7000000000e+01,2.4000000000e+01,3.6470256805e+01
3.7300000000e+02,3.7000000000e+01,2.5000000000e+01,3.9210166931e+01
3.7300000000e+02,3.7000000000e+01,2.6000000000e+01,4.2049350739e+01
3.7300000000e+02,3.7000000000e+01,2.7000000000e+01,4.4989780426e+01
3.7300000000e+02,3.7000000000e+01,2.8000000000e+01,4.8029605865e+01
3.7300000000e+02,3.7000000000e+01,2.9000000000e+01,5.1170738220e+01
3.7300000000e+02,3.7000000000e+01,3.0000000000e+01,5.4411293030e+01
3.7300000000e+02,3.7000000000e+01,3.1000000000e+01,5.7753337860e+01
3.7300000000e+02,5.2000000000e+01,0.0000000000e+00,2.0011708736e+00
3.7300000000e+02,5.2000000000e+01,1.0000000000e+00,1.5912398100e+00
3.7300000000e+02,5.2000000000e+01,2.0000000000e+00,1.6489460468e+00
3.7300000000e+02,5.2000000000e+01,3.0000000000e+00,1.9447875023e+00
3.7300000000e+02,5.2000000000e+01,4.0000000000e+00,2.3643357754e+00
3.7300000000e+02,5.2000000000e+01,5.0000000000e+00,2.8811910152e+00
3.7300000000e+02,5.2000000000e+01,6.0000000000e+00,3.4775466919e+00
3.7300000000e+02,5.2000000000e+01,7.0000000000e+00,4.1476063728e+00
3.7300000000e+02,5.2000000000e+01,8.0000000000e+00,4.8847889900e+00
3.7300000000e+02,5.2000000000e+01,9.0000000000e+00,5.6871867180e+00
3.7300000000e+02,5.2000000000e+01,1.0000000000e+01,6.5511937141e+00
3.7300000000e+02,5.2000000000e+01,1.1000000000e+01,7.4764881134e+00
3.7300000000e+02,5.2000000000e+01,1.2000000000e+01,8.4603233337e+00
3.7300000000e+02,5.2000000000e+01,1.3000000000e+01,9.5034217834e+00
3.7300000000e+02,5.2000000000e+01,1.4000000000e+01,1.0603197098e+01
3.7300000000e+02,5.2000000000e+01,1.5000000000e+01,1.1760877609e+01
3.7300000000e+02,5.2000000000e+01,1.6000000000e+01,1.2974065781e+01
3.7300000000e+02,5.2000000000e+01,1.7000000000e+01,1.4244495392e+01
3.7300000000e+02,5.2000000000e+01,1.8000000000e+01,1.5569497108e+01
3.7300000000e+02,5.2000000000e+01,1.9000000000e+01,1.6951557159e+01
3.7300000000e+02,5.2000000000e+01,2.0000000000e+01,1.8387313843e+01
3.7300000000e+02,5.2000000000e+01,2.1000000000e+01,1.9879943848e+01
3.7300000000e+02,5.2000000000e+01,2.2000000000e+01,2.1425611496e+01
3.7300000000e+02,5.2000000000e+01,2.3000000000e+01,2.3028291702e+01
3.7300000000e+02,5.2000000000e+01,2.4000000000e+01,2.4683427811e+01
3.7300000000e+02,5.2000000000e+01,2.5000000000e+01,2.6395744324e+01
3.7300000000e+02,5.2000000000e+01,2.6000000000e+01,2.8160209656e+01
3.7300000000e+02,5.2000000000e+01,2.7000000000e+01,2.9981727600e+01
3.7300000000e+02,5.2000000000e+01,2.8000000000e+01,3.1855203629e+01
3.7300000000e+02,5.2000000000e+01,2.9000000000e+01,3.3785812378e+01
3.7300000000e+02,5.2000000000e+01,3.0000000000e+01,3.5768161774e+01
3.7300000000e+02,5.2000000000e+01,3.1000000000e+01,3.7807712555e+01
3.7300000000e+02,7.2000000000e+01,0.0000000000e+00,2.0001189709e+00
3.7300000000e+02,7.2000000000e+01,1.0000000000e+00,1.4475237131e+00
3.7300000000e+02,7.2000000000e+01,2.0000000000e+00,1.4328504801e+00
3.7300000000e+02,7.2000000000e+01,3.0000000000e+00,1.6598783731e+00
3.7300000000e+02,7.2000000000e+01,4.0000000000e+00,1.9900845289e+00
3.7300000000e+02,7.2000000000e+01,5.0000000000e+00,2.3915426731e+00
3.7300000000e+02,7.2000000000e+01,6.0000000000e+00,2.8446044922e+00
3.7300000000e+02,7.2000000000e+01,7.0000000000e+00,3.3417718410e+00
3.7300000000e+02,7.2000000000e+01,8.0000000000e+00,3.8763420582e+00
3.7300000000e+02,7.2000000000e+01,9.0000000000e+00,4.4453387260e+00
3.7300000000e+02,7.2000000000e+01,1.0000000000e+01,5.0455026627e+00
3.7300000000e+02,7.2000000000e+01,1.1000000000e+01,5.6753520966e+00
3.7300000000e+02,7.2000000000e+01,1.2000000000e+01,6.3330016136e+00
3.7300000000e+02,7.2000000000e+01,1.3000000000e+01,7.0176095963e+00
3.7300000000e+02,7.2000000000e+01,1.4000000000e+01,7.7279634476e+00
3.7300000000e+02,7.2000000000e+01,1.5000000000e+01,8.4635572433e+00
3.7300000000e+02,7.2000000000e+01,1.6000000000e+01,9.2235460281e+00
3.7300000000e+02,7.2000000000e+01,1.7000000000e+01,1.0007594109e+01
3.7300000000e+02,7.2000000000e+01,1.8000000000e+01,1.0815165520e+01
3.7300000000e+02,7.2000000000e+01,1.9000000000e+01,1.1645886421e+01
3.7300000000e+02,7.2000000000e+01,2.0000000000e+01,1.2499523163e+01
3.7300000000e+02,7.2000000000e+01,2.1000000000e+01,1.3375662804e+01
3.7300000000e+02,7.2000000000e+01,2.2000000000e+01,1.4274274826e+01
3.7300000000e+02,7.2000000000e+01,2.3000000000e+01,1.5194870949e+01
3.7300000000e+02,7.2000000000e+01,2.4000000000e+01,1.6137662888e+01
3.7300000000e+02,7.2000000000e+01,2.5000000000e+01,1.7101985931e+01
3.7300000000e+02,7.2000000000e+01,2.6000000000e+01,1.8088294983e+01
3.7300000000e+02,7.2000000000e+01,2.7000000000e+01,1.9095829010e+01
3.7300000000e+02,7.2000000000e+01,2.8000000000e+01,2.0125213623e+01
3.7300000000e+02,7.2000000000e+01,2.9000000000e+01,2.1175437927e+01
3.7300000000e+02,7.2000000000e+01,3.0000000000e+01,2.2247455597e+01
3.7300000000e+02,7.2000000000e+01,3.1000000000e+01,2.3340042114e+01
3.7300000000e+02,1.0000000000e+02,0.0000000000e+00,1.9937704802e+00
3.7300000000e+02,1.0000000000e+02,1.0000000000e+00,1.3098176718e+00
3.7300000000e+02,1.0000000000e+02,2.0000000000e+00,1.2327059507e+00
3.7300000000e+02,1.0000000000e+02,3.0000000000e+00,1.3832507133e+00
3.7300000000e+02,1.0000000000e+02,4.0000000000e+00,1.6101043224e+00
3.7300000000e+02,1.0000000000e+02,5.0000000000e+00,1.8781216145e+00
3.7300000000e+02,1.0000000000e+02,6.0000000000e+00,2.1690642834e+00
3.7300000000e+02,1.0000000000e+02,7.0000000000e+00,2.4752631187e+00
3.7300000000e+02,1.0000000000e+02,8.0000000000e+00,2.7914443016e+00
3.7300000000e+02,1.0000000000e+02,9.0000000000e+00,3.1147818565e+00
3.7300000000e+02,1.0000000000e+02,1.0000000000e+01,3.4431407452e+00
3.7300000000e+02,1.0000000000e+02,1.1000000000e+01,3.7752475739e+00
3.7300000000e+02,1.0000000000e+02,1.2000000000e+01,4.1100664139e+00
3.7300000000e+02,1.0000000000e+02,1.3000000000e+01,4.4469494820e+00
3.7300000000e+02,1.0000000000e+02,1.4000000000e+01,4.7853422165e+00
3.7300000000e+02,1.0000000000e+02,1.5000000000e+01,5.1248855591e+00
3.7300000000e+02,1.0000000000e+02,1.6000000000e+01,5.4652681351e+00
3.7300000000e+02,1.0000000000e+02,1.7000000000e+01,5.8062763214e+00
3.7300000000e+02,1.0000000000e+02,1.8000000000e+01,6.1477208138e+00
3.7300000000e+02,1.0000000000e+02,1.9000000000e+01,6.4894914627e+00
3.7300000000e+02,1.0000000000e+02,2.0000000000e+01,6.8314681053e+00
3.7300000000e+02,1.0000000000e+02,2.1000000000e+01,7.1735692024e+00
3.7300000000e+02,1.0000000000e+02,2.2000000000e+01,7.5157890320e+00
3.7300000000e+02,1.0000000000e+02,2.3000000000e+01,7.8579568863e+00
3.7300000000e+02,1.0000000000e+02,2.4000000000e+01,8.2002372742e+00
3.7300000000e+02,1.0000000000e+02,2.5000000000e+01,8.5422830582e+00
3.7300000000e+02,1.0000000000e+02,2.6000000000e+01,8.8844861984e+00
3.7300000000e+02,1.0000000000e+02,2.7000000000e+01,9.2263412476e+00
3.7300000000e+02,1.0000000000e+02,2.8000000000e+01,9.5684356689e+00
3.7300000000e+02,1.0000000000e+02,2.9000000000e+01,9.9101505280e+00
3.7300000000e+02,1.0000000000e+02,3.0000000000e+01,1.0252071381e+01
3.7300000000e+02,1.0000000000e+02,3.1000000000e+01,1.0593568802e+01
3.7300000000e+02,1.3900000000e+02,0.0000000000e+00,2.0020811558e+00
3.7300000000e+02,1.3900000000e+02,1.0000000000e+00,1.1508805752e+00
3.7300000000e+02,1.3900000000e+02,2.0000000000e+00,9.9292796850e-01
3.7300000000e+02,1.3900000000e+02,3.0000000000e+00,1.0636138916e+00
3.7300000000e+02,1.3900000000e+02,4.0000000000e+00,1.1926501989e+00
3.7300000000e+02,1.3900000000e+02,5.0000000000e+00,1.3437671661e+00
3.7300000000e+02,1.3900000000e+02,6.0000000000e+00,1.5000946522e+00
3.7300000000e+02,1.3900000000e+02,7.0000000000e+00,1.6558878422e+00
3.7300000000e+02,1.3900000000e+02,8.0000000000e+00,1.8075865507e+00
3.7300000000e+02,1.3900000000e+02,9.0000000000e+00,1.9539785385e+00
3.7300000000e+02,1.3900000000e+02,1.0000000000e+01,2.0942194462e+00
3.7300000000e+02,1.3900000000e+02,1.1000000000e+01,2.2282330990e+00
3.7300000000e+02,1.3900000000e+02,1.2000000000e+01,2.3559226990e+00
3.7300000000e+02,1.3900000000e+02,1.3000000000e+01,2.4775545597e+00
3.7300000000e+02,1.3900000000e+02,1.4000000000e+01,2.5932512283e+00
3.7300000000e+02,1.3900000000e+02,1.5000000000e+01,2.7033872604e+00
3.7300000000e+02,1.3900000000e+02,1.6000000000e+01,2.8081281185e+00
3.7300000000e+02,1.3900000000e+02,1.7000000000e+01,2.9078829288e+00
3.7300000000e+02,1.3900000000e+02,1.8000000000e+01,3.0027906895e+00
3.7300000000e+02,1.3900000000e+02,1.9000000000e+01,3.0932800770e+00
3.7300000000e+02,1.3900000000e+02,2.0000000000e+01,3.1794252396e+00
3.7300000000e+02,1.3900000000e+02,2.1000000000e+01,3.2616834641e+00
3.7300000000e+02,1.3900000000e+02,2.2000000000e+01,3.3400363922e+00
3.7300000000e+02,1.3900000000e+02,2.3000000000e+01,3.4149980545e+00
3.7300000000e+02,1.3900000000e+02,2.4000000000e+01,3.4864230156e+00
3.7300000000e+02,1.3900000000e+02,2.5000000000e+01,3.5548996925e+00
3.7300000000e+02,1.3900000000e+02,2.6000000000e+01,3.6201686859e+00
3.7300000000e+02,1.3900000000e+02,2.7000000000e+01,3.6828606129e+00
3.7300000000e+02,1.3900000000e+02,2.8000000000e+01,3.7425773144e+00
3.7300000000e+02,1.3900000000e+02,2.9000000000e+01,3.8001799583e+00
3.7300000000e+02,1.3900000000e+02,3.0000000000e+01,3.8550536633e+00
3.7300000000e+02,1.3900000000e+02,3.1000000000e+01,3.9081008434e+00
3.7300000000e+02,1.9300000000e+02,0.0000000000e+00,1.9966959953e+00
3.7300000000e+02,1.9300000000e+02,1.0000000000e+00,1.0314804316e+00
3.7300000000e+02,1.9300000000e+02,2.0000000000e+00,8.4235632420e-01
3.7300000000e+02,1.9300000000e+02,3.0000000000e+00,8.6520236731e-01
3.7300000000e+02,1.9300000000e+02,4.0000000000e+00,9.3263316154e-01
3.7300000000e+02,1.9300000000e+02,5.0000000000e+00,1.0105234385e+00
3.7300000000e+02,1.9300000000e+02,6.0000000000e+00,1.0869824886e+00
3.7300000000e+02,1.9300000000e+02,7.0000000000e+00,1.1583260298e+00
3.7300000000e+02,1.9300000000e+02,8.0000000000e+00,1.2232779264e+00
3.7300000000e+02,1.9300000000e+02,9.0000000000e+00,1.2817851305e+00
3.7300000000e+02,1.9300000000e+02,1.0000000000e+01,1.3341860771e+00
3.7300000000e+02,1.9300000000e+02,1.1000000000e+01,1.3810117245e+00
3.7300000000e+02,1.9300000000e+02,1.2000000000e+01,1.4228199720e+00
3.7300000000e+02,1.9300000000e+02,1.3000000000e+01,1.4601594210e+00
3.7300000000e+02,1.9300000000e+02,1.4000000000e+01,1.4935348034e+00
3.7300000000e+02,1.9300000000e+02,1.5000000000e+01,1.5234032869e+00
3.7300000000e+02,1.9300000000e+02,1.6000000000e+01,1.5501713753e+00
3.7300000000e+02,1.9300000000e+02,1.7000000000e+01,1.5741988420e+00
3.7300000000e+02,1.9300000000e+02,1.8000000000e+01,1.5958015919e+00
3.7300000000e+02,1.9300000000e+02,1.9000000000e+01,1.6152571440e+00
3.7300000000e+02,1.9300000000e+02,2.0000000000e+01,1.6328089237e+00
3.7300000000e+02,1.9300000000e+02,2.1000000000e+01,1.6486699581e+00
3.7300000000e+02,1.9300000000e+02,2.2000000000e+01,1.6630271673e+00
3.7300000000e+02,1.9300000000e+02,2.3000000000e+01,1.6760447025e+00
3.7300000000e+02,1.9300000000e+02,2.4000000000e+01,1.6878662109e+00
3.7300000000e+02,1.9300000000e+02,2.5000000000e+01,1.6986192465e+00
3.7300000000e+02,1.9300000000e+02,2.6000000000e+01,1.7084147930e+00
3.7300000000e+02,1.9300000000e+02,2.7000000000e+01,1.7173516750e+00
3.7300000000e+02,1.9300000000e+02,2.8000000000e+01,1.7255170345e+00
3.7300000000e+02,1.9300000000e+02,2.9000000000e+01,1.7329879999e+00
3.7300000000e+02,1.9300000000e+02,3.0000000000e+01,1.7398328781e+00
3.7300000000e+02,1.9300000000e+02,3.1000000000e+01,1.7461119890e+00
3.7300000000e+02,2.6800000000e+02,0.0000000000e+00,1.9862277508e+00
3.7300000000e+02,2.6800000000e+02,1.0000000000e+00,9.5887142420e-01
3.7300000000e+02,2.6800000000e+02,2.0000000000e+00,7.7154535055e-01
3.7300000000e+02,2.6800000000e+02,3.0000000000e+00,7.7855539322e-01
3.7300000000e+02,2.6800000000e+02,4.0000000000e+00,8.1824457645e-01
3.7300000000e+02,2.6800000000e+02,5.0000000000e+00,8.6165595055e-01
3.7300000000e+02,2.6800000000e+02,6.0000000000e+00,9.0082991123e-01
3.7300000000e+02,2.6800000000e+02,7.0000000000e+00,9.3425351381e-01
3.7300000000e+02,2.6800000000e+02,8.0000000000e+00,9.6206831932e-01
3.7300000000e+02,2.6800000000e+02,9.0000000000e+00,9.8499059677e-01
3.7300000000e+02,2.6800000000e+02,1.0000000000e+01,1.0037958622e+00
3.7300000000e+02,2.6800000000e+02,1.1000000000e+01,1.0192073584e+00
3.7300000000e+02,2.6800000000e+02,1.2000000000e+01,1.0318408012e+00
3.7300000000e+02,2.6800000000e+02,1.3000000000e+01,1.0422103405e+00
3.7300000000e+02,2.6800000000e+02,1.4000000000e+01,1.0507357121e+00
3.7300000000e+02,2.6800000000e+02,1.5000000000e+01,1.0577583313e+00
3.7300000000e+02,2.6800000000e+02,1.6000000000e+01,1.0635547638e+00
3.7300000000e+02,2.6800000000e+02,1.7000000000e+01,1.0683492422e+00
3.7300000000e+02,2.6800000000e+02,1.8000000000e+01,1.0723229647e+00
3.7300000000e+02,2.6800000000e+02,1.9000000000e+01,1.0756231546e+00
3.7300000000e+02,2.6800000000e+02,2.0000000000e+01,1.0783693790e+00
3.7300000000e+02,2.6800000000e+02,2.1000000000e+01,1.0806586742e+00
3.7300000000e+02,2.6800000000e+02,2.2000000000e+01,1.0825710297e+00
3.7300000000e+02,2.6800000000e+02,2.3000000000e+01,1.0841709375e+00
3.7300000000e+02,2.6800000000e+02,2.4000000000e+01,1.0855120420e+00
3.7300000000e+02,2.6800000000e+02,2.5000000000e+01,1.0866378546e+00
3.7300000000e+02,2.6800000000e+02,2.6000000000e+01,1.0875842571e+00
3.7300000000e+02,2.6800000000e+02,2.7000000000e+01,1.0883815289e+00
3.7300000000e+02,2.6800000000e+02,2.8000000000e+01,1.0890536308e+00
3.7300000000e+02,2.6800000000e+02,2.9000000000e+01,1.0896213055e+00
3.7300000000e+02,2.6800000000e+02,3.0000000000e+01,1.0901013613e+00
3.7300000000e+02,2.6800000000e+02,3.1000000000e+01,1.0905076265e+00
3.7300000000e+02,3.7300000000e+02,0.0000000000e+00,2.0017886162e+00
3.7300000000e+02,3.7300000000e+02,1.0000000000e+00,7.6264578104e-01
3.7300000000e+02,3.7300000000e+02,2.0000000000e+00,5.1781284809e-01
3.7300000000e+02,3.7300000000e+02,3.0000000000e+00,4.9356102943e-01
3.7300000000e+02,3.7300000000e+02,4.0000000000e+00,5.0719553232e-01
3.7300000000e+02,3.7300000000e+02,5.0000000000e+00,5.2689033747e-01
3.7300000000e+02,3.7300000000e+02,6.0000000000e+00,5.4494667053e-01
3.7300000000e+02,3.7300000000e+02,7.0000000000e+00,5.5986511707e-01
3.7300000000e+02,3.7300000000e+02,8.0000000000e+00,5.7175219059e-01
3.7300000000e+02,3.7300000000e+02,9.0000000000e+00,5.8111172915e-01
3.7300000000e+02,3.7300000000e+02,1.0000000000e+01,5.8846473694e-01
3.7300000000e+02,3.7300000000e+02,1.1000000000e+01,5.9425574541e-01
3.7300000000e+02,3.7300000000e+02,1.2000000000e+01,5.9883749485e-01
3.7300000000e+02,3.7300000000e+02,1.3000000000e+01,6.0248243809e-01
3.7300000000e+02,3.7300000000e+02,1.4000000000e+01,6.0539895296e-01
3.7300000000e+02,3.7300000000e+02,1.5000000000e+01,6.0774588585e-01
3.7300000000e+02,3.7300000000e+02,1.6000000000e+01,6.0964488983e-01
3.7300000000e+02,3.7300000000e+02,1.7000000000e+01,6.1118918657e-01
3.7300000000e+02,3.7300000000e+02,1.8000000000e+01,6.1245101690e-01
3.7300000000e+02,3.7300000000e+02,1.9000000000e+01,6.1348640919e-01
3.7300000000e+02,3.7300000000e+02,2.0000000000e+01,6.1433923244e-01
3.7300000000e+02,3.7300000000e+02,2.1000000000e+01,6.1504423618e-01
3.7300000000e+02,3.7300000000e+02,2.2000000000e+01,6.1562883854e-01
3.7300000000e+02,3.7300000000e+02,2.3000000000e+01,6.1611491442e-01
3.7300000000e+02,3.7300000000e+02,2.4000000000e+01,6.1652010679e-01
3.7300000000e+02,3.7300000000e+02,2.5000000000e+01,6.1685860157e-01
3.7300000000e+02,3.7300000000e+02,2.6000000000e+01,6.1714202166e-01
3.7300000000e+02,3.7300000000e+02,2.7000000000e+01,6.1737972498e-01
3.7300000000e+02,3.7300000000e+02,2.8000000000e+01,6.1757940054e-01
3.7300000000e+02,3.7300000000e+02,2.9000000000e+01,6.1774736643e-01
3.7300000000e+02,3.7300000000e+02,3.0000000000e+01,6.1788886786e-01
3.7300000000e+02,3.7300000000e+02,3.1000000000e+01,6.1800825596e-01
3.7300000000e+02,5.1800000000e+02,0.0000000000e+00,1.9931035042e+00
3.7300000000e+02,5.1800000000e+02,1.0000000000e+00,6.5196734667e-01
3.7300000000e+02,5.1800000000e+02,2.0000000000e+00,4.0823778510e-01
3.7300000000e+02,5.1800000000e+02,3.0000000000e+00,3.8187098503e-01
3.7300000000e+02,5.1800000000e+02,4.0000000000e+00,3.8911429048e-01
3.7300000000e+02,5.1800000000e+02,5.0000000000e+00,4.0055936575e-01
3.7300000000e+02,5.1800000000e+02,6.0000000000e+00,4.1035598516e-01
3.7300000000e+02,5.1800000000e+02,7.0000000000e+00,4.1776371002e-01
3.7300000000e+02,5.1800000000e+02,8.0000000000e+00,4.2314502597e-01
3.7300000000e+02,5.1800000000e+02,9.0000000000e+00,4.2700380087e-01
3.7300000000e+02,5.1800000000e+02,1.0000000000e+01,4.2976480722e-01
3.7300000000e+02,5.1800000000e+02,1.1000000000e+01,4.3174493313e-01
3.7300000000e+02,5.1800000000e+02,1.2000000000e+01,4.3317154050e-01
3.7300000000e+02,5.1800000000e+02,1.3000000000e+01,4.3420460820e-01
3.7300000000e+02,5.1800000000e+02,1.4000000000e+01,4.3495675921e-01
3.7300000000e+02,5.1800000000e+02,1.5000000000e+01,4.3550729752e-01
3.7300000000e+02,5.1800000000e+02,1.6000000000e+01,4.3591216207e-01
3.7300000000e+02,5.1800000000e+02,1.7000000000e+01,4.3621134758e-01
3.7300000000e+02,5.1800000000e+02,1.8000000000e+01,4.3643334508e-01
3.7300000000e+02,5.1800000000e+02,1.9000000000e+01,4.3659868836e-01
3.7300000000e+02,5.1800000000e+02,2.0000000000e+01,4.3672227859e-01
3.7300000000e+02,5.1800000000e+02,2.1000000000e+01,4.3681493402e-01
3.7300000000e+02,5.1800000000e+02,2.2000000000e+01,4.3688461185e-01
3.7300000000e+02,5.1800000000e+02,2.3000000000e+01,4.3693715334e-01
3.7300000000e+02,5.1800000000e+02,2.4000000000e+01,4.3697687984e-01
3.7300000000e+02,5.1800000000e+02,2.5000000000e+01,4.3700689077e-01
3.7300000000e+02,5.1800000000e+02,2.6000000000e+01,4.3702971935e-01
3.7300000000e+02,5.1800000000e+02,2.7000000000e+01,4.3704703450e-01
3.7300000000e+02,5.1800000000e+02,2.8000000000e+01,4.3706020713e-01
3.7300000000e+02,5.1800000000e+02,2.9000000000e+01,4.3707028031e-01
3.7300000000e+02,5.1800000000e+02,3.0000000000e+01,4.3707793951e-01
3.7300000000e+02,5.1800000000e+02,3.1000000000e+01,4.3708384037e-01
3.7300000000e+02,7.2000000000e+02,0.0000000000e+00,1.9937222004e+00
3.7300000000e+02,7.2000000000e+02,1.0000000000e+00,5.7279312611e-01
3.7300000000e+02,7.2000000000e+02,2.0000000000e+00,3.5558423400e-01
3.7300000000e+02,7.2000000000e+02,3.0000000000e+00,3.4054180980e-01
3.7300000000e+02,7.2000000000e+02,4.0000000000e+00,3.4983655810e-01
3.7300000000e+02,7.2000000000e+02,5.0000000000e+00,3.5957935452e-01
3.7300000000e+02,7.2000000000e+02,6.0000000000e+00,3.6664584279e-01
3.7300000000e+02,7.2000000000e+02,7.0000000000e+00,3.7134671211e-01
3.7300000000e+02,7.2000000000e+02,8.0000000000e+00,3.7439197302e-01
3.7300000000e+02,7.2000000000e+02,9.0000000000e+00,3.7635177374e-01
3.7300000000e+02,7.2000000000e+02,1.0000000000e+01,3.7761485577e-01
3.7300000000e+02,7.2000000000e+02,1.1000000000e+01,3.7843275070e-01
3.7300000000e+02,7.2000000000e+02,1.2000000000e+01,3.7896582484e-01
3.7300000000e+02,7.2000000000e+02,1.3000000000e+01,3.7931555510e-01
3.7300000000e+02,7.2000000000e+02,1.4000000000e+01,3.7954658270e-01
3.7300000000e+02,7.2000000000e+02,1.5000000000e+01,3.7970021367e-01
3.7300000000e+02,7.2000000000e+02,1.6000000000e+01,3.7980300188e-01
3.7300000000e+02,7.2000000000e+02,1.7000000000e+01,3.7987217307e-01
3.7300000000e+02,7.2000000000e+02,1.8000000000e+01,3.7991893291e-01
3.7300000000e+02,7.2000000000e+02,1.9000000000e+01,3.7995070219e-01
3.7300000000e+02,7.2000000000e+02,2.0000000000e+01,3.7997233868e-01
3.7300000000e+02,7.2000000000e+02,2.1000000000e+01,3.7998721004e-01
3.7300000000e+02,7.2000000000e+02,2.2000000000e+01,3.7999743223e-01
3.7300000000e+02,7.2000000000e+02,2.3000000000e+01,3.8000446558e-01
3.7300000000e+02,7.2000000000e+02,2.4000000000e+01,3.8000932336e-01
3.7300000000e+02,7.2000000000e+02,2.5000000000e+01,3.8001269102e-01
3.7300000000e+02,7.2000000000e+02,2.6000000000e+01,3.8001504540e-01
3.7300000000e+02,7.2000000000e+02,2.7000000000e+01,3.8001665473e-01
3.7300000000e+02,7.2000000000e+02,2.8000000000e+01,3.8001781702e-01
3.7300000000e+02,7.2000000000e+02,2.9000000000e+01,3.8001856208e-01
3.7300000000e+02,7.2000000000e+02,3.0000000000e+01,3.8001915812e-01
3.7300000000e+02,7.2000000000e+02,3.1000000000e+01,3.8001954556e-01
3.7300000000e+02,1.0000000000e+03,0.0000000000e+00,1.9936422110e+00
3.7300000000e+02,1.0000000000e+03,1.0000000000e+00,5.5765879154e-01
3.7300000000e+02,1.0000000000e+03,2.0000000000e+00,3.7017530203e-01
3.7300000000e+02,1.0000000000e+03,3.0000000000e+00,3.6432263255e-01
3.7300000000e+02,1.0000000000e+03,4.0000000000e+00,3.7506455183e-01
3.7300000000e+02,1.0000000000e+03,5.0000000000e+00,3.8403525949e-01
3.7300000000e+02,1.0000000000e+03,6.0000000000e+00,3.8993841410e-01
3.7300000000e+02,1.0000000000e+03,7.0000000000e+00,3.9361187816e-01
3.7300000000e+02,1.0000000000e+03,8.0000000000e+00,3.9586985111e-01
3.7300000000e+02,1.0000000000e+03,9.0000000000e+00,3.9726012945e-01
3.7300000000e+02,1.0000000000e+03,1.0000000000e+01,3.9812189341e-01
3.7300000000e+02,1.0000000000e+03,1.1000000000e+01,3.9866077900e-01
3.7300000000e+02,1.0000000000e+03,1.2000000000e+01,3.9900073409e-01
3.7300000000e+02,1.0000000000e+03,1.3000000000e+01,3.9921715856e-01
3.7300000000e+02,1.0000000000e+03,1.4000000000e+01,3.9935603738e-01
3.7300000000e+02,1.0000000000e+03,1.5000000000e+01,3.9944595098e-01
3.7300000000e+02,1.0000000000e+03,1.6000000000e+01,3.9950445294e-01
3.7300000000e+02,1.0000000000e+03,1.7000000000e+01,3.9954283834e-01
3.7300000000e+02,1.0000000000e+03,1.8000000000e+01,3.9956814051e-01
3.7300000000e+02,1.0000000000e+03,1.9000000000e+01,3.9958491921e-01
3.7300000000e+02,1.0000000000e+03,2.0000000000e+01,3.9959597588e-01
3.7300000000e+02,1.0000000000e+03,2.1000000000e+01,3.9960345626e-01
3.7300000000e+02,1.0000000000e+03,2.2000000000e+01,3.9960846305e-01
3.7300000000e+02,1.0000000000e+03,2.3000000000e+01,3.9961183071e-01
3.7300000000e+02,1.0000000000e+03,2.4000000000e+01,3.9961403608e-01
3.7300000000e+02,1.0000000000e+03,2.5000000000e+01,3.9961555600e-01
3.7300000000e+02,1.0000000000e+03,2.6000000000e+01,3.9961659908e-01
3.7300000000e+02,1.0000000000e+03,2.7000000000e+01,3.9961728454e-01
3.7300000000e+02,1.0000000000e+03,2.8000000000e+01,3.9961776137e-01
3.7300000000e+02,1.0000000000e+03,2.9000000000e+01,3.9961805940e-01
3.7300000000e+02,1.0000000000e+03,3.0000000000e+01,3.9961829782e-01
3.7300000000e+02,1.0000000000e+03,3.1000000000e+01,3.9961844683e-01
5.1800000000e+02,1.0000000000e+01,0.0000000000e+00,1.9956355095e+00
5.1800000000e+02,1.0000000000e+01,1.0000000000e+00,2.0097858906e+00
5.1800000000e+02,1.0000000000e+01,2.0000000000e+00,2.2785789967e+00
5.1800000000e+02,1.0000000000e+01,3.0000000000e+00,2.7511115074e+00
5.1800000000e+02,1.0000000000e+01,4.0000000000e+00,3.4035651684e+00
5.1800000000e+02,1.0000000000e+01,5.0000000000e+00,4.2348055840e+00
5.1800000000e+02,1.0000000000e+01,6.0000000000e+00,5.2415065765e+00
5.1800000000e+02,1.0000000000e+01,7.0000000000e+00,6.4254279137e+00
5.1800000000e+02,1.0000000000e+01,8.0000000000e+00,7.7848482132e+00
5.1800000000e+02,1.0000000000e+01,9.0000000000e+00,9.3215913773e+00
5.1800000000e+02,1.0000000000e+01,1.0000000000e+01,1.1034109116e+01
5.1800000000e+02,1.0000000000e+01,1.1000000000e+01,1.2924262047e+01
5.1800000000e+02,1.0000000000e+01,1.2000000000e+01,1.4990410805e+01
5.1800000000e+02,1.0000000000e+01,1.3000000000e+01,1.7234502792e+01
5.1800000000e+02,1.0000000000e+01,1.4000000000e+01,1.9654743195e+01
5.1800000000e+02,1.0000000000e+01,1.5000000000e+01,2.2253154755e+01
5.1800000000e+02,1.0000000000e+01,1.6000000000e+01,2.5027799606e+01
5.1800000000e+02,1.0000000000e+01,1.7000000000e+01,2.7980806351e+01
5.1800000000e+02,1.0000000000e+01,1.8000000000e+01,3.1110113144e+01
5.1800000000e+02,1.0000000000e+01,1.9000000000e+01,3.4417926788e+01
5.1800000000e+02,1.0000000000e+01,2.0000000000e+01,3.7902118683e+01
5.1800000000e+02,1.0000000000e+01,2.1000000000e+01,4.1564899445e+01
5.1800000000e+02,1.0000000000e+01,2.2000000000e+01,4.5404109955e+01
5.1800000000e+02,1.0000000000e+01,2.3000000000e+01,4.9421970367e+01
5.1800000000e+02,1.0000000000e+01,2.4000000000e+01,5.3616310120e+01
5.1800000000e+02,1.0000000000e+01,2.5000000000e+01,5.7989372253e+01
5.1800000000e+02,1.0000000000e+01,2.6000000000e+01,6.2538925171e+01
5.1800000000e+02,1.0000000000e+01,2.7000000000e+01,6.7267280579e+01
5.1800000000e+02,1.0000000000e+01,2.8000000000e+01,7.2172088623e+01
5.1800000000e+02,1.0000000000e+01,2.9000000000e+01,7.7255828857e+01
5.1800000000e+02,1.0000000000e+01,3.0000000000e+01,8.2515945435e+01
5.1800000000e+02,1.0000000000e+01,3.1000000000e+01,8.7955093384e+01
5.1800000000e+02,1.4000000000e+01,0.0000000000e+00,1.9997690916e+00
5.1800000000e+02,1.4000000000e+01,1.0000000000e+00,1.9810924530e+00
5.1800000000e+02,1.4000000000e+01,2.0000000000e+00,2.2323668003e+00
5.1800000000e+02,1.4000000000e+01,3.0000000000e+00,2.6916122437e+00
5.1800000000e+02,1.4000000000e+01,4.0000000000e+00,3.3242959976e+00
5.1800000000e+02,1.4000000000e+01,5.0000000000e+00,4.1255407333e+00
5.1800000000e+02,1.4000000000e+01,6.0000000000e+00,5.0912961960e+00
5.1800000000e+02,1.4000000000e+01,7.0000000000e+00,6.2216935158e+00
5.1800000000e+02,1.4000000000e+01,8.0000000000e+00,7.5157170296e+00
5.1800000000e+02,1.4000000000e+01,9.0000000000e+00,8.9739208221e+00
5.1800000000e+02,1.4000000000e+01,1.0000000000e+01,1.0595666885e+01
5.1800000000e+02,1.4000000000e+01,1.1000000000e+01,1.2381890297e+01
5.1800000000e+02,1.4000000000e+01,1.2000000000e+01,1.4331683159e+01
5.1800000000e+02,1.4000000000e+01,1.3000000000e+01,1.6446346283e+01
5.1800000000e+02,1.4000000000e+01,1.4000000000e+01,1.8724586487e+01
5.1800000000e+02,1.4000000000e+01,1.5000000000e+01,2.1168041229e+01
5.1800000000e+02,1.4000000000e+01,1.6000000000e+01,2.3775182724e+01
5.1800000000e+02,1.4000000000e+01,1.7000000000e+01,2.6547746658e+01
5.1800000000e+02,1.4000000000e+01,1.8000000000e+01,2.9484111786e+01
5.1800000000e+02,1.4000000000e+01,1.9000000000e+01,3.2586093903e+01
5.1800000000e+02,1.4000000000e+01,2.0000000000e+01,3.5851963043e+01
5.1800000000e+02,1.4000000000e+01,2.1000000000e+01,3.9283615112e+01
5.1800000000e+02,1.4000000000e+01,2.2000000000e+01,4.2879177094e+01
5.1800000000e+02,1.4000000000e+01,2.3000000000e+01,4.6640708923e+01
5.1800000000e+02,1.4000000000e+01,2.4000000000e+01,5.0566150665e+01
5.1800000000e+02,1.4000000000e+01,2.5000000000e+01,5.4657714844e+01
5.1800000000e+02,1.4000000000e+01,2.6000000000e+01,5.8913192749e+01
5.1800000000e+02,1.4000000000e+01,2.7000000000e+01,6.3334918976e+01
5.1800000000e+02,1.4000000000e+01,2.8000000000e+01,6.7920555115e+01
5.1800000000e+02,1.4000000000e+01,2.9000000000e+01,7.2672584534e+01
5.1800000000e+02,1.4000000000e+01,3.0000000000e+01,7.7588470459e+01
5.1800000000e+02,1.4000000000e+01,3.1000000000e+01,8.2670898438e+01
5.1800000000e+02,1.9000000000e+01,0.0000000000e+00,2.0076344013e+00
5.1800000000e+02,1.9000000000e+01,1.0000000000e+00,1.8735196590e+00
5.1800000000e+02,1.9000000000e+01,2.0000000000e+00,2.0340051651e+00
5.1800000000e+02,1.9000000000e+01,3.0000000000e+00,2.4061825275e+00
5.1800000000e+02,1.9000000000e+01,4.0000000000e+00,2.9341931343e+00
5.1800000000e+02,1.9000000000e+01,5.0000000000e+00,3.6056487560e+00
5.1800000000e+02,1.9000000000e+01,6.0000000000e+00,4.4127159119e+00
5.1800000000e+02,1.9000000000e+01,7.0000000000e+00,5.3537731171e+00
5.1800000000e+02,1.9000000000e+01,8.0000000000e+00,6.4266562462e+00
5.1800000000e+02,1.9000000000e+01,9.0000000000e+00,7.6312561035e+00
5.1800000000e+02,1.9000000000e+01,1.0000000000e+01,8.9667234421e+00
5.1800000000e+02,1.9000000000e+01,1.1000000000e+01,1.0433301926e+01
5.1800000000e+02,1.9000000000e+01,1.2000000000e+01,1.2030551910e+01
5.1800000000e+02,1.9000000000e+01,1.3000000000e+01,1.3758773804e+01
5.1800000000e+02,1.9000000000e+01,1.4000000000e+01,1.5617715836e+01
5.1800000000e+02,1.9000000000e+01,1.5000000000e+01,1.7607669830e+01
5.1800000000e+02,1.9000000000e+01,1.6000000000e+01,1.9728473663e+01
5.1800000000e+02,1.9000000000e+01,1.7000000000e+01,2.1980390549e+01
5.1800000000e+02,1.9000000000e+01,1.8000000000e+01,2.4363288879e+01
5.1800000000e+02,1.9000000000e+01,1.9000000000e+01,2.6877445221e+01
5.1800000000e+02,1.9000000000e+01,2.0000000000e+01,2.9522695541e+01
5.1800000000e+02,1.9000000000e+01,2.1000000000e+01,3.2299362183e+01
5.1800000000e+02,1.9000000000e+01,2.2000000000e+01,3.5207199097e+01
5.1800000000e+02,1.9000000000e+01,2.3000000000e+01,3.8246623993e+01
5.1800000000e+02,1.9000000000e+01,2.4000000000e+01,4.1417263031e+01
5.1800000000e+02,1.9000000000e+01,2.5000000000e+01,4.4719661713e+01
5.1800000000e+02,1.9000000000e+01,2.6000000000e+01,4.8153312683e+01
5.1800000000e+02,1.9000000000e+01,2.7000000000e+01,5.1718872070e+01
5.1800000000e+02,1.9000000000e+01,2.8000000000e+01,5.5415706635e+01
5.1800000000e+02,1.9000000000e+01,2.9000000000e+01,5.9244579315e+01
5.1800000000e+02,1.9000000000e+01,3.0000000000e+01,6.3204753876e+01
5.1800000000e+02,1.9000000000e+01,3.1000000000e+01,6.7297088623e+01
5.1800000000e+02,2.7000000000e+01,0.0000000000e+00,1.9897848368e+00
5.1800000000e+02,2.7000000000e+01,1.0000000000e+00,1.7973501682e+00
5.1800000000e+02,2.7000000000e+01,2.0000000000e+00,1.9545605183e+00
5.1800000000e+02,2.7000000000e+01,3.0000000000e+00,2.3231983185e+00
5.1800000000e+02,2.7000000000e+01,4.0000000000e+00,2.8386564255e+00
5.1800000000e+02,2.7000000000e+01,5.0000000000e+00,3.4859902859e+00
5.1800000000e+02,2.7000000000e+01,6.0000000000e+00,4.2562127113e+00
5.1800000000e+02,2.7000000000e+01,7.0000000000e+00,5.1460704803e+00
5.1800000000e+02,2.7000000000e+01,8.0000000000e+00,6.1529326439e+00
5.1800000000e+02,2.7000000000e+01,9.0000000000e+00,7.2756505013e+00
5.1800000000e+02,2.7000000000e+01,1.0000000000e+01,8.5132102966e+00
5.1800000000e+02,2.7000000000e+01,1.1000000000e+01,9.8651752472e+00
5.1800000000e+02,2.7000000000e+01,1.2000000000e+01,1.1331134796e+01
5.1800000000e+02,2.7000000000e+01,1.3000000000e+01,1.2910877228e+01
5.1800000000e+02,2.7000000000e+01,1.4000000000e+01,1.4604362488e+01
5.1800000000e+02,2.7000000000e+01,1.5000000000e+01,1.6411380768e+01
5.1800000000e+02,2.7000000000e+01,1.6000000000e+01,1.8331998825e+01
5.1800000000e+02,2.7000000000e+01,1.7000000000e+01,2.0366123199e+01
5.1800000000e+02,2.7000000000e+01,1.8000000000e+01,2.2513771057e+01
5.1800000000e+02,2.7000000000e+01,1.9000000000e+01,2.4774997711e+01
5.1800000000e+02,2.7000000000e+01,2.0000000000e+01,2.7149820328e+01
5.1800000000e+02,2.7000000000e+01,2.1000000000e+01,2.9638282776e+01
5.1800000000e+02,2.7000000000e+01,2.2000000000e+01,3.2240444183e+01
5.1800000000e+02,2.7000000000e+01,2.3000000000e+01,3.4956340790e+01
5.1800000000e+02,2.7000000000e+01,2.4000000000e+01,3.7785957336e+01
5.1800000000e+02,2.7000000000e+01,2.5000000000e+01,4.0729373932e+01
5.1800000000e+02,2.7000000000e+01,2.6000000000e+01,4.3786705017e+01
5.1800000000e+02,2.7000000000e+01,2.7000000000e+01,4.6957859039e+01
5.1800000000e+02,2.7000000000e+01,2.8000000000e+01,5.0243022919e+01
5.1800000000e+02,2.7000000000e+01,2.9000000000e+01,5.3642108917e+01
5.1800000000e+02,2.7000000000e+01,3.0000000000e+01,5.7155200958e+01
5.1800000000e+02,2.7000000000e+01,3.1000000000e+01,6.0782333374e+01
5.1800000000e+02,3.7000000000e+01,0.0000000000e+00,1.9943166971e+00
5.1800000000e+02,3.7000000000e+01,1.0000000000e+00,1.6674740314e+00
5.1800000000e+02,3.7000000000e+01,2.0000000000e+00,1.7613899708e+00
5.1800000000e+02,3.7000000000e+01,3.0000000000e+00,2.0951437950e+00
5.1800000000e+02,3.7000000000e+01,4.0000000000e+00,2.5782914162e+00
5.1800000000e+02,3.7000000000e+01,5.0000000000e+00,3.1873726845e+00
5.1800000000e+02,3.7000000000e+01,6.0000000000e+00,3.9089329243e+00
5.1800000000e+02,3.7000000000e+01,7.0000000000e+00,4.7376365662e+00
5.1800000000e+02,3.7000000000e+01,8.0000000000e+00,5.6689624786e+00
5.1800000000e+02,3.7000000000e+01,9.0000000000e+00,6.7011528015e+00
5.1800000000e+02,3.7000000000e+01,1.0000000000e+01,7.8319635391e+00
5.1800000000e+02,3.7000000000e+01,1.1000000000e+01,9.0609788895e+00
5.1800000000e+02,3.7000000000e+01,1.2000000000e+01,1.0386579514e+01
5.1800000000e+02,3.7000000000e+01,1.3000000000e+01,1.1809123993e+01
5.1800000000e+02,3.7000000000e+01,1.4000000000e+01,1.3327153206e+01
5.1800000000e+02,3.7000000000e+01,1.5000000000e+01,1.4941293716e+01
5.1800000000e+02,3.7000000000e+01,1.6000000000e+01,1.6650756836e+01
5.1800000000e+02,3.7000000000e+01,1.7000000000e+01,1.8455726624e+01
5.1800000000e+02,3.7000000000e+01,1.8000000000e+01,2.0355745316e+01
5.1800000000e+02,3.7000000000e+01,1.9000000000e+01,2.2351045609e+01
5.1800000000e+02,3.7000000000e+01,2.0000000000e+01,2.4441196442e+01
5.1800000000e+02,3.7000000000e+01,2.1000000000e+01,2.6626611710e+01
5.1800000000e+02,3.7000000000e+01,2.2000000000e+01,2.8906660080e+01
5.1800000000e+02,3.7000000000e+01,2.3000000000e+01,3.1282264709e+01
5.1800000000e+02,3.7000000000e+01,2.4000000000e+01,3.3752140045e+01
5.1800000000e+02,3.7000000000e+01,2.5000000000e+01,3.6317539215e+01
5.1800000000e+02,3.7000000000e+01,2.6000000000e+01,3.8977531433e+01
5.1800000000e+02,3.7000000000e+01,2.7000000000e+01,4.1732845306e+01
5.1800000000e+02,3.7000000000e+01,2.8000000000e+01,4.4582855225e+01
5.1800000000e+02,3.7000000000e+01,2.9000000000e+01,4.7528331757e+01
5.1800000000e+02,3.7000000000e+01,3.0000000000e+01,5.0568336487e+01
5.1800000000e+02,3.7000000000e+01,3.1000000000e+01,5.3704074860e+01
5.1800000000e+02,5.2000000000e+01,0.0000000000e+00,2.0043528080e+00
5.1800000000e+02,5.2000000000e+01,1.0000000000e+00,1.5426958799e+00
5.1800000000e+02,5.2000000000e+01,2.0000000000e+00,1.5741379261e+00
5.1800000000e+02,5.2000000000e+01,3.0000000000e+00,1.8469699621e+00
5.1800000000e+02,5.2000000000e+01,4.0000000000e+00,2.2493779659e+00
5.1800000000e+02,5.2000000000e+01,5.0000000000e+00,2.7514259815e+00
5.1800000000e+02,5.2000000000e+01,6.0000000000e+00,3.3370056152e+00
5.1800000000e+02,5.2000000000e+01,7.0000000000e+00,3.9984049797e+00
5.1800000000e+02,5.2000000000e+01,8.0000000000e+00,4.7303357124e+00
5.1800000000e+02,5.2000000000e+01,9.0000000000e+00,5.5295386314e+00
5.1800000000e+02,5.2000000000e+01,1.0000000000e+01,6.3936338425e+00
5.1800000000e+02,5.2000000000e+01,1.1000000000e+01,7.3208837509e+00
5.1800000000e+02,5.2000000000e+01,1.2000000000e+01,8.3100728989e+00
5.1800000000e+02,5.2000000000e+01,1.3000000000e+01,9.3601102829e+00
5.1800000000e+02,5.2000000000e+01,1.4000000000e+01,1.0470354080e+01
5.1800000000e+02,5.2000000000e+01,1.5000000000e+01,1.1640036583e+01
5.1800000000e+02,5.2000000000e+01,1.6000000000e+01,1.2868855476e+01
5.1800000000e+02,5.2000000000e+01,1.7000000000e+01,1.4156207085e+01
5.1800000000e+02,5.2000000000e+01,1.8000000000e+01,1.5502014160e+01
5.1800000000e+02,5.2000000000e+01,1.9000000000e+01,1.6905748367e+01
5.1800000000e+02,5.2000000000e+01,2.0000000000e+01,1.8367475510e+01
5.1800000000e+02,5.2000000000e+01,2.1000000000e+01,1.9886678696e+01
5.1800000000e+02,5.2000000000e+01,2.2000000000e+01,2.1463638306e+01
5.1800000000e+02,5.2000000000e+01,2.3000000000e+01,2.3097723007e+01
5.1800000000e+02,5.2000000000e+01,2.4000000000e+01,2.4789438248e+01
5.1800000000e+02,5.2000000000e+01,2.5000000000e+01,2.6537984848e+01
5.1800000000e+02,5.2000000000e+01,2.6000000000e+01,2.8344104767e+01
5.1800000000e+02,5.2000000000e+01,2.7000000000e+01,3.0206867218e+01
5.1800000000e+02,5.2000000000e+01,2.8000000000e+01,3.2127143860e+01
5.1800000000e+02,5.2000000000e+01,2.9000000000e+01,3.4103977203e+01
5.1800000000e+02,5.2000000000e+01,3.0000000000e+01,3.6138233185e+01
5.1800000000e+02,5.2000000000e+01,3.1000000000e+01,3.8229026794e+01
5.1800000000e+02,7.2000000000e+01,0.0000000000e+00,1.9939624071e+00
5.1800000000e+02,7.2000000000e+01,1.0000000000e+00,1.3950637579e+00
5.1800000000e+02,7.2000000000e+01,2.0000000000e+00,1.3592571020e+00
5.1800000000e+02,7.2000000000e+01,3.0000000000e+00,1.5685548782e+00
5.1800000000e+02,7.2000000000e+01,4.0000000000e+00,1.8872570992e+00
5.1800000000e+02,7.2000000000e+01,5.0000000000e+00,2.2799999714e+00
5.1800000000e+02,7.2000000000e+01,6.0000000000e+00,2.7278647423e+00
5.1800000000e+02,7.2000000000e+01,7.0000000000e+00,3.2219877243e+00
5.1800000000e+02,7.2000000000e+01,8.0000000000e+00,3.7560987473e+00
5.1800000000e+02,7.2000000000e+01,9.0000000000e+00,4.3264617920e+00
5.1800000000e+02,7.2000000000e+01,1.0000000000e+01,4.9302010536e+00
5.1800000000e+02,7.2000000000e+01,1.1000000000e+01,5.5653090477e+00
5.1800000000e+02,7.2000000000e+01,1.2000000000e+01,6.2302474976e+00
5.1800000000e+02,7.2000000000e+01,1.3000000000e+01,6.9237656593e+00
5.1800000000e+02,7.2000000000e+01,1.4000000000e+01,7.6449880600e+00
5.1800000000e+02,7.2000000000e+01,1.5000000000e+01,8.3930053711e+00
5.1800000000e+02,7.2000000000e+01,1.6000000000e+01,9.1673679352e+00
5.1800000000e+02,7.2000000000e+01,1.7000000000e+01,9.9672994614e+00
5.1800000000e+02,7.2000000000e+01,1.8000000000e+01,1.0792644501e+01
5.1800000000e+02,7.2000000000e+01,1.9000000000e+01,1.1642685890e+01
5.1800000000e+02,7.2000000000e+01,2.0000000000e+01,1.2517471313e+01
5.1800000000e+02,7.2000000000e+01,2.1000000000e+01,1.3416309357e+01
5.1800000000e+02,7.2000000000e+01,2.2000000000e+01,1.4339391708e+01
5.1800000000e+02,7.2000000000e+01,2.3000000000e+01,1.5286073685e+01
5.1800000000e+02,7.2000000000e+01,2.4000000000e+01,1.6256614685e+01
5.1800000000e+02,7.2000000000e+01,2.5000000000e+01,1.7250423431e+01
5.1800000000e+02,7.2000000000e+01,2.6000000000e+01,1.8267719269e+01
5.1800000000e+02,7.2000000000e+01,2.7000000000e+01,1.9308076859e+01
5.1800000000e+02,7.2000000000e+01,2.8000000000e+01,2.0371549606e+01
5.1800000000e+02,7.2000000000e+01,2.9000000000e+01,2.1457963943e+01
5.1800000000e+02,7.2000000000e+01,3.0000000000e+01,2.2567302704e+01
5.1800000000e+02,7.2000000000e+01,3.1000000000e+01,2.3699405670e+01
5.1800000000e+02,1.0000000000e+02,0.0000000000e+00,2.0025122166e+00
5.1800000000e+02,1.0000000000e+02,1.0000000000e+00,1.2805314064e+00
5.1800000000e+02,1.0000000000e+02,2.0000000000e+00,1.1780121326e+00
5.1800000000e+02,1.0000000000e+02,3.0000000000e+00,1.3016277552e+00
5.1800000000e+02,1.0000000000e+02,4.0000000000e+00,1.5023794174e+00
5.1800000000e+02,1.0000000000e+02,5.0000000000e+00,1.7438812256e+00
5.1800000000e+02,1.0000000000e+02,6.0000000000e+00,2.0083227158e+00
5.1800000000e+02,1.0000000000e+02,7.0000000000e+00,2.2875506878e+00
5.1800000000e+02,1.0000000000e+02,8.0000000000e+00,2.5764663219e+00
5.1800000000e+02,1.0000000000e+02,9.0000000000e+00,2.8721127510e+00
5.1800000000e+02,1.0000000000e+02,1.0000000000e+01,3.1725106239e+00
5.1800000000e+02,1.0000000000e+02,1.1000000000e+01,3.4762818813e+00
5.1800000000e+02,1.0000000000e+02,1.2000000000e+01,3.7825458050e+00
5.1800000000e+02,1.0000000000e+02,1.3000000000e+01,4.0905361176e+00
5.1800000000e+02,1.0000000000e+02,1.4000000000e+01,4.3998622894e+00
5.1800000000e+02,1.0000000000e+02,1.5000000000e+01,4.7100272179e+00
5.1800000000e+02,1.0000000000e+02,1.6000000000e+01,5.0208997726e+00
5.1800000000e+02,1.0000000000e+02,1.7000000000e+01,5.3320984840e+00
5.1800000000e+02,1.0000000000e+02,1.8000000000e+01,5.6436610222e+00
5.1800000000e+02,1.0000000000e+02,1.9000000000e+01,5.9552330971e+00
5.1800000000e+02,1.0000000000e+02,2.0000000000e+01,6.2669820786e+00
5.1800000000e+02,1.0000000000e+02,2.1000000000e+01,6.5785355568e+00
5.1800000000e+02,1.0000000000e+02,2.2000000000e+01,6.8901705742e+00
5.1800000000e+02,1.0000000000e+02,2.3000000000e+01,7.2014389038e+00
5.1800000000e+02,1.0000000000e+02,2.4000000000e+01,7.5128369331e+00
5.1800000000e+02,1.0000000000e+02,2.5000000000e+01,7.8236846924e+00
5.1800000000e+02,1.0000000000e+02,2.6000000000e+01,8.1346921921e+00
5.1800000000e+02,1.0000000000e+02,2.7000000000e+01,8.4452133179e+00
5.1800000000e+02,1.0000000000e+02,2.8000000000e+01,8.7558641434e+00
5.1800000000e+02,1.0000000000e+02,2.9000000000e+01,9.0660066605e+00
5.1800000000e+02,1.0000000000e+02,3.0000000000e+01,9.3763227463e+00
5.1800000000e+02,1.0000000000e+02,3.1000000000e+01,9.6860322952e+00
5.1800000000e+02,1.3900000000e+02,0.0000000000e+00,2.0050725937e+00
5.1800000000e+02,1.3900000000e+02,1.0000000000e+00,1.1085568666e+00
5.1800000000e+02,1.3900000000e+02,2.0000000000e+00,9.3786907196e-01
5.1800000000e+02,1.3900000000e+02,3.0000000000e+00,9.9303042889e-01
5.1800000000e+02,1.3900000000e+02,4.0000000000e+00,1.1083842516e+00
5.1800000000e+02,1.3900000000e+02,5.0000000000e+00,1.2465614080e+00
5.1800000000e+02,1.3900000000e+02,6.0000000000e+00,1.3910661936e+00
5.1800000000e+02,1.3900000000e+02,7.0000000000e+00,1.5357505083e+00
5.1800000000e+02,1.3900000000e+02,8.0000000000e+00,1.6770892143e+00
5.1800000000e+02,1.3900000000e+02,9.0000000000e+00,1.8137369156e+00
5.1800000000e+02,1.3900000000e+02,1.0000000000e+01,1.9448615313e+00
5.1800000000e+02,1.3900000000e+02,1.1000000000e+01,2.0703353882e+00
5.1800000000e+02,1.3900000000e+02,1.2000000000e+01,2.1900725365e+00
5.1800000000e+02,1.3900000000e+02,1.3000000000e+01,2.3043084145e+00
5.1800000000e+02,1.3900000000e+02,1.4000000000e+01,2.4131822586e+00
5.1800000000e+02,1.3900000000e+02,1.5000000000e+01,2.5170321465e+00
5.1800000000e+02,1.3900000000e+02,1.6000000000e+01,2.6160583496e+00
5.1800000000e+02,1.3900000000e+02,1.7000000000e+01,2.7106070518e+00
5.1800000000e+02,1.3900000000e+02,1.8000000000e+01,2.8008873463e+00
5.1800000000e+02,1.3900000000e+02,1.9000000000e+01,2.8872222900e+00
5.1800000000e+02,1.3900000000e+02,2.0000000000e+01,2.9698042870e+00
5.1800000000e+02,1.3900000000e+02,2.1000000000e+01,3.0489306450e+00
5.1800000000e+02,1.3900000000e+02,2.2000000000e+01,3.1247634888e+00
5.1800000000e+02,1.3900000000e+02,2.3000000000e+01,3.1975774765e+00
5.1800000000e+02,1.3900000000e+02,2.4000000000e+01,3.2674994469e+00
5.1800000000e+02,1.3900000000e+02,2.5000000000e+01,3.3347880840e+00
5.1800000000e+02,1.3900000000e+02,2.6000000000e+01,3.3995337486e+00
5.1800000000e+02,1.3900000000e+02,2.7000000000e+01,3.4619839191e+00
5.1800000000e+02,1.3900000000e+02,2.8000000000e+01,3.5221934319e+00
5.1800000000e+02,1.3900000000e+02,2.9000000000e+01,3.5804035664e+00
5.1800000000e+02,1.3900000000e+02,3.0000000000e+01,3.6366329193e+00
5.1800000000e+02,1.3900000000e+02,3.1000000000e+01,3.6911249161e+00
5.1800000000e+02,1.9300000000e+02,0.0000000000e+00,1.9864864349e+00
5.1800000000e+02,1.9300000000e+02,1.0000000000e+00,1.0602450371e+00
5.1800000000e+02,1.9300000000e+02,2.0000000000e+00,8.8581979275e-01
5.1800000000e+02,1.9300000000e+02,3.0000000000e+00,9.0879708529e-01
5.1800000000e+02,1.9300000000e+02,4.0000000000e+00,9.7413676977e-01
5.1800000000e+02,1.9300000000e+02,5.0000000000e+00,1.0494835377e+00
5.1800000000e+02,1.9300000000e+02,6.0000000000e+00,1.1236097813e+00
5.1800000000e+02,1.9300000000e+02,7.0000000000e+00,1.1930049658e+00
5.1800000000e+02,1.9300000000e+02,8.0000000000e+00,1.2564563751e+00
5.1800000000e+02,1.9300000000e+02,9.0000000000e+00,1.3139142990e+00
5.1800000000e+02,1.9300000000e+02,1.0000000000e+01,1.3656746149e+00
5.1800000000e+02,1.9300000000e+02,1.1000000000e+01,1.4122273922e+00
5.1800000000e+02,1.9300000000e+02,1.2000000000e+01,1.4540719986e+00
5.1800000000e+02,1.9300000000e+02,1.3000000000e+01,1.4917094707e+00
5.1800000000e+02,1.9300000000e+02,1.4000000000e+01,1.5255922079e+00
5.1800000000e+02,1.9300000000e+02,1.5000000000e+01,1.5561368465e+00
5.1800000000e+02,1.9300000000e+02,1.6000000000e+01,1.5837085247e+00
5.1800000000e+02,1.9300000000e+02,1.7000000000e+01,1.6086359024e+00
5.1800000000e+02,1.9300000000e+02,1.8000000000e+01,1.6312053204e+00
5.1800000000e+02,1.9300000000e+02,1.9000000000e+01,1.6516714096e+00
5.1800000000e+02,1.9300000000e+02,2.0000000000e+01,1.6702572107e+00
5.1800000000e+02,1.9300000000e+02,2.1000000000e+01,1.6871598959e+00
5.1800000000e+02,1.9300000000e+02,2.2000000000e+01,1.7025533915e+00
5.1800000000e+02,1.9300000000e+02,2.3000000000e+01,1.7165913582e+00
5.1800000000e+02,1.9300000000e+02,2.4000000000e+01,1.7294096947e+00
5.1800000000e+02,1.9300000000e+02,2.5000000000e+01,1.7411291599e+00
5.1800000000e+02,1.9300000000e+02,2.6000000000e+01,1.7518566847e+00
5.1800000000e+02,1.9300000000e+02,2.7000000000e+01,1.7616876364e+00
5.1800000000e+02,1.9300000000e+02,2.8000000000e+01,1.7707070112e+00
5.1800000000e+02,1.9300000000e+02,2.9000000000e+01,1.7789899111e+00
5.1800000000e+02,1.9300000000e+02,3.0000000000e+01,1.7866052389e+00
5.1800000000e+02,1.9300000000e+02,3.1000000000e+01,1.7936130762e+00
5.1800000000e+02,2.6800000000e+02,0.0000000000e+00,1.9976433516e+00
5.1800000000e+02,2.6800000000e+02,1.0000000000e+00,8.1919443607e-01
5.1800000000e+02,2.6800000000e+02,2.0000000000e+00,5.6249129772e-01
5.1800000000e+02,2.6800000000e+02,3.0000000000e+00,5.3364157677e-01
5.1800000000e+02,2.6800000000e+02,4.0000000000e+00,5.5251544714e-01
5.1800000000e+02,2.6800000000e+02,5.0000000000e+00,5.8245897293e-01
5.1800000000e+02,2.6800000000e+02,6.0000000000e+00,6.1259871721e-01
5.1800000000e+02,2.6800000000e+02,7.0000000000e+00,6.3974440098e-01
5.1800000000e+02,2.6800000000e+02,8.0000000000e+00,6.6319882870e-01
5.1800000000e+02,2.6800000000e+02,9.0000000000e+00,6.8314063549e-01
5.1800000000e+02,2.6800000000e+02,1.0000000000e+01,7.0001280308e-01
5.1800000000e+02,2.6800000000e+02,1.1000000000e+01,7.1430087090e-01
5.1800000000e+02,2.6800000000e+02,1.2000000000e+01,7.2645032406e-01
5.1800000000e+02,2.6800000000e+02,1.3000000000e+01,7.3684310913e-01
5.1800000000e+02,2.6800000000e+02,1.4000000000e+01,7.4579524994e-01
5.1800000000e+02,2.6800000000e+02,1.5000000000e+01,7.5356453657e-01
5.1800000000e+02,2.6800000000e+02,1.6000000000e+01,7.6035863161e-01
5.1800000000e+02,2.6800000000e+02,1.7000000000e+01,7.6634454727e-01
5.1800000000e+02,2.6800000000e+02,1.8000000000e+01,7.7165651321e-01
5.1800000000e+02,2.6800000000e+02,1.9000000000e+01,7.7640187740e-01
5.1800000000e+02,2.6800000000e+02,2.0000000000e+01,7.8066772223e-01
5.1800000000e+02,2.6800000000e+02,2.1000000000e+01,7.8452426195e-01
5.1800000000e+02,2.6800000000e+02,2.2000000000e+01,7.8802824020e-01
5.1800000000e+02,2.6800000000e+02,2.3000000000e+01,7.9122632742e-01
5.1800000000e+02,2.6800000000e+02,2.4000000000e+01,7.9415661097e-01
5.1800000000e+02,2.6800000000e+02,2.5000000000e+01,7.9685091972e-01
5.1800000000e+02,2.6800000000e+02,2.6000000000e+01,7.9933542013e-01
5.1800000000e+02,2.6800000000e+02,2.7000000000e+01,8.0163246393e-01
5.1800000000e+02,2.6800000000e+02,2.8000000000e+01,8.0376070738e-01
5.1800000000e+02,2.6800000000e+02,2.9000000000e+01,8.0573624372e-01
5.1800000000e+02,2.6800000000e+02,3.0000000000e+01,8.0757296085e-01
5.1800000000e+02,2.6800000000e+02,3.1000000000e+01,8.0928272009e-01
5.1800000000e+02,3.7300000000e+02,0.0000000000e+00,1.9936932325e+00
5.1800000000e+02,3.7300000000e+02,1.0000000000e+00,7.2177779675e-01
5.1800000000e+02,3.7300000000e+02,2.0000000000e+00,4.6443971992e-01
5.1800000000e+02,3.7300000000e+02,3.0000000000e+00,4.3275371194e-01
5.1800000000e+02,3.7300000000e+02,4.0000000000e+00,4.4224298000e-01
5.1800000000e+02,3.7300000000e+02,5.0000000000e+00,4.5944371819e-01
5.1800000000e+02,3.7300000000e+02,6.0000000000e+00,4.7599825263e-01
5.1800000000e+02,3.7300000000e+02,7.0000000000e+00,4.9008080363e-01
5.1800000000e+02,3.7300000000e+02,8.0000000000e+00,5.0163263083e-01
5.1800000000e+02,3.7300000000e+02,9.0000000000e+00,5.1104933023e-01
5.1800000000e+02,3.7300000000e+02,1.0000000000e+01,5.1877129078e-01
5.1800000000e+02,3.7300000000e+02,1.1000000000e+01,5.2517598867e-01
5.1800000000e+02,3.7300000000e+02,1.2000000000e+01,5.3055858612e-01
5.1800000000e+02,3.7300000000e+02,1.3000000000e+01,5.3514248133e-01
5.1800000000e+02,3.7300000000e+02,1.4000000000e+01,5.3909426928e-01
5.1800000000e+02,3.7300000000e+02,1.5000000000e+01,5.4253774881e-01
5.1800000000e+02,3.7300000000e+02,1.6000000000e+01,5.4556560516e-01
5.1800000000e+02,3.7300000000e+02,1.7000000000e+01,5.4824787378e-01
5.1800000000e+02,3.7300000000e+02,1.8000000000e+01,5.5063831806e-01
5.1800000000e+02,3.7300000000e+02,1.9000000000e+01,5.5277854204e-01
5.1800000000e+02,3.7300000000e+02,2.0000000000e+01,5.5470192432e-01
5.1800000000e+02,3.7300000000e+02,2.1000000000e+01,5.5643504858e-01
5.1800000000e+02,3.7300000000e+02,2.2000000000e+01,5.5800008774e-01
5.1800000000e+02,3.7300000000e+02,2.3000000000e+01,5.5941545963e-01
5.1800000000e+02,3.7300000000e+02,2.4000000000e+01,5.6069695950e-01
5.1800000000e+02,3.7300000000e+02,2.5000000000e+01,5.6185823679e-01
5.1800000000e+02,3.7300000000e+02,2.6000000000e+01,5.6291091442e-01
5.1800000000e+02,3.7300000000e+02,2.7000000000e+01,5.6386578083e-01
5.1800000000e+02,3.7300000000e+02,2.8000000000e+01,5.6473183632e-01
5.1800000000e+02,3.7300000000e+02,2.9000000000e+01,5.6551760435e-01
5.1800000000e+02,3.7300000000e+02,3.0000000000e+01,5.6623053551e-01
5.1800000000e+02,3.7300000000e+02,3.1000000000e+01,5.6687742472e-01
5.1800000000e+02,5.1800000000e+02,0.0000000000e+00,1.9966230392e+00
5.1800000000e+02,5.1800000000e+02,1.0000000000e+00,6.1079919338e-01
5.1800000000e+02,5.1800000000e+02,2.0000000000e+00,3.4692239761e-01
5.1800000000e+02,5.1800000000e+02,3.0000000000e+00,3.1212955713e-01
5.1800000000e+02,5.1800000000e+02,4.0000000000e+00,3.1457909942e-01
5.1800000000e+02,5.1800000000e+02,5.0000000000e+00,3.2279035449e-01
5.1800000000e+02,5.1800000000e+02,6.0000000000e+00,3.3012107015e-01
5.1800000000e+02,5.1800000000e+02,7.0000000000e+00,3.3556294441e-01
5.1800000000e+02,5.1800000000e+02,8.0000000000e+00,3.3935397863e-01
5.1800000000e+02,5.1800000000e+02,9.0000000000e+00,3.4192472696e-01
5.1800000000e+02,5.1800000000e+02,1.0000000000e+01,3.4364646673e-01
5.1800000000e+02,5.1800000000e+02,1.1000000000e+01,3.4479314089e-01
5.1800000000e+02,5.1800000000e+02,1.2000000000e+01,3.4555512667e-01
5.1800000000e+02,5.1800000000e+02,1.3000000000e+01,3.4606134892e-01
5.1800000000e+02,5.1800000000e+02,1.4000000000e+01,3.4639775753e-01
5.1800000000e+02,5.1800000000e+02,1.5000000000e+01,3.4662163258e-01
5.1800000000e+02,5.1800000000e+02,1.6000000000e+01,3.4677073359e-01
5.1800000000e+02,5.1800000000e+02,1.7000000000e+01,3.4687030315e-01
5.1800000000e+02,5.1800000000e+02,1.8000000000e+01,3.4693682194e-01
5.1800000000e+02,5.1800000000e+02,1.9000000000e+01,3.4698134661e-01
5.1800000000e+02,5.1800000000e+02,2.0000000000e+01,3.4701114893e-01
5.1800000000e+02,5.1800000000e+02,2.1000000000e+01,3.4703123569e-01
5.1800000000e+02,5.1800000000e+02,2.2000000000e+01,3.4704467654e-01
5.1800000000e+02,5.1800000000e+02,2.3000000000e+01,3.4705376625e-01
5.1800000000e+02,5.1800000000e+02,2.4000000000e+01,3.4705987573e-01
5.1800000000e+02,5.1800000000e+02,2.5000000000e+01,3.4706401825e-01
5.1800000000e+02,5.1800000000e+02,2.6000000000e+01,3.4706676006e-01
5.1800000000e+02,5.1800000000e+02,2.7000000000e+01,3.4706863761e-01
5.1800000000e+02,5.1800000000e+02,2.8000000000e+01,3.4706991911e-01
5.1800000000e+02,5.1800000000e+02,2.9000000000e+01,3.4707078338e-01
5.1800000000e+02,5.1800000000e+02,3.0000000000e+01,3.4707137942e-01
5.1800000000e+02,5.1800000000e+02,3.1000000000e+01,3.4707179666e-01
5.1800000000e+02,7.2000000000e+02,0.0000000000e+00,1.9884889126e+00
5.1800000000e+02,7.2000000000e+02,1.0000000000e+00,5.4750496149e-01
5.1800000000e+02,7.2000000000e+02,2.0000000000e+00,3.1915649772e-01
5.1800000000e+02,7.2000000000e+02,3.0000000000e+00,2.9988929629e-01
5.1800000000e+02,7.2000000000e+02,4.0000000000e+00,3.0857771635e-01
5.1800000000e+02,7.2000000000e+02,5.0000000000e+00,3.1938174367e-01
5.1800000000e+02,7.2000000000e+02,6.0000000000e+00,3.2809960842e-01
5.1800000000e+02,7.2000000000e+02,7.0000000000e+00,3.3450835943e-01
5.1800000000e+02,7.2000000000e+02,8.0000000000e+00,3.3908227086e-01
5.1800000000e+02,7.2000000000e+02,9.0000000000e+00,3.4231168032e-01
5.1800000000e+02,7.2000000000e+02,1.0000000000e+01,3.4458172321e-01
5.1800000000e+02,7.2000000000e+02,1.1000000000e+01,3.4617388248e-01
5.1800000000e+02,7.2000000000e+02,1.2000000000e+01,3.4728851914e-01
5.1800000000e+02,7.2000000000e+02,1.3000000000e+01,3.4806746244e-01
5.1800000000e+02,7.2000000000e+02,1.4000000000e+01,3.4861063957e-01
5.1800000000e+02,7.2000000000e+02,1.5000000000e+01,3.4898847342e-01
5.1800000000e+02,7.2000000000e+02,1.6000000000e+01,3.4925043583e-01
5.1800000000e+02,7.2000000000e+02,1.7000000000e+01,3.4943145514e-01
5.1800000000e+02,7.2000000000e+02,1.8000000000e+01,3.4955605865e-01
5.1800000000e+02,7.2000000000e+02,1.9000000000e+01,3.4964147210e-01
5.1800000000e+02,7.2000000000e+02,2.0000000000e+01,3.4969967604e-01
5.1800000000e+02,7.2000000000e+02,2.1000000000e+01,3.4973910451e-01
5.1800000000e+02,7.2000000000e+02,2.2000000000e+01,3.4976565838e-01
5.1800000000e+02,7.2000000000e+02,2.3000000000e+01,3.4978342056e-01
5.1800000000e+02,7.2000000000e+02,2.4000000000e+01,3.4979519248e-01
5.1800000000e+02,7.2000000000e+02,2.5000000000e+01,3.4980285168e-01
5.1800000000e+02,7.2000000000e+02,2.6000000000e+01,3.4980785847e-01
5.1800000000e+02,7.2000000000e+02,2.7000000000e+01,3.4981104732e-01
5.1800000000e+02,7.2000000000e+02,2.8000000000e+01,3.4981304407e-01
5.1800000000e+02,7.2000000000e+02,2.9000000000e+01,3.4981423616e-01
5.1800000000e+02,7.2000000000e+02,3.0000000000e+01,3.4981492162e-01
5.1800000000e+02,7.2000000000e+02,3.1000000000e+01,3.4981530905e-01
5.1800000000e+02,1.0000000000e+03,0.0000000000e+00,2.0056889057e+00
5.1800000000e+02,1.0000000000e+03,1.0000000000e+00,4.6803078055e-01
5.1800000000e+02,1.0000000000e+03,2.0000000000e+00,2.4897578359e-01
5.1800000000e+02,1.0000000000e+03,3.0000000000e+00,2.3246020079e-01
5.1800000000e+02,1.0000000000e+03,4.0000000000e+00,2.3806214333e-01
5.1800000000e+02,1.0000000000e+03,5.0000000000e+00,2.4406048656e-01
5.1800000000e+02,1.0000000000e+03,6.0000000000e+00,2.4805606902e-01
5.1800000000e+02,1.0000000000e+03,7.0000000000e+00,2.5045365095e-01
5.1800000000e+02,1.0000000000e+03,8.0000000000e+00,2.5183749199e-01
5.1800000000e+02,1.0000000000e+03,9.0000000000e+00,2.5262069702e-01
5.1800000000e+02,1.0000000000e+03,1.0000000000e+01,2.5305813551e-01
5.1800000000e+02,1.0000000000e+03,1.1000000000e+01,2.5329965353e-01
5.1800000000e+02,1.0000000000e+03,1.2000000000e+01,2.5343137980e-01
5.1800000000e+02,1.0000000000e+03,1.3000000000e+01,2.5350230932e-01
5.1800000000e+02,1.0000000000e+03,1.4000000000e+01,2.5353983045e-01
5.1800000000e+02,1.0000000000e+03,1.5000000000e+01,2.5355935097e-01
5.1800000000e+02,1.0000000000e+03,1.6000000000e+01,2.5356912613e-01
5.1800000000e+02,1.0000000000e+03,1.7000000000e+01,2.5357395411e-01
5.1800000000e+02,1.0000000000e+03,1.8000000000e+01,2.5357615948e-01
5.1800000000e+02,1.0000000000e+03,1.9000000000e+01,2.5357711315e-01
5.1800000000e+02,1.0000000000e+03,2.0000000000e+01,2.5357741117e-01
5.1800000000e+02,1.0000000000e+03,2.1000000000e+01,2.5357747078e-01
5.1800000000e+02,1.0000000000e+03,2.2000000000e+01,2.5357741117e-01
5.1800000000e+02,1.0000000000e+03,2.3000000000e+01,2.5357735157e-01
5.1800000000e+02,1.0000000000e+03,2.4000000000e+01,2.5357729197e-01
5.1800000000e+02,1.0000000000e+03,2.5000000000e+01,2.5357723236e-01
5.1800000000e+02,1.0000000000e+03,2.6000000000e+01,2.5357720256e-01
5.1800000000e+02,1.0000000000e+03,2.7000000000e+01,2.5357714295e-01
5.1800000000e+02,1.0000000000e+03,2.8000000000e+01,2.5357714295e-01
5.1800000000e+02,1.0000000000e+03,2.9000000000e+01,2.5357711315e-01
5.1800000000e+02,1.0000000000e+03,3.0000000000e+01,2.5357711315e-01
5.1800000000e+02,1.0000000000e+03,3.1000000000e+01,2.5357711315e-01
7.2000000000e+02,1.0000000000e+01,0.0000000000e+00,2.0042035580e+00
7.2000000000e+02,1.0000000000e+01,1.0000000000e+00,1.9690566063e+00
7.2000000000e+02,1.0000000000e+01,2.0000000000e+00,2.1506235600e+00
7.2000000000e+02,1.0000000000e+01,3.0000000000e+00,2.4974546432e+00
7.2000000000e+02,1.0000000000e+01,4.0000000000e+00,2.9815487862e+00
7.2000000000e+02,1.0000000000e+01,5.0000000000e+00,3.5995149612e+00
7.2000000000e+02,1.0000000000e+01,6.0000000000e+00,4.3484005928e+00
7.2000000000e+02,1.0000000000e+01,7.0000000000e+00,5.2286424637e+00
7.2000000000e+02,1.0000000000e+01,8.0000000000e+00,6.2394585609e+00
7.2000000000e+02,1.0000000000e+01,9.0000000000e+00,7.3814005852e+00
7.2000000000e+02,1.0000000000e+01,1.0000000000e+01,8.6541404724e+00
7.2000000000e+02,1.0000000000e+01,1.1000000000e+01,1.0058094978e+01
7.2000000000e+02,1.0000000000e+01,1.2000000000e+01,1.1593111992e+01
7.2000000000e+02,1.0000000000e+01,1.3000000000e+01,1.3259480476e+01
7.2000000000e+02,1.0000000000e+01,1.4000000000e+01,1.5057116508e+01
7.2000000000e+02,1.0000000000e+01,1.5000000000e+01,1.6986206055e+01
7.2000000000e+02,1.0000000000e+01,1.6000000000e+01,1.9046714783e+01
7.2000000000e+02,1.0000000000e+01,1.7000000000e+01,2.1238779068e+01
7.2000000000e+02,1.0000000000e+01,1.8000000000e+01,2.3562360764e+01
7.2000000000e+02,1.0000000000e+01,1.9000000000e+01,2.6017580032e+01
7.2000000000e+02,1.0000000000e+01,2.0000000000e+01,2.8604406357e+01
7.2000000000e+02,1.0000000000e+01,2.1000000000e+01,3.1322921753e+01
7.2000000000e+02,1.0000000000e+01,2.2000000000e+01,3.4173133850e+01
7.2000000000e+02,1.0000000000e+01,2.3000000000e+01,3.7155052185e+01
7.2000000000e+02,1.0000000000e+01,2.4000000000e+01,4.0268737793e+01
7.2000000000e+02,1.0000000000e+01,2.5000000000e+01,4.3514160156e+01
7.2000000000e+02,1.0000000000e+01,2.6000000000e+01,4.6891391754e+01
7.2000000000e+02,1.0000000000e+01,2.7000000000e+01,5.0400382996e+01
7.2000000000e+02,1.0000000000e+01,2.8000000000e+01,5.4041213989e+01
7.2000000000e+02,1.0000000000e+01,2.9000000000e+01,5.7813831329e+01
7.2000000000e+02,1.0000000000e+01,3.0000000000e+01,6.1718330383e+01
7.2000000000e+02,1.0000000000e+01,3.1000000000e+01,6.5754608154e+01
7.2000000000e+02,1.4000000000e+01,0.0000000000e+00,2.0038166046e+00
7.2000000000e+02,1.4000000000e+01,1.0000000000e+00,1.9016404152e+00
7.2000000000e+02,1.4000000000e+01,2.0000000000e+00,2.0418105125e+00
7.2000000000e+02,1.4000000000e+01,3.0000000000e+00,2.3544781208e+00
7.2000000000e+02,1.4000000000e+01,4.0000000000e+00,2.7985234261e+00
7.2000000000e+02,1.4000000000e+01,5.0000000000e+00,3.3660695553e+00
7.2000000000e+02,1.4000000000e+01,6.0000000000e+00,4.0518264771e+00
7.2000000000e+02,1.4000000000e+01,7.0000000000e+00,4.8549585342e+00
7.2000000000e+02,1.4000000000e+01,8.0000000000e+00,5.7740836143e+00
7.2000000000e+02,1.4000000000e+01,9.0000000000e+00,6.8094253540e+00
7.2000000000e+02,1.4000000000e+01,1.0000000000e+01,7.9603934288e+00
7.2000000000e+02,1.4000000000e+01,1.1000000000e+01,9.2274160385e+00
7.2000000000e+02,1.4000000000e+01,1.2000000000e+01,1.0610105515e+01
7.2000000000e+02,1.4000000000e+01,1.3000000000e+01,1.2108919144e+01
7.2000000000e+02,1.4000000000e+01,1.4000000000e+01,1.3723543167e+01
7.2000000000e+02,1.4000000000e+01,1.5000000000e+01,1.5454416275e+01
7.2000000000e+02,1.4000000000e+01,1.6000000000e+01,1.7301250458e+01
7.2000000000e+02,1.4000000000e+01,1.7000000000e+01,1.9264457703e+01
7.2000000000e+02,1.4000000000e+01,1.8000000000e+01,2.1343753815e+01
7.2000000000e+02,1.4000000000e+01,1.9000000000e+01,2.3539543152e+01
7.2000000000e+02,1.4000000000e+01,2.0000000000e+01,2.5851512909e+01
7.2000000000e+02,1.4000000000e+01,2.1000000000e+01,2.8280096054e+01
7.2000000000e+02,1.4000000000e+01,2.2000000000e+01,3.0824937820e+01
7.2000000000e+02,1.4000000000e+01,2.3000000000e+01,3.3486476898e+01
7.2000000000e+02,1.4000000000e+01,2.4000000000e+01,3.6264354706e+01
7.2000000000e+02,1.4000000000e+01,2.5000000000e+01,3.9158996582e+01
7.2000000000e+02,1.4000000000e+01,2.6000000000e+01,4.2170028687e+01
7.2000000000e+02,1.4000000000e+01,2.7000000000e+01,4.5297904968e+01
7.2000000000e+02,1.4000000000e+01,2.8000000000e+01,4.8542209625e+01
7.2000000000e+02,1.4000000000e+01,2.9000000000e+01,5.1903411865e+01
7.2000000000e+02,1.4000000000e+01,3.0000000000e+01,5.5381076813e+01
7.2000000000e+02,1.4000000000e+01,3.1000000000e+01,5.8975696564e+01
7.2000000000e+02,1.9000000000e+01,0.0000000000e+00,1.9968342781e+00
7.2000000000e+02,1.9000000000e+01,1.0000000000e+00,1.8252259493e+00
7.2000000000e+02,1.9000000000e+01,2.0000000000e+00,1.9453054667e+00
7.2000000000e+02,1.9000000000e+01,3.0000000000e+00,2.2547049522e+00
7.2000000000e+02,1.9000000000e+01,4.0000000000e+00,2.7022395134e+00
7.2000000000e+02,1.9000000000e+01,5.0000000000e+00,3.2752077579e+00
7.2000000000e+02,1.9000000000e+01,6.0000000000e+00,3.9670519829e+00
7.2000000000e+02,1.9000000000e+01,7.0000000000e+00,4.7754039764e+00
7.2000000000e+02,1.9000000000e+01,8.0000000000e+00,5.6987333298e+00
7.2000000000e+02,1.9000000000e+01,9.0000000000e+00,6.7362732887e+00
7.2000000000e+02,1.9000000000e+01,1.0000000000e+01,7.8876914978e+00
7.2000000000e+02,1.9000000000e+01,1.1000000000e+01,9.1526069641e+00
7.2000000000e+02,1.9000000000e+01,1.2000000000e+01,1.0531084061e+01
7.2000000000e+02,1.9000000000e+01,1.3000000000e+01,1.2022861481e+01
7.2000000000e+02,1.9000000000e+01,1.4000000000e+01,1.3628155708e+01
7.2000000000e+02,1.9000000000e+01,1.5000000000e+01,1.5346736908e+01
7.2000000000e+02,1.9000000000e+01,1.6000000000e+01,1.7178882599e+01
7.2000000000e+02,1.9000000000e+01,1.7000000000e+01,1.9124370575e+01
7.2000000000e+02,1.9000000000e+01,1.8000000000e+01,2.1183519363e+01
7.2000000000e+02,1.9000000000e+01,1.9000000000e+01,2.3356086731e+01
7.2000000000e+02,1.9000000000e+01,2.0000000000e+01,2.5642406464e+01
7.2000000000e+02,1.9000000000e+01,2.1000000000e+01,2.8042234421e+01
7.2000000000e+02,1.9000000000e+01,2.2000000000e+01,3.0555912018e+01
7.2000000000e+02,1.9000000000e+01,2.3000000000e+01,3.3183177948e+01
7.2000000000e+02,1.9000000000e+01,2.4000000000e+01,3.5924377441e+01
7.2000000000e+02,1.9000000000e+01,2.5000000000e+01,3.8779247284e+01
7.2000000000e+02,1.9000000000e+01,2.6000000000e+01,4.1748123169e+01
7.2000000000e+02,1.9000000000e+01,2.7000000000e+01,4.4830741882e+01
7.2000000000e+02,1.9000000000e+01,2.8000000000e+01,4.8027435303e+01
7.2000000000e+02,1.9000000000e+01,2.9000000000e+01,5.1337921143e+01
7.2000000000e+02,1.9000000000e+01,3.0000000000e+01,5.4762557983e+01
7.2000000000e+02,1.9000000000e+01,3.1000000000e+01,5.8301040649e+01
7.2000000000e+02,2.7000000000e+01,0.0000000000e+00,2.0001764297e+00
7.2000000000e+02,2.7000000000e+01,1.0000000000e+00,1.8686414957e+00
7.2000000000e+02,2.7000000000e+01,2.0000000000e+00,2.0363457203e+00
7.2000000000e+02,2.7000000000e+01,3.0000000000e+00,2.3840208054e+00
7.2000000000e+02,2.7000000000e+01,4.0000000000e+00,2.8648362160e+00
7.2000000000e+02,2.7000000000e+01,5.0000000000e+00,3.4687743187e+00
7.2000000000e+02,2.7000000000e+01,6.0000000000e+00,4.1888685226e+00
7.2000000000e+02,2.7000000000e+01,7.0000000000e+00,5.0234880447e+00
7.2000000000e+02,2.7000000000e+01,8.0000000000e+00,5.9702129364e+00
7.2000000000e+02,2.7000000000e+01,9.0000000000e+00,7.0288815498e+00
7.2000000000e+02,2.7000000000e+01,1.0000000000e+01,8.1982564926e+00
7.2000000000e+02,2.7000000000e+01,1.1000000000e+01,9.4786462784e+00
7.2000000000e+02,2.7000000000e+01,1.2000000000e+01,1.0869134903e+01
7.2000000000e+02,2.7000000000e+01,1.3000000000e+01,1.2370359421e+01
7.2000000000e+02,2.7000000000e+01,1.4000000000e+01,1.3981465340e+01
7.2000000000e+02,2.7000000000e+01,1.5000000000e+01,1.5703248978e+01
7.2000000000e+02,2.7000000000e+01,1.6000000000e+01,1.7534921646e+01
7.2000000000e+02,2.7000000000e+01,1.7000000000e+01,1.9477293015e+01
7.2000000000e+02,2.7000000000e+01,1.8000000000e+01,2.1529514313e+01
7.2000000000e+02,2.7000000000e+01,1.9000000000e+01,2.3692550659e+01
7.2000000000e+02,2.7000000000e+01,2.0000000000e+01,2.5965421677e+01
7.2000000000e+02,2.7000000000e+01,2.1000000000e+01,2.8349260330e+01
7.2000000000e+02,2.7000000000e+01,2.2000000000e+01,3.0842983246e+01
7.2000000000e+02,2.7000000000e+01,2.3000000000e+01,3.3447814941e+01
7.2000000000e+02,2.7000000000e+01,2.4000000000e+01,3.6162528992e+01
7.2000000000e+02,2.7000000000e+01,2.5000000000e+01,3.8988479614e+01
7.2000000000e+02,2.7000000000e+01,2.6000000000e+01,4.1924373627e+01
7.2000000000e+02,2.7000000000e+01,2.7000000000e+01,4.4971595764e+01
7.2000000000e+02,2.7000000000e+01,2.8000000000e+01,4.8128772736e+01
7.2000000000e+02,2.7000000000e+01,2.9000000000e+01,5.1397445679e+01
7.2000000000e+02,2.7000000000e+01,3.0000000000e+01,5.4776058197e+01
7.2000000000e+02,2.7000000000e+01,3.1000000000e+01,5.8266368866e+01
7.2000000000e+02,3.7000000000e+01,0.0000000000e+00,1.9951068163e+00
7.2000000000e+02,3.7000000000e+01,1.0000000000e+00,1.6364150047e+00
7.2000000000e+02,3.7000000000e+01,2.0000000000e+00,1.6927300692e+00
7.2000000000e+02,3.7000000000e+01,3.0000000000e+00,1.9782232046e+00
7.2000000000e+02,3.7000000000e+01,4.0000000000e+00,2.4060583115e+00
7.2000000000e+02,3.7000000000e+01,5.0000000000e+00,2.9519472122e+00
7.2000000000e+02,3.7000000000e+01,6.0000000000e+00,3.6033675671e+00
7.2000000000e+02,3.7000000000e+01,7.0000000000e+00,4.3543524742e+00
7.2000000000e+02,3.7000000000e+01,8.0000000000e+00,5.2009124756e+00
7.2000000000e+02,3.7000000000e+01,9.0000000000e+00,6.1407833099e+00
7.2000000000e+02,3.7000000000e+01,1.0000000000e+01,7.1722340584e+00
7.2000000000e+02,3.7000000000e+01,1.1000000000e+01,8.2942600250e+00
7.2000000000e+02,3.7000000000e+01,1.2000000000e+01,9.5059452057e+00
7.2000000000e+02,3.7000000000e+01,1.3000000000e+01,1.0806848526e+01
7.2000000000e+02,3.7000000000e+01,1.4000000000e+01,1.2196399689e+01
7.2000000000e+02,3.7000000000e+01,1.5000000000e+01,1.3674451828e+01
7.2000000000e+02,3.7000000000e+01,1.6000000000e+01,1.5240589142e+01
7.2000000000e+02,3.7000000000e+01,1.7000000000e+01,1.6894857407e+01
7.2000000000e+02,3.7000000000e+01,1.8000000000e+01,1.8636898041e+01
7.2000000000e+02,3.7000000000e+01,1.9000000000e+01,2.0466882706e+01
7.2000000000e+02,3.7000000000e+01,2.0000000000e+01,2.2384458542e+01
7.2000000000e+02,3.7000000000e+01,2.1000000000e+01,2.4389909744e+01
7.2000000000e+02,3.7000000000e+01,2.2000000000e+01,2.6482843399e+01
7.2000000000e+02,3.7000000000e+01,2.3000000000e+01,2.8663644791e+01
7.2000000000e+02,3.7000000000e+01,2.4000000000e+01,3.0931871414e+01
7.2000000000e+02,3.7000000000e+01,2.5000000000e+01,3.3288002014e+01
7.2000000000e+02,3.7000000000e+01,2.6000000000e+01,3.5731513977e+01
7.2000000000e+02,3.7000000000e+01,2.7000000000e+01,3.8263023376e+01
7.2000000000e+02,3.7000000000e+01,2.8000000000e+01,4.0881851196e+01
7.2000000000e+02,3.7000000000e+01,2.9000000000e+01,4.3588798523e+01
7.2000000000e+02,3.7000000000e+01,3.0000000000e+01,4.6382995605e+01
7.2000000000e+02,3.7000000000e+01,3.1000000000e+01,4.9265464783e+01
7.2000000000e+02,5.2000000000e+01,0.0000000000e+00,2.0020604134e+00
7.2000000000e+02,5.2000000000e+01,1.0000000000e+00,1.5115362406e+00
7.2000000000e+02,5.2000000000e+01,2.0000000000e+00,1.5145720243e+00
7.2000000000e+02,5.2000000000e+01,3.0000000000e+00,1.7580811977e+00
7.2000000000e+02,5.2000000000e+01,4.0000000000e+00,2.1334841251e+00
7.2000000000e+02,5.2000000000e+01,5.0000000000e+00,2.6089601517e+00
7.2000000000e+02,5.2000000000e+01,6.0000000000e+00,3.1684663296e+00
7.2000000000e+02,5.2000000000e+01,7.0000000000e+00,3.8040289879e+00
7.2000000000e+02,5.2000000000e+01,8.0000000000e+00,4.5101900101e+00
7.2000000000e+02,5.2000000000e+01,9.0000000000e+00,5.2837414742e+00
7.2000000000e+02,5.2000000000e+01,1.0000000000e+01,6.1221103668e+00
7.2000000000e+02,5.2000000000e+01,1.1000000000e+01,7.0237350464e+00
7.2000000000e+02,5.2000000000e+01,1.2000000000e+01,7.9871549606e+00
7.2000000000e+02,5.2000000000e+01,1.3000000000e+01,9.0115489960e+00
7.2000000000e+02,5.2000000000e+01,1.4000000000e+01,1.0095975876e+01
7.2000000000e+02,5.2000000000e+01,1.5000000000e+01,1.1239995956e+01
7.2000000000e+02,5.2000000000e+01,1.6000000000e+01,1.2442966461e+01
7.2000000000e+02,5.2000000000e+01,1.7000000000e+01,1.3704632759e+01
7.2000000000e+02,5.2000000000e+01,1.8000000000e+01,1.5024559021e+01
7.2000000000e+02,5.2000000000e+01,1.9000000000e+01,1.6402597427e+01
7.2000000000e+02,5.2000000000e+01,2.0000000000e+01,1.7838411331e+01
7.2000000000e+02,5.2000000000e+01,2.1000000000e+01,1.9331960678e+01
7.2000000000e+02,5.2000000000e+01,2.2000000000e+01,2.0882949829e+01
7.2000000000e+02,5.2000000000e+01,2.3000000000e+01,2.2491386414e+01
7.2000000000e+02,5.2000000000e+01,2.4000000000e+01,2.4157077789e+01
7.2000000000e+02,5.2000000000e+01,2.5000000000e+01,2.5879981995e+01
7.2000000000e+02,5.2000000000e+01,2.6000000000e+01,2.7660066605e+01
7.2000000000e+02,5.2000000000e+01,2.7000000000e+01,2.9497154236e+01
7.2000000000e+02,5.2000000000e+01,2.8000000000e+01,3.1391378403e+01
7.2000000000e+02,5.2000000000e+01,2.9000000000e+01,3.3342460632e+01
7.2000000000e+02,5.2000000000e+01,3.0000000000e+01,3.5350601196e+01
7.2000000000e+02,5.2000000000e+01,3.1000000000e+01,3.7415580750e+01
7.2000000000e+02,7.2000000000e+01,0.0000000000e+00,1.9946773052e+00
7.2000000000e+02,7.2000000000e+01,1.0000000000e+00,1.3648188114e+00
7.2000000000e+02,7.2000000000e+01,2.0000000000e+00,1.3054014444e+00
7.2000000000e+02,7.2000000000e+01,3.0000000000e+00,1.4891216755e+00
7.2000000000e+02,7.2000000000e+01,4.0000000000e+00,1.7841351032e+00
7.2000000000e+02,7.2000000000e+01,5.0000000000e+00,2.1532843113e+00
7.2000000000e+02,7.2000000000e+01,6.0000000000e+00,2.5776441097e+00
7.2000000000e+02,7.2000000000e+01,7.0000000000e+00,3.0479011536e+00
7.2000000000e+02,7.2000000000e+01,8.0000000000e+00,3.5577261448e+00
7.2000000000e+02,7.2000000000e+01,9.0000000000e+00,4.1032667160e+00
7.2000000000e+02,7.2000000000e+01,1.0000000000e+01,4.6815781593e+00
7.2000000000e+02,7.2000000000e+01,1.1000000000e+01,5.2906813622e+00
7.2000000000e+02,7.2000000000e+01,1.2000000000e+01,5.9289245605e+00
7.2000000000e+02,7.2000000000e+01,1.3000000000e+01,6.5951900482e+00
7.2000000000e+02,7.2000000000e+01,1.4000000000e+01,7.2883901596e+00
7.2000000000e+02,7.2000000000e+01,1.5000000000e+01,8.0078783035e+00
7.2000000000e+02,7.2000000000e+01,1.6000000000e+01,8.7528734207e+00
7.2000000000e+02,7.2000000000e+01,1.7000000000e+01,9.5229692459e+00
7.2000000000e+02,7.2000000000e+01,1.8000000000e+01,1.0317586899e+01
7.2000000000e+02,7.2000000000e+01,1.9000000000e+01,1.1136541367e+01
7.2000000000e+02,7.2000000000e+01,2.0000000000e+01,1.1979282379e+01
7.2000000000e+02,7.2000000000e+01,2.1000000000e+01,1.2845807076e+01
7.2000000000e+02,7.2000000000e+01,2.2000000000e+01,1.3735496521e+01
7.2000000000e+02,7.2000000000e+01,2.3000000000e+01,1.4648589134e+01
7.2000000000e+02,7.2000000000e+01,2.4000000000e+01,1.5584425926e+01
7.2000000000e+02,7.2000000000e+01,2.5000000000e+01,1.6543453217e+01
7.2000000000e+02,7.2000000000e+01,2.6000000000e+01,1.7524774551e+01
7.2000000000e+02,7.2000000000e+01,2.7000000000e+01,1.8529125214e+01
7.2000000000e+02,7.2000000000e+01,2.8000000000e+01,1.9555377960e+01
7.2000000000e+02,7.2000000000e+01,2.9000000000e+01,2.0604604721e+01
7.2000000000e+02,7.2000000000e+01,3.0000000000e+01,2.1675451279e+01
7.2000000000e+02,7.2000000000e+01,3.1000000000e+01,2.2769271851e+01
7.2000000000e+02,1.0000000000e+02,0.0000000000e+00,2.0084757805e+00
7.2000000000e+02,1.0000000000e+02,1.0000000000e+00,1.3958098888e+00
7.2000000000e+02,1.0000000000e+02,2.0000000000e+00,1.3330141306e+00
7.2000000000e+02,1.0000000000e+02,3.0000000000e+00,1.4508440495e+00
7.2000000000e+02,1.0000000000e+02,4.0000000000e+00,1.6323995590e+00
7.2000000000e+02,1.0000000000e+02,5.0000000000e+00,1.8459999561e+00
7.2000000000e+02,1.0000000000e+02,6.0000000000e+00,2.0778491497e+00
7.2000000000e+02,1.0000000000e+02,7.0000000000e+00,2.3212871552e+00
7.2000000000e+02,1.0000000000e+02,8.0000000000e+00,2.5723826885e+00
7.2000000000e+02,1.0000000000e+02,9.0000000000e+00,2.8288397789e+00
7.2000000000e+02,1.0000000000e+02,1.0000000000e+01,3.0890903473e+00
7.2000000000e+02,1.0000000000e+02,1.1000000000e+01,3.3521556854e+00
7.2000000000e+02,1.0000000000e+02,1.2000000000e+01,3.6172785759e+00
7.2000000000e+02,1.0000000000e+02,1.3000000000e+01,3.8840076923e+00
7.2000000000e+02,1.0000000000e+02,1.4000000000e+01,4.1518964767e+00
7.2000000000e+02,1.0000000000e+02,1.5000000000e+01,4.4207763672e+00
7.2000000000e+02,1.0000000000e+02,1.6000000000e+01,4.6902985573e+00
7.2000000000e+02,1.0000000000e+02,1.7000000000e+01,4.9604568481e+00
7.2000000000e+02,1.0000000000e+02,1.8000000000e+01,5.2310461998e+00
7.2000000000e+02,1.0000000000e+02,1.9000000000e+01,5.5020289421e+00
7.2000000000e+02,1.0000000000e+02,2.0000000000e+01,5.7733201981e+00
7.2000000000e+02,1.0000000000e+02,2.1000000000e+01,6.0448465347e+00
7.2000000000e+02,1.0000000000e+02,2.2000000000e+01,6.3166151047e+00
7.2000000000e+02,1.0000000000e+02,2.3000000000e+01,6.5885210037e+00
7.2000000000e+02,1.0000000000e+02,2.4000000000e+01,6.8606653214e+00
7.2000000000e+02,1.0000000000e+02,2.5000000000e+01,7.1328639984e+00
7.2000000000e+02,1.0000000000e+02,2.6000000000e+01,7.4053378105e+00
7.2000000000e+02,1.0000000000e+02,2.7000000000e+01,7.6777920723e+00
7.2000000000e+02,1.0000000000e+02,2.8000000000e+01,7.9505734444e+00
7.2000000000e+02,1.0000000000e+02,2.9000000000e+01,8.2232522964e+00
7.2000000000e+02,1.0000000000e+02,3.0000000000e+01,8.4963293076e+00
7.2000000000e+02,1.0000000000e+02,3.1000000000e+01,8.7692604065e+00
7.2000000000e+02,1.3900000000e+02,0.0000000000e+00,2.0022773743e+00
7.2000000000e+02,1.3900000000e+02,1.0000000000e+00,1.0642690659e+00
7.2000000000e+02,1.3900000000e+02,2.0000000000e+00,8.6222076416e-01
7.2000000000e+02,1.3900000000e+02,3.0000000000e+00,8.9689421654e-01
7.2000000000e+02,1.3900000000e+02,4.0000000000e+00,1.0006179810e+00
7.2000000000e+02,1.3900000000e+02,5.0000000000e+00,1.1317484379e+00
7.2000000000e+02,1.3900000000e+02,6.0000000000e+00,1.2728897333e+00
7.2000000000e+02,1.3900000000e+02,7.0000000000e+00,1.4165904522e+00
7.2000000000e+02,1.3900000000e+02,8.0000000000e+00,1.5588443279e+00
7.2000000000e+02,1.3900000000e+02,9.0000000000e+00,1.6977026463e+00
7.2000000000e+02,1.3900000000e+02,1.0000000000e+01,1.8320708275e+00
7.2000000000e+02,1.3900000000e+02,1.1000000000e+01,1.9614588022e+00
7.2000000000e+02,1.3900000000e+02,1.2000000000e+01,2.0856394768e+00
7.2000000000e+02,1.3900000000e+02,1.3000000000e+01,2.2045953274e+00
7.2000000000e+02,1.3900000000e+02,1.4000000000e+01,2.3183982372e+00
7.2000000000e+02,1.3900000000e+02,1.5000000000e+01,2.4271957874e+00
7.2000000000e+02,1.3900000000e+02,1.6000000000e+01,2.5311636925e+00
7.2000000000e+02,1.3900000000e+02,1.7000000000e+01,2.6305010319e+00
7.2000000000e+02,1.3900000000e+02,1.8000000000e+01,2.7254152298e+00
7.2000000000e+02,1.3900000000e+02,1.9000000000e+01,2.8161115646e+00
7.2000000000e+02,1.3900000000e+02,2.0000000000e+01,2.9027981758e+00
7.2000000000e+02,1.3900000000e+02,2.1000000000e+01,2.9856708050e+00
7.2000000000e+02,1.3900000000e+02,2.2000000000e+01,3.0649271011e+00
7.2000000000e+02,1.3900000000e+02,2.3000000000e+01,3.1407420635e+00
7.2000000000e+02,1.3900000000e+02,2.4000000000e+01,3.2133021355e+00
7.2000000000e+02,1.3900000000e+02,2.5000000000e+01,3.2827608585e+00
7.2000000000e+02,1.3900000000e+02,2.6000000000e+01,3.3492910862e+00
7.2000000000e+02,1.3900000000e+02,2.7000000000e+01,3.4130249023e+00
7.2000000000e+02,1.3900000000e+02,2.8000000000e+01,3.4741230011e+00
7.2000000000e+02,1.3900000000e+02,2.9000000000e+01,3.5326952934e+00
7.2000000000e+02,1.3900000000e+02,3.0000000000e+01,3.5888955593e+00
7.2000000000e+02,1.3900000000e+02,3.1000000000e+01,3.6428098679e+00
7.2000000000e+02,1.9300000000e+02,0.0000000000e+00,1.9937369823e+00
7.2000000000e+02,1.9300000000e+02,1.0000000000e+00,9.1472500563e-01
7.2000000000e+02,1.9300000000e+02,2.0000000000e+00,6.6003650427e-01
7.2000000000e+02,1.9300000000e+02,3.0000000000e+00,6.4224547148e-01
7.2000000000e+02,1.9300000000e+02,4.0000000000e+00,6.8350583315e-01
7.2000000000e+02,1.9300000000e+02,5.0000000000e+00,7.4304682016e-01
7.2000000000e+02,1.9300000000e+02,6.0000000000e+00,8.0605220795e-01
7.2000000000e+02,1.9300000000e+02,7.0000000000e+00,8.6704933643e-01
7.2000000000e+02,1.9300000000e+02,8.0000000000e+00,9.2382454872e-01
7.2000000000e+02,1.9300000000e+02,9.0000000000e+00,9.7568178177e-01
7.2000000000e+02,1.9300000000e+02,1.0000000000e+01,1.0225628614e+00
7.2000000000e+02,1.9300000000e+02,1.1000000000e+01,1.0647087097e+00
7.2000000000e+02,1.9300000000e+02,1.2000000000e+01,1.1024804115e+00
7.2000000000e+02,1.9300000000e+02,1.3000000000e+01,1.1362777948e+00
7.2000000000e+02,1.9300000000e+02,1.4000000000e+01,1.1664979458e+00
7.2000000000e+02,1.9300000000e+02,1.5000000000e+01,1.1935161352e+00
7.2000000000e+02,1.9300000000e+02,1.6000000000e+01,1.2176773548e+00
7.2000000000e+02,1.9300000000e+02,1.7000000000e+01,1.2392939329e+00
7.2000000000e+02,1.9300000000e+02,1.8000000000e+01,1.2586460114e+00
7.2000000000e+02,1.9300000000e+02,1.9000000000e+01,1.2759833336e+00
7.2000000000e+02,1.9300000000e+02,2.0000000000e+01,1.2915279865e+00
7.2000000000e+02,1.9300000000e+02,2.1000000000e+01,1.3054761887e+00
7.2000000000e+02,1.9300000000e+02,2.2000000000e+01,1.3180030584e+00
7.2000000000e+02,1.9300000000e+02,2.3000000000e+01,1.3292622566e+00
7.2000000000e+02,1.9300000000e+02,2.4000000000e+01,1.3393912315e+00
7.2000000000e+02,1.9300000000e+02,2.5000000000e+01,1.3485102654e+00
7.2000000000e+02,1.9300000000e+02,2.6000000000e+01,1.3567274809e+00
7.2000000000e+02,1.9300000000e+02,2.7000000000e+01,1.3641374111e+00
7.2000000000e+02,1.9300000000e+02,2.8000000000e+01,1.3708249331e+00
7.2000000000e+02,1.9300000000e+02,2.9000000000e+01,1.3768649101e+00
7.2000000000e+02,1.9300000000e+02,3.0000000000e+01,1.3823242188e+00
7.2000000000e+02,1.9300000000e+02,3.1000000000e+01,1.3872623444e+00
7.2000000000e+02,2.6800000000e+02,0.0000000000e+00,2.0036103725e+00
7.2000000000e+02,2.6800000000e+02,1.0000000000e+00,8.0053138733e-01
7.2000000000e+02,2.6800000000e+02,2.0000000000e+00,5.1914435625e-01
7.2000000000e+02,2.6800000000e+02,3.0000000000e+00,4.7860303521e-01
7.2000000000e+02,2.6800000000e+02,4.0000000000e+00,4.8961246014e-01
7.2000000000e+02,2.6800000000e+02,5.0000000000e+00,5.1339828968e-01
7.2000000000e+02,2.6800000000e+02,6.0000000000e+00,5.3837859631e-01
7.2000000000e+02,2.6800000000e+02,7.0000000000e+00,5.6110757589e-01
7.2000000000e+02,2.6800000000e+02,8.0000000000e+00,5.8078747988e-01
7.2000000000e+02,2.6800000000e+02,9.0000000000e+00,5.9755337238e-01
7.2000000000e+02,2.6800000000e+02,1.0000000000e+01,6.1183339357e-01
7.2000000000e+02,2.6800000000e+02,1.1000000000e+01,6.2410700321e-01
7.2000000000e+02,2.6800000000e+02,1.2000000000e+01,6.3481920958e-01
7.2000000000e+02,2.6800000000e+02,1.3000000000e+01,6.4435195923e-01
7.2000000000e+02,2.6800000000e+02,1.4000000000e+01,6.5302181244e-01
7.2000000000e+02,2.6800000000e+02,1.5000000000e+01,6.6108542681e-01
7.2000000000e+02,2.6800000000e+02,1.6000000000e+01,6.6874891520e-01
7.2000000000e+02,2.6800000000e+02,1.7000000000e+01,6.7617607117e-01
7.2000000000e+02,2.6800000000e+02,1.8000000000e+01,6.8349635601e-01
7.2000000000e+02,2.6800000000e+02,1.9000000000e+01,6.9081217051e-01
7.2000000000e+02,2.6800000000e+02,2.0000000000e+01,6.9820350409e-01
7.2000000000e+02,2.6800000000e+02,2.1000000000e+01,7.0573306084e-01
7.2000000000e+02,2.6800000000e+02,2.2000000000e+01,7.1344971657e-01
7.2000000000e+02,2.6800000000e+02,2.3000000000e+01,7.2139084339e-01
7.2000000000e+02,2.6800000000e+02,2.4000000000e+01,7.2958552837e-01
7.2000000000e+02,2.6800000000e+02,2.5000000000e+01,7.3805564642e-01
7.2000000000e+02,2.6800000000e+02,2.6000000000e+01,7.4681746960e-01
7.2000000000e+02,2.6800000000e+02,2.7000000000e+01,7.5588291883e-01
7.2000000000e+02,2.6800000000e+02,2.8000000000e+01,7.6526051760e-01
7.2000000000e+02,2.6800000000e+02,2.9000000000e+01,7.7495580912e-01
7.2000000000e+02,2.6800000000e+02,3.0000000000e+01,7.8497236967e-01
7.2000000000e+02,2.6800000000e+02,3.1000000000e+01,7.9531168938e-01
7.2000000000e+02,3.7300000000e+02,0.0000000000e+00,1.9988036156e+00
7.2000000000e+02,3.7300000000e+02,1.0000000000e+00,8.5018980503e-01
7.2000000000e+02,3.7300000000e+02,2.0000000000e+00,6.3652849197e-01
7.2000000000e+02,3.7300000000e+02,3.0000000000e+00,6.1839115620e-01
7.2000000000e+02,3.7300000000e+02,4.0000000000e+00,6.3558667898e-01
7.2000000000e+02,3.7300000000e+02,5.0000000000e+00,6.5787035227e-01
7.2000000000e+02,3.7300000000e+02,6.0000000000e+00,6.7808687687e-01
7.2000000000e+02,3.7300000000e+02,7.0000000000e+00,6.9478404522e-01
7.2000000000e+02,3.7300000000e+02,8.0000000000e+00,7.0811575651e-01
7.2000000000e+02,3.7300000000e+02,9.0000000000e+00,7.1861785650e-01
7.2000000000e+02,3.7300000000e+02,1.0000000000e+01,7.2685253620e-01
7.2000000000e+02,3.7300000000e+02,1.1000000000e+01,7.3330527544e-01
7.2000000000e+02,3.7300000000e+02,1.2000000000e+01,7.3836833239e-01
7.2000000000e+02,3.7300000000e+02,1.3000000000e+01,7.4235022068e-01
7.2000000000e+02,3.7300000000e+02,1.4000000000e+01,7.4549025297e-01
7.2000000000e+02,3.7300000000e+02,1.5000000000e+01,7.4797338247e-01
7.2000000000e+02,3.7300000000e+02,1.6000000000e+01,7.4994271994e-01
7.2000000000e+02,3.7300000000e+02,1.7000000000e+01,7.5150889158e-01
7.2000000000e+02,3.7300000000e+02,1.8000000000e+01,7.5275766850e-01
7.2000000000e+02,3.7300000000e+02,1.9000000000e+01,7.5375592709e-01
7.2000000000e+02,3.7300000000e+02,2.0000000000e+01,7.5455576181e-01
7.2000000000e+02,3.7300000000e+02,2.1000000000e+01,7.5519824028e-01
7.2000000000e+02,3.7300000000e+02,2.2000000000e+01,7.5571525097e-01
7.2000000000e+02,3.7300000000e+02,2.3000000000e+01,7.5613212585e-01
7.2000000000e+02,3.7300000000e+02,2.4000000000e+01,7.5646895170e-01
7.2000000000e+02,3.7300000000e+02,2.5000000000e+01,7.5674170256e-01
7.2000000000e+02,3.7300000000e+02,2.6000000000e+01,7.5696277618e-01
7.2000000000e+02,3.7300000000e+02,2.7000000000e+01,7.5714224577e-01
7.2000000000e+02,3.7300000000e+02,2.8000000000e+01,7.5728839636e-01
7.2000000000e+02,3.7300000000e+02,2.9000000000e+01,7.5740742683e-01
7.2000000000e+02,3.7300000000e+02,3.0000000000e+01,7.5750458241e-01
7.2000000000e+02,3.7300000000e+02,3.1000000000e+01,7.5758379698e-01
7.2000000000e+02,5.1800000000e+02,0.0000000000e+00,2.0018286705e+00
7.2000000000e+02,5.1800000000e+02,1.0000000000e+00,6.3019174337e-01
7.2000000000e+02,5.1800000000e+02,2.0000000000e+00,3.7348464131e-01
7.2000000000e+02,5.1800000000e+02,3.0000000000e+00,3.4232610464e-01
7.2000000000e+02,5.1800000000e+02,4.0000000000e+00,3.4845650196e-01
7.2000000000e+02,5.1800000000e+02,5.0000000000e+00,3.6076074839e-01
7.2000000000e+02,5.1800000000e+02,6.0000000000e+00,3.7250027061e-01
7.2000000000e+02,5.1800000000e+02,7.0000000000e+00,3.8236331940e-01
7.2000000000e+02,5.1800000000e+02,8.0000000000e+00,3.9034965634e-01
7.2000000000e+02,5.1800000000e+02,9.0000000000e+00,3.9674240351e-01
7.2000000000e+02,5.1800000000e+02,1.0000000000e+01,4.0184172988e-01
7.2000000000e+02,5.1800000000e+02,1.1000000000e+01,4.0590438247e-01
7.2000000000e+02,5.1800000000e+02,1.2000000000e+01,4.0913799405e-01
7.2000000000e+02,5.1800000000e+02,1.3000000000e+01,4.1170811653e-01
7.2000000000e+02,5.1800000000e+02,1.4000000000e+01,4.1374698281e-01
7.2000000000e+02,5.1800000000e+02,1.5000000000e+01,4.1536009312e-01
7.2000000000e+02,5.1800000000e+02,1.6000000000e+01,4.1663259268e-01
7.2000000000e+02,5.1800000000e+02,1.7000000000e+01,4.1763272882e-01
7.2000000000e+02,5.1800000000e+02,1.8000000000e+01,4.1841572523e-01
7.2000000000e+02,5.1800000000e+02,1.9000000000e+01,4.1902607679e-01
7.2000000000e+02,5.1800000000e+02,2.0000000000e+01,4.1949945688e-01
7.2000000000e+02,5.1800000000e+02,2.1000000000e+01,4.1986480355e-01
7.2000000000e+02,5.1800000000e+02,2.2000000000e+01,4.2014497519e-01
7.2000000000e+02,5.1800000000e+02,2.3000000000e+01,4.2035850883e-01
7.2000000000e+02,5.1800000000e+02,2.4000000000e+01,4.2052006721e-01
7.2000000000e+02,5.1800000000e+02,2.5000000000e+01,4.2064124346e-01
7.2000000000e+02,5.1800000000e+02,2.6000000000e+01,4.2073127627e-01
7.2000000000e+02,5.1800000000e+02,2.7000000000e+01,4.2079746723e-01
7.2000000000e+02,5.1800000000e+02,2.8000000000e+01,4.2084538937e-01
7.2000000000e+02,5.1800000000e+02,2.9000000000e+01,4.2087951303e-01
7.2000000000e+02,5.1800000000e+02,3.0000000000e+01,4.2090326548e-01
7.2000000000e+02,5.1800000000e+02,3.1000000000e+01,4.2091932893e-01
7.2000000000e+02,7.2000000000e+02,0.0000000000e+00,1.9932491779e+00
7.2000000000e+02,7.2000000000e+02,1.0000000000e+00,5.1033294201e-01
7.2000000000e+02,7.2000000000e+02,2.0000000000e+00,2.6447808743e-01
7.2000000000e+02,7.2000000000e+02,3.0000000000e+00,2.3765005171e-01
7.2000000000e+02,7.2000000000e+02,4.0000000000e+00,2.4174177647e-01
7.2000000000e+02,7.2000000000e+02,5.0000000000e+00,2.4967332184e-01
7.2000000000e+02,7.2000000000e+02,6.0000000000e+00,2.5655716658e-01
7.2000000000e+02,7.2000000000e+02,7.0000000000e+00,2.6177990437e-01
7.2000000000e+02,7.2000000000e+02,8.0000000000e+00,2.6557466388e-01
7.2000000000e+02,7.2000000000e+02,9.0000000000e+00,2.6828178763e-01
7.2000000000e+02,7.2000000000e+02,1.0000000000e+01,2.7019351721e-01
7.2000000000e+02,7.2000000000e+02,1.1000000000e+01,2.7153372765e-01
7.2000000000e+02,7.2000000000e+02,1.2000000000e+01,2.7246728539e-01
7.2000000000e+02,7.2000000000e+02,1.3000000000e+01,2.7311354876e-01
7.2000000000e+02,7.2000000000e+02,1.4000000000e+01,2.7355805039e-01
7.2000000000e+02,7.2000000000e+02,1.5000000000e+01,2.7386176586e-01
7.2000000000e+02,7.2000000000e+02,1.6000000000e+01,2.7406781912e-01
7.2000000000e+02,7.2000000000e+02,1.7000000000e+01,2.7420648932e-01
7.2000000000e+02,7.2000000000e+02,1.8000000000e+01,2.7429902554e-01
7.2000000000e+02,7.2000000000e+02,1.9000000000e+01,2.7436020970e-01
7.2000000000e+02,7.2000000000e+02,2.0000000000e+01,2.7440020442e-01
7.2000000000e+02,7.2000000000e+02,2.1000000000e+01,2.7442601323e-01
7.2000000000e+02,7.2000000000e+02,2.2000000000e+01,2.7444249392e-01
7.2000000000e+02,7.2000000000e+02,2.3000000000e+01,2.7445271611e-01
7.2000000000e+02,7.2000000000e+02,2.4000000000e+01,2.7445897460e-01
7.2000000000e+02,7.2000000000e+02,2.5000000000e+01,2.7446267009e-01
7.2000000000e+02,7.2000000000e+02,2.6000000000e+01,2.7446475625e-01
7.2000000000e+02,7.2000000000e+02,2.7000000000e+01,2.7446582913e-01
7.2000000000e+02,7.2000000000e+02,2.8000000000e+01,2.7446633577e-01
7.2000000000e+02,7.2000000000e+02,2.9000000000e+01,2.7446648479e-01
7.2000000000e+02,7.2000000000e+02,3.0000000000e+01,2.7446645498e-01
7.2000000000e+02,7.2000000000e+02,3.1000000000e+01,2.7446636558e-01
7.2000000000e+02,1.0000000000e+03,0.0000000000e+00,2.0014557838e+00
7.2000000000e+02,1.0000000000e+03,1.0000000000e+00,4.6194699407e-01
7.2000000000e+02,1.0000000000e+03,2.0000000000e+00,2.3994989693e-01
7.2000000000e+02,1.0000000000e+03,3.0000000000e+00,2.2232758999e-01
7.2000000000e+02,1.0000000000e+03,4.0000000000e+00,2.2869564593e-01
7.2000000000e+02,1.0000000000e+03,5.0000000000e+00,2.3658441007e-01
7.2000000000e+02,1.0000000000e+03,6.0000000000e+00,2.4308454990e-01
7.2000000000e+02,1.0000000000e+03,7.0000000000e+00,2.4821218848e-01
7.2000000000e+02,1.0000000000e+03,8.0000000000e+00,2.5232145190e-01
7.2000000000e+02,1.0000000000e+03,9.0000000000e+00,2.5569730997e-01
7.2000000000e+02,1.0000000000e+03,1.0000000000e+01,2.5852864981e-01
7.2000000000e+02,1.0000000000e+03,1.1000000000e+01,2.6093691587e-01
7.2000000000e+02,1.0000000000e+03,1.2000000000e+01,2.6300236583e-01
7.2000000000e+02,1.0000000000e+03,1.3000000000e+01,2.6478132606e-01
7.2000000000e+02,1.0000000000e+03,1.4000000000e+01,2.6631590724e-01
7.2000000000e+02,1.0000000000e+03,1.5000000000e+01,2.6763969660e-01
7.2000000000e+02,1.0000000000e+03,1.6000000000e+01,2.6878076792e-01
7.2000000000e+02,1.0000000000e+03,1.7000000000e+01,2.6976305246e-01
7.2000000000e+02,1.0000000000e+03,1.8000000000e+01,2.7060759068e-01
7.2000000000e+02,1.0000000000e+03,1.9000000000e+01,2.7133268118e-01
7.2000000000e+02,1.0000000000e+03,2.0000000000e+01,2.7195447683e-01
7.2000000000e+02,1.0000000000e+03,2.1000000000e+01,2.7248710394e-01
7.2000000000e+02,1.0000000000e+03,2.2000000000e+01,2.7294293046e-01
7.2000000000e+02,1.0000000000e+03,2.3000000000e+01,2.7333265543e-01
7.2000000000e+02,1.0000000000e+03,2.4000000000e+01,2.7366572618e-01
7.2000000000e+02,1.0000000000e+03,2.5000000000e+01,2.7395012975e-01
7.2000000000e+02,1.0000000000e+03,2.6000000000e+01,2.7419292927e-01
7.2000000000e+02,1.0000000000e+03,2.7000000000e+01,2.7440005541e-01
7.2000000000e+02,1.0000000000e+03,2.8000000000e+01,2.7457678318e-01
7.2000000000e+02,1.0000000000e+03,2.9000000000e+01,2.7472746372e-01
7.2000000000e+02,1.0000000000e+03,3.0000000000e+01,2.7485585213e-01
7.2000000000e+02,1.0000000000e+03,3.1000000000e+01,2.7496540546e-01
1.0000000000e+03,1.0000000000e+01,0.0000000000e+00,1.9981794357e+00
1.0000000000e+03,1.0000000000e+01,1.0000000000e+00,1.9174628258e+00
1.0000000000e+03,1.0000000000e+01,2.0000000000e+00,2.0323891640e+00
1.0000000000e+03,1.0000000000e+01,3.0000000000e+00,2.2861032486e+00
1.0000000000e+03,1.0000000000e+01,4.0000000000e+00,2.6505546570e+00
1.0000000000e+03,1.0000000000e+01,5.0000000000e+00,3.1196055412e+00
1.0000000000e+03,1.0000000000e+01,6.0000000000e+00,3.6898150444e+00
1.0000000000e+03,1.0000000000e+01,7.0000000000e+00,4.3607578278e+00
1.0000000000e+03,1.0000000000e+01,8.0000000000e+00,5.1316509247e+00
1.0000000000e+03,1.0000000000e+01,9.0000000000e+00,6.0027112961e+00
1.0000000000e+03,1.0000000000e+01,1.0000000000e+01,6.9736566544e+00
1.0000000000e+03,1.0000000000e+01,1.1000000000e+01,8.0447750092e+00
1.0000000000e+03,1.0000000000e+01,1.2000000000e+01,9.2159128189e+00
1.0000000000e+03,1.0000000000e+01,1.3000000000e+01,1.0487343788e+01
1.0000000000e+03,1.0000000000e+01,1.4000000000e+01,1.1858926773e+01
1.0000000000e+03,1.0000000000e+01,1.5000000000e+01,1.3330927849e+01
1.0000000000e+03,1.0000000000e+01,1.6000000000e+01,1.4903182030e+01
1.0000000000e+03,1.0000000000e+01,1.7000000000e+01,1.6575956345e+01
1.0000000000e+03,1.0000000000e+01,1.8000000000e+01,1.8349056244e+01
1.0000000000e+03,1.0000000000e+01,1.9000000000e+01,2.0222766876e+01
1.0000000000e+03,1.0000000000e+01,2.0000000000e+01,2.2196855545e+01
1.0000000000e+03,1.0000000000e+01,2.1000000000e+01,2.4271629333e+01
1.0000000000e+03,1.0000000000e+01,2.2000000000e+01,2.6446815491e+01
1.0000000000e+03,1.0000000000e+01,2.3000000000e+01,2.8722742081e+01
1.0000000000e+03,1.0000000000e+01,2.4000000000e+01,3.1099113464e+01
1.0000000000e+03,1.0000000000e+01,2.5000000000e+01,3.3576263428e+01
1.0000000000e+03,1.0000000000e+01,2.6000000000e+01,3.6153884888e+01
1.0000000000e+03,1.0000000000e+01,2.7000000000e+01,3.8832321167e+01
1.0000000000e+03,1.0000000000e+01,2.8000000000e+01,4.1611244202e+01
1.0000000000e+03,1.0000000000e+01,2.9000000000e+01,4.4491008759e+01
1.0000000000e+03,1.0000000000e+01,3.0000000000e+01,4.7471275330e+01
1.0000000000e+03,1.0000000000e+01,3.1000000000e+01,5.0552402496e+01
1.0000000000e+03,1.4000000000e+01,0.0000000000e+00,2.0009803772e+00
1.0000000000e+03,1.4000000000e+01,1.0000000000e+00,1.8751875162e+00
1.0000000000e+03,1.4000000000e+01,2.0000000000e+00,1.9833784103e+00
1.0000000000e+03,1.4000000000e+01,3.0000000000e+00,2.2488694191e+00
1.0000000000e+03,1.4000000000e+01,4.0000000000e+00,2.6352703571e+00
1.0000000000e+03,1.4000000000e+01,5.0000000000e+00,3.1328117847e+00
1.0000000000e+03,1.4000000000e+01,6.0000000000e+00,3.7370147705e+00
1.0000000000e+03,1.4000000000e+01,7.0000000000e+00,4.4460401535e+00
1.0000000000e+03,1.4000000000e+01,8.0000000000e+00,5.2589926720e+00
1.0000000000e+03,1.4000000000e+01,9.0000000000e+00,6.1754336357e+00
1.0000000000e+03,1.4000000000e+01,1.0000000000e+01,7.1951794624e+00
1.0000000000e+03,1.4000000000e+01,1.1000000000e+01,8.3181610107e+00
1.0000000000e+03,1.4000000000e+01,1.2000000000e+01,9.5443582535e+00
1.0000000000e+03,1.4000000000e+01,1.3000000000e+01,1.0873824120e+01
1.0000000000e+03,1.4000000000e+01,1.4000000000e+01,1.2306562424e+01
1.0000000000e+03,1.4000000000e+01,1.5000000000e+01,1.3842671394e+01
1.0000000000e+03,1.4000000000e+01,1.6000000000e+01,1.5482145309e+01
1.0000000000e+03,1.4000000000e+01,1.7000000000e+01,1.7225099564e+01
1.0000000000e+03,1.4000000000e+01,1.8000000000e+01,1.9071512222e+01
1.0000000000e+03,1.4000000000e+01,1.9000000000e+01,2.1021499634e+01
1.0000000000e+03,1.4000000000e+01,2.0000000000e+01,2.3075031281e+01
1.0000000000e+03,1.4000000000e+01,2.1000000000e+01,2.5232223511e+01
1.0000000000e+03,1.4000000000e+01,2.2000000000e+01,2.7493026733e+01
1.0000000000e+03,1.4000000000e+01,2.3000000000e+01,2.9857563019e+01
1.0000000000e+03,1.4000000000e+01,2.4000000000e+01,3.2325767517e+01
1.0000000000e+03,1.4000000000e+01,2.5000000000e+01,3.4897762299e+01
1.0000000000e+03,1.4000000000e+01,2.6000000000e+01,3.7573486328e+01
1.0000000000e+03,1.4000000000e+01,2.7000000000e+01,4.0353042603e+01
1.0000000000e+03,1.4000000000e+01,2.8000000000e+01,4.3236370087e+01
1.0000000000e+03,1.4000000000e+01,2.9000000000e+01,4.6223575592e+01
1.0000000000e+03,1.4000000000e+01,3.0000000000e+01,4.9314582825e+01
1.0000000000e+03,1.4000000000e+01,3.1000000000e+01,5.2509513855e+01
1.0000000000e+03,1.9000000000e+01,0.0000000000e+00,2.0126466751e+00
1.0000000000e+03,1.9000000000e+01,1.0000000000e+00,1.8272176981e+00
1.0000000000e+03,1.9000000000e+01,2.0000000000e+00,1.9271638393e+00
1.0000000000e+03,1.9000000000e+01,3.0000000000e+00,2.2065656185e+00
1.0000000000e+03,1.9000000000e+01,4.0000000000e+00,2.6171674728e+00
1.0000000000e+03,1.9000000000e+01,5.0000000000e+00,3.1459412575e+00
1.0000000000e+03,1.9000000000e+01,6.0000000000e+00,3.7863554955e+00
1.0000000000e+03,1.9000000000e+01,7.0000000000e+00,4.5358495712e+00
1.0000000000e+03,1.9000000000e+01,8.0000000000e+00,5.3926310539e+00
1.0000000000e+03,1.9000000000e+01,9.0000000000e+00,6.3560724258e+00
1.0000000000e+03,1.9000000000e+01,1.0000000000e+01,7.4254722595e+00
1.0000000000e+03,1.9000000000e+01,1.1000000000e+01,8.6007928848e+00
1.0000000000e+03,1.9000000000e+01,1.2000000000e+01,9.8816776276e+00
1.0000000000e+03,1.9000000000e+01,1.3000000000e+01,1.1268264771e+01
1.0000000000e+03,1.9000000000e+01,1.4000000000e+01,1.2760316849e+01
1.0000000000e+03,1.9000000000e+01,1.5000000000e+01,1.4358060837e+01
1.0000000000e+03,1.9000000000e+01,1.6000000000e+01,1.6061275482e+01
1.0000000000e+03,1.9000000000e+01,1.7000000000e+01,1.7870252609e+01
1.0000000000e+03,1.9000000000e+01,1.8000000000e+01,1.9784751892e+01
1.0000000000e+03,1.9000000000e+01,1.9000000000e+01,2.1805099487e+01
1.0000000000e+03,1.9000000000e+01,2.0000000000e+01,2.3931034088e+01
1.0000000000e+03,1.9000000000e+01,2.1000000000e+01,2.6162906647e+01
1.0000000000e+03,1.9000000000e+01,2.2000000000e+01,2.8500442505e+01
1.0000000000e+03,1.9000000000e+01,2.3000000000e+01,3.0944000244e+01
1.0000000000e+03,1.9000000000e+01,2.4000000000e+01,3.3493286133e+01
1.0000000000e+03,1.9000000000e+01,2.5000000000e+01,3.6148662567e+01
1.0000000000e+03,1.9000000000e+01,2.6000000000e+01,3.8909832001e+01
1.0000000000e+03,1.9000000000e+01,2.7000000000e+01,4.1777160645e+01
1.0000000000e+03,1.9000000000e+01,2.8000000000e+01,4.4750331879e+01
1.0000000000e+03,1.9000000000e+01,2.9000000000e+01,4.7829723358e+01
1.0000000000e+03,1.9000000000e+01,3.0000000000e+01,5.1014999390e+01
1.0000000000e+03,1.9000000000e+01,3.1000000000e+01,5.4306568146e+01
1.0000000000e+03,2.7000000000e+01,0.0000000000e+00,2.0105667114e+00
1.0000000000e+03,2.7000000000e+01,1.0000000000e+00,1.8376570940e+00
1.0000000000e+03,2.7000000000e+01,2.0000000000e+00,1.9638283253e+00
1.0000000000e+03,2.7000000000e+01,3.0000000000e+00,2.2561473846e+00
1.0000000000e+03,2.7000000000e+01,4.0000000000e+00,2.6681756973e+00
1.0000000000e+03,2.7000000000e+01,5.0000000000e+00,3.1871581078e+00
1.0000000000e+03,2.7000000000e+01,6.0000000000e+00,3.8063662052e+00
1.0000000000e+03,2.7000000000e+01,7.0000000000e+00,4.5236005783e+00
1.0000000000e+03,2.7000000000e+01,8.0000000000e+00,5.3364090919e+00
1.0000000000e+03,2.7000000000e+01,9.0000000000e+00,6.2445769310e+00
1.0000000000e+03,2.7000000000e+01,1.0000000000e+01,7.2465977669e+00
1.0000000000e+03,2.7000000000e+01,1.1000000000e+01,8.3430233002e+00
1.0000000000e+03,2.7000000000e+01,1.2000000000e+01,9.5325622559e+00
1.0000000000e+03,2.7000000000e+01,1.3000000000e+01,1.0816169739e+01
1.0000000000e+03,2.7000000000e+01,1.4000000000e+01,1.2192577362e+01
1.0000000000e+03,2.7000000000e+01,1.5000000000e+01,1.3662998199e+01
1.0000000000e+03,2.7000000000e+01,1.6000000000e+01,1.5226077080e+01
1.0000000000e+03,2.7000000000e+01,1.7000000000e+01,1.6883205414e+01
1.0000000000e+03,2.7000000000e+01,1.8000000000e+01,1.8632928848e+01
1.0000000000e+03,2.7000000000e+01,1.9000000000e+01,2.0476814270e+01
1.0000000000e+03,2.7000000000e+01,2.0000000000e+01,2.2413263321e+01
1.0000000000e+03,2.7000000000e+01,2.1000000000e+01,2.4444030762e+01
1.0000000000e+03,2.7000000000e+01,2.2000000000e+01,2.6567312241e+01
1.0000000000e+03,2.7000000000e+01,2.3000000000e+01,2.8785089493e+01
1.0000000000e+03,2.7000000000e+01,2.4000000000e+01,3.1095336914e+01
1.0000000000e+03,2.7000000000e+01,2.5000000000e+01,3.3500240326e+01
1.0000000000e+03,2.7000000000e+01,2.6000000000e+01,3.5997596741e+01
1.0000000000e+03,2.7000000000e+01,2.7000000000e+01,3.8589771271e+01
1.0000000000e+03,2.7000000000e+01,2.8000000000e+01,4.1274375916e+01
1.0000000000e+03,2.7000000000e+01,2.9000000000e+01,4.4053951263e+01
1.0000000000e+03,2.7000000000e+01,3.0000000000e+01,4.6925941467e+01
1.0000000000e+03,2.7000000000e+01,3.1000000000e+01,4.9893028259e+01
1.0000000000e+03,3.7000000000e+01,0.0000000000e+00,2.0079393387e+00
1.0000000000e+03,3.7000000000e+01,1.0000000000e+00,1.6438639164e+00
1.0000000000e+03,3.7000000000e+01,2.0000000000e+00,1.6778644323e+00
1.0000000000e+03,3.7000000000e+01,3.0000000000e+00,1.9220384359e+00
1.0000000000e+03,3.7000000000e+01,4.0000000000e+00,2.2970800400e+00
1.0000000000e+03,3.7000000000e+01,5.0000000000e+00,2.7786891460e+00
1.0000000000e+03,3.7000000000e+01,6.0000000000e+00,3.3549060822e+00
1.0000000000e+03,3.7000000000e+01,7.0000000000e+00,4.0198168755e+00
1.0000000000e+03,3.7000000000e+01,8.0000000000e+00,4.7697601318e+00
1.0000000000e+03,3.7000000000e+01,9.0000000000e+00,5.6024327278e+00
1.0000000000e+03,3.7000000000e+01,1.0000000000e+01,6.5162601471e+00
1.0000000000e+03,3.7000000000e+01,1.1000000000e+01,7.5100970268e+00
1.0000000000e+03,3.7000000000e+01,1.2000000000e+01,8.5832834244e+00
1.0000000000e+03,3.7000000000e+01,1.3000000000e+01,9.7351551056e+00
1.0000000000e+03,3.7000000000e+01,1.4000000000e+01,1.0965405464e+01
1.0000000000e+03,3.7000000000e+01,1.5000000000e+01,1.2273634911e+01
1.0000000000e+03,3.7000000000e+01,1.6000000000e+01,1.3659720421e+01
1.0000000000e+03,3.7000000000e+01,1.7000000000e+01,1.5123359680e+01
1.0000000000e+03,3.7000000000e+01,1.8000000000e+01,1.6664566040e+01
1.0000000000e+03,3.7000000000e+01,1.9000000000e+01,1.8283172607e+01
1.0000000000e+03,3.7000000000e+01,2.0000000000e+01,1.9979156494e+01
1.0000000000e+03,3.7000000000e+01,2.1000000000e+01,2.1752422333e+01
1.0000000000e+03,3.7000000000e+01,2.2000000000e+01,2.3602958679e+01
1.0000000000e+03,3.7000000000e+01,2.3000000000e+01,2.5530799866e+01
1.0000000000e+03,3.7000000000e+01,2.4000000000e+01,2.7535840988e+01
1.0000000000e+03,3.7000000000e+01,2.5000000000e+01,2.9618177414e+01
1.0000000000e+03,3.7000000000e+01,2.6000000000e+01,3.1777706146e+01
1.0000000000e+03,3.7000000000e+01,2.7000000000e+01,3.4014583588e+01
1.0000000000e+03,3.7000000000e+01,2.8000000000e+01,3.6328639984e+01
1.0000000000e+03,3.7000000000e+01,2.9000000000e+01,3.8720130920e+01
1.0000000000e+03,3.7000000000e+01,3.0000000000e+01,4.1188743591e+01
1.0000000000e+03,3.7000000000e+01,3.1000000000e+01,4.3734878540e+01
1.0000000000e+03,5.2000000000e+01,0.0000000000e+00,1.9957630634e+00
1.0000000000e+03,5.2000000000e+01,1.0000000000e+00,1.4872850180e+00
1.0000000000e+03,5.2000000000e+01,2.0000000000e+00,1.4764809608e+00
1.0000000000e+03,5.2000000000e+01,3.0000000000e+00,1.7031145096e+00
1.0000000000e+03,5.2000000000e+01,4.0000000000e+00,2.0609526634e+00
1.0000000000e+03,5.2000000000e+01,5.0000000000e+00,2.5181858540e+00
1.0000000000e+03,5.2000000000e+01,6.0000000000e+00,3.0587344170e+00
1.0000000000e+03,5.2000000000e+01,7.0000000000e+00,3.6744246483e+00
1.0000000000e+03,5.2000000000e+01,8.0000000000e+00,4.3597917557e+00
1.0000000000e+03,5.2000000000e+01,9.0000000000e+00,5.1114292145e+00
1.0000000000e+03,5.2000000000e+01,1.0000000000e+01,5.9268360138e+00
1.0000000000e+03,5.2000000000e+01,1.1000000000e+01,6.8043174744e+00
1.0000000000e+03,5.2000000000e+01,1.2000000000e+01,7.7425613403e+00
1.0000000000e+03,5.2000000000e+01,1.3000000000e+01,8.7404937744e+00
1.0000000000e+03,5.2000000000e+01,1.4000000000e+01,9.7973861694e+00
1.0000000000e+03,5.2000000000e+01,1.5000000000e+01,1.0912546158e+01
1.0000000000e+03,5.2000000000e+01,1.6000000000e+01,1.2085551262e+01
1.0000000000e+03,5.2000000000e+01,1.7000000000e+01,1.3315953255e+01
1.0000000000e+03,5.2000000000e+01,1.8000000000e+01,1.4603495598e+01
1.0000000000e+03,5.2000000000e+01,1.9000000000e+01,1.5947795868e+01
1.0000000000e+03,5.2000000000e+01,2.0000000000e+01,1.7348794937e+01
1.0000000000e+03,5.2000000000e+01,2.1000000000e+01,1.8806087494e+01
1.0000000000e+03,5.2000000000e+01,2.2000000000e+01,2.0319786072e+01
1.0000000000e+03,5.2000000000e+01,2.3000000000e+01,2.1889530182e+01
1.0000000000e+03,5.2000000000e+01,2.4000000000e+01,2.3515426636e+01
1.0000000000e+03,5.2000000000e+01,2.5000000000e+01,2.5197181702e+01
1.0000000000e+03,5.2000000000e+01,2.6000000000e+01,2.6934951782e+01
1.0000000000e+03,5.2000000000e+01,2.7000000000e+01,2.8728385925e+01
1.0000000000e+03,5.2000000000e+01,2.8000000000e+01,3.0577833176e+01
1.0000000000e+03,5.2000000000e+01,2.9000000000e+01,3.2482795715e+01
1.0000000000e+03,5.2000000000e+01,3.0000000000e+01,3.4443714142e+01
1.0000000000e+03,5.2000000000e+01,3.1000000000e+01,3.6460067749e+01
1.0000000000e+03,7.2000000000e+01,0.0000000000e+00,2.0088658333e+00
1.0000000000e+03,7.2000000000e+01,1.0000000000e+00,1.3721641302e+00
1.0000000000e+03,7.2000000000e+01,2.0000000000e+00,1.2963427305e+00
1.0000000000e+03,7.2000000000e+01,3.0000000000e+00,1.4492697716e+00
1.0000000000e+03,7.2000000000e+01,4.0000000000e+00,1.7077914476e+00
1.0000000000e+03,7.2000000000e+01,5.0000000000e+00,2.0354461670e+00
1.0000000000e+03,7.2000000000e+01,6.0000000000e+00,2.4144887924e+00
1.0000000000e+03,7.2000000000e+01,7.0000000000e+00,2.8357179165e+00
1.0000000000e+03,7.2000000000e+01,8.0000000000e+00,3.2932291031e+00
1.0000000000e+03,7.2000000000e+01,9.0000000000e+00,3.7832245827e+00
1.0000000000e+03,7.2000000000e+01,1.0000000000e+01,4.3029670715e+00
1.0000000000e+03,7.2000000000e+01,1.1000000000e+01,4.8504991531e+00
1.0000000000e+03,7.2000000000e+01,1.2000000000e+01,5.4242887497e+00
1.0000000000e+03,7.2000000000e+01,1.3000000000e+01,6.0232000351e+00
1.0000000000e+03,7.2000000000e+01,1.4000000000e+01,6.6462750435e+00
1.0000000000e+03,7.2000000000e+01,1.5000000000e+01,7.2927932739e+00
1.0000000000e+03,7.2000000000e+01,1.6000000000e+01,7.9621167183e+00
1.0000000000e+03,7.2000000000e+01,1.7000000000e+01,8.6537494659e+00
1.0000000000e+03,7.2000000000e+01,1.8000000000e+01,9.3672513962e+00
1.0000000000e+03,7.2000000000e+01,1.9000000000e+01,1.0102261543e+01
1.0000000000e+03,7.2000000000e+01,2.0000000000e+01,1.0858459473e+01
1.0000000000e+03,7.2000000000e+01,2.1000000000e+01,1.1635589600e+01
1.0000000000e+03,7.2000000000e+01,2.2000000000e+01,1.2433387756e+01
1.0000000000e+03,7.2000000000e+01,2.3000000000e+01,1.3251725197e+01
1.0000000000e+03,7.2000000000e+01,2.4000000000e+01,1.4090318680e+01
1.0000000000e+03,7.2000000000e+01,2.5000000000e+01,1.4949172020e+01
1.0000000000e+03,7.2000000000e+01,2.6000000000e+01,1.5827941895e+01
1.0000000000e+03,7.2000000000e+01,2.7000000000e+01,1.6726757050e+01
1.0000000000e+03,7.2000000000e+01,2.8000000000e+01,1.7645219803e+01
1.0000000000e+03,7.2000000000e+01,2.9000000000e+01,1.8583547592e+01
1.0000000000e+03,7.2000000000e+01,3.0000000000e+01,1.9541296005e+01
1.0000000000e+03,7.2000000000e+01,3.1000000000e+01,2.0518798828e+01
1.0000000000e+03,1.0000000000e+02,0.0000000000e+00,1.9948629141e+00
1.0000000000e+03,1.0000000000e+02,1.0000000000e+00,1.2153003216e+00
1.0000000000e+03,1.0000000000e+02,2.0000000000e+00,1.0642976761e+00
1.0000000000e+03,1.0000000000e+02,3.0000000000e+00,1.1508091688e+00
1.0000000000e+03,1.0000000000e+02,4.0000000000e+00,1.3240171671e+00
1.0000000000e+03,1.0000000000e+02,5.0000000000e+00,1.5435132980e+00
1.0000000000e+03,1.0000000000e+02,6.0000000000e+00,1.7902022600e+00
1.0000000000e+03,1.0000000000e+02,7.0000000000e+00,2.0551099777e+00
1.0000000000e+03,1.0000000000e+02,8.0000000000e+00,2.3324947357e+00
1.0000000000e+03,1.0000000000e+02,9.0000000000e+00,2.6190810204e+00
1.0000000000e+03,1.0000000000e+02,1.0000000000e+01,2.9124789238e+00
1.0000000000e+03,1.0000000000e+02,1.1000000000e+01,3.2111940384e+00
1.0000000000e+03,1.0000000000e+02,1.2000000000e+01,3.5140311718e+00
1.0000000000e+03,1.0000000000e+02,1.3000000000e+01,3.8202185631e+00
1.0000000000e+03,1.0000000000e+02,1.4000000000e+01,4.1290831566e+00
1.0000000000e+03,1.0000000000e+02,1.5000000000e+01,4.4401984215e+00
1.0000000000e+03,1.0000000000e+02,1.6000000000e+01,4.7531490326e+00
1.0000000000e+03,1.0000000000e+02,1.7000000000e+01,5.0676941872e+00
1.0000000000e+03,1.0000000000e+02,1.8000000000e+01,5.3835558891e+00
1.0000000000e+03,1.0000000000e+02,1.9000000000e+01,5.7006072998e+00
1.0000000000e+03,1.0000000000e+02,2.0000000000e+01,6.0186328888e+00
1.0000000000e+03,1.0000000000e+02,2.1000000000e+01,6.3376064301e+00
1.0000000000e+03,1.0000000000e+02,2.2000000000e+01,6.6572980881e+00
1.0000000000e+03,1.0000000000e+02,2.3000000000e+01,6.9778094292e+00
1.0000000000e+03,1.0000000000e+02,2.4000000000e+01,7.2988610268e+00
1.0000000000e+03,1.0000000000e+02,2.5000000000e+01,7.6206426620e+00
1.0000000000e+03,1.0000000000e+02,2.6000000000e+01,7.9428486824e+00
1.0000000000e+03,1.0000000000e+02,2.7000000000e+01,8.2657251358e+00
1.0000000000e+03,1.0000000000e+02,2.8000000000e+01,8.5889320374e+00
1.0000000000e+03,1.0000000000e+02,2.9000000000e+01,8.9128084183e+00
1.0000000000e+03,1.0000000000e+02,3.0000000000e+01,9.2369585037e+00
1.0000000000e+03,1.0000000000e+02,3.1000000000e+01,9.5617637634e+00
1.0000000000e+03,1.3900000000e+02,0.0000000000e+00,2.0056328773e+00
1.0000000000e+03,1.3900000000e+02,1.0000000000e+00,1.0732984543e+00
1.0000000000e+03,1.3900000000e+02,2.0000000000e+00,8.6401647329e-01
1.0000000000e+03,1.3900000000e+02,3.0000000000e+00,8.8558971882e-01
1.0000000000e+03,1.3900000000e+02,4.0000000000e+00,9.7692757845e-01
1.0000000000e+03,1.3900000000e+02,5.0000000000e+00,1.0965563059e+00
1.0000000000e+03,1.3900000000e+02,6.0000000000e+00,1.2272653580e+00
1.0000000000e+03,1.3900000000e+02,7.0000000000e+00,1.3614765406e+00
1.0000000000e+03,1.3900000000e+02,8.0000000000e+00,1.4951874018e+00
1.0000000000e+03,1.3900000000e+02,9.0000000000e+00,1.6263630390e+00
1.0000000000e+03,1.3900000000e+02,1.0000000000e+01,1.7538659573e+00
1.0000000000e+03,1.3900000000e+02,1.1000000000e+01,1.8771457672e+00
1.0000000000e+03,1.3900000000e+02,1.2000000000e+01,1.9959220886e+00
1.0000000000e+03,1.3900000000e+02,1.3000000000e+01,2.1101331711e+00
1.0000000000e+03,1.3900000000e+02,1.4000000000e+01,2.2197964191e+00
1.0000000000e+03,1.3900000000e+02,1.5000000000e+01,2.3250234127e+00
1.0000000000e+03,1.3900000000e+02,1.6000000000e+01,2.4259378910e+00
1.0000000000e+03,1.3900000000e+02,1.7000000000e+01,2.5227100849e+00
1.0000000000e+03,1.3900000000e+02,1.8000000000e+01,2.6154971123e+00
1.0000000000e+03,1.3900000000e+02,1.9000000000e+01,2.7044835091e+00
1.0000000000e+03,1.3900000000e+02,2.0000000000e+01,2.7898297310e+00
1.0000000000e+03,1.3900000000e+02,2.1000000000e+01,2.8717153072e+00
1.0000000000e+03,1.3900000000e+02,2.2000000000e+01,2.9502930641e+00
1.0000000000e+03,1.3900000000e+02,2.3000000000e+01,3.0257298946e+00
1.0000000000e+03,1.3900000000e+02,2.4000000000e+01,3.0981664658e+00
1.0000000000e+03,1.3900000000e+02,2.5000000000e+01,3.1677556038e+00
1.0000000000e+03,1.3900000000e+02,2.6000000000e+01,3.2346241474e+00
1.0000000000e+03,1.3900000000e+02,2.7000000000e+01,3.2989101410e+00
1.0000000000e+03,1.3900000000e+02,2.8000000000e+01,3.3607275486e+00
1.0000000000e+03,1.3900000000e+02,2.9000000000e+01,3.4202008247e+00
1.0000000000e+03,1.3900000000e+02,3.0000000000e+01,3.4774308205e+00
1.0000000000e+03,1.3900000000e+02,3.1000000000e+01,3.5325310230e+00
1.0000000000e+03,1.9300000000e+02,0.0000000000e+00,1.9909958839e+00
1.0000000000e+03,1.9300000000e+02,1.0000000000e+00,9.0949022770e-01
1.0000000000e+03,1.9300000000e+02,2.0000000000e+00,6.5806627274e-01
1.0000000000e+03,1.9300000000e+02,3.0000000000e+00,6.3734537363e-01
1.0000000000e+03,1.9300000000e+02,4.0000000000e+00,6.7566198111e-01
1.0000000000e+03,1.9300000000e+02,5.0000000000e+00,7.3231160641e-01
1.0000000000e+03,1.9300000000e+02,6.0000000000e+00,7.9280310869e-01
1.0000000000e+03,1.9300000000e+02,7.0000000000e+00,8.5166102648e-01
1.0000000000e+03,1.9300000000e+02,8.0000000000e+00,9.0672129393e-01
1.0000000000e+03,1.9300000000e+02,9.0000000000e+00,9.5729941130e-01
1.0000000000e+03,1.9300000000e+02,1.0000000000e+01,1.0033411980e+00
1.0000000000e+03,1.9300000000e+02,1.1000000000e+01,1.0450826883e+00
1.0000000000e+03,1.9300000000e+02,1.2000000000e+01,1.0828723907e+00
1.0000000000e+03,1.9300000000e+02,1.3000000000e+01,1.1170932055e+00
1.0000000000e+03,1.9300000000e+02,1.4000000000e+01,1.1481217146e+00
1.0000000000e+03,1.9300000000e+02,1.5000000000e+01,1.1763095856e+00
1.0000000000e+03,1.9300000000e+02,1.6000000000e+01,1.2019767761e+00
1.0000000000e+03,1.9300000000e+02,1.7000000000e+01,1.2254099846e+00
1.0000000000e+03,1.9300000000e+02,1.8000000000e+01,1.2468628883e+00
1.0000000000e+03,1.9300000000e+02,1.9000000000e+01,1.2665592432e+00
1.0000000000e+03,1.9300000000e+02,2.0000000000e+01,1.2846952677e+00
1.0000000000e+03,1.9300000000e+02,2.1000000000e+01,1.3014428616e+00
1.0000000000e+03,1.9300000000e+02,2.2000000000e+01,1.3169519901e+00
1.0000000000e+03,1.9300000000e+02,2.3000000000e+01,1.3313546181e+00
1.0000000000e+03,1.9300000000e+02,2.4000000000e+01,1.3447650671e+00
1.0000000000e+03,1.9300000000e+02,2.5000000000e+01,1.3572841883e+00
1.0000000000e+03,1.9300000000e+02,2.6000000000e+01,1.3690003157e+00
1.0000000000e+03,1.9300000000e+02,2.7000000000e+01,1.3799903393e+00
1.0000000000e+03,1.9300000000e+02,2.8000000000e+01,1.3903222084e+00
1.0000000000e+03,1.9300000000e+02,2.9000000000e+01,1.4000556469e+00
1.0000000000e+03,1.9300000000e+02,3.0000000000e+01,1.4092433453e+00
1.0000000000e+03,1.9300000000e+02,3.1000000000e+01,1.4179314375e+00
1.0000000000e+03,2.6800000000e+02,0.0000000000e+00,2.0016617775e+00
1.0000000000e+03,2.6800000000e+02,1.0000000000e+00,8.1166368723e-01
1.0000000000e+03,2.6800000000e+02,2.0000000000e+00,5.4179519415e-01
1.0000000000e+03,2.6800000000e+02,3.0000000000e+00,5.0413197279e-01
1.0000000000e+03,2.6800000000e+02,4.0000000000e+00,5.1743000746e-01
1.0000000000e+03,2.6800000000e+02,5.0000000000e+00,5.4324495792e-01
1.0000000000e+03,2.6800000000e+02,6.0000000000e+00,5.6992059946e-01
1.0000000000e+03,2.6800000000e+02,7.0000000000e+00,5.9391248226e-01
1.0000000000e+03,2.6800000000e+02,8.0000000000e+00,6.1435121298e-01
1.0000000000e+03,2.6800000000e+02,9.0000000000e+00,6.3133490086e-01
1.0000000000e+03,2.6800000000e+02,1.0000000000e+01,6.4527326822e-01
1.0000000000e+03,2.6800000000e+02,1.1000000000e+01,6.5664333105e-01
1.0000000000e+03,2.6800000000e+02,1.2000000000e+01,6.6589540243e-01
1.0000000000e+03,2.6800000000e+02,1.3000000000e+01,6.7342239618e-01
1.0000000000e+03,2.6800000000e+02,1.4000000000e+01,6.7955392599e-01
1.0000000000e+03,2.6800000000e+02,1.5000000000e+01,6.8456113338e-01
1.0000000000e+03,2.6800000000e+02,1.6000000000e+01,6.8866467476e-01
1.0000000000e+03,2.6800000000e+02,1.7000000000e+01,6.9204246998e-01
1.0000000000e+03,2.6800000000e+02,1.8000000000e+01,6.9483780861e-01
1.0000000000e+03,2.6800000000e+02,1.9000000000e+01,6.9716560841e-01
1.0000000000e+03,2.6800000000e+02,2.0000000000e+01,6.9911813736e-01
1.0000000000e+03,2.6800000000e+02,2.1000000000e+01,7.0076918602e-01
1.0000000000e+03,2.6800000000e+02,2.2000000000e+01,7.0217835903e-01
1.0000000000e+03,2.6800000000e+02,2.3000000000e+01,7.0339310169e-01
1.0000000000e+03,2.6800000000e+02,2.4000000000e+01,7.0445168018e-01
1.0000000000e+03,2.6800000000e+02,2.5000000000e+01,7.0538479090e-01
1.0000000000e+03,2.6800000000e+02,2.6000000000e+01,7.0621705055e-01
1.0000000000e+03,2.6800000000e+02,2.7000000000e+01,7.0696866512e-01
1.0000000000e+03,2.6800000000e+02,2.8000000000e+01,7.0765548944e-01
1.0000000000e+03,2.6800000000e+02,2.9000000000e+01,7.0829057693e-01
1.0000000000e+03,2.6800000000e+02,3.0000000000e+01,7.0888441801e-01
1.0000000000e+03,2.6800000000e+02,3.1000000000e+01,7.0944535732e-01
1.0000000000e+03,3.7300000000e+02,0.0000000000e+00,1.9964739084e+00
1.0000000000e+03,3.7300000000e+02,1.0000000000e+00,6.7340612411e-01
1.0000000000e+03,3.7300000000e+02,2.0000000000e+00,3.8215100765e-01
1.0000000000e+03,3.7300000000e+02,3.0000000000e+00,3.2971596718e-01
1.0000000000e+03,3.7300000000e+02,4.0000000000e+00,3.2556599379e-01
1.0000000000e+03,3.7300000000e+02,5.0000000000e+00,3.3263379335e-01
1.0000000000e+03,3.7300000000e+02,6.0000000000e+00,3.4111586213e-01
1.0000000000e+03,3.7300000000e+02,7.0000000000e+00,3.4848812222e-01
1.0000000000e+03,3.7300000000e+02,8.0000000000e+00,3.5433036089e-01
1.0000000000e+03,3.7300000000e+02,9.0000000000e+00,3.5882979631e-01
1.0000000000e+03,3.7300000000e+02,1.0000000000e+01,3.6230257154e-01
1.0000000000e+03,3.7300000000e+02,1.1000000000e+01,3.6504706740e-01
1.0000000000e+03,3.7300000000e+02,1.2000000000e+01,3.6730641127e-01
1.0000000000e+03,3.7300000000e+02,1.3000000000e+01,3.6926767230e-01
1.0000000000e+03,3.7300000000e+02,1.4000000000e+01,3.7107086182e-01
1.0000000000e+03,3.7300000000e+02,1.5000000000e+01,3.7281966209e-01
1.0000000000e+03,3.7300000000e+02,1.6000000000e+01,3.7459027767e-01
1.0000000000e+03,3.7300000000e+02,1.7000000000e+01,3.7643924356e-01
1.0000000000e+03,3.7300000000e+02,1.8000000000e+01,3.7840834260e-01
1.0000000000e+03,3.7300000000e+02,1.9000000000e+01,3.8052907586e-01
1.0000000000e+03,3.7300000000e+02,2.0000000000e+01,3.8282513618e-01
1.0000000000e+03,3.7300000000e+02,2.1000000000e+01,3.8531503081e-01
1.0000000000e+03,3.7300000000e+02,2.2000000000e+01,3.8801330328e-01
1.0000000000e+03,3.7300000000e+02,2.3000000000e+01,3.9093169570e-01
1.0000000000e+03,3.7300000000e+02,2.4000000000e+01,3.9407989383e-01
1.0000000000e+03,3.7300000000e+02,2.5000000000e+01,3.9746618271e-01
1.0000000000e+03,3.7300000000e+02,2.6000000000e+01,4.0109780431e-01
1.0000000000e+03,3.7300000000e+02,2.7000000000e+01,4.0498116612e-01
1.0000000000e+03,3.7300000000e+02,2.8000000000e+01,4.0912237763e-01
1.0000000000e+03,3.7300000000e+02,2.9000000000e+01,4.1352707148e-01
1.0000000000e+03,3.7300000000e+02,3.0000000000e+01,4.1820052266e-01
1.0000000000e+03,3.7300000000e+02,3.1000000000e+01,4.2314797640e-01
1.0000000000e+03,5.1800000000e+02,0.0000000000e+00,2.0166594982e+00
1.0000000000e+03,5.1800000000e+02,1.0000000000e+00,6.0054743290e-01
1.0000000000e+03,5.1800000000e+02,2.0000000000e+00,3.2402542233e-01
1.0000000000e+03,5.1800000000e+02,3.0000000000e+00,2.8278976679e-01
1.0000000000e+03,5.1800000000e+02,4.0000000000e+00,2.8259301186e-01
1.0000000000e+03,5.1800000000e+02,5.0000000000e+00,2.9002612829e-01
1.0000000000e+03,5.1800000000e+02,6.0000000000e+00,2.9757317901e-01
1.0000000000e+03,5.1800000000e+02,7.0000000000e+00,3.0370271206e-01
1.0000000000e+03,5.1800000000e+02,8.0000000000e+00,3.0837255716e-01
1.0000000000e+03,5.1800000000e+02,9.0000000000e+00,3.1187114120e-01
1.0000000000e+03,5.1800000000e+02,1.0000000000e+01,3.1450542808e-01
1.0000000000e+03,5.1800000000e+02,1.1000000000e+01,3.1652560830e-01
1.0000000000e+03,5.1800000000e+02,1.2000000000e+01,3.1811898947e-01
1.0000000000e+03,5.1800000000e+02,1.3000000000e+01,3.1942027807e-01
1.0000000000e+03,5.1800000000e+02,1.4000000000e+01,3.2052451372e-01
1.0000000000e+03,5.1800000000e+02,1.5000000000e+01,3.2149794698e-01
1.0000000000e+03,5.1800000000e+02,1.6000000000e+01,3.2238632441e-01
1.0000000000e+03,5.1800000000e+02,1.7000000000e+01,3.2322102785e-01
1.0000000000e+03,5.1800000000e+02,1.8000000000e+01,3.2402351499e-01
1.0000000000e+03,5.1800000000e+02,1.9000000000e+01,3.2480829954e-01
1.0000000000e+03,5.1800000000e+02,2.0000000000e+01,3.2558521628e-01
1.0000000000e+03,5.1800000000e+02,2.1000000000e+01,3.2636070251e-01
1.0000000000e+03,5.1800000000e+02,2.2000000000e+01,3.2713901997e-01
1.0000000000e+03,5.1800000000e+02,2.3000000000e+01,3.2792288065e-01
1.0000000000e+03,5.1800000000e+02,2.4000000000e+01,3.2871407270e-01
1.0000000000e+03,5.1800000000e+02,2.5000000000e+01,3.2951349020e-01
1.0000000000e+03,5.1800000000e+02,2.6000000000e+01,3.3032172918e-01
1.0000000000e+03,5.1800000000e+02,2.7000000000e+01,3.3113899827e-01
1.0000000000e+03,5.1800000000e+02,2.8000000000e+01,3.3196529746e-01
1.0000000000e+03,5.1800000000e+02,2.9000000000e+01,3.3280050755e-01
1.0000000000e+03,5.1800000000e+02,3.0000000000e+01,3.3364444971e-01
1.0000000000e+03,5.1800000000e+02,3.1000000000e+01,3.3449682593e-01
1.0000000000e+03,7.2000000000e+02,0.0000000000e+00,2.0038568974e+00
1.0000000000e+03,7.2000000000e+02,1.0000000000e+00,6.4228039980e-01
1.0000000000e+03,7.2000000000e+02,2.0000000000e+00,4.2370623350e-01
1.0000000000e+03,7.2000000000e+02,3.0000000000e+00,4.0624234080e-01
1.0000000000e+03,7.2000000000e+02,4.0000000000e+00,4.1631704569e-01
1.0000000000e+03,7.2000000000e+02,5.0000000000e+00,4.2811495066e-01
1.0000000000e+03,7.2000000000e+02,6.0000000000e+00,4.3760517240e-01
1.0000000000e+03,7.2000000000e+02,7.0000000000e+00,4.4472354650e-01
1.0000000000e+03,7.2000000000e+02,8.0000000000e+00,4.5003882051e-01
1.0000000000e+03,7.2000000000e+02,9.0000000000e+00,4.5407319069e-01
1.0000000000e+03,7.2000000000e+02,1.0000000000e+01,4.5720511675e-01
1.0000000000e+03,7.2000000000e+02,1.1000000000e+01,4.5969188213e-01
1.0000000000e+03,7.2000000000e+02,1.2000000000e+01,4.6170583367e-01
1.0000000000e+03,7.2000000000e+02,1.3000000000e+01,4.6336331964e-01
1.0000000000e+03,7.2000000000e+02,1.4000000000e+01,4.6474438906e-01
1.0000000000e+03,7.2000000000e+02,1.5000000000e+01,4.6590569615e-01
1.0000000000e+03,7.2000000000e+02,1.6000000000e+01,4.6688848734e-01
1.0000000000e+03,7.2000000000e+02,1.7000000000e+01,4.6772399545e-01
1.0000000000e+03,7.2000000000e+02,1.8000000000e+01,4.6843630075e-01
1.0000000000e+03,7.2000000000e+02,1.9000000000e+01,4.6904477477e-01
1.0000000000e+03,7.2000000000e+02,2.0000000000e+01,4.6956512332e-01
1.0000000000e+03,7.2000000000e+02,2.1000000000e+01,4.7001031041e-01
1.0000000000e+03,7.2000000000e+02,2.2000000000e+01,4.7039133310e-01
1.0000000000e+03,7.2000000000e+02,2.3000000000e+01,4.7071743011e-01
1.0000000000e+03,7.2000000000e+02,2.4000000000e+01,4.7099649906e-01
1.0000000000e+03,7.2000000000e+02,2.5000000000e+01,4.7123527527e-01
1.0000000000e+03,7.2000000000e+02,2.6000000000e+01,4.7143945098e-01
1.0000000000e+03,7.2000000000e+02,2.7000000000e+01,4.7161409259e-01
1.0000000000e+03,7.2000000000e+02,2.8000000000e+01,4.7176340222e-01
1.0000000000e+03,7.2000000000e+02,2.9000000000e+01,4.7189101577e-01
1.0000000000e+03,7.2000000000e+02,3.0000000000e+01,4.7200009227e-01
1.0000000000e+03,7.2000000000e+02,3.1000000000e+01,4.7209331393e-01
1.0000000000e+03,1.0000000000e+03,0.0000000000e+00,1.9953547716e+00
1.0000000000e+03,1.0000000000e+03,1.0000000000e+00,4.1430214047e-01
1.0000000000e+03,1.0000000000e+03,2.0000000000e+00,1.7033563554e-01
1.0000000000e+03,1.0000000000e+03,3.0000000000e+00,1.4264474809e-01
1.0000000000e+03,1.0000000000e+03,4.0000000000e+00,1.4308801293e-01
1.0000000000e+03,1.0000000000e+03,5.0000000000e+00,1.4642147720e-01
1.0000000000e+03,1.0000000000e+03,6.0000000000e+00,1.4890770614e-01
1.0000000000e+03,1.0000000000e+03,7.0000000000e+00,1.5040162206e-01
1.0000000000e+03,1.0000000000e+03,8.0000000000e+00,1.5123242140e-01
1.0000000000e+03,1.0000000000e+03,9.0000000000e+00,1.5167509019e-01
1.0000000000e+03,1.0000000000e+03,1.0000000000e+01,1.5190349519e-01
1.0000000000e+03,1.0000000000e+03,1.1000000000e+01,1.5201786160e-01
1.0000000000e+03,1.0000000000e+03,1.2000000000e+01,1.5207324922e-01
1.0000000000e+03,1.0000000000e+03,1.3000000000e+01,1.5209902823e-01
1.0000000000e+03,1.0000000000e+03,1.4000000000e+01,1.5211038291e-01
1.0000000000e+03,1.0000000000e+03,1.5000000000e+01,1.5211494267e-01
1.0000000000e+03,1.0000000000e+03,1.6000000000e+01,1.5211650729e-01
1.0000000000e+03,1.0000000000e+03,1.7000000000e+01,1.5211682022e-01
1.0000000000e+03,1.0000000000e+03,1.8000000000e+01,1.5211667120e-01
1.0000000000e+03,1.0000000000e+03,1.9000000000e+01,1.5211646259e-01
1.0000000000e+03,1.0000000000e+03,2.0000000000e+01,1.5211623907e-01
1.0000000000e+03,1.0000000000e+03,2.1000000000e+01,1.5211609006e-01
1.0000000000e+03,1.0000000000e+03,2.2000000000e+01,1.5211600065e-01
1.0000000000e+03,1.0000000000e+03,2.3000000000e+01,1.5211592615e-01
1.0000000000e+03,1.0000000000e+03,2.4000000000e+01,1.5211588144e-01
1.0000000000e+03,1.0000000000e+03,2.5000000000e+01,1.5211585164e-01
1.0000000000e+03,1.0000000000e+03,2.6000000000e+01,1.5211583674e-01
1.0000000000e+03,1.0000000000e+03,2.7000000000e+01,1.5211582184e-01
1.0000000000e+03,1.0000000000e+03,2.8000000000e+01,1.5211582184e-01
1.0000000000e+03,1.0000000000e+03,2.9000000000e+01,1.5211580694e-01
1.0000000000e+03,1.0000000000e+03,3.0000000000e+01,1.5211580694e-01
1.0000000000e+03,1.0000000000e+03,3.1000000000e+01,1.5211580694e-01
1.3890000000e+03,1.0000000000e+01,0.0000000000e+00,1.9979956150e+00
1.3890000000e+03,1.0000000000e+01,1.0000000000e+00,1.8954892159e+00
1.3890000000e+03,1.0000000000e+01,2.0000000000e+00,1.9828701019e+00
1.3890000000e+03,1.0000000000e+01,3.0000000000e+00,2.1986165047e+00
1.3890000000e+03,1.0000000000e+01,4.0000000000e+00,2.5155231953e+00
1.3890000000e+03,1.0000000000e+01,5.0000000000e+00,2.9262819290e+00
1.3890000000e+03,1.0000000000e+01,6.0000000000e+00,3.4275484085e+00
1.3890000000e+03,1.0000000000e+01,7.0000000000e+00,4.0182838440e+00
1.3890000000e+03,1.0000000000e+01,8.0000000000e+00,4.6978387833e+00
1.3890000000e+03,1.0000000000e+01,9.0000000000e+00,5.4661011696e+00
1.3890000000e+03,1.0000000000e+01,1.0000000000e+01,6.3229222298e+00
1.3890000000e+03,1.0000000000e+01,1.1000000000e+01,7.2683763504e+00
1.3890000000e+03,1.0000000000e+01,1.2000000000e+01,8.3024263382e+00
1.3890000000e+03,1.0000000000e+01,1.3000000000e+01,9.4251813889e+00
1.3890000000e+03,1.0000000000e+01,1.4000000000e+01,1.0636616707e+01
1.3890000000e+03,1.0000000000e+01,1.5000000000e+01,1.1936841011e+01
1.3890000000e+03,1.0000000000e+01,1.6000000000e+01,1.3325821877e+01
1.3890000000e+03,1.0000000000e+01,1.7000000000e+01,1.4803662300e+01
1.3890000000e+03,1.0000000000e+01,1.8000000000e+01,1.6370321274e+01
1.3890000000e+03,1.0000000000e+01,1.9000000000e+01,1.8025897980e+01
1.3890000000e+03,1.0000000000e+01,2.0000000000e+01,1.9770338058e+01
1.3890000000e+03,1.0000000000e+01,2.1000000000e+01,2.1603740692e+01
1.3890000000e+03,1.0000000000e+01,2.2000000000e+01,2.3526046753e+01
1.3890000000e+03,1.0000000000e+01,2.3000000000e+01,2.5537347794e+01
1.3890000000e+03,1.0000000000e+01,2.4000000000e+01,2.7637578964e+01
1.3890000000e+03,1.0000000000e+01,2.5000000000e+01,2.9826835632e+01
1.3890000000e+03,1.0000000000e+01,2.6000000000e+01,3.2105049133e+01
1.3890000000e+03,1.0000000000e+01,2.7000000000e+01,3.4472305298e+01
1.3890000000e+03,1.0000000000e+01,2.8000000000e+01,3.6928539276e+01
1.3890000000e+03,1.0000000000e+01,2.9000000000e+01,3.9473831177e+01
1.3890000000e+03,1.0000000000e+01,3.0000000000e+01,4.2108116150e+01
1.3890000000e+03,1.0000000000e+01,3.1000000000e+01,4.4831478119e+01
1.3890000000e+03,1.4000000000e+01,0.0000000000e+00,1.9977158308e+00
1.3890000000e+03,1.4000000000e+01,1.0000000000e+00,1.8462321758e+00
1.3890000000e+03,1.4000000000e+01,2.0000000000e+00,1.9243576527e+00
1.3890000000e+03,1.4000000000e+01,3.0000000000e+00,2.1483287811e+00
1.3890000000e+03,1.4000000000e+01,4.0000000000e+00,2.4842147827e+00
1.3890000000e+03,1.4000000000e+01,5.0000000000e+00,2.9214022160e+00
1.3890000000e+03,1.4000000000e+01,6.0000000000e+00,3.4553070068e+00
1.3890000000e+03,1.4000000000e+01,7.0000000000e+00,4.0839056969e+00
1.3890000000e+03,1.4000000000e+01,8.0000000000e+00,4.8060889244e+00
1.3890000000e+03,1.4000000000e+01,9.0000000000e+00,5.6213312149e+00
1.3890000000e+03,1.4000000000e+01,1.0000000000e+01,6.5293645859e+00
1.3890000000e+03,1.4000000000e+01,1.1000000000e+01,7.5300288200e+00
1.3890000000e+03,1.4000000000e+01,1.2000000000e+01,8.6233043671e+00
1.3890000000e+03,1.4000000000e+01,1.3000000000e+01,9.8091278076e+00
1.3890000000e+03,1.4000000000e+01,1.4000000000e+01,1.1087562561e+01
1.3890000000e+03,1.4000000000e+01,1.5000000000e+01,1.2458572388e+01
1.3890000000e+03,1.4000000000e+01,1.6000000000e+01,1.3922245026e+01
1.3890000000e+03,1.4000000000e+01,1.7000000000e+01,1.5478551865e+01
1.3890000000e+03,1.4000000000e+01,1.8000000000e+01,1.7127576828e+01
1.3890000000e+03,1.4000000000e+01,1.9000000000e+01,1.8869308472e+01
1.3890000000e+03,1.4000000000e+01,2.0000000000e+01,2.0703807831e+01
1.3890000000e+03,1.4000000000e+01,2.1000000000e+01,2.2631082535e+01
1.3890000000e+03,1.4000000000e+01,2.2000000000e+01,2.4651170731e+01
1.3890000000e+03,1.4000000000e+01,2.3000000000e+01,2.6764095306e+01
1.3890000000e+03,1.4000000000e+01,2.4000000000e+01,2.8969877243e+01
1.3890000000e+03,1.4000000000e+01,2.5000000000e+01,3.1268535614e+01
1.3890000000e+03,1.4000000000e+01,2.6000000000e+01,3.3660095215e+01
1.3890000000e+03,1.4000000000e+01,2.7000000000e+01,3.6144565582e+01
1.3890000000e+03,1.4000000000e+01,2.8000000000e+01,3.8721969604e+01
1.3890000000e+03,1.4000000000e+01,2.9000000000e+01,4.1392326355e+01
1.3890000000e+03,1.4000000000e+01,3.0000000000e+01,4.4155632019e+01
1.3890000000e+03,1.4000000000e+01,3.1000000000e+01,4.7011920929e+01
1.3890000000e+03,1.9000000000e+01,0.0000000000e+00,1.9912508726e+00
1.3890000000e+03,1.9000000000e+01,1.0000000000e+00,1.7775331736e+00
1.3890000000e+03,1.9000000000e+01,2.0000000000e+00,1.8450021744e+00
1.3890000000e+03,1.9000000000e+01,3.0000000000e+00,2.0856692791e+00
1.3890000000e+03,1.9000000000e+01,4.0000000000e+00,2.4530899525e+00
1.3890000000e+03,1.9000000000e+01,5.0000000000e+00,2.9327073097e+00
1.3890000000e+03,1.9000000000e+01,6.0000000000e+00,3.5178828239e+00
1.3890000000e+03,1.9000000000e+01,7.0000000000e+00,4.2054920197e+00
1.3890000000e+03,1.9000000000e+01,8.0000000000e+00,4.9937977791e+00
1.3890000000e+03,1.9000000000e+01,9.0000000000e+00,5.8818445206e+00
1.3890000000e+03,1.9000000000e+01,1.0000000000e+01,6.8691163063e+00
1.3890000000e+03,1.9000000000e+01,1.1000000000e+01,7.9552659988e+00
1.3890000000e+03,1.9000000000e+01,1.2000000000e+01,9.1401624680e+00
1.3890000000e+03,1.9000000000e+01,1.3000000000e+01,1.0423648834e+01
1.3890000000e+03,1.9000000000e+01,1.4000000000e+01,1.1805742264e+01
1.3890000000e+03,1.9000000000e+01,1.5000000000e+01,1.3286354065e+01
1.3890000000e+03,1.9000000000e+01,1.6000000000e+01,1.4865562439e+01
1.3890000000e+03,1.9000000000e+01,1.7000000000e+01,1.6543298721e+01
1.3890000000e+03,1.9000000000e+01,1.8000000000e+01,1.8319673538e+01
1.3890000000e+03,1.9000000000e+01,1.9000000000e+01,2.0194623947e+01
1.3890000000e+03,1.9000000000e+01,2.0000000000e+01,2.2168264389e+01
1.3890000000e+03,1.9000000000e+01,2.1000000000e+01,2.4240543365e+01
1.3890000000e+03,1.9000000000e+01,2.2000000000e+01,2.6411567688e+01
1.3890000000e+03,1.9000000000e+01,2.3000000000e+01,2.8681293488e+01
1.3890000000e+03,1.9000000000e+01,2.4000000000e+01,3.1049819946e+01
1.3890000000e+03,1.9000000000e+01,2.5000000000e+01,3.3517097473e+01
1.3890000000e+03,1.9000000000e+01,2.6000000000e+01,3.6083236694e+01
1.3890000000e+03,1.9000000000e+01,2.7000000000e+01,3.8748180389e+01
1.3890000000e+03,1.9000000000e+01,2.8000000000e+01,4.1512027740e+01
1.3890000000e+03,1.9000000000e+01,2.9000000000e+01,4.4374725342e+01
1.3890000000e+03,1.9000000000e+01,3.0000000000e+01,4.7336368561e+01
1.3890000000e+03,1.9000000000e+01,3.1000000000e+01,5.0396903992e+01
1.3890000000e+03,2.7000000000e+01,0.0000000000e+00,2.0088641644e+00
1.3890000000e+03,2.7000000000e+01,1.0000000000e+00,1.6990540028e+00
1.3890000000e+03,2.7000000000e+01,2.0000000000e+00,1.7391923666e+00
1.3890000000e+03,2.7000000000e+01,3.0000000000e+00,1.9759199619e+00
1.3890000000e+03,2.7000000000e+01,4.0000000000e+00,2.3476173878e+00
1.3890000000e+03,2.7000000000e+01,5.0000000000e+00,2.8340811729e+00
1.3890000000e+03,2.7000000000e+01,6.0000000000e+00,3.4261693954e+00
1.3890000000e+03,2.7000000000e+01,7.0000000000e+00,4.1191105843e+00
1.3890000000e+03,2.7000000000e+01,8.0000000000e+00,4.9102654457e+00
1.3890000000e+03,2.7000000000e+01,9.0000000000e+00,5.7979474068e+00
1.3890000000e+03,2.7000000000e+01,1.0000000000e+01,6.7811837196e+00
1.3890000000e+03,2.7000000000e+01,1.1000000000e+01,7.8592486382e+00
1.3890000000e+03,2.7000000000e+01,1.2000000000e+01,9.0317583084e+00
1.3890000000e+03,2.7000000000e+01,1.3000000000e+01,1.0298338890e+01
1.3890000000e+03,2.7000000000e+01,1.4000000000e+01,1.1658877373e+01
1.3890000000e+03,2.7000000000e+01,1.5000000000e+01,1.3113123894e+01
1.3890000000e+03,2.7000000000e+01,1.6000000000e+01,1.4661126137e+01
1.3890000000e+03,2.7000000000e+01,1.7000000000e+01,1.6302667618e+01
1.3890000000e+03,2.7000000000e+01,1.8000000000e+01,1.8037887573e+01
1.3890000000e+03,2.7000000000e+01,1.9000000000e+01,1.9866592407e+01
1.3890000000e+03,2.7000000000e+01,2.0000000000e+01,2.1788965225e+01
1.3890000000e+03,2.7000000000e+01,2.1000000000e+01,2.3804809570e+01
1.3890000000e+03,2.7000000000e+01,2.2000000000e+01,2.5914348602e+01
1.3890000000e+03,2.7000000000e+01,2.3000000000e+01,2.8117378235e+01
1.3890000000e+03,2.7000000000e+01,2.4000000000e+01,3.0414146423e+01
1.3890000000e+03,2.7000000000e+01,2.5000000000e+01,3.2804435730e+01
1.3890000000e+03,2.7000000000e+01,2.6000000000e+01,3.5288516998e+01
1.3890000000e+03,2.7000000000e+01,2.7000000000e+01,3.7866149902e+01
1.3890000000e+03,2.7000000000e+01,2.8000000000e+01,4.0537639618e+01
1.3890000000e+03,2.7000000000e+01,2.9000000000e+01,4.3302715302e+01
1.3890000000e+03,2.7000000000e+01,3.0000000000e+01,4.6161705017e+01
1.3890000000e+03,2.7000000000e+01,3.1000000000e+01,4.9114315033e+01
1.3890000000e+03,3.7000000000e+01,0.0000000000e+00,1.9942300320e+00
1.3890000000e+03,3.7000000000e+01,1.0000000000e+00,1.5908577442e+00
1.3890000000e+03,3.7000000000e+01,2.0000000000e+00,1.6136348248e+00
1.3890000000e+03,3.7000000000e+01,3.0000000000e+00,1.8585009575e+00
1.3890000000e+03,3.7000000000e+01,4.0000000000e+00,2.2442426682e+00
1.3890000000e+03,3.7000000000e+01,5.0000000000e+00,2.7454180717e+00
1.3890000000e+03,3.7000000000e+01,6.0000000000e+00,3.3496398926e+00
1.3890000000e+03,3.7000000000e+01,7.0000000000e+00,4.0504770279e+00
1.3890000000e+03,3.7000000000e+01,8.0000000000e+00,4.8439378738e+00
1.3890000000e+03,3.7000000000e+01,9.0000000000e+00,5.7275648117e+00
1.3890000000e+03,3.7000000000e+01,1.0000000000e+01,6.6996407509e+00
1.3890000000e+03,3.7000000000e+01,1.1000000000e+01,7.7590427399e+00
1.3890000000e+03,3.7000000000e+01,1.2000000000e+01,8.9049129486e+00
1.3890000000e+03,3.7000000000e+01,1.3000000000e+01,1.0136683464e+01
1.3890000000e+03,3.7000000000e+01,1.4000000000e+01,1.1453888893e+01
1.3890000000e+03,3.7000000000e+01,1.5000000000e+01,1.2856225967e+01
1.3890000000e+03,3.7000000000e+01,1.6000000000e+01,1.4343431473e+01
1.3890000000e+03,3.7000000000e+01,1.7000000000e+01,1.5915340424e+01
1.3890000000e+03,3.7000000000e+01,1.8000000000e+01,1.7571804047e+01
1.3890000000e+03,3.7000000000e+01,1.9000000000e+01,1.9312728882e+01
1.3890000000e+03,3.7000000000e+01,2.0000000000e+01,2.1138044357e+01
1.3890000000e+03,3.7000000000e+01,2.1000000000e+01,2.3047685623e+01
1.3890000000e+03,3.7000000000e+01,2.2000000000e+01,2.5041641235e+01
1.3890000000e+03,3.7000000000e+01,2.3000000000e+01,2.7119852066e+01
1.3890000000e+03,3.7000000000e+01,2.4000000000e+01,2.9282350540e+01
1.3890000000e+03,3.7000000000e+01,2.5000000000e+01,3.1529081345e+01
1.3890000000e+03,3.7000000000e+01,2.6000000000e+01,3.3860103607e+01
1.3890000000e+03,3.7000000000e+01,2.7000000000e+01,3.6275356293e+01
1.3890000000e+03,3.7000000000e+01,2.8000000000e+01,3.8774917603e+01
1.3890000000e+03,3.7000000000e+01,2.9000000000e+01,4.1358737946e+01
1.3890000000e+03,3.7000000000e+01,3.0000000000e+01,4.4026893616e+01
1.3890000000e+03,3.7000000000e+01,3.1000000000e+01,4.6779338837e+01
1.3890000000e+03,5.2000000000e+01,0.0000000000e+00,2.0051496029e+00
1.3890000000e+03,5.2000000000e+01,1.0000000000e+00,1.4805856943e+00
1.3890000000e+03,5.2000000000e+01,2.0000000000e+00,1.4587194920e+00
1.3890000000e+03,5.2000000000e+01,3.0000000000e+00,1.6697826385e+00
1.3890000000e+03,5.2000000000e+01,4.0000000000e+00,2.0098712444e+00
1.3890000000e+03,5.2000000000e+01,5.0000000000e+00,2.4470121861e+00
1.3890000000e+03,5.2000000000e+01,6.0000000000e+00,2.9655776024e+00
1.3890000000e+03,5.2000000000e+01,7.0000000000e+00,3.5572669506e+00
1.3890000000e+03,5.2000000000e+01,8.0000000000e+00,4.2167530060e+00
1.3890000000e+03,5.2000000000e+01,9.0000000000e+00,4.9406437874e+00
1.3890000000e+03,5.2000000000e+01,1.0000000000e+01,5.7264852524e+00
1.3890000000e+03,5.2000000000e+01,1.1000000000e+01,6.5725669861e+00
1.3890000000e+03,5.2000000000e+01,1.2000000000e+01,7.4775595665e+00
1.3890000000e+03,5.2000000000e+01,1.3000000000e+01,8.4404850006e+00
1.3890000000e+03,5.2000000000e+01,1.4000000000e+01,9.4605579376e+00
1.3890000000e+03,5.2000000000e+01,1.5000000000e+01,1.0537169456e+01
1.3890000000e+03,5.2000000000e+01,1.6000000000e+01,1.1669845581e+01
1.3890000000e+03,5.2000000000e+01,1.7000000000e+01,1.2858157158e+01
1.3890000000e+03,5.2000000000e+01,1.8000000000e+01,1.4101850510e+01
1.3890000000e+03,5.2000000000e+01,1.9000000000e+01,1.5400562286e+01
1.3890000000e+03,5.2000000000e+01,2.0000000000e+01,1.6754224777e+01
1.3890000000e+03,5.2000000000e+01,2.1000000000e+01,1.8162473679e+01
1.3890000000e+03,5.2000000000e+01,2.2000000000e+01,1.9625375748e+01
1.3890000000e+03,5.2000000000e+01,2.3000000000e+01,2.1142606735e+01
1.3890000000e+03,5.2000000000e+01,2.4000000000e+01,2.2714267731e+01
1.3890000000e+03,5.2000000000e+01,2.5000000000e+01,2.4340076447e+01
1.3890000000e+03,5.2000000000e+01,2.6000000000e+01,2.6020179749e+01
1.3890000000e+03,5.2000000000e+01,2.7000000000e+01,2.7754262924e+01
1.3890000000e+03,5.2000000000e+01,2.8000000000e+01,2.9542585373e+01
1.3890000000e+03,5.2000000000e+01,2.9000000000e+01,3.1384750366e+01
1.3890000000e+03,5.2000000000e+01,3.0000000000e+01,3.3281116486e+01
1.3890000000e+03,5.2000000000e+01,3.1000000000e+01,3.5231281281e+01
1.3890000000e+03,7.2000000000e+01,0.0000000000e+00,1.9934749603e+00
1.3890000000e+03,7.2000000000e+01,1.0000000000e+00,1.3269875050e+00
1.3890000000e+03,7.2000000000e+01,2.0000000000e+00,1.2526963949e+00
1.3890000000e+03,7.2000000000e+01,3.0000000000e+00,1.4186898470e+00
1.3890000000e+03,7.2000000000e+01,4.0000000000e+00,1.6973980665e+00
1.3890000000e+03,7.2000000000e+01,5.0000000000e+00,2.0505733490e+00
1.3890000000e+03,7.2000000000e+01,6.0000000000e+00,2.4594254494e+00
1.3890000000e+03,7.2000000000e+01,7.0000000000e+00,2.9143095016e+00
1.3890000000e+03,7.2000000000e+01,8.0000000000e+00,3.4088306427e+00
1.3890000000e+03,7.2000000000e+01,9.0000000000e+00,3.9390399456e+00
1.3890000000e+03,7.2000000000e+01,1.0000000000e+01,4.5019083023e+00
1.3890000000e+03,7.2000000000e+01,1.1000000000e+01,5.0954337120e+00
1.3890000000e+03,7.2000000000e+01,1.2000000000e+01,5.7178993225e+00
1.3890000000e+03,7.2000000000e+01,1.3000000000e+01,6.3681712151e+00
1.3890000000e+03,7.2000000000e+01,1.4000000000e+01,7.0451478958e+00
1.3890000000e+03,7.2000000000e+01,1.5000000000e+01,7.7481632233e+00
1.3890000000e+03,7.2000000000e+01,1.6000000000e+01,8.4764146805e+00
1.3890000000e+03,7.2000000000e+01,1.7000000000e+01,9.2295455933e+00
1.3890000000e+03,7.2000000000e+01,1.8000000000e+01,1.0006895065e+01
1.3890000000e+03,7.2000000000e+01,1.9000000000e+01,1.0808324814e+01
1.3890000000e+03,7.2000000000e+01,2.0000000000e+01,1.1633241653e+01
1.3890000000e+03,7.2000000000e+01,2.1000000000e+01,1.2481665611e+01
1.3890000000e+03,7.2000000000e+01,2.2000000000e+01,1.3353024483e+01
1.3890000000e+03,7.2000000000e+01,2.3000000000e+01,1.4247450829e+01
1.3890000000e+03,7.2000000000e+01,2.4000000000e+01,1.5164412498e+01
1.3890000000e+03,7.2000000000e+01,2.5000000000e+01,1.6104076385e+01
1.3890000000e+03,7.2000000000e+01,2.6000000000e+01,1.7065982819e+01
1.3890000000e+03,7.2000000000e+01,2.7000000000e+01,1.8050355911e+01
1.3890000000e+03,7.2000000000e+01,2.8000000000e+01,1.9056753159e+01
1.3890000000e+03,7.2000000000e+01,2.9000000000e+01,2.0085426331e+01
1.3890000000e+03,7.2000000000e+01,3.0000000000e+01,2.1135892868e+01
1.3890000000e+03,7.2000000000e+01,3.1000000000e+01,2.2208520889e+01
1.3890000000e+03,1.0000000000e+02,0.0000000000e+00,2.0034279823e+00
1.3890000000e+03,1.0000000000e+02,1.0000000000e+00,1.1932569742e+00
1.3890000000e+03,1.0000000000e+02,2.0000000000e+00,1.0442317724e+00
1.3890000000e+03,1.0000000000e+02,3.0000000000e+00,1.1399428844e+00
1.3890000000e+03,1.0000000000e+02,4.0000000000e+00,1.3253592253e+00
1.3890000000e+03,1.0000000000e+02,5.0000000000e+00,1.5590633154e+00
1.3890000000e+03,1.0000000000e+02,6.0000000000e+00,1.8213963509e+00
1.3890000000e+03,1.0000000000e+02,7.0000000000e+00,2.1025984287e+00
1.3890000000e+03,1.0000000000e+02,8.0000000000e+00,2.3968446255e+00
1.3890000000e+03,1.0000000000e+02,9.0000000000e+00,2.7005598545e+00
1.3890000000e+03,1.0000000000e+02,1.0000000000e+01,3.0113463402e+00
1.3890000000e+03,1.0000000000e+02,1.1000000000e+01,3.3275520802e+00
1.3890000000e+03,1.0000000000e+02,1.2000000000e+01,3.6480011940e+00
1.3890000000e+03,1.0000000000e+02,1.3000000000e+01,3.9718136787e+00
1.3890000000e+03,1.0000000000e+02,1.4000000000e+01,4.2983531952e+00
1.3890000000e+03,1.0000000000e+02,1.5000000000e+01,4.6271057129e+00
1.3890000000e+03,1.0000000000e+02,1.6000000000e+01,4.9577016830e+00
1.3890000000e+03,1.0000000000e+02,1.7000000000e+01,5.2898321152e+00
1.3890000000e+03,1.0000000000e+02,1.8000000000e+01,5.6232600212e+00
1.3890000000e+03,1.0000000000e+02,1.9000000000e+01,5.9578065872e+00
1.3890000000e+03,1.0000000000e+02,2.0000000000e+01,6.2933158875e+00
1.3890000000e+03,1.0000000000e+02,2.1000000000e+01,6.6296725273e+00
1.3890000000e+03,1.0000000000e+02,2.2000000000e+01,6.9667768478e+00
1.3890000000e+03,1.0000000000e+02,2.3000000000e+01,7.3045511246e+00
1.3890000000e+03,1.0000000000e+02,2.4000000000e+01,7.6429500580e+00
1.3890000000e+03,1.0000000000e+02,2.5000000000e+01,7.9818749428e+00
1.3890000000e+03,1.0000000000e+02,2.6000000000e+01,8.3213729858e+00
1.3890000000e+03,1.0000000000e+02,2.7000000000e+01,8.6612997055e+00
1.3890000000e+03,1.0000000000e+02,2.8000000000e+01,9.0017728806e+00
1.3890000000e+03,1.0000000000e+02,2.9000000000e+01,9.3426303864e+00
1.3890000000e+03,1.0000000000e+02,3.0000000000e+01,9.6840038300e+00
1.3890000000e+03,1.0000000000e+02,3.1000000000e+01,1.0025752068e+01
1.3890000000e+03,1.3900000000e+02,0.0000000000e+00,2.0053369999e+00
1.3890000000e+03,1.3900000000e+02,1.0000000000e+00,1.0329484940e+00
1.3890000000e+03,1.3900000000e+02,2.0000000000e+00,8.1942188740e-01
1.3890000000e+03,1.3900000000e+02,3.0000000000e+00,8.4786742926e-01
1.3890000000e+03,1.3900000000e+02,4.0000000000e+00,9.4741022587e-01
1.3890000000e+03,1.3900000000e+02,5.0000000000e+00,1.0755319595e+00
1.3890000000e+03,1.3900000000e+02,6.0000000000e+00,1.2143930197e+00
1.3890000000e+03,1.3900000000e+02,7.0000000000e+00,1.3561375141e+00
1.3890000000e+03,1.3900000000e+02,8.0000000000e+00,1.4966496229e+00
1.3890000000e+03,1.3900000000e+02,9.0000000000e+00,1.6338502169e+00
1.3890000000e+03,1.3900000000e+02,1.0000000000e+01,1.7666094303e+00
1.3890000000e+03,1.3900000000e+02,1.1000000000e+01,1.8943946362e+00
1.3890000000e+03,1.3900000000e+02,1.2000000000e+01,2.0169672966e+00
1.3890000000e+03,1.3900000000e+02,1.3000000000e+01,2.1342990398e+00
1.3890000000e+03,1.3900000000e+02,1.4000000000e+01,2.2464575768e+00
1.3890000000e+03,1.3900000000e+02,1.5000000000e+01,2.3535916805e+00
1.3890000000e+03,1.3900000000e+02,1.6000000000e+01,2.4558744431e+00
1.3890000000e+03,1.3900000000e+02,1.7000000000e+01,2.5535125732e+00
1.3890000000e+03,1.3900000000e+02,1.8000000000e+01,2.6467108727e+00
1.3890000000e+03,1.3900000000e+02,1.9000000000e+01,2.7356839180e+00
1.3890000000e+03,1.3900000000e+02,2.0000000000e+01,2.8206367493e+00
1.3890000000e+03,1.3900000000e+02,2.1000000000e+01,2.9017758369e+00
1.3890000000e+03,1.3900000000e+02,2.2000000000e+01,2.9792923927e+00
1.3890000000e+03,1.3900000000e+02,2.3000000000e+01,3.0533773899e+00
1.3890000000e+03,1.3900000000e+02,2.4000000000e+01,3.1242048740e+00
1.3890000000e+03,1.3900000000e+02,2.5000000000e+01,3.1919467449e+00
1.3890000000e+03,1.3900000000e+02,2.6000000000e+01,3.2567610741e+00
1.3890000000e+03,1.3900000000e+02,2.7000000000e+01,3.3188016415e+00
1.3890000000e+03,1.3900000000e+02,2.8000000000e+01,3.3782081604e+00
1.3890000000e+03,1.3900000000e+02,2.9000000000e+01,3.4351181984e+00
1.3890000000e+03,1.3900000000e+02,3.0000000000e+01,3.4896569252e+00
1.3890000000e+03,1.3900000000e+02,3.1000000000e+01,3.5419461727e+00
1.3890000000e+03,1.9300000000e+02,0.0000000000e+00,1.9963107109e+00
1.3890000000e+03,1.9300000000e+02,1.0000000000e+00,8.8394647837e-01
1.3890000000e+03,1.9300000000e+02,2.0000000000e+00,6.1902463436e-01
1.3890000000e+03,1.9300000000e+02,3.0000000000e+00,5.9609663486e-01
1.3890000000e+03,1.9300000000e+02,4.0000000000e+00,6.3468831778e-01
1.3890000000e+03,1.9300000000e+02,5.0000000000e+00,6.9240820408e-01
1.3890000000e+03,1.9300000000e+02,6.0000000000e+00,7.5398898125e-01
1.3890000000e+03,1.9300000000e+02,7.0000000000e+00,8.1361532211e-01
1.3890000000e+03,1.9300000000e+02,8.0000000000e+00,8.6896371841e-01
1.3890000000e+03,1.9300000000e+02,9.0000000000e+00,9.1928231716e-01
1.3890000000e+03,1.9300000000e+02,1.0000000000e+01,9.6450698376e-01
1.3890000000e+03,1.9300000000e+02,1.1000000000e+01,1.0048887730e+00
1.3890000000e+03,1.9300000000e+02,1.2000000000e+01,1.0408086777e+00
1.3890000000e+03,1.9300000000e+02,1.3000000000e+01,1.0726890564e+00
1.3890000000e+03,1.9300000000e+02,1.4000000000e+01,1.1009496450e+00
1.3890000000e+03,1.9300000000e+02,1.5000000000e+01,1.1259868145e+00
1.3890000000e+03,1.9300000000e+02,1.6000000000e+01,1.1481641531e+00
1.3890000000e+03,1.9300000000e+02,1.7000000000e+01,1.1678104401e+00
1.3890000000e+03,1.9300000000e+02,1.8000000000e+01,1.1852196455e+00
1.3890000000e+03,1.9300000000e+02,1.9000000000e+01,1.2006525993e+00
1.3890000000e+03,1.9300000000e+02,2.0000000000e+01,1.2143404484e+00
1.3890000000e+03,1.9300000000e+02,2.1000000000e+01,1.2264876366e+00
1.3890000000e+03,1.9300000000e+02,2.2000000000e+01,1.2372732162e+00
1.3890000000e+03,1.9300000000e+02,2.3000000000e+01,1.2468563318e+00
1.3890000000e+03,1.9300000000e+02,2.4000000000e+01,1.2553763390e+00
1.3890000000e+03,1.9300000000e+02,2.5000000000e+01,1.2629556656e+00
1.3890000000e+03,1.9300000000e+02,2.6000000000e+01,1.2697027922e+00
1.3890000000e+03,1.9300000000e+02,2.7000000000e+01,1.2757127285e+00
1.3890000000e+03,1.9300000000e+02,2.8000000000e+01,1.2810695171e+00
1.3890000000e+03,1.9300000000e+02,2.9000000000e+01,1.2858471870e+00
1.3890000000e+03,1.9300000000e+02,3.0000000000e+01,1.2901105881e+00
1.3890000000e+03,1.9300000000e+02,3.1000000000e+01,1.2939177752e+00
1.3890000000e+03,2.6800000000e+02,0.0000000000e+00,2.0140538216e+00
1.3890000000e+03,2.6800000000e+02,1.0000000000e+00,7.6572442055e-01
1.3890000000e+03,2.6800000000e+02,2.0000000000e+00,4.6245437860e-01
1.3890000000e+03,2.6800000000e+02,3.0000000000e+00,4.0926373005e-01
1.3890000000e+03,2.6800000000e+02,4.0000000000e+00,4.1421580315e-01
1.3890000000e+03,2.6800000000e+02,5.0000000000e+00,4.3511629105e-01
1.3890000000e+03,2.6800000000e+02,6.0000000000e+00,4.5873141289e-01
1.3890000000e+03,2.6800000000e+02,7.0000000000e+00,4.8074996471e-01
1.3890000000e+03,2.6800000000e+02,8.0000000000e+00,4.9988234043e-01
1.3890000000e+03,2.6800000000e+02,9.0000000000e+00,5.1598101854e-01
1.3890000000e+03,2.6800000000e+02,1.0000000000e+01,5.2930313349e-01
1.3890000000e+03,2.6800000000e+02,1.1000000000e+01,5.4022848606e-01
1.3890000000e+03,2.6800000000e+02,1.2000000000e+01,5.4914361238e-01
1.3890000000e+03,2.6800000000e+02,1.3000000000e+01,5.5639886856e-01
1.3890000000e+03,2.6800000000e+02,1.4000000000e+01,5.6229579449e-01
1.3890000000e+03,2.6800000000e+02,1.5000000000e+01,5.6708681583e-01
1.3890000000e+03,2.6800000000e+02,1.6000000000e+01,5.7097983360e-01
1.3890000000e+03,2.6800000000e+02,1.7000000000e+01,5.7414472103e-01
1.3890000000e+03,2.6800000000e+02,1.8000000000e+01,5.7671964169e-01
1.3890000000e+03,2.6800000000e+02,1.9000000000e+01,5.7881641388e-01
1.3890000000e+03,2.6800000000e+02,2.0000000000e+01,5.8052545786e-01
1.3890000000e+03,2.6800000000e+02,2.1000000000e+01,5.8192002773e-01
1.3890000000e+03,2.6800000000e+02,2.2000000000e+01,5.8305907249e-01
1.3890000000e+03,2.6800000000e+02,2.3000000000e+01,5.8399057388e-01
1.3890000000e+03,2.6800000000e+02,2.4000000000e+01,5.8475303650e-01
1.3890000000e+03,2.6800000000e+02,2.5000000000e+01,5.8537793159e-01
1.3890000000e+03,2.6800000000e+02,2.6000000000e+01,5.8589047194e-01
1.3890000000e+03,2.6800000000e+02,2.7000000000e+01,5.8631139994e-01
1.3890000000e+03,2.6800000000e+02,2.8000000000e+01,5.8665740490e-01
1.3890000000e+03,2.6800000000e+02,2.9000000000e+01,5.8694201708e-01
1.3890000000e+03,2.6800000000e+02,3.0000000000e+01,5.8717650175e-01
1.3890000000e+03,2.6800000000e+02,3.1000000000e+01,5.8736979961e-01
1.3890000000e+03,3.7300000000e+02,0.0000000000e+00,2.0029296875e+00
1.3890000000e+03,3.7300000000e+02,1.0000000000e+00,8.2665032148e-01
1.3890000000e+03,3.7300000000e+02,2.0000000000e+00,5.9557694197e-01
1.3890000000e+03,3.7300000000e+02,3.0000000000e+00,5.6790161133e-01
1.3890000000e+03,3.7300000000e+02,4.0000000000e+00,5.8039635420e-01
1.3890000000e+03,3.7300000000e+02,5.0000000000e+00,6.0011065006e-01
1.3890000000e+03,3.7300000000e+02,6.0000000000e+00,6.1889016628e-01
1.3890000000e+03,3.7300000000e+02,7.0000000000e+00,6.3475579023e-01
1.3890000000e+03,3.7300000000e+02,8.0000000000e+00,6.4759558439e-01
1.3890000000e+03,3.7300000000e+02,9.0000000000e+00,6.5779954195e-01
1.3890000000e+03,3.7300000000e+02,1.0000000000e+01,6.6584706306e-01
1.3890000000e+03,3.7300000000e+02,1.1000000000e+01,6.7217522860e-01
1.3890000000e+03,3.7300000000e+02,1.2000000000e+01,6.7714792490e-01
1.3890000000e+03,3.7300000000e+02,1.3000000000e+01,6.8105709553e-01
1.3890000000e+03,3.7300000000e+02,1.4000000000e+01,6.8413269520e-01
1.3890000000e+03,3.7300000000e+02,1.5000000000e+01,6.8655478954e-01
1.3890000000e+03,3.7300000000e+02,1.6000000000e+01,6.8846404552e-01
1.3890000000e+03,3.7300000000e+02,1.7000000000e+01,6.8997025490e-01
1.3890000000e+03,3.7300000000e+02,1.8000000000e+01,6.9115924835e-01
1.3890000000e+03,3.7300000000e+02,1.9000000000e+01,6.9209814072e-01
1.3890000000e+03,3.7300000000e+02,2.0000000000e+01,6.9283986092e-01
1.3890000000e+03,3.7300000000e+02,2.1000000000e+01,6.9342577457e-01
1.3890000000e+03,3.7300000000e+02,2.2000000000e+01,6.9388848543e-01
1.3890000000e+03,3.7300000000e+02,2.3000000000e+01,6.9425380230e-01
1.3890000000e+03,3.7300000000e+02,2.4000000000e+01,6.9454210997e-01
1.3890000000e+03,3.7300000000e+02,2.5000000000e+01,6.9476938248e-01
1.3890000000e+03,3.7300000000e+02,2.6000000000e+01,6.9494849443e-01
1.3890000000e+03,3.7300000000e+02,2.7000000000e+01,6.9508934021e-01
1.3890000000e+03,3.7300000000e+02,2.8000000000e+01,6.9520002604e-01
1.3890000000e+03,3.7300000000e+02,2.9000000000e+01,6.9528687000e-01
1.3890000000e+03,3.7300000000e+02,3.0000000000e+01,6.9535493851e-01
1.3890000000e+03,3.7300000000e+02,3.1000000000e+01,6.9540816545e-01
1.3890000000e+03,5.1800000000e+02,0.0000000000e+00,2.0060884953e+00
1.3890000000e+03,5.1800000000e+02,1.0000000000e+00,5.4745721817e-01
1.3890000000e+03,5.1800000000e+02,2.0000000000e+00,2.4773494899e-01
1.3890000000e+03,5.1800000000e+02,3.0000000000e+00,1.9297352433e-01
1.3890000000e+03,5.1800000000e+02,4.0000000000e+00,1.8466688693e-01
1.3890000000e+03,5.1800000000e+02,5.0000000000e+00,1.8666598201e-01
1.3890000000e+03,5.1800000000e+02,6.0000000000e+00,1.9042997062e-01
1.3890000000e+03,5.1800000000e+02,7.0000000000e+00,1.9387495518e-01
1.3890000000e+03,5.1800000000e+02,8.0000000000e+00,1.9661007822e-01
1.3890000000e+03,5.1800000000e+02,9.0000000000e+00,1.9868198037e-01
1.3890000000e+03,5.1800000000e+02,1.0000000000e+01,2.0022614300e-01
1.3890000000e+03,5.1800000000e+02,1.1000000000e+01,2.0137234032e-01
1.3890000000e+03,5.1800000000e+02,1.2000000000e+01,2.0222406089e-01
1.3890000000e+03,5.1800000000e+02,1.3000000000e+01,2.0285908878e-01
1.3890000000e+03,5.1800000000e+02,1.4000000000e+01,2.0333452523e-01
1.3890000000e+03,5.1800000000e+02,1.5000000000e+01,2.0369198918e-01
1.3890000000e+03,5.1800000000e+02,1.6000000000e+01,2.0396184921e-01
1.3890000000e+03,5.1800000000e+02,1.7000000000e+01,2.0416639745e-01
1.3890000000e+03,5.1800000000e+02,1.8000000000e+01,2.0432192087e-01
1.3890000000e+03,5.1800000000e+02,1.9000000000e+01,2.0444057882e-01
1.3890000000e+03,5.1800000000e+02,2.0000000000e+01,2.0453134179e-01
1.3890000000e+03,5.1800000000e+02,2.1000000000e+01,2.0460094512e-01
1.3890000000e+03,5.1800000000e+02,2.2000000000e+01,2.0465445518e-01
1.3890000000e+03,5.1800000000e+02,2.3000000000e+01,2.0469567180e-01
1.3890000000e+03,5.1800000000e+02,2.4000000000e+01,2.0472747087e-01
1.3890000000e+03,5.1800000000e+02,2.5000000000e+01,2.0475201309e-01
1.3890000000e+03,5.1800000000e+02,2.6000000000e+01,2.0477102697e-01
1.3890000000e+03,5.1800000000e+02,2.7000000000e+01,2.0478576422e-01
1.3890000000e+03,5.1800000000e+02,2.8000000000e+01,2.0479720831e-01
1.3890000000e+03,5.1800000000e+02,2.9000000000e+01,2.0480605960e-01
1.3890000000e+03,5.1800000000e+02,3.0000000000e+01,2.0481294394e-01
1.3890000000e+03,5.1800000000e+02,3.1000000000e+01,2.0481832325e-01
1.3890000000e+03,7.2000000000e+02,0.0000000000e+00,2.0108063221e+00
1.3890000000e+03,7.2000000000e+02,1.0000000000e+00,5.1822900772e-01
1.3890000000e+03,7.2000000000e+02,2.0000000000e+00,2.5730618834e-01
1.3890000000e+03,7.2000000000e+02,3.0000000000e+00,2.2510288656e-01
1.3890000000e+03,7.2000000000e+02,4.0000000000e+00,2.2699092329e-01
1.3890000000e+03,7.2000000000e+02,5.0000000000e+00,2.3302762210e-01
1.3890000000e+03,7.2000000000e+02,6.0000000000e+00,2.3796200752e-01
1.3890000000e+03,7.2000000000e+02,7.0000000000e+00,2.4129059911e-01
1.3890000000e+03,7.2000000000e+02,8.0000000000e+00,2.4338625371e-01
1.3890000000e+03,7.2000000000e+02,9.0000000000e+00,2.4466255307e-01
1.3890000000e+03,7.2000000000e+02,1.0000000000e+01,2.4542503059e-01
1.3890000000e+03,7.2000000000e+02,1.1000000000e+01,2.4587464333e-01
1.3890000000e+03,7.2000000000e+02,1.2000000000e+01,2.4613697827e-01
1.3890000000e+03,7.2000000000e+02,1.3000000000e+01,2.4628864229e-01
1.3890000000e+03,7.2000000000e+02,1.4000000000e+01,2.4637550116e-01
1.3890000000e+03,7.2000000000e+02,1.5000000000e+01,2.4642479420e-01
1.3890000000e+03,7.2000000000e+02,1.6000000000e+01,2.4645243585e-01
1.3890000000e+03,7.2000000000e+02,1.7000000000e+01,2.4646778405e-01
1.3890000000e+03,7.2000000000e+02,1.8000000000e+01,2.4647612870e-01
1.3890000000e+03,7.2000000000e+02,1.9000000000e+01,2.4648058414e-01
1.3890000000e+03,7.2000000000e+02,2.0000000000e+01,2.4648287892e-01
1.3890000000e+03,7.2000000000e+02,2.1000000000e+01,2.4648407102e-01
1.3890000000e+03,7.2000000000e+02,2.2000000000e+01,2.4648462236e-01
1.3890000000e+03,7.2000000000e+02,2.3000000000e+01,2.4648486078e-01
1.3890000000e+03,7.2000000000e+02,2.4000000000e+01,2.4648496509e-01
1.3890000000e+03,7.2000000000e+02,2.5000000000e+01,2.4648499489e-01
1.3890000000e+03,7.2000000000e+02,2.6000000000e+01,2.4648496509e-01
1.3890000000e+03,7.2000000000e+02,2.7000000000e+01,2.4648496509e-01
1.3890000000e+03,7.2000000000e+02,2.8000000000e+01,2.4648492038e-01
1.3890000000e+03,7.2000000000e+02,2.9000000000e+01,2.4648492038e-01
1.3890000000e+03,7.2000000000e+02,3.0000000000e+01,2.4648492038e-01
1.3890000000e+03,7.2000000000e+02,3.1000000000e+01,2.4648490548e-01
1.3890000000e+03,1.0000000000e+03,0.0000000000e+00,2.0007901192e+00
1.3890000000e+03,1.0000000000e+03,1.0000000000e+00,4.1674035788e-01
1.3890000000e+03,1.0000000000e+03,2.0000000000e+00,1.8193802238e-01
1.3890000000e+03,1.0000000000e+03,3.0000000000e+00,1.5664598346e-01
1.3890000000e+03,1.0000000000e+03,4.0000000000e+00,1.5686751902e-01
1.3890000000e+03,1.0000000000e+03,5.0000000000e+00,1.5971638262e-01
1.3890000000e+03,1.0000000000e+03,6.0000000000e+00,1.6213846207e-01
1.3890000000e+03,1.0000000000e+03,7.0000000000e+00,1.6401599348e-01
1.3890000000e+03,1.0000000000e+03,8.0000000000e+00,1.6556786001e-01
1.3890000000e+03,1.0000000000e+03,9.0000000000e+00,1.6696110368e-01
1.3890000000e+03,1.0000000000e+03,1.0000000000e+01,1.6829016805e-01
1.3890000000e+03,1.0000000000e+03,1.1000000000e+01,1.6960281134e-01
1.3890000000e+03,1.0000000000e+03,1.2000000000e+01,1.7092123628e-01
1.3890000000e+03,1.0000000000e+03,1.3000000000e+01,1.7225450277e-01
1.3890000000e+03,1.0000000000e+03,1.4000000000e+01,1.7360511422e-01
1.3890000000e+03,1.0000000000e+03,1.5000000000e+01,1.7497253418e-01
1.3890000000e+03,1.0000000000e+03,1.6000000000e+01,1.7635470629e-01
1.3890000000e+03,1.0000000000e+03,1.7000000000e+01,1.7774911225e-01
1.3890000000e+03,1.0000000000e+03,1.8000000000e+01,1.7915296555e-01
1.3890000000e+03,1.0000000000e+03,1.9000000000e+01,1.8056356907e-01
1.3890000000e+03,1.0000000000e+03,2.0000000000e+01,1.8197834492e-01
1.3890000000e+03,1.0000000000e+03,2.1000000000e+01,1.8339483440e-01
1.3890000000e+03,1.0000000000e+03,2.2000000000e+01,1.8481081724e-01
1.3890000000e+03,1.0000000000e+03,2.3000000000e+01,1.8622417748e-01
1.3890000000e+03,1.0000000000e+03,2.4000000000e+01,1.8763299286e-01
1.3890000000e+03,1.0000000000e+03,2.5000000000e+01,1.8903551996e-01
1.3890000000e+03,1.0000000000e+03,2.6000000000e+01,1.9043014944e-01
1.3890000000e+03,1.0000000000e+03,2.7000000000e+01,1.9181540608e-01
1.3890000000e+03,1.0000000000e+03,2.8000000000e+01,1.9318993390e-01
1.3890000000e+03,1.0000000000e+03,2.9000000000e+01,1.9455255568e-01
1.3890000000e+03,1.0000000000e+03,3.0000000000e+01,1.9590216875e-01
1.3890000000e+03,1.0000000000e+03,3.1000000000e+01,1.9723774493e-01
1.9310000000e+03,1.0000000000e+01,0.0000000000e+00,1.9861522913e+00
1.9310000000e+03,1.0000000000e+01,1.0000000000e+00,1.8764009476e+00
1.9310000000e+03,1.0000000000e+01,2.0000000000e+00,1.9505183697e+00
1.9310000000e+03,1.0000000000e+01,3.0000000000e+00,2.1480634212e+00
1.9310000000e+03,1.0000000000e+01,4.0000000000e+00,2.4423720837e+00
1.9310000000e+03,1.0000000000e+01,5.0000000000e+00,2.8259613514e+00
1.9310000000e+03,1.0000000000e+01,6.0000000000e+00,3.2955651283e+00
1.9310000000e+03,1.0000000000e+01,7.0000000000e+00,3.8499321938e+00
1.9310000000e+03,1.0000000000e+01,8.0000000000e+00,4.4884834290e+00
1.9310000000e+03,1.0000000000e+01,9.0000000000e+00,5.2109661102e+00
1.9310000000e+03,1.0000000000e+01,1.0000000000e+01,6.0172977448e+00
1.9310000000e+03,1.0000000000e+01,1.1000000000e+01,6.9074339867e+00
1.9310000000e+03,1.0000000000e+01,1.2000000000e+01,7.8813958168e+00
1.9310000000e+03,1.0000000000e+01,1.3000000000e+01,8.9391832352e+00
1.9310000000e+03,1.0000000000e+01,1.4000000000e+01,1.0080841064e+01
1.9310000000e+03,1.0000000000e+01,1.5000000000e+01,1.1306375504e+01
1.9310000000e+03,1.0000000000e+01,1.6000000000e+01,1.2615830421e+01
1.9310000000e+03,1.0000000000e+01,1.7000000000e+01,1.4009212494e+01
1.9310000000e+03,1.0000000000e+01,1.8000000000e+01,1.5486560822e+01
1.9310000000e+03,1.0000000000e+01,1.9000000000e+01,1.7047882080e+01
1.9310000000e+03,1.0000000000e+01,2.0000000000e+01,1.8693204880e+01
1.9310000000e+03,1.0000000000e+01,2.1000000000e+01,2.0422533035e+01
1.9310000000e+03,1.0000000000e+01,2.2000000000e+01,2.2235897064e+01
1.9310000000e+03,1.0000000000e+01,2.3000000000e+01,2.4133296967e+01
1.9310000000e+03,1.0000000000e+01,2.4000000000e+01,2.6114749908e+01
1.9310000000e+03,1.0000000000e+01,2.5000000000e+01,2.8180259705e+01
1.9310000000e+03,1.0000000000e+01,2.6000000000e+01,3.0329847336e+01
1.9310000000e+03,1.0000000000e+01,2.7000000000e+01,3.2563507080e+01
1.9310000000e+03,1.0000000000e+01,2.8000000000e+01,3.4881259918e+01
1.9310000000e+03,1.0000000000e+01,2.9000000000e+01,3.7283096313e+01
1.9310000000e+03,1.0000000000e+01,3.0000000000e+01,3.9769035339e+01
1.9310000000e+03,1.0000000000e+01,3.1000000000e+01,4.2339076996e+01
1.9310000000e+03,1.4000000000e+01,0.0000000000e+00,1.9939272404e+00
1.9310000000e+03,1.4000000000e+01,1.0000000000e+00,1.8317497969e+00
1.9310000000e+03,1.4000000000e+01,2.0000000000e+00,1.8977779150e+00
1.9310000000e+03,1.4000000000e+01,3.0000000000e+00,2.1087760925e+00
1.9310000000e+03,1.4000000000e+01,4.0000000000e+00,2.4297139645e+00
1.9310000000e+03,1.4000000000e+01,5.0000000000e+00,2.8496937752e+00
1.9310000000e+03,1.4000000000e+01,6.0000000000e+00,3.3639218807e+00
1.9310000000e+03,1.4000000000e+01,7.0000000000e+00,3.9702820778e+00
1.9310000000e+03,1.4000000000e+01,8.0000000000e+00,4.6676092148e+00
1.9310000000e+03,1.4000000000e+01,9.0000000000e+00,5.4553289413e+00
1.9310000000e+03,1.4000000000e+01,1.0000000000e+01,6.3331208229e+00
1.9310000000e+03,1.4000000000e+01,1.1000000000e+01,7.3008246422e+00
1.9310000000e+03,1.4000000000e+01,1.2000000000e+01,8.3583660126e+00
1.9310000000e+03,1.4000000000e+01,1.3000000000e+01,9.5057086945e+00
1.9310000000e+03,1.4000000000e+01,1.4000000000e+01,1.0742856979e+01
1.9310000000e+03,1.4000000000e+01,1.5000000000e+01,1.2069810867e+01
1.9310000000e+03,1.4000000000e+01,1.6000000000e+01,1.3486601830e+01
1.9310000000e+03,1.4000000000e+01,1.7000000000e+01,1.4993238449e+01
1.9310000000e+03,1.4000000000e+01,1.8000000000e+01,1.6589761734e+01
1.9310000000e+03,1.4000000000e+01,1.9000000000e+01,1.8276176453e+01
1.9310000000e+03,1.4000000000e+01,2.0000000000e+01,2.0052524567e+01
1.9310000000e+03,1.4000000000e+01,2.1000000000e+01,2.1918809891e+01
1.9310000000e+03,1.4000000000e+01,2.2000000000e+01,2.3875072479e+01
1.9310000000e+03,1.4000000000e+01,2.3000000000e+01,2.5921314240e+01
1.9310000000e+03,1.4000000000e+01,2.4000000000e+01,2.8057577133e+01
1.9310000000e+03,1.4000000000e+01,2.5000000000e+01,3.0283843994e+01
1.9310000000e+03,1.4000000000e+01,2.6000000000e+01,3.2600173950e+01
1.9310000000e+03,1.4000000000e+01,2.7000000000e+01,3.5006530762e+01
1.9310000000e+03,1.4000000000e+01,2.8000000000e+01,3.7502979279e+01
1.9310000000e+03,1.4000000000e+01,2.9000000000e+01,4.0089488983e+01
1.9310000000e+03,1.4000000000e+01,3.0000000000e+01,4.2766109467e+01
1.9310000000e+03,1.4000000000e+01,3.1000000000e+01,4.5532814026e+01
1.9310000000e+03,1.9000000000e+01,0.0000000000e+00,1.9995044470e+00
1.9310000000e+03,1.9000000000e+01,1.0000000000e+00,1.7759096622e+00
1.9310000000e+03,1.9000000000e+01,2.0000000000e+00,1.8294414282e+00
1.9310000000e+03,1.9000000000e+01,3.0000000000e+00,2.0508017540e+00
1.9310000000e+03,1.9000000000e+01,4.0000000000e+00,2.3941125870e+00
1.9310000000e+03,1.9000000000e+01,5.0000000000e+00,2.8451857567e+00
1.9310000000e+03,1.9000000000e+01,6.0000000000e+00,3.3973164558e+00
1.9310000000e+03,1.9000000000e+01,7.0000000000e+00,4.0473599434e+00
1.9310000000e+03,1.9000000000e+01,8.0000000000e+00,4.7934985161e+00
1.9310000000e+03,1.9000000000e+01,9.0000000000e+00,5.6347422600e+00
1.9310000000e+03,1.9000000000e+01,1.0000000000e+01,6.5704984665e+00
1.9310000000e+03,1.9000000000e+01,1.1000000000e+01,7.6004109383e+00
1.9310000000e+03,1.9000000000e+01,1.2000000000e+01,8.7242832184e+00
1.9310000000e+03,1.9000000000e+01,1.3000000000e+01,9.9419765472e+00
1.9310000000e+03,1.9000000000e+01,1.4000000000e+01,1.1253448486e+01
1.9310000000e+03,1.9000000000e+01,1.5000000000e+01,1.2658635139e+01
1.9310000000e+03,1.9000000000e+01,1.6000000000e+01,1.4157556534e+01
1.9310000000e+03,1.9000000000e+01,1.7000000000e+01,1.5750186920e+01
1.9310000000e+03,1.9000000000e+01,1.8000000000e+01,1.7436563492e+01
1.9310000000e+03,1.9000000000e+01,1.9000000000e+01,1.9216680527e+01
1.9310000000e+03,1.9000000000e+01,2.0000000000e+01,2.1090579987e+01
1.9310000000e+03,1.9000000000e+01,2.1000000000e+01,2.3058258057e+01
1.9310000000e+03,1.9000000000e+01,2.2000000000e+01,2.5119764328e+01
1.9310000000e+03,1.9000000000e+01,2.3000000000e+01,2.7275098801e+01
1.9310000000e+03,1.9000000000e+01,2.4000000000e+01,2.9524303436e+01
1.9310000000e+03,1.9000000000e+01,2.5000000000e+01,3.1867380142e+01
1.9310000000e+03,1.9000000000e+01,2.6000000000e+01,3.4304374695e+01
1.9310000000e+03,1.9000000000e+01,2.7000000000e+01,3.6835273743e+01
1.9310000000e+03,1.9000000000e+01,2.8000000000e+01,3.9460140228e+01
1.9310000000e+03,1.9000000000e+01,2.9000000000e+01,4.2178951263e+01
1.9310000000e+03,1.9000000000e+01,3.0000000000e+01,4.4991760254e+01
1.9310000000e+03,1.9000000000e+01,3.1000000000e+01,4.7898551941e+01
1.9310000000e+03,2.7000000000e+01,0.0000000000e+00,1.9980603456e+00
1.9310000000e+03,2.7000000000e+01,1.0000000000e+00,1.6821744442e+00
1.9310000000e+03,2.7000000000e+01,2.0000000000e+00,1.7163337469e+00
1.9310000000e+03,2.7000000000e+01,3.0000000000e+00,1.9465485811e+00
1.9310000000e+03,2.7000000000e+01,4.0000000000e+00,2.3106136322e+00
1.9310000000e+03,2.7000000000e+01,5.0000000000e+00,2.7889873981e+00
1.9310000000e+03,2.7000000000e+01,6.0000000000e+00,3.3721837997e+00
1.9310000000e+03,2.7000000000e+01,7.0000000000e+00,4.0555300713e+00
1.9310000000e+03,2.7000000000e+01,8.0000000000e+00,4.8361921310e+00
1.9310000000e+03,2.7000000000e+01,9.0000000000e+00,5.7125368118e+00
1.9310000000e+03,2.7000000000e+01,1.0000000000e+01,6.6834907532e+00
1.9310000000e+03,2.7000000000e+01,1.1000000000e+01,7.7483768463e+00
1.9310000000e+03,2.7000000000e+01,1.2000000000e+01,8.9067373276e+00
1.9310000000e+03,2.7000000000e+01,1.3000000000e+01,1.0158258438e+01
1.9310000000e+03,2.7000000000e+01,1.4000000000e+01,1.1502741814e+01
1.9310000000e+03,2.7000000000e+01,1.5000000000e+01,1.2940036774e+01
1.9310000000e+03,2.7000000000e+01,1.6000000000e+01,1.4470062256e+01
1.9310000000e+03,2.7000000000e+01,1.7000000000e+01,1.6092746735e+01
1.9310000000e+03,2.7000000000e+01,1.8000000000e+01,1.7808069229e+01
1.9310000000e+03,2.7000000000e+01,1.9000000000e+01,1.9615999222e+01
1.9310000000e+03,2.7000000000e+01,2.0000000000e+01,2.1516550064e+01
1.9310000000e+03,2.7000000000e+01,2.1000000000e+01,2.3509698868e+01
1.9310000000e+03,2.7000000000e+01,2.2000000000e+01,2.5595491409e+01
1.9310000000e+03,2.7000000000e+01,2.3000000000e+01,2.7773902893e+01
1.9310000000e+03,2.7000000000e+01,2.4000000000e+01,3.0044996262e+01
1.9310000000e+03,2.7000000000e+01,2.5000000000e+01,3.2408737183e+01
1.9310000000e+03,2.7000000000e+01,2.6000000000e+01,3.4865215302e+01
1.9310000000e+03,2.7000000000e+01,2.7000000000e+01,3.7414371490e+01
1.9310000000e+03,2.7000000000e+01,2.8000000000e+01,4.0056324005e+01
1.9310000000e+03,2.7000000000e+01,2.9000000000e+01,4.2790996552e+01
1.9310000000e+03,2.7000000000e+01,3.0000000000e+01,4.5618507385e+01
1.9310000000e+03,2.7000000000e+01,3.1000000000e+01,4.8538768768e+01
1.9310000000e+03,3.7000000000e+01,0.0000000000e+00,1.9928743839e+00
1.9310000000e+03,3.7000000000e+01,1.0000000000e+00,1.5854902267e+00
1.9310000000e+03,3.7000000000e+01,2.0000000000e+00,1.5967590809e+00
1.9310000000e+03,3.7000000000e+01,3.0000000000e+00,1.8298419714e+00
1.9310000000e+03,3.7000000000e+01,4.0000000000e+00,2.2029931545e+00
1.9310000000e+03,3.7000000000e+01,5.0000000000e+00,2.6903917789e+00
1.9310000000e+03,3.7000000000e+01,6.0000000000e+00,3.2794489861e+00
1.9310000000e+03,3.7000000000e+01,7.0000000000e+00,3.9636733532e+00
1.9310000000e+03,3.7000000000e+01,8.0000000000e+00,4.7390136719e+00
1.9310000000e+03,3.7000000000e+01,9.0000000000e+00,5.6029810905e+00
1.9310000000e+03,3.7000000000e+01,1.0000000000e+01,6.5538749695e+00
1.9310000000e+03,3.7000000000e+01,1.1000000000e+01,7.5905237198e+00
1.9310000000e+03,3.7000000000e+01,1.2000000000e+01,8.7121162415e+00
1.9310000000e+03,3.7000000000e+01,1.3000000000e+01,9.9180297852e+00
1.9310000000e+03,3.7000000000e+01,1.4000000000e+01,1.1207847595e+01
1.9310000000e+03,3.7000000000e+01,1.5000000000e+01,1.2581214905e+01
1.9310000000e+03,3.7000000000e+01,1.6000000000e+01,1.4037944794e+01
1.9310000000e+03,3.7000000000e+01,1.7000000000e+01,1.5577782631e+01
1.9310000000e+03,3.7000000000e+01,1.8000000000e+01,1.7200691223e+01
1.9310000000e+03,3.7000000000e+01,1.9000000000e+01,1.8906465530e+01
1.9310000000e+03,3.7000000000e+01,2.0000000000e+01,2.0695150375e+01
1.9310000000e+03,3.7000000000e+01,2.1000000000e+01,2.2566562653e+01
1.9310000000e+03,3.7000000000e+01,2.2000000000e+01,2.4520807266e+01
1.9310000000e+03,3.7000000000e+01,2.3000000000e+01,2.6557725906e+01
1.9310000000e+03,3.7000000000e+01,2.4000000000e+01,2.8677433014e+01
1.9310000000e+03,3.7000000000e+01,2.5000000000e+01,3.0879798889e+01
1.9310000000e+03,3.7000000000e+01,2.6000000000e+01,3.3164962769e+01
1.9310000000e+03,3.7000000000e+01,2.7000000000e+01,3.5532787323e+01
1.9310000000e+03,3.7000000000e+01,2.8000000000e+01,3.7983440399e+01
1.9310000000e+03,3.7000000000e+01,2.9000000000e+01,4.0516769409e+01
1.9310000000e+03,3.7000000000e+01,3.0000000000e+01,4.3132961273e+01
1.9310000000e+03,3.7000000000e+01,3.1000000000e+01,4.5831844330e+01
1.9310000000e+03,5.2000000000e+01,0.0000000000e+00,2.0176386833e+00
1.9310000000e+03,5.2000000000e+01,1.0000000000e+00,1.4798935652e+00
1.9310000000e+03,5.2000000000e+01,2.0000000000e+00,1.4450421333e+00
1.9310000000e+03,5.2000000000e+01,3.0000000000e+00,1.6468191147e+00
1.9310000000e+03,5.2000000000e+01,4.0000000000e+00,1.9803249836e+00
1.9310000000e+03,5.2000000000e+01,5.0000000000e+00,2.4120652676e+00
1.9310000000e+03,5.2000000000e+01,6.0000000000e+00,2.9259016514e+00
1.9310000000e+03,5.2000000000e+01,7.0000000000e+00,3.5131545067e+00
1.9310000000e+03,5.2000000000e+01,8.0000000000e+00,4.1683626175e+00
1.9310000000e+03,5.2000000000e+01,9.0000000000e+00,4.8879661560e+00
1.9310000000e+03,5.2000000000e+01,1.0000000000e+01,5.6694583893e+00
1.9310000000e+03,5.2000000000e+01,1.1000000000e+01,6.5110492706e+00
1.9310000000e+03,5.2000000000e+01,1.2000000000e+01,7.4113845825e+00
1.9310000000e+03,5.2000000000e+01,1.3000000000e+01,8.3694601059e+00
1.9310000000e+03,5.2000000000e+01,1.4000000000e+01,9.3844642639e+00
1.9310000000e+03,5.2000000000e+01,1.5000000000e+01,1.0455801010e+01
1.9310000000e+03,5.2000000000e+01,1.6000000000e+01,1.1582945824e+01
1.9310000000e+03,5.2000000000e+01,1.7000000000e+01,1.2765539169e+01
1.9310000000e+03,5.2000000000e+01,1.8000000000e+01,1.4003215790e+01
1.9310000000e+03,5.2000000000e+01,1.9000000000e+01,1.5295771599e+01
1.9310000000e+03,5.2000000000e+01,2.0000000000e+01,1.6642921448e+01
1.9310000000e+03,5.2000000000e+01,2.1000000000e+01,1.8044572830e+01
1.9310000000e+03,5.2000000000e+01,2.2000000000e+01,1.9500490189e+01
1.9310000000e+03,5.2000000000e+01,2.3000000000e+01,2.1010656357e+01
1.9310000000e+03,5.2000000000e+01,2.4000000000e+01,2.2574859619e+01
1.9310000000e+03,5.2000000000e+01,2.5000000000e+01,2.4193138123e+01
1.9310000000e+03,5.2000000000e+01,2.6000000000e+01,2.5865289688e+01
1.9310000000e+03,5.2000000000e+01,2.7000000000e+01,2.7591409683e+01
1.9310000000e+03,5.2000000000e+01,2.8000000000e+01,2.9371295929e+01
1.9310000000e+03,5.2000000000e+01,2.9000000000e+01,3.1205070496e+01
1.9310000000e+03,5.2000000000e+01,3.0000000000e+01,3.3092567444e+01
1.9310000000e+03,5.2000000000e+01,3.1000000000e+01,3.5033882141e+01
1.9310000000e+03,7.2000000000e+01,0.0000000000e+00,2.0026664734e+00
1.9310000000e+03,7.2000000000e+01,1.0000000000e+00,1.3354047537e+00
1.9310000000e+03,7.2000000000e+01,2.0000000000e+00,1.2397028208e+00
1.9310000000e+03,7.2000000000e+01,3.0000000000e+00,1.3795737028e+00
1.9310000000e+03,7.2000000000e+01,4.0000000000e+00,1.6286343336e+00
1.9310000000e+03,7.2000000000e+01,5.0000000000e+00,1.9491454363e+00
1.9310000000e+03,7.2000000000e+01,6.0000000000e+00,2.3228538036e+00
1.9310000000e+03,7.2000000000e+01,7.0000000000e+00,2.7401766777e+00
1.9310000000e+03,7.2000000000e+01,8.0000000000e+00,3.1949160099e+00
1.9310000000e+03,7.2000000000e+01,9.0000000000e+00,3.6831204891e+00
1.9310000000e+03,7.2000000000e+01,1.0000000000e+01,4.2019252777e+00
1.9310000000e+03,7.2000000000e+01,1.1000000000e+01,4.7492966652e+00
1.9310000000e+03,7.2000000000e+01,1.2000000000e+01,5.3236656189e+00
1.9310000000e+03,7.2000000000e+01,1.3000000000e+01,5.9238386154e+00
1.9310000000e+03,7.2000000000e+01,1.4000000000e+01,6.5488567352e+00
1.9310000000e+03,7.2000000000e+01,1.5000000000e+01,7.1979575157e+00
1.9310000000e+03,7.2000000000e+01,1.6000000000e+01,7.8705129623e+00
1.9310000000e+03,7.2000000000e+01,1.7000000000e+01,8.5660018921e+00
1.9310000000e+03,7.2000000000e+01,1.8000000000e+01,9.2839937210e+00
1.9310000000e+03,7.2000000000e+01,1.9000000000e+01,1.0024119377e+01
1.9310000000e+03,7.2000000000e+01,2.0000000000e+01,1.0786058426e+01
1.9310000000e+03,7.2000000000e+01,2.1000000000e+01,1.1569556236e+01
1.9310000000e+03,7.2000000000e+01,2.2000000000e+01,1.2374362946e+01
1.9310000000e+03,7.2000000000e+01,2.3000000000e+01,1.3200294495e+01
1.9310000000e+03,7.2000000000e+01,2.4000000000e+01,1.4047167778e+01
1.9310000000e+03,7.2000000000e+01,2.5000000000e+01,1.4914834976e+01
1.9310000000e+03,7.2000000000e+01,2.6000000000e+01,1.5803131104e+01
1.9310000000e+03,7.2000000000e+01,2.7000000000e+01,1.6711997986e+01
1.9310000000e+03,7.2000000000e+01,2.8000000000e+01,1.7641229630e+01
1.9310000000e+03,7.2000000000e+01,2.9000000000e+01,1.8590875626e+01
1.9310000000e+03,7.2000000000e+01,3.0000000000e+01,1.9560695648e+01
1.9310000000e+03,7.2000000000e+01,3.1000000000e+01,2.0550786972e+01
1.9310000000e+03,1.0000000000e+02,0.0000000000e+00,1.9898766279e+00
1.9310000000e+03,1.0000000000e+02,1.0000000000e+00,1.1740607023e+00
1.9310000000e+03,1.0000000000e+02,2.0000000000e+00,1.0284137726e+00
1.9310000000e+03,1.0000000000e+02,3.0000000000e+00,1.1232870817e+00
1.9310000000e+03,1.0000000000e+02,4.0000000000e+00,1.3082154989e+00
1.9310000000e+03,1.0000000000e+02,5.0000000000e+00,1.5409793854e+00
1.9310000000e+03,1.0000000000e+02,6.0000000000e+00,1.8022756577e+00
1.9310000000e+03,1.0000000000e+02,7.0000000000e+00,2.0824639797e+00
1.9310000000e+03,1.0000000000e+02,8.0000000000e+00,2.3757429123e+00
1.9310000000e+03,1.0000000000e+02,9.0000000000e+00,2.6785178185e+00
1.9310000000e+03,1.0000000000e+02,1.0000000000e+01,2.9884052277e+00
1.9310000000e+03,1.0000000000e+02,1.1000000000e+01,3.3037090302e+00
1.9310000000e+03,1.0000000000e+02,1.2000000000e+01,3.6232843399e+00
1.9310000000e+03,1.0000000000e+02,1.3000000000e+01,3.9462018013e+00
1.9310000000e+03,1.0000000000e+02,1.4000000000e+01,4.2718639374e+00
1.9310000000e+03,1.0000000000e+02,1.5000000000e+01,4.5997071266e+00
1.9310000000e+03,1.0000000000e+02,1.6000000000e+01,4.9294090271e+00
1.9310000000e+03,1.0000000000e+02,1.7000000000e+01,5.2605962753e+00
1.9310000000e+03,1.0000000000e+02,1.8000000000e+01,5.5931019783e+00
1.9310000000e+03,1.0000000000e+02,1.9000000000e+01,5.9266595840e+00
1.9310000000e+03,1.0000000000e+02,2.0000000000e+01,6.2611923218e+00
1.9310000000e+03,1.0000000000e+02,2.1000000000e+01,6.5965070724e+00
1.9310000000e+03,1.0000000000e+02,2.2000000000e+01,6.9325618744e+00
1.9310000000e+03,1.0000000000e+02,2.3000000000e+01,7.2692379951e+00
1.9310000000e+03,1.0000000000e+02,2.4000000000e+01,7.6064901352e+00
1.9310000000e+03,1.0000000000e+02,2.5000000000e+01,7.9442729950e+00
1.9310000000e+03,1.0000000000e+02,2.6000000000e+01,8.2825355530e+00
1.9310000000e+03,1.0000000000e+02,2.7000000000e+01,8.6212692261e+00
1.9310000000e+03,1.0000000000e+02,2.8000000000e+01,8.9604101181e+00
1.9310000000e+03,1.0000000000e+02,2.9000000000e+01,9.2999906540e+00
1.9310000000e+03,1.0000000000e+02,3.0000000000e+01,9.6399250031e+00
1.9310000000e+03,1.0000000000e+02,3.1000000000e+01,9.9802989960e+00
1.9310000000e+03,1.3900000000e+02,0.0000000000e+00,1.9873030186e+00
1.9310000000e+03,1.3900000000e+02,1.0000000000e+00,1.0505533218e+00
1.9310000000e+03,1.3900000000e+02,2.0000000000e+00,8.2946753502e-01
1.9310000000e+03,1.3900000000e+02,3.0000000000e+00,8.3972978592e-01
1.9310000000e+03,1.3900000000e+02,4.0000000000e+00,9.2173039913e-01
1.9310000000e+03,1.3900000000e+02,5.0000000000e+00,1.0334314108e+00
1.9310000000e+03,1.3900000000e+02,6.0000000000e+00,1.1573373079e+00
1.9310000000e+03,1.3900000000e+02,7.0000000000e+00,1.2854717970e+00
1.9310000000e+03,1.3900000000e+02,8.0000000000e+00,1.4136136770e+00
1.9310000000e+03,1.3900000000e+02,9.0000000000e+00,1.5395511389e+00
1.9310000000e+03,1.3900000000e+02,1.0000000000e+01,1.6620556116e+00
1.9310000000e+03,1.3900000000e+02,1.1000000000e+01,1.7804907560e+00
1.9310000000e+03,1.3900000000e+02,1.2000000000e+01,1.8945406675e+00
1.9310000000e+03,1.3900000000e+02,1.3000000000e+01,2.0040950775e+00
1.9310000000e+03,1.3900000000e+02,1.4000000000e+01,2.1091589928e+00
1.9310000000e+03,1.3900000000e+02,1.5000000000e+01,2.2098152637e+00
1.9310000000e+03,1.3900000000e+02,1.6000000000e+01,2.3061873913e+00
1.9310000000e+03,1.3900000000e+02,1.7000000000e+01,2.3984260559e+00
1.9310000000e+03,1.3900000000e+02,1.8000000000e+01,2.4866962433e+00
1.9310000000e+03,1.3900000000e+02,1.9000000000e+01,2.5711667538e+00
1.9310000000e+03,1.3900000000e+02,2.0000000000e+01,2.6520102024e+00
1.9310000000e+03,1.3900000000e+02,2.1000000000e+01,2.7293944359e+00
1.9310000000e+03,1.3900000000e+02,2.2000000000e+01,2.8034849167e+00
1.9310000000e+03,1.3900000000e+02,2.3000000000e+01,2.8744397163e+00
1.9310000000e+03,1.3900000000e+02,2.4000000000e+01,2.9424133301e+00
1.9310000000e+03,1.3900000000e+02,2.5000000000e+01,3.0075504780e+00
1.9310000000e+03,1.3900000000e+02,2.6000000000e+01,3.0699913502e+00
1.9310000000e+03,1.3900000000e+02,2.7000000000e+01,3.1298663616e+00
1.9310000000e+03,1.3900000000e+02,2.8000000000e+01,3.1873037815e+00
1.9310000000e+03,1.3900000000e+02,2.9000000000e+01,3.2424190044e+00
1.9310000000e+03,1.3900000000e+02,3.0000000000e+01,3.2953295708e+00
1.9310000000e+03,1.3900000000e+02,3.1000000000e+01,3.3461375237e+00
1.9310000000e+03,1.9300000000e+02,0.0000000000e+00,2.0051927567e+00
1.9310000000e+03,1.9300000000e+02,1.0000000000e+00,8.8364738226e-01
1.9310000000e+03,1.9300000000e+02,2.0000000000e+00,6.1205452681e-01
1.9310000000e+03,1.9300000000e+02,3.0000000000e+00,5.8463680744e-01
1.9310000000e+03,1.9300000000e+02,4.0000000000e+00,6.2070441246e-01
1.9310000000e+03,1.9300000000e+02,5.0000000000e+00,6.7657732964e-01
1.9310000000e+03,1.9300000000e+02,6.0000000000e+00,7.3679554462e-01
1.9310000000e+03,1.9300000000e+02,7.0000000000e+00,7.9537355900e-01
1.9310000000e+03,1.9300000000e+02,8.0000000000e+00,8.4990835190e-01
1.9310000000e+03,1.9300000000e+02,9.0000000000e+00,8.9959025383e-01
1.9310000000e+03,1.9300000000e+02,1.0000000000e+01,9.4431346655e-01
1.9310000000e+03,1.9300000000e+02,1.1000000000e+01,9.8430156708e-01
1.9310000000e+03,1.9300000000e+02,1.2000000000e+01,1.0199123621e+00
1.9310000000e+03,1.9300000000e+02,1.3000000000e+01,1.0515528917e+00
1.9310000000e+03,1.9300000000e+02,1.4000000000e+01,1.0796290636e+00
1.9310000000e+03,1.9300000000e+02,1.5000000000e+01,1.1045277119e+00
1.9310000000e+03,1.9300000000e+02,1.6000000000e+01,1.1266037226e+00
1.9310000000e+03,1.9300000000e+02,1.7000000000e+01,1.1461797953e+00
1.9310000000e+03,1.9300000000e+02,1.8000000000e+01,1.1635438204e+00
1.9310000000e+03,1.9300000000e+02,1.9000000000e+01,1.1789526939e+00
1.9310000000e+03,1.9300000000e+02,2.0000000000e+01,1.1926337481e+00
1.9310000000e+03,1.9300000000e+02,2.1000000000e+01,1.2047878504e+00
1.9310000000e+03,1.9300000000e+02,2.2000000000e+01,1.2155923843e+00
1.9310000000e+03,1.9300000000e+02,2.3000000000e+01,1.2252033949e+00
1.9310000000e+03,1.9300000000e+02,2.4000000000e+01,1.2337584496e+00
1.9310000000e+03,1.9300000000e+02,2.5000000000e+01,1.2413791418e+00
1.9310000000e+03,1.9300000000e+02,2.6000000000e+01,1.2481718063e+00
1.9310000000e+03,1.9300000000e+02,2.7000000000e+01,1.2542308569e+00
1.9310000000e+03,1.9300000000e+02,2.8000000000e+01,1.2596391439e+00
1.9310000000e+03,1.9300000000e+02,2.9000000000e+01,1.2644697428e+00
1.9310000000e+03,1.9300000000e+02,3.0000000000e+01,1.2687875032e+00
1.9310000000e+03,1.9300000000e+02,3.1000000000e+01,1.2726492882e+00
1.9310000000e+03,2.6800000000e+02,0.0000000000e+00,1.9956464767e+00
1.9310000000e+03,2.6800000000e+02,1.0000000000e+00,7.5659489632e-01
1.9310000000e+03,2.6800000000e+02,2.0000000000e+00,4.5809710026e-01
1.9310000000e+03,2.6800000000e+02,3.0000000000e+00,4.0548080206e-01
1.9310000000e+03,2.6800000000e+02,4.0000000000e+00,4.1034317017e-01
1.9310000000e+03,2.6800000000e+02,5.0000000000e+00,4.3100890517e-01
1.9310000000e+03,2.6800000000e+02,6.0000000000e+00,4.5435577631e-01
1.9310000000e+03,2.6800000000e+02,7.0000000000e+00,4.7608831525e-01
1.9310000000e+03,2.6800000000e+02,8.0000000000e+00,4.9492987990e-01
1.9310000000e+03,2.6800000000e+02,9.0000000000e+00,5.1074242592e-01
1.9310000000e+03,2.6800000000e+02,1.0000000000e+01,5.2379107475e-01
1.9310000000e+03,2.6800000000e+02,1.1000000000e+01,5.3446114063e-01
1.9310000000e+03,2.6800000000e+02,1.2000000000e+01,5.4314219952e-01
1.9310000000e+03,2.6800000000e+02,1.3000000000e+01,5.5018603802e-01
1.9310000000e+03,2.6800000000e+02,1.4000000000e+01,5.5589407682e-01
1.9310000000e+03,2.6800000000e+02,1.5000000000e+01,5.6051772833e-01
1.9310000000e+03,2.6800000000e+02,1.6000000000e+01,5.6426364183e-01
1.9310000000e+03,2.6800000000e+02,1.7000000000e+01,5.6729996204e-01
1.9310000000e+03,2.6800000000e+02,1.8000000000e+01,5.6976300478e-01
1.9310000000e+03,2.6800000000e+02,1.9000000000e+01,5.7176280022e-01
1.9310000000e+03,2.6800000000e+02,2.0000000000e+01,5.7338809967e-01
1.9310000000e+03,2.6800000000e+02,2.1000000000e+01,5.7471042871e-01
1.9310000000e+03,2.6800000000e+02,2.2000000000e+01,5.7578742504e-01
1.9310000000e+03,2.6800000000e+02,2.3000000000e+01,5.7666569948e-01
1.9310000000e+03,2.6800000000e+02,2.4000000000e+01,5.7738250494e-01
1.9310000000e+03,2.6800000000e+02,2.5000000000e+01,5.7796823978e-01
1.9310000000e+03,2.6800000000e+02,2.6000000000e+01,5.7844752073e-01
1.9310000000e+03,2.6800000000e+02,2.7000000000e+01,5.7884001732e-01
1.9310000000e+03,2.6800000000e+02,2.8000000000e+01,5.7916164398e-01
1.9310000000e+03,2.6800000000e+02,2.9000000000e+01,5.7942569256e-01
1.9310000000e+03,2.6800000000e+02,3.0000000000e+01,5.7964253426e-01
1.9310000000e+03,2.6800000000e+02,3.1000000000e+01,5.7982087135e-01
1.9310000000e+03,3.7300000000e+02,0.0000000000e+00,1.9918223619e+00
1.9310000000e+03,3.7300000000e+02,1.0000000000e+00,6.5372729301e-01
1.9310000000e+03,3.7300000000e+02,2.0000000000e+00,3.5909163952e-01
1.9310000000e+03,3.7300000000e+02,3.0000000000e+00,3.0513909459e-01
1.9310000000e+03,3.7300000000e+02,4.0000000000e+00,3.0197089911e-01
1.9310000000e+03,3.7300000000e+02,5.0000000000e+00,3.1147760153e-01
1.9310000000e+03,3.7300000000e+02,6.0000000000e+00,3.2306116819e-01
1.9310000000e+03,3.7300000000e+02,7.0000000000e+00,3.3366835117e-01
1.9310000000e+03,3.7300000000e+02,8.0000000000e+00,3.4257134795e-01
1.9310000000e+03,3.7300000000e+02,9.0000000000e+00,3.4978711605e-01
1.9310000000e+03,3.7300000000e+02,1.0000000000e+01,3.5554569960e-01
1.9310000000e+03,3.7300000000e+02,1.1000000000e+01,3.6011028290e-01
1.9310000000e+03,3.7300000000e+02,1.2000000000e+01,3.6371940374e-01
1.9310000000e+03,3.7300000000e+02,1.3000000000e+01,3.6657175422e-01
1.9310000000e+03,3.7300000000e+02,1.4000000000e+01,3.6882755160e-01
1.9310000000e+03,3.7300000000e+02,1.5000000000e+01,3.7061369419e-01
1.9310000000e+03,3.7300000000e+02,1.6000000000e+01,3.7203001976e-01
1.9310000000e+03,3.7300000000e+02,1.7000000000e+01,3.7315475941e-01
1.9310000000e+03,3.7300000000e+02,1.8000000000e+01,3.7404933572e-01
1.9310000000e+03,3.7300000000e+02,1.9000000000e+01,3.7476190925e-01
1.9310000000e+03,3.7300000000e+02,2.0000000000e+01,3.7533029914e-01
1.9310000000e+03,3.7300000000e+02,2.1000000000e+01,3.7578427792e-01
1.9310000000e+03,3.7300000000e+02,2.2000000000e+01,3.7614732981e-01
1.9310000000e+03,3.7300000000e+02,2.3000000000e+01,3.7643808126e-01
1.9310000000e+03,3.7300000000e+02,2.4000000000e+01,3.7667113543e-01
1.9310000000e+03,3.7300000000e+02,2.5000000000e+01,3.7685814500e-01
1.9310000000e+03,3.7300000000e+02,2.6000000000e+01,3.7700837851e-01
1.9310000000e+03,3.7300000000e+02,2.7000000000e+01,3.7712922692e-01
1.9310000000e+03,3.7300000000e+02,2.8000000000e+01,3.7722650170e-01
1.9310000000e+03,3.7300000000e+02,2.9000000000e+01,3.7730482221e-01
1.9310000000e+03,3.7300000000e+02,3.0000000000e+01,3.7736797333e-01
1.9310000000e+03,3.7300000000e+02,3.1000000000e+01,3.7741902471e-01
1.9310000000e+03,5.1800000000e+02,0.0000000000e+00,2.0045585632e+00
1.9310000000e+03,5.1800000000e+02,1.0000000000e+00,5.8359134197e-01
1.9310000000e+03,5.1800000000e+02,2.0000000000e+00,2.9283872247e-01
1.9310000000e+03,5.1800000000e+02,3.0000000000e+00,2.4361373484e-01
1.9310000000e+03,5.1800000000e+02,4.0000000000e+00,2.3969450593e-01
1.9310000000e+03,5.1800000000e+02,5.0000000000e+00,2.4480047822e-01
1.9310000000e+03,5.1800000000e+02,6.0000000000e+00,2.5053119659e-01
1.9310000000e+03,5.1800000000e+02,7.0000000000e+00,2.5509399176e-01
1.9310000000e+03,5.1800000000e+02,8.0000000000e+00,2.5837641954e-01
1.9310000000e+03,5.1800000000e+02,9.0000000000e+00,2.6063925028e-01
1.9310000000e+03,5.1800000000e+02,1.0000000000e+01,2.6216724515e-01
1.9310000000e+03,5.1800000000e+02,1.1000000000e+01,2.6318803430e-01
1.9310000000e+03,5.1800000000e+02,1.2000000000e+01,2.6386603713e-01
1.9310000000e+03,5.1800000000e+02,1.3000000000e+01,2.6431488991e-01
1.9310000000e+03,5.1800000000e+02,1.4000000000e+01,2.6461166143e-01
1.9310000000e+03,5.1800000000e+02,1.5000000000e+01,2.6480776072e-01
1.9310000000e+03,5.1800000000e+02,1.6000000000e+01,2.6493728161e-01
1.9310000000e+03,5.1800000000e+02,1.7000000000e+01,2.6502284408e-01
1.9310000000e+03,5.1800000000e+02,1.8000000000e+01,2.6507940888e-01
1.9310000000e+03,5.1800000000e+02,1.9000000000e+01,2.6511684060e-01
1.9310000000e+03,5.1800000000e+02,2.0000000000e+01,2.6514160633e-01
1.9310000000e+03,5.1800000000e+02,2.1000000000e+01,2.6515799761e-01
1.9310000000e+03,5.1800000000e+02,2.2000000000e+01,2.6516887546e-01
1.9310000000e+03,5.1800000000e+02,2.3000000000e+01,2.6517608762e-01
1.9310000000e+03,5.1800000000e+02,2.4000000000e+01,2.6518088579e-01
1.9310000000e+03,5.1800000000e+02,2.5000000000e+01,2.6518407464e-01
1.9310000000e+03,5.1800000000e+02,2.6000000000e+01,2.6518619061e-01
1.9310000000e+03,5.1800000000e+02,2.7000000000e+01,2.6518759131e-01
1.9310000000e+03,5.1800000000e+02,2.8000000000e+01,2.6518851519e-01
1.9310000000e+03,5.1800000000e+02,2.9000000000e+01,2.6518917084e-01
1.9310000000e+03,5.1800000000e+02,3.0000000000e+01,2.6518958807e-01
1.9310000000e+03,5.1800000000e+02,3.1000000000e+01,2.6518985629e-01
1.9310000000e+03,7.2000000000e+02,0.0000000000e+00,2.0071356297e+00
1.9310000000e+03,7.2000000000e+02,1.0000000000e+00,4.8021757603e-01
1.9310000000e+03,7.2000000000e+02,2.0000000000e+00,2.1508398652e-01
1.9310000000e+03,7.2000000000e+02,3.0000000000e+00,1.7627781630e-01
1.9310000000e+03,7.2000000000e+02,4.0000000000e+00,1.7183791101e-01
1.9310000000e+03,7.2000000000e+02,5.0000000000e+00,1.7310525477e-01
1.9310000000e+03,7.2000000000e+02,6.0000000000e+00,1.7477643490e-01
1.9310000000e+03,7.2000000000e+02,7.0000000000e+00,1.7600671947e-01
1.9310000000e+03,7.2000000000e+02,8.0000000000e+00,1.7681537569e-01
1.9310000000e+03,7.2000000000e+02,9.0000000000e+00,1.7733836174e-01
1.9310000000e+03,7.2000000000e+02,1.0000000000e+01,1.7768619955e-01
1.9310000000e+03,7.2000000000e+02,1.1000000000e+01,1.7793081701e-01
1.9310000000e+03,7.2000000000e+02,1.2000000000e+01,1.7811565101e-01
1.9310000000e+03,7.2000000000e+02,1.3000000000e+01,1.7826625705e-01
1.9310000000e+03,7.2000000000e+02,1.4000000000e+01,1.7839740217e-01
1.9310000000e+03,7.2000000000e+02,1.5000000000e+01,1.7851766944e-01
1.9310000000e+03,7.2000000000e+02,1.6000000000e+01,1.7863190174e-01
1.9310000000e+03,7.2000000000e+02,1.7000000000e+01,1.7874301970e-01
1.9310000000e+03,7.2000000000e+02,1.8000000000e+01,1.7885261774e-01
1.9310000000e+03,7.2000000000e+02,1.9000000000e+01,1.7896169424e-01
1.9310000000e+03,7.2000000000e+02,2.0000000000e+01,1.7907078564e-01
1.9310000000e+03,7.2000000000e+02,2.1000000000e+01,1.7918023467e-01
1.9310000000e+03,7.2000000000e+02,2.2000000000e+01,1.7929019034e-01
1.9310000000e+03,7.2000000000e+02,2.3000000000e+01,1.7940081656e-01
1.9310000000e+03,7.2000000000e+02,2.4000000000e+01,1.7951212823e-01
1.9310000000e+03,7.2000000000e+02,2.5000000000e+01,1.7962419987e-01
1.9310000000e+03,7.2000000000e+02,2.6000000000e+01,1.7973698676e-01
1.9310000000e+03,7.2000000000e+02,2.7000000000e+01,1.7985059321e-01
1.9310000000e+03,7.2000000000e+02,2.8000000000e+01,1.7996494472e-01
1.9310000000e+03,7.2000000000e+02,2.9000000000e+01,1.8008005619e-01
1.9310000000e+03,7.2000000000e+02,3.0000000000e+01,1.8019592762e-01
1.9310000000e+03,7.2000000000e+02,3.1000000000e+01,1.8031257391e-01
1.9310000000e+03,1.0000000000e+03,0.0000000000e+00,2.0050911903e+00
1.9310000000e+03,1.0000000000e+03,1.0000000000e+00,4.4535130262e-01
1.9310000000e+03,1.0000000000e+03,2.0000000000e+00,2.1248348057e-01
1.9310000000e+03,1.0000000000e+03,3.0000000000e+00,1.8997955322e-01
1.9310000000e+03,1.0000000000e+03,4.0000000000e+00,1.9407634437e-01
1.9310000000e+03,1.0000000000e+03,5.0000000000e+00,2.0065914094e-01
1.9310000000e+03,1.0000000000e+03,6.0000000000e+00,2.0609922707e-01
1.9310000000e+03,1.0000000000e+03,7.0000000000e+00,2.1020621061e-01
1.9310000000e+03,1.0000000000e+03,8.0000000000e+00,2.1333754063e-01
1.9310000000e+03,1.0000000000e+03,9.0000000000e+00,2.1584413946e-01
1.9310000000e+03,1.0000000000e+03,1.0000000000e+01,2.1798023582e-01
1.9310000000e+03,1.0000000000e+03,1.1000000000e+01,2.1991066635e-01
1.9310000000e+03,1.0000000000e+03,1.2000000000e+01,2.2173482180e-01
1.9310000000e+03,1.0000000000e+03,1.3000000000e+01,2.2350837290e-01
1.9310000000e+03,1.0000000000e+03,1.4000000000e+01,2.2525987029e-01
1.9310000000e+03,1.0000000000e+03,1.5000000000e+01,2.2700174153e-01
1.9310000000e+03,1.0000000000e+03,1.6000000000e+01,2.2873720527e-01
1.9310000000e+03,1.0000000000e+03,1.7000000000e+01,2.3046503961e-01
1.9310000000e+03,1.0000000000e+03,1.8000000000e+01,2.3218180239e-01
1.9310000000e+03,1.0000000000e+03,1.9000000000e+01,2.3388342559e-01
1.9310000000e+03,1.0000000000e+03,2.0000000000e+01,2.3556584120e-01
1.9310000000e+03,1.0000000000e+03,2.1000000000e+01,2.3722547293e-01
1.9310000000e+03,1.0000000000e+03,2.2000000000e+01,2.3885913193e-01
1.9310000000e+03,1.0000000000e+03,2.3000000000e+01,2.4046424031e-01
1.9310000000e+03,1.0000000000e+03,2.4000000000e+01,2.4203863740e-01
1.9310000000e+03,1.0000000000e+03,2.5000000000e+01,2.4358062446e-01
1.9310000000e+03,1.0000000000e+03,2.6000000000e+01,2.4508877099e-01
1.9310000000e+03,1.0000000000e+03,2.7000000000e+01,2.4656213820e-01
1.9310000000e+03,1.0000000000e+03,2.8000000000e+01,2.4799989164e-01
1.9310000000e+03,1.0000000000e+03,2.9000000000e+01,2.4940150976e-01
1.9310000000e+03,1.0000000000e+03,3.0000000000e+01,2.5076660514e-01
1.9310000000e+03,1.0000000000e+03,3.1000000000e+01,2.5209498405e-01
2.6830000000e+03,1.0000000000e+01,0.0000000000e+00,2.0038361549e+00
2.6830000000e+03,1.0000000000e+01,1.0000000000e+00,1.8860244751e+00
2.6830000000e+03,1.0000000000e+01,2.0000000000e+00,1.9461784363e+00
2.6830000000e+03,1.0000000000e+01,3.0000000000e+00,2.1212289333e+00
2.6830000000e+03,1.0000000000e+01,4.0000000000e+00,2.3863067627e+00
2.6830000000e+03,1.0000000000e+01,5.0000000000e+00,2.7335875034e+00
2.6830000000e+03,1.0000000000e+01,6.0000000000e+00,3.1597623825e+00
2.6830000000e+03,1.0000000000e+01,7.0000000000e+00,3.6633362770e+00
2.6830000000e+03,1.0000000000e+01,8.0000000000e+00,4.2435798645e+00
2.6830000000e+03,1.0000000000e+01,9.0000000000e+00,4.9001188278e+00
2.6830000000e+03,1.0000000000e+01,1.0000000000e+01,5.6327824593e+00
2.6830000000e+03,1.0000000000e+01,1.1000000000e+01,6.4414877892e+00
2.6830000000e+03,1.0000000000e+01,1.2000000000e+01,7.3262104988e+00
2.6830000000e+03,1.0000000000e+01,1.3000000000e+01,8.2869434357e+00
2.6830000000e+03,1.0000000000e+01,1.4000000000e+01,9.3236999512e+00
2.6830000000e+03,1.0000000000e+01,1.5000000000e+01,1.0436489105e+01
2.6830000000e+03,1.0000000000e+01,1.6000000000e+01,1.1625329971e+01
2.6830000000e+03,1.0000000000e+01,1.7000000000e+01,1.2890237808e+01
2.6830000000e+03,1.0000000000e+01,1.8000000000e+01,1.4231225967e+01
2.6830000000e+03,1.0000000000e+01,1.9000000000e+01,1.5648311615e+01
2.6830000000e+03,1.0000000000e+01,2.0000000000e+01,1.7141508102e+01
2.6830000000e+03,1.0000000000e+01,2.1000000000e+01,1.8710828781e+01
2.6830000000e+03,1.0000000000e+01,2.2000000000e+01,2.0356279373e+01
2.6830000000e+03,1.0000000000e+01,2.3000000000e+01,2.2077877045e+01
2.6830000000e+03,1.0000000000e+01,2.4000000000e+01,2.3875629425e+01
2.6830000000e+03,1.0000000000e+01,2.5000000000e+01,2.5749538422e+01
2.6830000000e+03,1.0000000000e+01,2.6000000000e+01,2.7699619293e+01
2.6830000000e+03,1.0000000000e+01,2.7000000000e+01,2.9725877762e+01
2.6830000000e+03,1.0000000000e+01,2.8000000000e+01,3.1828311920e+01
2.6830000000e+03,1.0000000000e+01,2.9000000000e+01,3.4006935120e+01
2.6830000000e+03,1.0000000000e+01,3.0000000000e+01,3.6261753082e+01
2.6830000000e+03,1.0000000000e+01,3.1000000000e+01,3.8592761993e+01
2.6830000000e+03,1.4000000000e+01,0.0000000000e+00,1.9985542297e+00
2.6830000000e+03,1.4000000000e+01,1.0000000000e+00,1.8248846531e+00
2.6830000000e+03,1.4000000000e+01,2.0000000000e+00,1.8779054880e+00
2.6830000000e+03,1.4000000000e+01,3.0000000000e+00,2.0733678341e+00
2.6830000000e+03,1.4000000000e+01,4.0000000000e+00,2.3762702942e+00
2.6830000000e+03,1.4000000000e+01,5.0000000000e+00,2.7754373550e+00
2.6830000000e+03,1.4000000000e+01,6.0000000000e+00,3.2657780647e+00
2.6830000000e+03,1.4000000000e+01,7.0000000000e+00,3.8449616432e+00
2.6830000000e+03,1.4000000000e+01,8.0000000000e+00,4.5116987228e+00
2.6830000000e+03,1.4000000000e+01,9.0000000000e+00,5.2653775215e+00
2.6830000000e+03,1.4000000000e+01,1.0000000000e+01,6.1055932045e+00
2.6830000000e+03,1.4000000000e+01,1.1000000000e+01,7.0321917534e+00
2.6830000000e+03,1.4000000000e+01,1.2000000000e+01,8.0450239182e+00
2.6830000000e+03,1.4000000000e+01,1.3000000000e+01,9.1440820694e+00
2.6830000000e+03,1.4000000000e+01,1.4000000000e+01,1.0329303741e+01
2.6830000000e+03,1.4000000000e+01,1.5000000000e+01,1.1600728989e+01
2.6830000000e+03,1.4000000000e+01,1.6000000000e+01,1.2958320618e+01
2.6830000000e+03,1.4000000000e+01,1.7000000000e+01,1.4402141571e+01
2.6830000000e+03,1.4000000000e+01,1.8000000000e+01,1.5932160378e+01
2.6830000000e+03,1.4000000000e+01,1.9000000000e+01,1.7548444748e+01
2.6830000000e+03,1.4000000000e+01,2.0000000000e+01,1.9250963211e+01
2.6830000000e+03,1.4000000000e+01,2.1000000000e+01,2.1039787292e+01
2.6830000000e+03,1.4000000000e+01,2.2000000000e+01,2.2914878845e+01
2.6830000000e+03,1.4000000000e+01,2.3000000000e+01,2.4876312256e+01
2.6830000000e+03,1.4000000000e+01,2.4000000000e+01,2.6924047470e+01
2.6830000000e+03,1.4000000000e+01,2.5000000000e+01,2.9058153152e+01
2.6830000000e+03,1.4000000000e+01,2.6000000000e+01,3.1278585434e+01
2.6830000000e+03,1.4000000000e+01,2.7000000000e+01,3.3585418701e+01
2.6830000000e+03,1.4000000000e+01,2.8000000000e+01,3.5978603363e+01
2.6830000000e+03,1.4000000000e+01,2.9000000000e+01,3.8458213806e+01
2.6830000000e+03,1.4000000000e+01,3.0000000000e+01,4.1024188995e+01
2.6830000000e+03,1.4000000000e+01,3.1000000000e+01,4.3676620483e+01
2.6830000000e+03,1.9000000000e+01,0.0000000000e+00,2.0077850819e+00
2.6830000000e+03,1.9000000000e+01,1.0000000000e+00,1.7723449469e+00
2.6830000000e+03,1.9000000000e+01,2.0000000000e+00,1.8142445087e+00
2.6830000000e+03,1.9000000000e+01,3.0000000000e+00,2.0234272480e+00
2.6830000000e+03,1.9000000000e+01,4.0000000000e+00,2.3539016247e+00
2.6830000000e+03,1.9000000000e+01,5.0000000000e+00,2.7904858589e+00
2.6830000000e+03,1.9000000000e+01,6.0000000000e+00,3.3264176846e+00
2.6830000000e+03,1.9000000000e+01,7.0000000000e+00,3.9583759308e+00
2.6830000000e+03,1.9000000000e+01,8.0000000000e+00,4.6845097542e+00
2.6830000000e+03,1.9000000000e+01,9.0000000000e+00,5.5037589073e+00
2.6830000000e+03,1.9000000000e+01,1.0000000000e+01,6.4154844284e+00
2.6830000000e+03,1.9000000000e+01,1.1000000000e+01,7.4193019867e+00
2.6830000000e+03,1.9000000000e+01,1.2000000000e+01,8.5149774551e+00
2.6830000000e+03,1.9000000000e+01,1.3000000000e+01,9.7023696899e+00
2.6830000000e+03,1.9000000000e+01,1.4000000000e+01,1.0981397629e+01
2.6830000000e+03,1.9000000000e+01,1.5000000000e+01,1.2352016449e+01
2.6830000000e+03,1.9000000000e+01,1.6000000000e+01,1.3814208984e+01
2.6830000000e+03,1.9000000000e+01,1.7000000000e+01,1.5367971420e+01
2.6830000000e+03,1.9000000000e+01,1.8000000000e+01,1.7013309479e+01
2.6830000000e+03,1.9000000000e+01,1.9000000000e+01,1.8750240326e+01
2.6830000000e+03,1.9000000000e+01,2.0000000000e+01,2.0578781128e+01
2.6830000000e+03,1.9000000000e+01,2.1000000000e+01,2.2498947144e+01
2.6830000000e+03,1.9000000000e+01,2.2000000000e+01,2.4510761261e+01
2.6830000000e+03,1.9000000000e+01,2.3000000000e+01,2.6614246368e+01
2.6830000000e+03,1.9000000000e+01,2.4000000000e+01,2.8809423447e+01
2.6830000000e+03,1.9000000000e+01,2.5000000000e+01,3.1096313477e+01
2.6830000000e+03,1.9000000000e+01,2.6000000000e+01,3.3474933624e+01
2.6830000000e+03,1.9000000000e+01,2.7000000000e+01,3.5945312500e+01
2.6830000000e+03,1.9000000000e+01,2.8000000000e+01,3.8507446289e+01
2.6830000000e+03,1.9000000000e+01,2.9000000000e+01,4.1161380768e+01
2.6830000000e+03,1.9000000000e+01,3.0000000000e+01,4.3907115936e+01
2.6830000000e+03,1.9000000000e+01,3.1000000000e+01,4.6744670868e+01
2.6830000000e+03,2.7000000000e+01,0.0000000000e+00,1.9957274199e+00
2.6830000000e+03,2.7000000000e+01,1.0000000000e+00,1.6732040644e+00
2.6830000000e+03,2.7000000000e+01,2.0000000000e+00,1.6993808746e+00
2.6830000000e+03,2.7000000000e+01,3.0000000000e+00,1.9201309681e+00
2.6830000000e+03,2.7000000000e+01,4.0000000000e+00,2.2735316753e+00
2.6830000000e+03,2.7000000000e+01,5.0000000000e+00,2.7400166988e+00
2.6830000000e+03,2.7000000000e+01,6.0000000000e+00,3.3102753162e+00
2.6830000000e+03,2.7000000000e+01,7.0000000000e+00,3.9796445370e+00
2.6830000000e+03,2.7000000000e+01,8.0000000000e+00,4.7453184128e+00
2.6830000000e+03,2.7000000000e+01,9.0000000000e+00,5.6056499481e+00
2.6830000000e+03,2.7000000000e+01,1.0000000000e+01,6.5595388412e+00
2.6830000000e+03,2.7000000000e+01,1.1000000000e+01,7.6063165665e+00
2.6830000000e+03,2.7000000000e+01,1.2000000000e+01,8.7454776764e+00
2.6830000000e+03,2.7000000000e+01,1.3000000000e+01,9.9767494202e+00
2.6830000000e+03,2.7000000000e+01,1.4000000000e+01,1.1299871445e+01
2.6830000000e+03,2.7000000000e+01,1.5000000000e+01,1.2714750290e+01
2.6830000000e+03,2.7000000000e+01,1.6000000000e+01,1.4221232414e+01
2.6830000000e+03,2.7000000000e+01,1.7000000000e+01,1.5819322586e+01
2.6830000000e+03,2.7000000000e+01,1.8000000000e+01,1.7508913040e+01
2.6830000000e+03,2.7000000000e+01,1.9000000000e+01,1.9290061951e+01
2.6830000000e+03,2.7000000000e+01,2.0000000000e+01,2.1162679672e+01
2.6830000000e+03,2.7000000000e+01,2.1000000000e+01,2.3126855850e+01
2.6830000000e+03,2.7000000000e+01,2.2000000000e+01,2.5182516098e+01
2.6830000000e+03,2.7000000000e+01,2.3000000000e+01,2.7329759598e+01
2.6830000000e+03,2.7000000000e+01,2.4000000000e+01,2.9568513870e+01
2.6830000000e+03,2.7000000000e+01,2.5000000000e+01,3.1898895264e+01
2.6830000000e+03,2.7000000000e+01,2.6000000000e+01,3.4320819855e+01
2.6830000000e+03,2.7000000000e+01,2.7000000000e+01,3.6834423065e+01
2.6830000000e+03,2.7000000000e+01,2.8000000000e+01,3.9439613342e+01
2.6830000000e+03,2.7000000000e+01,2.9000000000e+01,4.2136524200e+01
2.6830000000e+03,2.7000000000e+01,3.0000000000e+01,4.4925067902e+01
2.6830000000e+03,2.7000000000e+01,3.1000000000e+01,4.7805377960e+01
2.6830000000e+03,3.7000000000e+01,0.0000000000e+00,1.9985890388e+00
2.6830000000e+03,3.7000000000e+01,1.0000000000e+00,1.5781157017e+00
2.6830000000e+03,3.7000000000e+01,2.0000000000e+00,1.5826163292e+00
2.6830000000e+03,3.7000000000e+01,3.0000000000e+00,1.8084667921e+00
2.6830000000e+03,3.7000000000e+01,4.0000000000e+00,2.1737134457e+00
2.6830000000e+03,3.7000000000e+01,5.0000000000e+00,2.6521186829e+00
2.6830000000e+03,3.7000000000e+01,6.0000000000e+00,3.2309293747e+00
2.6830000000e+03,3.7000000000e+01,7.0000000000e+00,3.9034659863e+00
2.6830000000e+03,3.7000000000e+01,8.0000000000e+00,4.6655869484e+00
2.6830000000e+03,3.7000000000e+01,9.0000000000e+00,5.5147390366e+00
2.6830000000e+03,3.7000000000e+01,1.0000000000e+01,6.4491734505e+00
2.6830000000e+03,3.7000000000e+01,1.1000000000e+01,7.4677252769e+00
2.6830000000e+03,3.7000000000e+01,1.2000000000e+01,8.5695304871e+00
2.6830000000e+03,3.7000000000e+01,1.3000000000e+01,9.7540216446e+00
2.6830000000e+03,3.7000000000e+01,1.4000000000e+01,1.1020717621e+01
2.6830000000e+03,3.7000000000e+01,1.5000000000e+01,1.2369346619e+01
2.6830000000e+03,3.7000000000e+01,1.6000000000e+01,1.3799618721e+01
2.6830000000e+03,3.7000000000e+01,1.7000000000e+01,1.5311413765e+01
2.6830000000e+03,3.7000000000e+01,1.8000000000e+01,1.6904542923e+01
2.6830000000e+03,3.7000000000e+01,1.9000000000e+01,1.8578969955e+01
2.6830000000e+03,3.7000000000e+01,2.0000000000e+01,2.0334564209e+01
2.6830000000e+03,3.7000000000e+01,2.1000000000e+01,2.2171352386e+01
2.6830000000e+03,3.7000000000e+01,2.2000000000e+01,2.4089221954e+01
2.6830000000e+03,3.7000000000e+01,2.3000000000e+01,2.6088235855e+01
2.6830000000e+03,3.7000000000e+01,2.4000000000e+01,2.8168296814e+01
2.6830000000e+03,3.7000000000e+01,2.5000000000e+01,3.0329502106e+01
2.6830000000e+03,3.7000000000e+01,2.6000000000e+01,3.2571750641e+01
2.6830000000e+03,3.7000000000e+01,2.7000000000e+01,3.4895153046e+01
2.6830000000e+03,3.7000000000e+01,2.8000000000e+01,3.7299613953e+01
2.6830000000e+03,3.7000000000e+01,2.9000000000e+01,3.9785255432e+01
2.6830000000e+03,3.7000000000e+01,3.0000000000e+01,4.2351982117e+01
2.6830000000e+03,3.7000000000e+01,3.1000000000e+01,4.4999942780e+01
2.6830000000e+03,5.2000000000e+01,0.0000000000e+00,1.9995350838e+00
2.6830000000e+03,5.2000000000e+01,1.0000000000e+00,1.4595839977e+00
2.6830000000e+03,5.2000000000e+01,2.0000000000e+00,1.4286311865e+00
2.6830000000e+03,5.2000000000e+01,3.0000000000e+00,1.6366921663e+00
2.6830000000e+03,5.2000000000e+01,4.0000000000e+00,1.9770317078e+00
2.6830000000e+03,5.2000000000e+01,5.0000000000e+00,2.4167311192e+00
2.6830000000e+03,5.2000000000e+01,6.0000000000e+00,2.9395852089e+00
2.6830000000e+03,5.2000000000e+01,7.0000000000e+00,3.5369665623e+00
2.6830000000e+03,5.2000000000e+01,8.0000000000e+00,4.2033939362e+00
2.6830000000e+03,5.2000000000e+01,9.0000000000e+00,4.9353594780e+00
2.6830000000e+03,5.2000000000e+01,1.0000000000e+01,5.7303714752e+00
2.6830000000e+03,5.2000000000e+01,1.1000000000e+01,6.5866694450e+00
2.6830000000e+03,5.2000000000e+01,1.2000000000e+01,7.5029296875e+00
2.6830000000e+03,5.2000000000e+01,1.3000000000e+01,8.4781503677e+00
2.6830000000e+03,5.2000000000e+01,1.4000000000e+01,9.5115652084e+00
2.6830000000e+03,5.2000000000e+01,1.5000000000e+01,1.0602556229e+01
2.6830000000e+03,5.2000000000e+01,1.6000000000e+01,1.1750655174e+01
2.6830000000e+03,5.2000000000e+01,1.7000000000e+01,1.2955460548e+01
2.6830000000e+03,5.2000000000e+01,1.8000000000e+01,1.4216672897e+01
2.6830000000e+03,5.2000000000e+01,1.9000000000e+01,1.5534031868e+01
2.6830000000e+03,5.2000000000e+01,2.0000000000e+01,1.6907327652e+01
2.6830000000e+03,5.2000000000e+01,2.1000000000e+01,1.8336404800e+01
2.6830000000e+03,5.2000000000e+01,2.2000000000e+01,1.9821088791e+01
2.6830000000e+03,5.2000000000e+01,2.3000000000e+01,2.1361322403e+01
2.6830000000e+03,5.2000000000e+01,2.4000000000e+01,2.2956926346e+01
2.6830000000e+03,5.2000000000e+01,2.5000000000e+01,2.4607919693e+01
2.6830000000e+03,5.2000000000e+01,2.6000000000e+01,2.6314125061e+01
2.6830000000e+03,5.2000000000e+01,2.7000000000e+01,2.8075622559e+01
2.6830000000e+03,5.2000000000e+01,2.8000000000e+01,2.9892227173e+01
2.6830000000e+03,5.2000000000e+01,2.9000000000e+01,3.1764055252e+01
2.6830000000e+03,5.2000000000e+01,3.0000000000e+01,3.3690921783e+01
2.6830000000e+03,5.2000000000e+01,3.1000000000e+01,3.5672966003e+01
2.6830000000e+03,7.2000000000e+01,0.0000000000e+00,2.0035541058e+00
2.6830000000e+03,7.2000000000e+01,1.0000000000e+00,1.3327521086e+00
2.6830000000e+03,7.2000000000e+01,2.0000000000e+00,1.2494304180e+00
2.6830000000e+03,7.2000000000e+01,3.0000000000e+00,1.4073499441e+00
2.6830000000e+03,7.2000000000e+01,4.0000000000e+00,1.6785688400e+00
2.6830000000e+03,7.2000000000e+01,5.0000000000e+00,2.0242276192e+00
2.6830000000e+03,7.2000000000e+01,6.0000000000e+00,2.4254999161e+00
2.6830000000e+03,7.2000000000e+01,7.0000000000e+00,2.8726751804e+00
2.6830000000e+03,7.2000000000e+01,8.0000000000e+00,3.3593525887e+00
2.6830000000e+03,7.2000000000e+01,9.0000000000e+00,3.8815984726e+00
2.6830000000e+03,7.2000000000e+01,1.0000000000e+01,4.4363846779e+00
2.6830000000e+03,7.2000000000e+01,1.1000000000e+01,5.0217452049e+00
2.6830000000e+03,7.2000000000e+01,1.2000000000e+01,5.6359491348e+00
2.6830000000e+03,7.2000000000e+01,1.3000000000e+01,6.2779016495e+00
2.6830000000e+03,7.2000000000e+01,1.4000000000e+01,6.9464788437e+00
2.6830000000e+03,7.2000000000e+01,1.5000000000e+01,7.6410355568e+00
2.6830000000e+03,7.2000000000e+01,1.6000000000e+01,8.3607759476e+00
2.6830000000e+03,7.2000000000e+01,1.7000000000e+01,9.1053180695e+00
2.6830000000e+03,7.2000000000e+01,1.8000000000e+01,9.8740491867e+00
2.6830000000e+03,7.2000000000e+01,1.9000000000e+01,1.0666769028e+01
2.6830000000e+03,7.2000000000e+01,2.0000000000e+01,1.1482955933e+01
2.6830000000e+03,7.2000000000e+01,2.1000000000e+01,1.2322546005e+01
2.6830000000e+03,7.2000000000e+01,2.2000000000e+01,1.3185071945e+01
2.6830000000e+03,7.2000000000e+01,2.3000000000e+01,1.4070541382e+01
2.6830000000e+03,7.2000000000e+01,2.4000000000e+01,1.4978575706e+01
2.6830000000e+03,7.2000000000e+01,2.5000000000e+01,1.5909129143e+01
2.6830000000e+03,7.2000000000e+01,2.6000000000e+01,1.6861957550e+01
2.6830000000e+03,7.2000000000e+01,2.7000000000e+01,1.7837163925e+01
2.6830000000e+03,7.2000000000e+01,2.8000000000e+01,1.8834375381e+01
2.6830000000e+03,7.2000000000e+01,2.9000000000e+01,1.9853725433e+01
2.6830000000e+03,7.2000000000e+01,3.0000000000e+01,2.0894922256e+01
2.6830000000e+03,7.2000000000e+01,3.1000000000e+01,2.1958015442e+01
2.6830000000e+03,1.0000000000e+02,0.0000000000e+00,1.9962739944e+00
2.6830000000e+03,1.0000000000e+02,1.0000000000e+00,1.1726547480e+00
2.6830000000e+03,1.0000000000e+02,2.0000000000e+00,1.0223460197e+00
2.6830000000e+03,1.0000000000e+02,3.0000000000e+00,1.1153266430e+00
2.6830000000e+03,1.0000000000e+02,4.0000000000e+00,1.2986782789e+00
2.6830000000e+03,1.0000000000e+02,5.0000000000e+00,1.5301460028e+00
2.6830000000e+03,1.0000000000e+02,6.0000000000e+00,1.7902780771e+00
2.6830000000e+03,1.0000000000e+02,7.0000000000e+00,2.0695650578e+00
2.6830000000e+03,1.0000000000e+02,8.0000000000e+00,2.3620839119e+00
2.6830000000e+03,1.0000000000e+02,9.0000000000e+00,2.6643576622e+00
2.6830000000e+03,1.0000000000e+02,1.0000000000e+01,2.9738950729e+00
2.6830000000e+03,1.0000000000e+02,1.1000000000e+01,3.2890987396e+00
2.6830000000e+03,1.0000000000e+02,1.2000000000e+01,3.6087236404e+00
2.6830000000e+03,1.0000000000e+02,1.3000000000e+01,3.9319229126e+00
2.6830000000e+03,1.0000000000e+02,1.4000000000e+01,4.2580127716e+00
2.6830000000e+03,1.0000000000e+02,1.5000000000e+01,4.5864973068e+00
2.6830000000e+03,1.0000000000e+02,1.6000000000e+01,4.9169816971e+00
2.6830000000e+03,1.0000000000e+02,1.7000000000e+01,5.2491593361e+00
2.6830000000e+03,1.0000000000e+02,1.8000000000e+01,5.5827889442e+00
2.6830000000e+03,1.0000000000e+02,1.9000000000e+01,5.9176688194e+00
2.6830000000e+03,1.0000000000e+02,2.0000000000e+01,6.2536482811e+00
2.6830000000e+03,1.0000000000e+02,2.1000000000e+01,6.5905919075e+00
2.6830000000e+03,1.0000000000e+02,2.2000000000e+01,6.9284105301e+00
2.6830000000e+03,1.0000000000e+02,2.3000000000e+01,7.2670073509e+00
2.6830000000e+03,1.0000000000e+02,2.4000000000e+01,7.6063327789e+00
2.6830000000e+03,1.0000000000e+02,2.5000000000e+01,7.9463124275e+00
2.6830000000e+03,1.0000000000e+02,2.6000000000e+01,8.2869272232e+00
2.6830000000e+03,1.0000000000e+02,2.7000000000e+01,8.6281108856e+00
2.6830000000e+03,1.0000000000e+02,2.8000000000e+01,8.9698753357e+00
2.6830000000e+03,1.0000000000e+02,2.9000000000e+01,9.3121519089e+00
2.6830000000e+03,1.0000000000e+02,3.0000000000e+01,9.6549777985e+00
2.6830000000e+03,1.0000000000e+02,3.1000000000e+01,9.9982786179e+00
2.6830000000e+03,1.3900000000e+02,0.0000000000e+00,1.9928106070e+00
2.6830000000e+03,1.3900000000e+02,1.0000000000e+00,1.0279649496e+00
2.6830000000e+03,1.3900000000e+02,2.0000000000e+00,8.0394434929e-01
2.6830000000e+03,1.3900000000e+02,3.0000000000e+00,8.1890022755e-01
2.6830000000e+03,1.3900000000e+02,4.0000000000e+00,9.0769958496e-01
2.6830000000e+03,1.3900000000e+02,5.0000000000e+00,1.0263930559e+00
2.6830000000e+03,1.3900000000e+02,6.0000000000e+00,1.1568413973e+00
2.6830000000e+03,1.3900000000e+02,7.0000000000e+00,1.2910159826e+00
2.6830000000e+03,1.3900000000e+02,8.0000000000e+00,1.4246270657e+00
2.6830000000e+03,1.3900000000e+02,9.0000000000e+00,1.5555235147e+00
2.6830000000e+03,1.3900000000e+02,1.0000000000e+01,1.6824790239e+00
2.6830000000e+03,1.3900000000e+02,1.1000000000e+01,1.8049200773e+00
2.6830000000e+03,1.3900000000e+02,1.2000000000e+01,1.9225437641e+00
2.6830000000e+03,1.3900000000e+02,1.3000000000e+01,2.0352940559e+00
2.6830000000e+03,1.3900000000e+02,1.4000000000e+01,2.1431894302e+00
2.6830000000e+03,1.3900000000e+02,1.5000000000e+01,2.2463591099e+00
2.6830000000e+03,1.3900000000e+02,1.6000000000e+01,2.3449356556e+00
2.6830000000e+03,1.3900000000e+02,1.7000000000e+01,2.4391131401e+00
2.6830000000e+03,1.3900000000e+02,1.8000000000e+01,2.5290598869e+00
2.6830000000e+03,1.3900000000e+02,1.9000000000e+01,2.6149854660e+00
2.6830000000e+03,1.3900000000e+02,2.0000000000e+01,2.6970613003e+00
2.6830000000e+03,1.3900000000e+02,2.1000000000e+01,2.7754936218e+00
2.6830000000e+03,1.3900000000e+02,2.2000000000e+01,2.8504428864e+00
2.6830000000e+03,1.3900000000e+02,2.3000000000e+01,2.9221045971e+00
2.6830000000e+03,1.3900000000e+02,2.4000000000e+01,2.9906234741e+00
2.6830000000e+03,1.3900000000e+02,2.5000000000e+01,3.0561783314e+00
2.6830000000e+03,1.3900000000e+02,2.6000000000e+01,3.1189014912e+00
2.6830000000e+03,1.3900000000e+02,2.7000000000e+01,3.1789543629e+00
2.6830000000e+03,1.3900000000e+02,2.8000000000e+01,3.2364542484e+00
2.6830000000e+03,1.3900000000e+02,2.9000000000e+01,3.2915470600e+00
2.6830000000e+03,1.3900000000e+02,3.0000000000e+01,3.3443360329e+00
2.6830000000e+03,1.3900000000e+02,3.1000000000e+01,3.3949542046e+00
2.6830000000e+03,1.9300000000e+02,0.0000000000e+00,2.0021874905e+00
2.6830000000e+03,1.9300000000e+02,1.0000000000e+00,8.7906634808e-01
2.6830000000e+03,1.9300000000e+02,2.0000000000e+00,6.0747772455e-01
2.6830000000e+03,1.9300000000e+02,3.0000000000e+00,5.7884919643e-01
2.6830000000e+03,1.9300000000e+02,4.0000000000e+00,6.1343133450e-01
2.6830000000e+03,1.9300000000e+02,5.0000000000e+00,6.6810607910e-01
2.6830000000e+03,1.9300000000e+02,6.0000000000e+00,7.2730922699e-01
2.6830000000e+03,1.9300000000e+02,7.0000000000e+00,7.8504872322e-01
2.6830000000e+03,1.9300000000e+02,8.0000000000e+00,8.3888649940e-01
2.6830000000e+03,1.9300000000e+02,9.0000000000e+00,8.8798934221e-01
2.6830000000e+03,1.9300000000e+02,1.0000000000e+01,9.3223351240e-01
2.6830000000e+03,1.9300000000e+02,1.1000000000e+01,9.7182279825e-01
2.6830000000e+03,1.9300000000e+02,1.2000000000e+01,1.0071028471e+00
2.6830000000e+03,1.9300000000e+02,1.3000000000e+01,1.0384666920e+00
2.6830000000e+03,1.9300000000e+02,1.4000000000e+01,1.0663115978e+00
2.6830000000e+03,1.9300000000e+02,1.5000000000e+01,1.0910153389e+00
2.6830000000e+03,1.9300000000e+02,1.6000000000e+01,1.1129271984e+00
2.6830000000e+03,1.9300000000e+02,1.7000000000e+01,1.1323632002e+00
2.6830000000e+03,1.9300000000e+02,1.8000000000e+01,1.1496081352e+00
2.6830000000e+03,1.9300000000e+02,1.9000000000e+01,1.1649140120e+00
2.6830000000e+03,1.9300000000e+02,2.0000000000e+01,1.1785061359e+00
2.6830000000e+03,1.9300000000e+02,2.1000000000e+01,1.1905825138e+00
2.6830000000e+03,1.9300000000e+02,2.2000000000e+01,1.2013186216e+00
2.6830000000e+03,1.9300000000e+02,2.3000000000e+01,1.2108688354e+00
2.6830000000e+03,1.9300000000e+02,2.4000000000e+01,1.2193696499e+00
2.6830000000e+03,1.9300000000e+02,2.5000000000e+01,1.2269411087e+00
2.6830000000e+03,1.9300000000e+02,2.6000000000e+01,1.2336893082e+00
2.6830000000e+03,1.9300000000e+02,2.7000000000e+01,1.2397071123e+00
2.6830000000e+03,1.9300000000e+02,2.8000000000e+01,1.2450776100e+00
2.6830000000e+03,1.9300000000e+02,2.9000000000e+01,1.2498731613e+00
2.6830000000e+03,1.9300000000e+02,3.0000000000e+01,1.2541580200e+00
2.6830000000e+03,1.9300000000e+02,3.1000000000e+01,1.2579889297e+00
2.6830000000e+03,2.6800000000e+02,0.0000000000e+00,1.9981491566e+00
2.6830000000e+03,2.6800000000e+02,1.0000000000e+00,7.4674206972e-01
2.6830000000e+03,2.6800000000e+02,2.0000000000e+00,4.4560617208e-01
2.6830000000e+03,2.6800000000e+02,3.0000000000e+00,3.9230698347e-01
2.6830000000e+03,2.6800000000e+02,4.0000000000e+00,3.9670190215e-01
2.6830000000e+03,2.6800000000e+02,5.0000000000e+00,4.1692200303e-01
2.6830000000e+03,2.6800000000e+02,6.0000000000e+00,4.3979072571e-01
2.6830000000e+03,2.6800000000e+02,7.0000000000e+00,4.6104538441e-01
2.6830000000e+03,2.6800000000e+02,8.0000000000e+00,4.7943565249e-01
2.6830000000e+03,2.6800000000e+02,9.0000000000e+00,4.9483752251e-01
2.6830000000e+03,2.6800000000e+02,1.0000000000e+01,5.0752204657e-01
2.6830000000e+03,2.6800000000e+02,1.1000000000e+01,5.1787441969e-01
2.6830000000e+03,2.6800000000e+02,1.2000000000e+01,5.2628135681e-01
2.6830000000e+03,2.6800000000e+02,1.3000000000e+01,5.3309053183e-01
2.6830000000e+03,2.6800000000e+02,1.4000000000e+01,5.3859883547e-01
2.6830000000e+03,2.6800000000e+02,1.5000000000e+01,5.4305315018e-01
2.6830000000e+03,2.6800000000e+02,1.6000000000e+01,5.4665577412e-01
2.6830000000e+03,2.6800000000e+02,1.7000000000e+01,5.4957127571e-01
2.6830000000e+03,2.6800000000e+02,1.8000000000e+01,5.5193251371e-01
2.6830000000e+03,2.6800000000e+02,1.9000000000e+01,5.5384659767e-01
2.6830000000e+03,2.6800000000e+02,2.0000000000e+01,5.5539989471e-01
2.6830000000e+03,2.6800000000e+02,2.1000000000e+01,5.5666160583e-01
2.6830000000e+03,2.6800000000e+02,2.2000000000e+01,5.5768781900e-01
2.6830000000e+03,2.6800000000e+02,2.3000000000e+01,5.5852317810e-01
2.6830000000e+03,2.6800000000e+02,2.4000000000e+01,5.5920410156e-01
2.6830000000e+03,2.6800000000e+02,2.5000000000e+01,5.5975973606e-01
2.6830000000e+03,2.6800000000e+02,2.6000000000e+01,5.6021356583e-01
2.6830000000e+03,2.6800000000e+02,2.7000000000e+01,5.6058472395e-01
2.6830000000e+03,2.6800000000e+02,2.8000000000e+01,5.6088852882e-01
2.6830000000e+03,2.6800000000e+02,2.9000000000e+01,5.6113743782e-01
2.6830000000e+03,2.6800000000e+02,3.0000000000e+01,5.6134158373e-01
2.6830000000e+03,2.6800000000e+02,3.1000000000e+01,5.6150925159e-01
2.6830000000e+03,3.7300000000e+02,0.0000000000e+00,2.0010571480e+00
2.6830000000e+03,3.7300000000e+02,1.0000000000e+00,6.3323557377e-01
2.6830000000e+03,3.7300000000e+02,2.0000000000e+00,3.1931459904e-01
2.6830000000e+03,3.7300000000e+02,3.0000000000e+00,2.5891810656e-01
2.6830000000e+03,3.7300000000e+02,4.0000000000e+00,2.5158619881e-01
2.6830000000e+03,3.7300000000e+02,5.0000000000e+00,2.5740468502e-01
2.6830000000e+03,3.7300000000e+02,6.0000000000e+00,2.6546001434e-01
2.6830000000e+03,3.7300000000e+02,7.0000000000e+00,2.7274191380e-01
2.6830000000e+03,3.7300000000e+02,8.0000000000e+00,2.7858805656e-01
2.6830000000e+03,3.7300000000e+02,9.0000000000e+00,2.8305867314e-01
2.6830000000e+03,3.7300000000e+02,1.0000000000e+01,2.8639838099e-01
2.6830000000e+03,3.7300000000e+02,1.1000000000e+01,2.8886386752e-01
2.6830000000e+03,3.7300000000e+02,1.2000000000e+01,2.9067301750e-01
2.6830000000e+03,3.7300000000e+02,1.3000000000e+01,2.9199686646e-01
2.6830000000e+03,3.7300000000e+02,1.4000000000e+01,2.9296463728e-01
2.6830000000e+03,3.7300000000e+02,1.5000000000e+01,2.9367220402e-01
2.6830000000e+03,3.7300000000e+02,1.6000000000e+01,2.9418998957e-01
2.6830000000e+03,3.7300000000e+02,1.7000000000e+01,2.9456931353e-01
2.6830000000e+03,3.7300000000e+02,1.8000000000e+01,2.9484766722e-01
2.6830000000e+03,3.7300000000e+02,1.9000000000e+01,2.9505217075e-01
2.6830000000e+03,3.7300000000e+02,2.0000000000e+01,2.9520273209e-01
2.6830000000e+03,3.7300000000e+02,2.1000000000e+01,2.9531371593e-01
2.6830000000e+03,3.7300000000e+02,2.2000000000e+01,2.9539573193e-01
2.6830000000e+03,3.7300000000e+02,2.3000000000e+01,2.9545634985e-01
2.6830000000e+03,3.7300000000e+02,2.4000000000e+01,2.9550129175e-01
2.6830000000e+03,3.7300000000e+02,2.5000000000e+01,2.9553461075e-01
2.6830000000e+03,3.7300000000e+02,2.6000000000e+01,2.9555940628e-01
2.6830000000e+03,3.7300000000e+02,2.7000000000e+01,2.9557785392e-01
2.6830000000e+03,3.7300000000e+02,2.8000000000e+01,2.9559159279e-01
2.6830000000e+03,3.7300000000e+02,2.9000000000e+01,2.9560181499e-01
2.6830000000e+03,3.7300000000e+02,3.0000000000e+01,2.9560947418e-01
2.6830000000e+03,3.7300000000e+02,3.1000000000e+01,2.9561519623e-01
2.6830000000e+03,5.1800000000e+02,0.0000000000e+00,2.0040156841e+00
2.6830000000e+03,5.1800000000e+02,1.0000000000e+00,5.8923435211e-01
2.6830000000e+03,5.1800000000e+02,2.0000000000e+00,3.0047222972e-01
2.6830000000e+03,5.1800000000e+02,3.0000000000e+00,2.4894189835e-01
2.6830000000e+03,5.1800000000e+02,4.0000000000e+00,2.4197959900e-01
2.6830000000e+03,5.1800000000e+02,5.0000000000e+00,2.4447691441e-01
2.6830000000e+03,5.1800000000e+02,6.0000000000e+00,2.4843321741e-01
2.6830000000e+03,5.1800000000e+02,7.0000000000e+00,2.5219914317e-01
2.6830000000e+03,5.1800000000e+02,8.0000000000e+00,2.5568783283e-01
2.6830000000e+03,5.1800000000e+02,9.0000000000e+00,2.5914248824e-01
2.6830000000e+03,5.1800000000e+02,1.0000000000e+01,2.6282426715e-01
2.6830000000e+03,5.1800000000e+02,1.1000000000e+01,2.6694449782e-01
2.6830000000e+03,5.1800000000e+02,1.2000000000e+01,2.7166253328e-01
2.6830000000e+03,5.1800000000e+02,1.3000000000e+01,2.7709791064e-01
2.6830000000e+03,5.1800000000e+02,1.4000000000e+01,2.8334271908e-01
2.6830000000e+03,5.1800000000e+02,1.5000000000e+01,2.9047089815e-01
2.6830000000e+03,5.1800000000e+02,1.6000000000e+01,2.9854521155e-01
2.6830000000e+03,5.1800000000e+02,1.7000000000e+01,3.0762133002e-01
2.6830000000e+03,5.1800000000e+02,1.8000000000e+01,3.1775090098e-01
2.6830000000e+03,5.1800000000e+02,1.9000000000e+01,3.2898363471e-01
2.6830000000e+03,5.1800000000e+02,2.0000000000e+01,3.4136825800e-01
2.6830000000e+03,5.1800000000e+02,2.1000000000e+01,3.5495352745e-01
2.6830000000e+03,5.1800000000e+02,2.2000000000e+01,3.6978876591e-01
2.6830000000e+03,5.1800000000e+02,2.3000000000e+01,3.8592430949e-01
2.6830000000e+03,5.1800000000e+02,2.4000000000e+01,4.0341138840e-01
2.6830000000e+03,5.1800000000e+02,2.5000000000e+01,4.2230281234e-01
2.6830000000e+03,5.1800000000e+02,2.6000000000e+01,4.4265282154e-01
2.6830000000e+03,5.1800000000e+02,2.7000000000e+01,4.6451711655e-01
2.6830000000e+03,5.1800000000e+02,2.8000000000e+01,4.8795333505e-01
2.6830000000e+03,5.1800000000e+02,2.9000000000e+01,5.1302057505e-01
2.6830000000e+03,5.1800000000e+02,3.0000000000e+01,5.3977996111e-01
2.6830000000e+03,5.1800000000e+02,3.1000000000e+01,5.6829428673e-01
2.6830000000e+03,7.2000000000e+02,0.0000000000e+00,2.0020043850e+00
2.6830000000e+03,7.2000000000e+02,1.0000000000e+00,4.5491886139e-01
2.6830000000e+03,7.2000000000e+02,2.0000000000e+00,1.7028120160e-01
2.6830000000e+03,7.2000000000e+02,3.0000000000e+00,1.2522603571e-01
2.6830000000e+03,7.2000000000e+02,4.0000000000e+00,1.1924743652e-01
2.6830000000e+03,7.2000000000e+02,5.0000000000e+00,1.2018914521e-01
2.6830000000e+03,7.2000000000e+02,6.0000000000e+00,1.2184306234e-01
2.6830000000e+03,7.2000000000e+02,7.0000000000e+00,1.2311133742e-01
2.6830000000e+03,7.2000000000e+02,8.0000000000e+00,1.2394294143e-01
2.6830000000e+03,7.2000000000e+02,9.0000000000e+00,1.2445952743e-01
2.6830000000e+03,7.2000000000e+02,1.0000000000e+01,1.2477370352e-01
2.6830000000e+03,7.2000000000e+02,1.1000000000e+01,1.2496335804e-01
2.6830000000e+03,7.2000000000e+02,1.2000000000e+01,1.2507770956e-01
2.6830000000e+03,7.2000000000e+02,1.3000000000e+01,1.2514677644e-01
2.6830000000e+03,7.2000000000e+02,1.4000000000e+01,1.2518861890e-01
2.6830000000e+03,7.2000000000e+02,1.5000000000e+01,1.2521408498e-01
2.6830000000e+03,7.2000000000e+02,1.6000000000e+01,1.2522964180e-01
2.6830000000e+03,7.2000000000e+02,1.7000000000e+01,1.2523917854e-01
2.6830000000e+03,7.2000000000e+02,1.8000000000e+01,1.2524506450e-01
2.6830000000e+03,7.2000000000e+02,1.9000000000e+01,1.2524871528e-01
2.6830000000e+03,7.2000000000e+02,2.0000000000e+01,1.2525096536e-01
2.6830000000e+03,7.2000000000e+02,2.1000000000e+01,1.2525236607e-01
2.6830000000e+03,7.2000000000e+02,2.2000000000e+01,1.2525324523e-01
2.6830000000e+03,7.2000000000e+02,2.3000000000e+01,1.2525379658e-01
2.6830000000e+03,7.2000000000e+02,2.4000000000e+01,1.2525413930e-01
2.6830000000e+03,7.2000000000e+02,2.5000000000e+01,1.2525436282e-01
2.6830000000e+03,7.2000000000e+02,2.6000000000e+01,1.2525449693e-01
2.6830000000e+03,7.2000000000e+02,2.7000000000e+01,1.2525458634e-01
2.6830000000e+03,7.2000000000e+02,2.8000000000e+01,1.2525463104e-01
2.6830000000e+03,7.2000000000e+02,2.9000000000e+01,1.2525467575e-01
2.6830000000e+03,7.2000000000e+02,3.0000000000e+01,1.2525469065e-01
2.6830000000e+03,7.2000000000e+02,3.1000000000e+01,1.2525470555e-01
2.6830000000e+03,1.0000000000e+03,0.0000000000e+00,2.0122323036e+00
2.6830000000e+03,1.0000000000e+03,1.0000000000e+00,4.6374893188e-01
2.6830000000e+03,1.0000000000e+03,2.0000000000e+00,2.3172889650e-01
2.6830000000e+03,1.0000000000e+03,3.0000000000e+00,2.0889601111e-01
2.6830000000e+03,1.0000000000e+03,4.0000000000e+00,2.1363367140e-01
2.6830000000e+03,1.0000000000e+03,5.0000000000e+00,2.2181361914e-01
2.6830000000e+03,1.0000000000e+03,6.0000000000e+00,2.2931575775e-01
2.6830000000e+03,1.0000000000e+03,7.0000000000e+00,2.3542562127e-01
2.6830000000e+03,1.0000000000e+03,8.0000000000e+00,2.4014446139e-01
2.6830000000e+03,1.0000000000e+03,9.0000000000e+00,2.4364973605e-01
2.6830000000e+03,1.0000000000e+03,1.0000000000e+01,2.4616007507e-01
2.6830000000e+03,1.0000000000e+03,1.1000000000e+01,2.4789026380e-01
2.6830000000e+03,1.0000000000e+03,1.2000000000e+01,2.4903279543e-01
2.6830000000e+03,1.0000000000e+03,1.3000000000e+01,2.4975064397e-01
2.6830000000e+03,1.0000000000e+03,1.4000000000e+01,2.5017616153e-01
2.6830000000e+03,1.0000000000e+03,1.5000000000e+01,2.5041306019e-01
2.6830000000e+03,1.0000000000e+03,1.6000000000e+01,2.5054013729e-01
2.6830000000e+03,1.0000000000e+03,1.7000000000e+01,2.5061532855e-01
2.6830000000e+03,1.0000000000e+03,1.8000000000e+01,2.5068008900e-01
2.6830000000e+03,1.0000000000e+03,1.9000000000e+01,2.5076299906e-01
2.6830000000e+03,1.0000000000e+03,2.0000000000e+01,2.5088304281e-01
2.6830000000e+03,1.0000000000e+03,2.1000000000e+01,2.5105237961e-01
2.6830000000e+03,1.0000000000e+03,2.2000000000e+01,2.5127828121e-01
2.6830000000e+03,1.0000000000e+03,2.3000000000e+01,2.5156471133e-01
2.6830000000e+03,1.0000000000e+03,2.4000000000e+01,2.5191360712e-01
2.6830000000e+03,1.0000000000e+03,2.5000000000e+01,2.5232571363e-01
2.6830000000e+03,1.0000000000e+03,2.6000000000e+01,2.5280109048e-01
2.6830000000e+03,1.0000000000e+03,2.7000000000e+01,2.5333955884e-01
2.6830000000e+03,1.0000000000e+03,2.8000000000e+01,2.5394099951e-01
2.6830000000e+03,1.0000000000e+03,2.9000000000e+01,2.5460544229e-01
2.6830000000e+03,1.0000000000e+03,3.0000000000e+01,2.5533306599e-01
2.6830000000e+03,1.0000000000e+03,3.1000000000e+01,2.5612437725e-01
3.7280000000e+03,1.0000000000e+01,0.0000000000e+00,2.0100431442e+00
3.7280000000e+03,1.0000000000e+01,1.0000000000e+00,1.8824948072e+00
3.7280000000e+03,1.0000000000e+01,2.0000000000e+00,1.9352326393e+00
3.7280000000e+03,1.0000000000e+01,3.0000000000e+00,2.1044290066e+00
3.7280000000e+03,1.0000000000e+01,4.0000000000e+00,2.3641946316e+00
3.7280000000e+03,1.0000000000e+01,5.0000000000e+00,2.7065036297e+00
3.7280000000e+03,1.0000000000e+01,6.0000000000e+00,3.1278395653e+00
3.7280000000e+03,1.0000000000e+01,7.0000000000e+00,3.6267285347e+00
3.7280000000e+03,1.0000000000e+01,8.0000000000e+00,4.2023630142e+00
3.7280000000e+03,1.0000000000e+01,9.0000000000e+00,4.8543949127e+00
3.7280000000e+03,1.0000000000e+01,1.0000000000e+01,5.5825958252e+00
3.7280000000e+03,1.0000000000e+01,1.1000000000e+01,6.3868856430e+00
3.7280000000e+03,1.0000000000e+01,1.2000000000e+01,7.2671952248e+00
3.7280000000e+03,1.0000000000e+01,1.3000000000e+01,8.2235183716e+00
3.7280000000e+03,1.0000000000e+01,1.4000000000e+01,9.2558403015e+00
3.7280000000e+03,1.0000000000e+01,1.5000000000e+01,1.0364169121e+01
3.7280000000e+03,1.0000000000e+01,1.6000000000e+01,1.1548512459e+01
3.7280000000e+03,1.0000000000e+01,1.7000000000e+01,1.2808876991e+01
3.7280000000e+03,1.0000000000e+01,1.8000000000e+01,1.4145277977e+01
3.7280000000e+03,1.0000000000e+01,1.9000000000e+01,1.5557722092e+01
3.7280000000e+03,1.0000000000e+01,2.0000000000e+01,1.7046226501e+01
3.7280000000e+03,1.0000000000e+01,2.1000000000e+01,1.8610786438e+01
3.7280000000e+03,1.0000000000e+01,2.2000000000e+01,2.0251428604e+01
3.7280000000e+03,1.0000000000e+01,2.3000000000e+01,2.1968147278e+01
3.7280000000e+03,1.0000000000e+01,2.4000000000e+01,2.3760959625e+01
3.7280000000e+03,1.0000000000e+01,2.5000000000e+01,2.5629861832e+01
3.7280000000e+03,1.0000000000e+01,2.6000000000e+01,2.7574872971e+01
3.7280000000e+03,1.0000000000e+01,2.7000000000e+01,2.9595983505e+01
3.7280000000e+03,1.0000000000e+01,2.8000000000e+01,3.1693220139e+01
3.7280000000e+03,1.0000000000e+01,2.9000000000e+01,3.3866558075e+01
3.7280000000e+03,1.0000000000e+01,3.0000000000e+01,3.6116031647e+01
3.7280000000e+03,1.0000000000e+01,3.1000000000e+01,3.8441612244e+01
3.7280000000e+03,1.4000000000e+01,0.0000000000e+00,1.9983541965e+00
3.7280000000e+03,1.4000000000e+01,1.0000000000e+00,1.8230195045e+00
3.7280000000e+03,1.4000000000e+01,2.0000000000e+00,1.8733500242e+00
3.7280000000e+03,1.4000000000e+01,3.0000000000e+00,2.0656716824e+00
3.7280000000e+03,1.4000000000e+01,4.0000000000e+00,2.3649830818e+00
3.7280000000e+03,1.4000000000e+01,5.0000000000e+00,2.7600963116e+00
3.7280000000e+03,1.4000000000e+01,6.0000000000e+00,3.2459664345e+00
3.7280000000e+03,1.4000000000e+01,7.0000000000e+00,3.8202395439e+00
3.7280000000e+03,1.4000000000e+01,8.0000000000e+00,4.4816064835e+00
3.7280000000e+03,1.4000000000e+01,9.0000000000e+00,5.2293968201e+00
3.7280000000e+03,1.4000000000e+01,1.0000000000e+01,6.0632123947e+00
3.7280000000e+03,1.4000000000e+01,1.1000000000e+01,6.9828443527e+00
3.7280000000e+03,1.4000000000e+01,1.2000000000e+01,7.9881715775e+00
3.7280000000e+03,1.4000000000e+01,1.3000000000e+01,9.0791358948e+00
3.7280000000e+03,1.4000000000e+01,1.4000000000e+01,1.0255712509e+01
3.7280000000e+03,1.4000000000e+01,1.5000000000e+01,1.1517889023e+01
3.7280000000e+03,1.4000000000e+01,1.6000000000e+01,1.2865677834e+01
3.7280000000e+03,1.4000000000e+01,1.7000000000e+01,1.4299081802e+01
3.7280000000e+03,1.4000000000e+01,1.8000000000e+01,1.5818121910e+01
3.7280000000e+03,1.4000000000e+01,1.9000000000e+01,1.7422807693e+01
3.7280000000e+03,1.4000000000e+01,2.0000000000e+01,1.9113162994e+01
3.7280000000e+03,1.4000000000e+01,2.1000000000e+01,2.0889198303e+01
3.7280000000e+03,1.4000000000e+01,2.2000000000e+01,2.2750938416e+01
3.7280000000e+03,1.4000000000e+01,2.3000000000e+01,2.4698385239e+01
3.7280000000e+03,1.4000000000e+01,2.4000000000e+01,2.6731565475e+01
3.7280000000e+03,1.4000000000e+01,2.5000000000e+01,2.8850479126e+01
3.7280000000e+03,1.4000000000e+01,2.6000000000e+01,3.1055156708e+01
3.7280000000e+03,1.4000000000e+01,2.7000000000e+01,3.3345592499e+01
3.7280000000e+03,1.4000000000e+01,2.8000000000e+01,3.5721809387e+01
3.7280000000e+03,1.4000000000e+01,2.9000000000e+01,3.8183811188e+01
3.7280000000e+03,1.4000000000e+01,3.0000000000e+01,4.0731609344e+01
3.7280000000e+03,1.4000000000e+01,3.1000000000e+01,4.3365200043e+01
3.7280000000e+03,1.9000000000e+01,0.0000000000e+00,1.9941521883e+00
3.7280000000e+03,1.9000000000e+01,1.0000000000e+00,1.7591812611e+00
3.7280000000e+03,1.9000000000e+01,2.0000000000e+00,1.7962571383e+00
3.7280000000e+03,1.9000000000e+01,3.0000000000e+00,1.9951176643e+00
3.7280000000e+03,1.9000000000e+01,4.0000000000e+00,2.3116502762e+00
3.7280000000e+03,1.9000000000e+01,5.0000000000e+00,2.7312099934e+00
3.7280000000e+03,1.9000000000e+01,6.0000000000e+00,3.2471115589e+00
3.7280000000e+03,1.9000000000e+01,7.0000000000e+00,3.8560340405e+00
3.7280000000e+03,1.9000000000e+01,8.0000000000e+00,4.5561065674e+00
3.7280000000e+03,1.9000000000e+01,9.0000000000e+00,5.3462862968e+00
3.7280000000e+03,1.9000000000e+01,1.0000000000e+01,6.2259292603e+00
3.7280000000e+03,1.9000000000e+01,1.1000000000e+01,7.1946697235e+00
3.7280000000e+03,1.9000000000e+01,1.2000000000e+01,8.2522563934e+00
3.7280000000e+03,1.9000000000e+01,1.3000000000e+01,9.3985662460e+00
3.7280000000e+03,1.9000000000e+01,1.4000000000e+01,1.0633496284e+01
3.7280000000e+03,1.9000000000e+01,1.5000000000e+01,1.1957018852e+01
3.7280000000e+03,1.9000000000e+01,1.6000000000e+01,1.3369092941e+01
3.7280000000e+03,1.9000000000e+01,1.7000000000e+01,1.4869729996e+01
3.7280000000e+03,1.9000000000e+01,1.8000000000e+01,1.6458915710e+01
3.7280000000e+03,1.9000000000e+01,1.9000000000e+01,1.8136682510e+01
3.7280000000e+03,1.9000000000e+01,2.0000000000e+01,1.9903020859e+01
3.7280000000e+03,1.9000000000e+01,2.1000000000e+01,2.1757972717e+01
3.7280000000e+03,1.9000000000e+01,2.2000000000e+01,2.3701532364e+01
3.7280000000e+03,1.9000000000e+01,2.3000000000e+01,2.5733739853e+01
3.7280000000e+03,1.9000000000e+01,2.4000000000e+01,2.7854597092e+01
3.7280000000e+03,1.9000000000e+01,2.5000000000e+01,3.0064138412e+01
3.7280000000e+03,1.9000000000e+01,2.6000000000e+01,3.2362369537e+01
3.7280000000e+03,1.9000000000e+01,2.7000000000e+01,3.4749317169e+01
3.7280000000e+03,1.9000000000e+01,2.8000000000e+01,3.7224990845e+01
3.7280000000e+03,1.9000000000e+01,2.9000000000e+01,3.9789409637e+01
3.7280000000e+03,1.9000000000e+01,3.0000000000e+01,4.2442596436e+01
3.7280000000e+03,1.9000000000e+01,3.1000000000e+01,4.5184547424e+01
3.7280000000e+03,2.7000000000e+01,0.0000000000e+00,2.0041944981e+00
3.7280000000e+03,2.7000000000e+01,1.0000000000e+00,1.6778706312e+00
3.7280000000e+03,2.7000000000e+01,2.0000000000e+00,1.7009675503e+00
3.7280000000e+03,2.7000000000e+01,3.0000000000e+00,1.9189149141e+00
3.7280000000e+03,2.7000000000e+01,4.0000000000e+00,2.2700135708e+00
3.7280000000e+03,2.7000000000e+01,5.0000000000e+00,2.7341747284e+00
3.7280000000e+03,2.7000000000e+01,6.0000000000e+00,3.3019466400e+00
3.7280000000e+03,2.7000000000e+01,7.0000000000e+00,3.9684591293e+00
3.7280000000e+03,2.7000000000e+01,8.0000000000e+00,4.7308521271e+00
3.7280000000e+03,2.7000000000e+01,9.0000000000e+00,5.5873980522e+00
3.7280000000e+03,2.7000000000e+01,1.0000000000e+01,6.5369882584e+00
3.7280000000e+03,2.7000000000e+01,1.1000000000e+01,7.5788903236e+00
3.7280000000e+03,2.7000000000e+01,1.2000000000e+01,8.7126255035e+00
3.7280000000e+03,2.7000000000e+01,1.3000000000e+01,9.9378490448e+00
3.7280000000e+03,2.7000000000e+01,1.4000000000e+01,1.1254356384e+01
3.7280000000e+03,2.7000000000e+01,1.5000000000e+01,1.2661973000e+01
3.7280000000e+03,2.7000000000e+01,1.6000000000e+01,1.4160625458e+01
3.7280000000e+03,2.7000000000e+01,1.7000000000e+01,1.5750217438e+01
3.7280000000e+03,2.7000000000e+01,1.8000000000e+01,1.7430747986e+01
3.7280000000e+03,2.7000000000e+01,1.9000000000e+01,1.9202152252e+01
3.7280000000e+03,2.7000000000e+01,2.0000000000e+01,2.1064466476e+01
3.7280000000e+03,2.7000000000e+01,2.1000000000e+01,2.3017658234e+01
3.7280000000e+03,2.7000000000e+01,2.2000000000e+01,2.5061758041e+01
3.7280000000e+03,2.7000000000e+01,2.3000000000e+01,2.7196763992e+01
3.7280000000e+03,2.7000000000e+01,2.4000000000e+01,2.9422708511e+01
3.7280000000e+03,2.7000000000e+01,2.5000000000e+01,3.1739604950e+01
3.7280000000e+03,2.7000000000e+01,2.6000000000e+01,3.4147472382e+01
3.7280000000e+03,2.7000000000e+01,2.7000000000e+01,3.6646331787e+01
3.7280000000e+03,2.7000000000e+01,2.8000000000e+01,3.9236202240e+01
3.7280000000e+03,2.7000000000e+01,2.9000000000e+01,4.1917118073e+01
3.7280000000e+03,2.7000000000e+01,3.0000000000e+01,4.4689083099e+01
3.7280000000e+03,2.7000000000e+01,3.1000000000e+01,4.7552139282e+01
3.7280000000e+03,3.7000000000e+01,0.0000000000e+00,1.9937803745e+00
3.7280000000e+03,3.7000000000e+01,1.0000000000e+00,1.5786309242e+00
3.7280000000e+03,3.7000000000e+01,2.0000000000e+00,1.5800888538e+00
3.7280000000e+03,3.7000000000e+01,3.0000000000e+00,1.7964342833e+00
3.7280000000e+03,3.7000000000e+01,4.0000000000e+00,2.1479573250e+00
3.7280000000e+03,3.7000000000e+01,5.0000000000e+00,2.6088197231e+00
3.7280000000e+03,3.7000000000e+01,6.0000000000e+00,3.1666669846e+00
3.7280000000e+03,3.7000000000e+01,7.0000000000e+00,3.8150060177e+00
3.7280000000e+03,3.7000000000e+01,8.0000000000e+00,4.5498485565e+00
3.7280000000e+03,3.7000000000e+01,9.0000000000e+00,5.3687410355e+00
3.7280000000e+03,3.7000000000e+01,1.0000000000e+01,6.2699995041e+00
3.7280000000e+03,3.7000000000e+01,1.1000000000e+01,7.2524991035e+00
3.7280000000e+03,3.7000000000e+01,1.2000000000e+01,8.3154201508e+00
3.7280000000e+03,3.7000000000e+01,1.3000000000e+01,9.4581842422e+00
3.7280000000e+03,3.7000000000e+01,1.4000000000e+01,1.0680356026e+01
3.7280000000e+03,3.7000000000e+01,1.5000000000e+01,1.1981625557e+01
3.7280000000e+03,3.7000000000e+01,1.6000000000e+01,1.3361744881e+01
3.7280000000e+03,3.7000000000e+01,1.7000000000e+01,1.4820549965e+01
3.7280000000e+03,3.7000000000e+01,1.8000000000e+01,1.6357891083e+01
3.7280000000e+03,3.7000000000e+01,1.9000000000e+01,1.7973699570e+01
3.7280000000e+03,3.7000000000e+01,2.0000000000e+01,1.9667865753e+01
3.7280000000e+03,3.7000000000e+01,2.1000000000e+01,2.1440385818e+01
3.7280000000e+03,3.7000000000e+01,2.2000000000e+01,2.3291170120e+01
3.7280000000e+03,3.7000000000e+01,2.3000000000e+01,2.5220256805e+01
3.7280000000e+03,3.7000000000e+01,2.4000000000e+01,2.7227571487e+01
3.7280000000e+03,3.7000000000e+01,2.5000000000e+01,2.9313167572e+01
3.7280000000e+03,3.7000000000e+01,2.6000000000e+01,3.1476989746e+01
3.7280000000e+03,3.7000000000e+01,2.7000000000e+01,3.3719097137e+01
3.7280000000e+03,3.7000000000e+01,2.8000000000e+01,3.6039440155e+01
3.7280000000e+03,3.7000000000e+01,2.9000000000e+01,3.8438098907e+01
3.7280000000e+03,3.7000000000e+01,3.0000000000e+01,4.0915012360e+01
3.7280000000e+03,3.7000000000e+01,3.1000000000e+01,4.3470275879e+01
3.7280000000e+03,5.2000000000e+01,0.0000000000e+00,1.9983487129e+00
3.7280000000e+03,5.2000000000e+01,1.0000000000e+00,1.4567736387e+00
3.7280000000e+03,5.2000000000e+01,2.0000000000e+00,1.4251291752e+00
3.7280000000e+03,5.2000000000e+01,3.0000000000e+00,1.6281650066e+00
3.7280000000e+03,5.2000000000e+01,4.0000000000e+00,1.9610230923e+00
3.7280000000e+03,5.2000000000e+01,5.0000000000e+00,2.3912734985e+00
3.7280000000e+03,5.2000000000e+01,6.0000000000e+00,2.9029545784e+00
3.7280000000e+03,5.2000000000e+01,7.0000000000e+00,3.4877979755e+00
3.7280000000e+03,5.2000000000e+01,8.0000000000e+00,4.1403498650e+00
3.7280000000e+03,5.2000000000e+01,9.0000000000e+00,4.8572645187e+00
3.7280000000e+03,5.2000000000e+01,1.0000000000e+01,5.6360077858e+00
3.7280000000e+03,5.2000000000e+01,1.1000000000e+01,6.4749217033e+00
3.7280000000e+03,5.2000000000e+01,1.2000000000e+01,7.3726105690e+00
3.7280000000e+03,5.2000000000e+01,1.3000000000e+01,8.3281660080e+00
3.7280000000e+03,5.2000000000e+01,1.4000000000e+01,9.3407239914e+00
3.7280000000e+03,5.2000000000e+01,1.5000000000e+01,1.0409773827e+01
3.7280000000e+03,5.2000000000e+01,1.6000000000e+01,1.1534718513e+01
3.7280000000e+03,5.2000000000e+01,1.7000000000e+01,1.2715301514e+01
3.7280000000e+03,5.2000000000e+01,1.8000000000e+01,1.3951053619e+01
3.7280000000e+03,5.2000000000e+01,1.9000000000e+01,1.5241900444e+01
3.7280000000e+03,5.2000000000e+01,2.0000000000e+01,1.6587419510e+01
3.7280000000e+03,5.2000000000e+01,2.1000000000e+01,1.7987676620e+01
3.7280000000e+03,5.2000000000e+01,2.2000000000e+01,1.9442287445e+01
3.7280000000e+03,5.2000000000e+01,2.3000000000e+01,2.0951381683e+01
3.7280000000e+03,5.2000000000e+01,2.4000000000e+01,2.2514617920e+01
3.7280000000e+03,5.2000000000e+01,2.5000000000e+01,2.4132143021e+01
3.7280000000e+03,5.2000000000e+01,2.6000000000e+01,2.5803689957e+01
3.7280000000e+03,5.2000000000e+01,2.7000000000e+01,2.7529367447e+01
3.7280000000e+03,5.2000000000e+01,2.8000000000e+01,2.9309000015e+01
3.7280000000e+03,5.2000000000e+01,2.9000000000e+01,3.1142654419e+01
3.7280000000e+03,5.2000000000e+01,3.0000000000e+01,3.3030216217e+01
3.7280000000e+03,5.2000000000e+01,3.1000000000e+01,3.4971759796e+01
3.7280000000e+03,7.2000000000e+01,0.0000000000e+00,2.0022430420e+00
3.7280000000e+03,7.2000000000e+01,1.0000000000e+00,1.3211538792e+00
3.7280000000e+03,7.2000000000e+01,2.0000000000e+00,1.2305411100e+00
3.7280000000e+03,7.2000000000e+01,3.0000000000e+00,1.3834496737e+00
3.7280000000e+03,7.2000000000e+01,4.0000000000e+00,1.6501897573e+00
3.7280000000e+03,7.2000000000e+01,5.0000000000e+00,1.9917411804e+00
3.7280000000e+03,7.2000000000e+01,6.0000000000e+00,2.3891324997e+00
3.7280000000e+03,7.2000000000e+01,7.0000000000e+00,2.8324317932e+00
3.7280000000e+03,7.2000000000e+01,8.0000000000e+00,3.3152346611e+00
3.7280000000e+03,7.2000000000e+01,9.0000000000e+00,3.8334715366e+00
3.7280000000e+03,7.2000000000e+01,1.0000000000e+01,4.3841533661e+00
3.7280000000e+03,7.2000000000e+01,1.1000000000e+01,4.9652161598e+00
3.7280000000e+03,7.2000000000e+01,1.2000000000e+01,5.5749926567e+00
3.7280000000e+03,7.2000000000e+01,1.3000000000e+01,6.2122974396e+00
3.7280000000e+03,7.2000000000e+01,1.4000000000e+01,6.8760848045e+00
3.7280000000e+03,7.2000000000e+01,1.5000000000e+01,7.5656261444e+00
3.7280000000e+03,7.2000000000e+01,1.6000000000e+01,8.2802009583e+00
3.7280000000e+03,7.2000000000e+01,1.7000000000e+01,9.0193529129e+00
3.7280000000e+03,7.2000000000e+01,1.8000000000e+01,9.7825317383e+00
3.7280000000e+03,7.2000000000e+01,1.9000000000e+01,1.0569478989e+01
3.7280000000e+03,7.2000000000e+01,2.0000000000e+01,1.1379732132e+01
3.7280000000e+03,7.2000000000e+01,2.1000000000e+01,1.2213173866e+01
3.7280000000e+03,7.2000000000e+01,2.2000000000e+01,1.3069428444e+01
3.7280000000e+03,7.2000000000e+01,2.3000000000e+01,1.3948415756e+01
3.7280000000e+03,7.2000000000e+01,2.4000000000e+01,1.4849829674e+01
3.7280000000e+03,7.2000000000e+01,2.5000000000e+01,1.5773655891e+01
3.7280000000e+03,7.2000000000e+01,2.6000000000e+01,1.6719587326e+01
3.7280000000e+03,7.2000000000e+01,2.7000000000e+01,1.7687690735e+01
3.7280000000e+03,7.2000000000e+01,2.8000000000e+01,1.8677648544e+01
3.7280000000e+03,7.2000000000e+01,2.9000000000e+01,1.9689567566e+01
3.7280000000e+03,7.2000000000e+01,3.0000000000e+01,2.0723182678e+01
3.7280000000e+03,7.2000000000e+01,3.1000000000e+01,2.1778608322e+01
3.7280000000e+03,1.0000000000e+02,0.0000000000e+00,2.0105769634e+00
3.7280000000e+03,1.0000000000e+02,1.0000000000e+00,1.1837065220e+00
3.7280000000e+03,1.0000000000e+02,2.0000000000e+00,1.0200796127e+00
3.7280000000e+03,1.0000000000e+02,3.0000000000e+00,1.0959602594e+00
3.7280000000e+03,1.0000000000e+02,4.0000000000e+00,1.2622578144e+00
3.7280000000e+03,1.0000000000e+02,5.0000000000e+00,1.4766073227e+00
3.7280000000e+03,1.0000000000e+02,6.0000000000e+00,1.7195597887e+00
3.7280000000e+03,1.0000000000e+02,7.0000000000e+00,1.9814478159e+00
3.7280000000e+03,1.0000000000e+02,8.0000000000e+00,2.2563512325e+00
3.7280000000e+03,1.0000000000e+02,9.0000000000e+00,2.5407059193e+00
3.7280000000e+03,1.0000000000e+02,1.0000000000e+01,2.8320412636e+00
3.7280000000e+03,1.0000000000e+02,1.1000000000e+01,3.1287305355e+00
3.7280000000e+03,1.0000000000e+02,1.2000000000e+01,3.4295394421e+00
3.7280000000e+03,1.0000000000e+02,1.3000000000e+01,3.7336356640e+00
3.7280000000e+03,1.0000000000e+02,1.4000000000e+01,4.0403170586e+00
3.7280000000e+03,1.0000000000e+02,1.5000000000e+01,4.3491396904e+00
3.7280000000e+03,1.0000000000e+02,1.6000000000e+01,4.6596555710e+00
3.7280000000e+03,1.0000000000e+02,1.7000000000e+01,4.9716429710e+00
3.7280000000e+03,1.0000000000e+02,1.8000000000e+01,5.2847738266e+00
3.7280000000e+03,1.0000000000e+02,1.9000000000e+01,5.5989675522e+00
3.7280000000e+03,1.0000000000e+02,2.0000000000e+01,5.9139566422e+00
3.7280000000e+03,1.0000000000e+02,2.1000000000e+01,6.2297492027e+00
3.7280000000e+03,1.0000000000e+02,2.2000000000e+01,6.5461187363e+00
3.7280000000e+03,1.0000000000e+02,2.3000000000e+01,6.8631243706e+00
3.7280000000e+03,1.0000000000e+02,2.4000000000e+01,7.1805696487e+00
3.7280000000e+03,1.0000000000e+02,2.5000000000e+01,7.4985337257e+00
3.7280000000e+03,1.0000000000e+02,2.6000000000e+01,7.8168601990e+00
3.7280000000e+03,1.0000000000e+02,2.7000000000e+01,8.1356210709e+00
3.7280000000e+03,1.0000000000e+02,2.8000000000e+01,8.4547004700e+00
3.7280000000e+03,1.0000000000e+02,2.9000000000e+01,8.7741680145e+00
3.7280000000e+03,1.0000000000e+02,3.0000000000e+01,9.0939064026e+00
3.7280000000e+03,1.0000000000e+02,3.1000000000e+01,9.4140195847e+00
3.7280000000e+03,1.3900000000e+02,0.0000000000e+00,2.0044641495e+00
3.7280000000e+03,1.3900000000e+02,1.0000000000e+00,1.0348283052e+00
3.7280000000e+03,1.3900000000e+02,2.0000000000e+00,8.0157387257e-01
3.7280000000e+03,1.3900000000e+02,3.0000000000e+00,8.0774307251e-01
3.7280000000e+03,1.3900000000e+02,4.0000000000e+00,8.8825267553e-01
3.7280000000e+03,1.3900000000e+02,5.0000000000e+00,9.9923503399e-01
3.7280000000e+03,1.3900000000e+02,6.0000000000e+00,1.1226711273e+00
3.7280000000e+03,1.3900000000e+02,7.0000000000e+00,1.2503428459e+00
3.7280000000e+03,1.3900000000e+02,8.0000000000e+00,1.3779702187e+00
3.7280000000e+03,1.3900000000e+02,9.0000000000e+00,1.5032978058e+00
3.7280000000e+03,1.3900000000e+02,1.0000000000e+01,1.6250994205e+00
3.7280000000e+03,1.3900000000e+02,1.1000000000e+01,1.7427288294e+00
3.7280000000e+03,1.3900000000e+02,1.2000000000e+01,1.8558822870e+00
3.7280000000e+03,1.3900000000e+02,1.3000000000e+01,1.9644486904e+00
3.7280000000e+03,1.3900000000e+02,1.4000000000e+01,2.0684478283e+00
3.7280000000e+03,1.3900000000e+02,1.5000000000e+01,2.1679642200e+00
3.7280000000e+03,1.3900000000e+02,1.6000000000e+01,2.2631354332e+00
3.7280000000e+03,1.3900000000e+02,1.7000000000e+01,2.3541150093e+00
3.7280000000e+03,1.3900000000e+02,1.8000000000e+01,2.4410800934e+00
3.7280000000e+03,1.3900000000e+02,1.9000000000e+01,2.5242023468e+00
3.7280000000e+03,1.3900000000e+02,2.0000000000e+01,2.6036653519e+00
3.7280000000e+03,1.3900000000e+02,2.1000000000e+01,2.6796386242e+00
3.7280000000e+03,1.3900000000e+02,2.2000000000e+01,2.7522983551e+00
3.7280000000e+03,1.3900000000e+02,2.3000000000e+01,2.8218014240e+00
3.7280000000e+03,1.3900000000e+02,2.4000000000e+01,2.8883132935e+00
3.7280000000e+03,1.3900000000e+02,2.5000000000e+01,2.9519755840e+00
3.7280000000e+03,1.3900000000e+02,2.6000000000e+01,3.0129399300e+00
3.7280000000e+03,1.3900000000e+02,2.7000000000e+01,3.0713315010e+00
3.7280000000e+03,1.3900000000e+02,2.8000000000e+01,3.1272907257e+00
3.7280000000e+03,1.3900000000e+02,2.9000000000e+01,3.1809248924e+00
3.7280000000e+03,1.3900000000e+02,3.0000000000e+01,3.2323660851e+00
3.7280000000e+03,1.3900000000e+02,3.1000000000e+01,3.2817025185e+00
3.7280000000e+03,1.9300000000e+02,0.0000000000e+00,1.9977167845e+00
3.7280000000e+03,1.9300000000e+02,1.0000000000e+00,8.7824791670e-01
3.7280000000e+03,1.9300000000e+02,2.0000000000e+00,6.0400480032e-01
3.7280000000e+03,1.9300000000e+02,3.0000000000e+00,5.7391935587e-01
3.7280000000e+03,1.9300000000e+02,4.0000000000e+00,6.0681468248e-01
3.7280000000e+03,1.9300000000e+02,5.0000000000e+00,6.5987014771e-01
3.7280000000e+03,1.9300000000e+02,6.0000000000e+00,7.1753263474e-01
3.7280000000e+03,1.9300000000e+02,7.0000000000e+00,7.7383518219e-01
3.7280000000e+03,1.9300000000e+02,8.0000000000e+00,8.2632255554e-01
3.7280000000e+03,1.9300000000e+02,9.0000000000e+00,8.7416523695e-01
3.7280000000e+03,1.9300000000e+02,1.0000000000e+01,9.1722941399e-01
3.7280000000e+03,1.9300000000e+02,1.1000000000e+01,9.5571804047e-01
3.7280000000e+03,1.9300000000e+02,1.2000000000e+01,9.8997032642e-01
3.7280000000e+03,1.9300000000e+02,1.3000000000e+01,1.0203772783e+00
3.7280000000e+03,1.9300000000e+02,1.4000000000e+01,1.0473318100e+00
3.7280000000e+03,1.9300000000e+02,1.5000000000e+01,1.0712085962e+00
3.7280000000e+03,1.9300000000e+02,1.6000000000e+01,1.0923527479e+00
3.7280000000e+03,1.9300000000e+02,1.7000000000e+01,1.1110780239e+00
3.7280000000e+03,1.9300000000e+02,1.8000000000e+01,1.1276643276e+00
3.7280000000e+03,1.9300000000e+02,1.9000000000e+01,1.1423619986e+00
3.7280000000e+03,1.9300000000e+02,2.0000000000e+01,1.1553919315e+00
3.7280000000e+03,1.9300000000e+02,2.1000000000e+01,1.1669499874e+00
3.7280000000e+03,1.9300000000e+02,2.2000000000e+01,1.1772080660e+00
3.7280000000e+03,1.9300000000e+02,2.3000000000e+01,1.1863181591e+00
3.7280000000e+03,1.9300000000e+02,2.4000000000e+01,1.1944139004e+00
3.7280000000e+03,1.9300000000e+02,2.5000000000e+01,1.2016129494e+00
3.7280000000e+03,1.9300000000e+02,2.6000000000e+01,1.2080184221e+00
3.7280000000e+03,1.9300000000e+02,2.7000000000e+01,1.2137218714e+00
3.7280000000e+03,1.9300000000e+02,2.8000000000e+01,1.2188032866e+00
3.7280000000e+03,1.9300000000e+02,2.9000000000e+01,1.2233335972e+00
3.7280000000e+03,1.9300000000e+02,3.0000000000e+01,1.2273750305e+00
3.7280000000e+03,1.9300000000e+02,3.1000000000e+01,1.2309826612e+00
3.7280000000e+03,2.6800000000e+02,0.0000000000e+00,2.0037512779e+00
3.7280000000e+03,2.6800000000e+02,1.0000000000e+00,7.4934101105e-01
3.7280000000e+03,2.6800000000e+02,2.0000000000e+00,4.4680178165e-01
3.7280000000e+03,2.6800000000e+02,3.0000000000e+00,3.9137381315e-01
3.7280000000e+03,2.6800000000e+02,4.0000000000e+00,3.9420706034e-01
3.7280000000e+03,2.6800000000e+02,5.0000000000e+00,4.1338703036e-01
3.7280000000e+03,2.6800000000e+02,6.0000000000e+00,4.3560296297e-01
3.7280000000e+03,2.6800000000e+02,7.0000000000e+00,4.5645168424e-01
3.7280000000e+03,2.6800000000e+02,8.0000000000e+00,4.7459253669e-01
3.7280000000e+03,2.6800000000e+02,9.0000000000e+00,4.8984456062e-01
3.7280000000e+03,2.6800000000e+02,1.0000000000e+01,5.0244247913e-01
3.7280000000e+03,2.6800000000e+02,1.1000000000e+01,5.1274847984e-01
3.7280000000e+03,2.6800000000e+02,1.2000000000e+01,5.2113461494e-01
3.7280000000e+03,2.6800000000e+02,1.3000000000e+01,5.2793878317e-01
3.7280000000e+03,2.6800000000e+02,1.4000000000e+01,5.3345167637e-01
3.7280000000e+03,2.6800000000e+02,1.5000000000e+01,5.3791618347e-01
3.7280000000e+03,2.6800000000e+02,1.6000000000e+01,5.4153198004e-01
3.7280000000e+03,2.6800000000e+02,1.7000000000e+01,5.4446172714e-01
3.7280000000e+03,2.6800000000e+02,1.8000000000e+01,5.4683744907e-01
3.7280000000e+03,2.6800000000e+02,1.9000000000e+01,5.4876548052e-01
3.7280000000e+03,2.6800000000e+02,2.0000000000e+01,5.5033171177e-01
3.7280000000e+03,2.6800000000e+02,2.1000000000e+01,5.5160552263e-01
3.7280000000e+03,2.6800000000e+02,2.2000000000e+01,5.5264246464e-01
3.7280000000e+03,2.6800000000e+02,2.3000000000e+01,5.5348759890e-01
3.7280000000e+03,2.6800000000e+02,2.4000000000e+01,5.5417710543e-01
3.7280000000e+03,2.6800000000e+02,2.5000000000e+01,5.5474025011e-01
3.7280000000e+03,2.6800000000e+02,2.6000000000e+01,5.5520075560e-01
3.7280000000e+03,2.6800000000e+02,2.7000000000e+01,5.5557763577e-01
3.7280000000e+03,2.6800000000e+02,2.8000000000e+01,5.5588644743e-01
3.7280000000e+03,2.6800000000e+02,2.9000000000e+01,5.5613970757e-01
3.7280000000e+03,2.6800000000e+02,3.0000000000e+01,5.5634760857e-01
3.7280000000e+03,2.6800000000e+02,3.1000000000e+01,5.5651849508e-01
3.7280000000e+03,3.7300000000e+02,0.0000000000e+00,2.0045175552e+00
3.7280000000e+03,3.7300000000e+02,1.0000000000e+00,6.3326138258e-01
3.7280000000e+03,3.7300000000e+02,2.0000000000e+00,3.2064291835e-01
3.7280000000e+03,3.7300000000e+02,3.0000000000e+00,2.6247796416e-01
3.7280000000e+03,3.7300000000e+02,4.0000000000e+00,2.5661188364e-01
3.7280000000e+03,3.7300000000e+02,5.0000000000e+00,2.6337647438e-01
3.7280000000e+03,3.7300000000e+02,6.0000000000e+00,2.7207434177e-01
3.7280000000e+03,3.7300000000e+02,7.0000000000e+00,2.7979212999e-01
3.7280000000e+03,3.7300000000e+02,8.0000000000e+00,2.8593930602e-01
3.7280000000e+03,3.7300000000e+02,9.0000000000e+00,2.9062062502e-01
3.7280000000e+03,3.7300000000e+02,1.0000000000e+01,2.9411000013e-01
3.7280000000e+03,3.7300000000e+02,1.1000000000e+01,2.9668322206e-01
3.7280000000e+03,3.7300000000e+02,1.2000000000e+01,2.9857081175e-01
3.7280000000e+03,3.7300000000e+02,1.3000000000e+01,2.9995232821e-01
3.7280000000e+03,3.7300000000e+02,1.4000000000e+01,3.0096292496e-01
3.7280000000e+03,3.7300000000e+02,1.5000000000e+01,3.0170249939e-01
3.7280000000e+03,3.7300000000e+02,1.6000000000e+01,3.0224427581e-01
3.7280000000e+03,3.7300000000e+02,1.7000000000e+01,3.0264177918e-01
3.7280000000e+03,3.7300000000e+02,1.8000000000e+01,3.0293381214e-01
3.7280000000e+03,3.7300000000e+02,1.9000000000e+01,3.0314883590e-01
3.7280000000e+03,3.7300000000e+02,2.0000000000e+01,3.0330735445e-01
3.7280000000e+03,3.7300000000e+02,2.1000000000e+01,3.0342441797e-01
3.7280000000e+03,3.7300000000e+02,2.2000000000e+01,3.0351105332e-01
3.7280000000e+03,3.7300000000e+02,2.3000000000e+01,3.0357527733e-01
3.7280000000e+03,3.7300000000e+02,2.4000000000e+01,3.0362293124e-01
3.7280000000e+03,3.7300000000e+02,2.5000000000e+01,3.0365836620e-01
3.7280000000e+03,3.7300000000e+02,2.6000000000e+01,3.0368474126e-01
3.7280000000e+03,3.7300000000e+02,2.7000000000e+01,3.0370444059e-01
3.7280000000e+03,3.7300000000e+02,2.8000000000e+01,3.0371910334e-01
3.7280000000e+03,3.7300000000e+02,2.9000000000e+01,3.0373007059e-01
3.7280000000e+03,3.7300000000e+02,3.0000000000e+01,3.0373832583e-01
3.7280000000e+03,3.7300000000e+02,3.1000000000e+01,3.0374446511e-01
3.7280000000e+03,5.1800000000e+02,0.0000000000e+00,2.0046143532e+00
3.7280000000e+03,5.1800000000e+02,1.0000000000e+00,5.3638225794e-01
3.7280000000e+03,5.1800000000e+02,2.0000000000e+00,2.2892212868e-01
3.7280000000e+03,5.1800000000e+02,3.0000000000e+00,1.7327335477e-01
3.7280000000e+03,5.1800000000e+02,4.0000000000e+00,1.6473865509e-01
3.7280000000e+03,5.1800000000e+02,5.0000000000e+00,1.6643857956e-01
3.7280000000e+03,5.1800000000e+02,6.0000000000e+00,1.6966311634e-01
3.7280000000e+03,5.1800000000e+02,7.0000000000e+00,1.7242725194e-01
3.7280000000e+03,5.1800000000e+02,8.0000000000e+00,1.7444384098e-01
3.7280000000e+03,5.1800000000e+02,9.0000000000e+00,1.7582975328e-01
3.7280000000e+03,5.1800000000e+02,1.0000000000e+01,1.7675745487e-01
3.7280000000e+03,5.1800000000e+02,1.1000000000e+01,1.7737105489e-01
3.7280000000e+03,5.1800000000e+02,1.2000000000e+01,1.7777475715e-01
3.7280000000e+03,5.1800000000e+02,1.3000000000e+01,1.7804002762e-01
3.7280000000e+03,5.1800000000e+02,1.4000000000e+01,1.7821435630e-01
3.7280000000e+03,5.1800000000e+02,1.5000000000e+01,1.7832909524e-01
3.7280000000e+03,5.1800000000e+02,1.6000000000e+01,1.7840477824e-01
3.7280000000e+03,5.1800000000e+02,1.7000000000e+01,1.7845481634e-01
3.7280000000e+03,5.1800000000e+02,1.8000000000e+01,1.7848795652e-01
3.7280000000e+03,5.1800000000e+02,1.9000000000e+01,1.7850998044e-01
3.7280000000e+03,5.1800000000e+02,2.0000000000e+01,1.7852464318e-01
3.7280000000e+03,5.1800000000e+02,2.1000000000e+01,1.7853443325e-01
3.7280000000e+03,5.1800000000e+02,2.2000000000e+01,1.7854098976e-01
3.7280000000e+03,5.1800000000e+02,2.3000000000e+01,1.7854535580e-01
3.7280000000e+03,5.1800000000e+02,2.4000000000e+01,1.7854832113e-01
3.7280000000e+03,5.1800000000e+02,2.5000000000e+01,1.7855028808e-01
3.7280000000e+03,5.1800000000e+02,2.6000000000e+01,1.7855159938e-01
3.7280000000e+03,5.1800000000e+02,2.7000000000e+01,1.7855253816e-01
3.7280000000e+03,5.1800000000e+02,2.8000000000e+01,1.7855313420e-01
3.7280000000e+03,5.1800000000e+02,2.9000000000e+01,1.7855353653e-01
3.7280000000e+03,5.1800000000e+02,3.0000000000e+01,1.7855381966e-01
3.7280000000e+03,5.1800000000e+02,3.1000000000e+01,1.7855401337e-01
3.7280000000e+03,7.2000000000e+02,0.0000000000e+00,1.9982594252e+00
3.7280000000e+03,7.2000000000e+02,1.0000000000e+00,4.5411309600e-01
3.7280000000e+03,7.2000000000e+02,2.0000000000e+00,1.6410525143e-01
3.7280000000e+03,7.2000000000e+02,3.0000000000e+00,1.1539824307e-01
3.7280000000e+03,7.2000000000e+02,4.0000000000e+00,1.0760661215e-01
3.7280000000e+03,7.2000000000e+02,5.0000000000e+00,1.0869513452e-01
3.7280000000e+03,7.2000000000e+02,6.0000000000e+00,1.1168614030e-01
3.7280000000e+03,7.2000000000e+02,7.0000000000e+00,1.1486773193e-01
3.7280000000e+03,7.2000000000e+02,8.0000000000e+00,1.1780074984e-01
3.7280000000e+03,7.2000000000e+02,9.0000000000e+00,1.2038515508e-01
3.7280000000e+03,7.2000000000e+02,1.0000000000e+01,1.2261814624e-01
3.7280000000e+03,7.2000000000e+02,1.1000000000e+01,1.2452623993e-01
3.7280000000e+03,7.2000000000e+02,1.2000000000e+01,1.2614423037e-01
3.7280000000e+03,7.2000000000e+02,1.3000000000e+01,1.2750817835e-01
3.7280000000e+03,7.2000000000e+02,1.4000000000e+01,1.2865246832e-01
3.7280000000e+03,7.2000000000e+02,1.5000000000e+01,1.2960869074e-01
3.7280000000e+03,7.2000000000e+02,1.6000000000e+01,1.3040520251e-01
3.7280000000e+03,7.2000000000e+02,1.7000000000e+01,1.3106684387e-01
3.7280000000e+03,7.2000000000e+02,1.8000000000e+01,1.3161526620e-01
3.7280000000e+03,7.2000000000e+02,1.9000000000e+01,1.3206900656e-01
3.7280000000e+03,7.2000000000e+02,2.0000000000e+01,1.3244384527e-01
3.7280000000e+03,7.2000000000e+02,2.1000000000e+01,1.3275313377e-01
3.7280000000e+03,7.2000000000e+02,2.2000000000e+01,1.3300810754e-01
3.7280000000e+03,7.2000000000e+02,2.3000000000e+01,1.3321812451e-01
3.7280000000e+03,7.2000000000e+02,2.4000000000e+01,1.3339100778e-01
3.7280000000e+03,7.2000000000e+02,2.5000000000e+01,1.3353326917e-01
3.7280000000e+03,7.2000000000e+02,2.6000000000e+01,1.3365025818e-01
3.7280000000e+03,7.2000000000e+02,2.7000000000e+01,1.3374647498e-01
3.7280000000e+03,7.2000000000e+02,2.8000000000e+01,1.3382557034e-01
3.7280000000e+03,7.2000000000e+02,2.9000000000e+01,1.3389056921e-01
3.7280000000e+03,7.2000000000e+02,3.0000000000e+01,1.3394401968e-01
3.7280000000e+03,7.2000000000e+02,3.1000000000e+01,1.3398793340e-01
3.7280000000e+03,1.0000000000e+03,0.0000000000e+00,1.9976212978e+00
3.7280000000e+03,1.0000000000e+03,1.0000000000e+00,4.2482748628e-01
3.7280000000e+03,1.0000000000e+03,2.0000000000e+00,1.8328745663e-01
3.7280000000e+03,1.0000000000e+03,3.0000000000e+00,1.5170609951e-01
3.7280000000e+03,1.0000000000e+03,4.0000000000e+00,1.4927624166e-01
3.7280000000e+03,1.0000000000e+03,5.0000000000e+00,1.5140184760e-01
3.7280000000e+03,1.0000000000e+03,6.0000000000e+00,1.5404038131e-01
3.7280000000e+03,1.0000000000e+03,7.0000000000e+00,1.5700329840e-01
3.7280000000e+03,1.0000000000e+03,8.0000000000e+00,1.6063782573e-01
3.7280000000e+03,1.0000000000e+03,9.0000000000e+00,1.6525587440e-01
3.7280000000e+03,1.0000000000e+03,1.0000000000e+01,1.7108137906e-01
3.7280000000e+03,1.0000000000e+03,1.1000000000e+01,1.7827621102e-01
3.7280000000e+03,1.0000000000e+03,1.2000000000e+01,1.8696710467e-01
3.7280000000e+03,1.0000000000e+03,1.3000000000e+01,1.9726321101e-01
3.7280000000e+03,1.0000000000e+03,1.4000000000e+01,2.0926637948e-01
3.7280000000e+03,1.0000000000e+03,1.5000000000e+01,2.2307679057e-01
3.7280000000e+03,1.0000000000e+03,1.6000000000e+01,2.3879596591e-01
3.7280000000e+03,1.0000000000e+03,1.7000000000e+01,2.5652843714e-01
3.7280000000e+03,1.0000000000e+03,1.8000000000e+01,2.7638265491e-01
3.7280000000e+03,1.0000000000e+03,1.9000000000e+01,2.9847148061e-01
3.7280000000e+03,1.0000000000e+03,2.0000000000e+01,3.2291269302e-01
3.7280000000e+03,1.0000000000e+03,2.1000000000e+01,3.4982898831e-01
3.7280000000e+03,1.0000000000e+03,2.2000000000e+01,3.7934851646e-01
3.7280000000e+03,1.0000000000e+03,2.3000000000e+01,4.1160491109e-01
3.7280000000e+03,1.0000000000e+03,2.4000000000e+01,4.4673749804e-01
3.7280000000e+03,1.0000000000e+03,2.5000000000e+01,4.8489171267e-01
3.7280000000e+03,1.0000000000e+03,2.6000000000e+01,5.2621906996e-01
3.7280000000e+03,1.0000000000e+03,2.7000000000e+01,5.7087749243e-01
3.7280000000e+03,1.0000000000e+03,2.8000000000e+01,6.1903172731e-01
3.7280000000e+03,1.0000000000e+03,2.9000000000e+01,6.7085319757e-01
3.7280000000e+03,1.0000000000e+03,3.0000000000e+01,7.2652065754e-01
3.7280000000e+03,1.0000000000e+03,3.1000000000e+01,7.8622031212e-01
5.1790000000e+03,1.0000000000e+01,0.0000000000e+00,2.0031392574e+00
5.1790000000e+03,1.0000000000e+01,1.0000000000e+00,1.8729275465e+00
5.1790000000e+03,1.0000000000e+01,2.0000000000e+00,1.9192277193e+00
5.1790000000e+03,1.0000000000e+01,3.0000000000e+00,2.0769879818e+00
5.1790000000e+03,1.0000000000e+01,4.0000000000e+00,2.3217658997e+00
5.1790000000e+03,1.0000000000e+01,5.0000000000e+00,2.6454916000e+00
5.1790000000e+03,1.0000000000e+01,6.0000000000e+00,3.0447006226e+00
5.1790000000e+03,1.0000000000e+01,7.0000000000e+00,3.5177075863e+00
5.1790000000e+03,1.0000000000e+01,8.0000000000e+00,4.0636711121e+00
5.1790000000e+03,1.0000000000e+01,9.0000000000e+00,4.6821298599e+00
5.1790000000e+03,1.0000000000e+01,1.0000000000e+01,5.3728661537e+00
5.1790000000e+03,1.0000000000e+01,1.1000000000e+01,6.1357450485e+00
5.1790000000e+03,1.0000000000e+01,1.2000000000e+01,6.9707174301e+00
5.1790000000e+03,1.0000000000e+01,1.3000000000e+01,7.8777441978e+00
5.1790000000e+03,1.0000000000e+01,1.4000000000e+01,8.8568248749e+00
5.1790000000e+03,1.0000000000e+01,1.5000000000e+01,9.9079504013e+00
5.1790000000e+03,1.0000000000e+01,1.6000000000e+01,1.1031134605e+01
5.1790000000e+03,1.0000000000e+01,1.7000000000e+01,1.2226375580e+01
5.1790000000e+03,1.0000000000e+01,1.8000000000e+01,1.3493690491e+01
5.1790000000e+03,1.0000000000e+01,1.9000000000e+01,1.4833077431e+01
5.1790000000e+03,1.0000000000e+01,2.0000000000e+01,1.6244554520e+01
5.1790000000e+03,1.0000000000e+01,2.1000000000e+01,1.7728120804e+01
5.1790000000e+03,1.0000000000e+01,2.2000000000e+01,1.9283794403e+01
5.1790000000e+03,1.0000000000e+01,2.3000000000e+01,2.0911567688e+01
5.1790000000e+03,1.0000000000e+01,2.4000000000e+01,2.2611461639e+01
5.1790000000e+03,1.0000000000e+01,2.5000000000e+01,2.4383470535e+01
5.1790000000e+03,1.0000000000e+01,2.6000000000e+01,2.6227607727e+01
5.1790000000e+03,1.0000000000e+01,2.7000000000e+01,2.8143875122e+01
5.1790000000e+03,1.0000000000e+01,2.8000000000e+01,3.0132278442e+01
5.1790000000e+03,1.0000000000e+01,2.9000000000e+01,3.2192817688e+01
5.1790000000e+03,1.0000000000e+01,3.0000000000e+01,3.4325496674e+01
5.1790000000e+03,1.0000000000e+01,3.1000000000e+01,3.6530323029e+01
5.1790000000e+03,1.4000000000e+01,0.0000000000e+00,1.9951773882e+00
5.1790000000e+03,1.4000000000e+01,1.0000000000e+00,1.8136924505e+00
5.1790000000e+03,1.4000000000e+01,2.0000000000e+00,1.8552303314e+00
5.1790000000e+03,1.4000000000e+01,3.0000000000e+00,2.0344009399e+00
5.1790000000e+03,1.4000000000e+01,4.0000000000e+00,2.3171923161e+00
5.1790000000e+03,1.4000000000e+01,5.0000000000e+00,2.6926655769e+00
5.1790000000e+03,1.4000000000e+01,6.0000000000e+00,3.1557919979e+00
5.1790000000e+03,1.4000000000e+01,7.0000000000e+00,3.7042014599e+00
5.1790000000e+03,1.4000000000e+01,8.0000000000e+00,4.3366141319e+00
5.1790000000e+03,1.4000000000e+01,9.0000000000e+00,5.0523319244e+00
5.1790000000e+03,1.4000000000e+01,1.0000000000e+01,5.8509540558e+00
5.1790000000e+03,1.4000000000e+01,1.1000000000e+01,6.7322492599e+00
5.1790000000e+03,1.4000000000e+01,1.2000000000e+01,7.6960835457e+00
5.1790000000e+03,1.4000000000e+01,1.3000000000e+01,8.7423830032e+00
5.1790000000e+03,1.4000000000e+01,1.4000000000e+01,9.8711090088e+00
5.1790000000e+03,1.4000000000e+01,1.5000000000e+01,1.1082244873e+01
5.1790000000e+03,1.4000000000e+01,1.6000000000e+01,1.2375788689e+01
5.1790000000e+03,1.4000000000e+01,1.7000000000e+01,1.3751745224e+01
5.1790000000e+03,1.4000000000e+01,1.8000000000e+01,1.5210120201e+01
5.1790000000e+03,1.4000000000e+01,1.9000000000e+01,1.6750926971e+01
5.1790000000e+03,1.4000000000e+01,2.0000000000e+01,1.8374183655e+01
5.1790000000e+03,1.4000000000e+01,2.1000000000e+01,2.0079895020e+01
5.1790000000e+03,1.4000000000e+01,2.2000000000e+01,2.1868082047e+01
5.1790000000e+03,1.4000000000e+01,2.3000000000e+01,2.3738756180e+01
5.1790000000e+03,1.4000000000e+01,2.4000000000e+01,2.5691928864e+01
5.1790000000e+03,1.4000000000e+01,2.5000000000e+01,2.7727611542e+01
5.1790000000e+03,1.4000000000e+01,2.6000000000e+01,2.9845817566e+01
5.1790000000e+03,1.4000000000e+01,2.7000000000e+01,3.2046554565e+01
5.1790000000e+03,1.4000000000e+01,2.8000000000e+01,3.4329833984e+01
5.1790000000e+03,1.4000000000e+01,2.9000000000e+01,3.6695667267e+01
5.1790000000e+03,1.4000000000e+01,3.0000000000e+01,3.9144058228e+01
5.1790000000e+03,1.4000000000e+01,3.1000000000e+01,4.1675022125e+01
5.1790000000e+03,1.9000000000e+01,0.0000000000e+00,1.9953105450e+00
5.1790000000e+03,1.9000000000e+01,1.0000000000e+00,1.7555712461e+00
5.1790000000e+03,1.9000000000e+01,2.0000000000e+00,1.7895472050e+00
5.1790000000e+03,1.9000000000e+01,3.0000000000e+00,1.9859423637e+00
5.1790000000e+03,1.9000000000e+01,4.0000000000e+00,2.3003313541e+00
5.1790000000e+03,1.9000000000e+01,5.0000000000e+00,2.7178852558e+00
5.1790000000e+03,1.9000000000e+01,6.0000000000e+00,3.2318930626e+00
5.1790000000e+03,1.9000000000e+01,7.0000000000e+00,3.8389406204e+00
5.1790000000e+03,1.9000000000e+01,8.0000000000e+00,4.5371551514e+00
5.1790000000e+03,1.9000000000e+01,9.0000000000e+00,5.3254704475e+00
5.1790000000e+03,1.9000000000e+01,1.0000000000e+01,6.2032532692e+00
5.1790000000e+03,1.9000000000e+01,1.1000000000e+01,7.1701164246e+00
5.1790000000e+03,1.9000000000e+01,1.2000000000e+01,8.2258224487e+00
5.1790000000e+03,1.9000000000e+01,1.3000000000e+01,9.3702278137e+00
5.1790000000e+03,1.9000000000e+01,1.4000000000e+01,1.0603244781e+01
5.1790000000e+03,1.9000000000e+01,1.5000000000e+01,1.1924821854e+01
5.1790000000e+03,1.9000000000e+01,1.6000000000e+01,1.3334936142e+01
5.1790000000e+03,1.9000000000e+01,1.7000000000e+01,1.4833579063e+01
5.1790000000e+03,1.9000000000e+01,1.8000000000e+01,1.6420749664e+01
5.1790000000e+03,1.9000000000e+01,1.9000000000e+01,1.8096458435e+01
5.1790000000e+03,1.9000000000e+01,2.0000000000e+01,1.9860717773e+01
5.1790000000e+03,1.9000000000e+01,2.1000000000e+01,2.1713542938e+01
5.1790000000e+03,1.9000000000e+01,2.2000000000e+01,2.3654949188e+01
5.1790000000e+03,1.9000000000e+01,2.3000000000e+01,2.5684957504e+01
5.1790000000e+03,1.9000000000e+01,2.4000000000e+01,2.7803581238e+01
5.1790000000e+03,1.9000000000e+01,2.5000000000e+01,3.0010845184e+01
5.1790000000e+03,1.9000000000e+01,2.6000000000e+01,3.2306755066e+01
5.1790000000e+03,1.9000000000e+01,2.7000000000e+01,3.4691341400e+01
5.1790000000e+03,1.9000000000e+01,2.8000000000e+01,3.7164611816e+01
5.1790000000e+03,1.9000000000e+01,2.9000000000e+01,3.9726585388e+01
5.1790000000e+03,1.9000000000e+01,3.0000000000e+01,4.2377273560e+01
5.1790000000e+03,1.9000000000e+01,3.1000000000e+01,4.5116695404e+01
5.1790000000e+03,2.7000000000e+01,0.0000000000e+00,2.0031323433e+00
5.1790000000e+03,2.7000000000e+01,1.0000000000e+00,1.6775809526e+00
5.1790000000e+03,2.7000000000e+01,2.0000000000e+00,1.7001717091e+00
5.1790000000e+03,2.7000000000e+01,3.0000000000e+00,1.9170497656e+00
5.1790000000e+03,2.7000000000e+01,4.0000000000e+00,2.2673788071e+00
5.1790000000e+03,2.7000000000e+01,5.0000000000e+00,2.7305438519e+00
5.1790000000e+03,2.7000000000e+01,6.0000000000e+00,3.2971057892e+00
5.1790000000e+03,2.7000000000e+01,7.0000000000e+00,3.9621367455e+00
5.1790000000e+03,2.7000000000e+01,8.0000000000e+00,4.7228202820e+00
5.1790000000e+03,2.7000000000e+01,9.0000000000e+00,5.5774478912e+00
5.1790000000e+03,2.7000000000e+01,1.0000000000e+01,6.5249400139e+00
5.1790000000e+03,2.7000000000e+01,1.1000000000e+01,7.5645923615e+00
5.1790000000e+03,2.7000000000e+01,1.2000000000e+01,8.6959390640e+00
5.1790000000e+03,2.7000000000e+01,1.3000000000e+01,9.9186601639e+00
5.1790000000e+03,2.7000000000e+01,1.4000000000e+01,1.1232542992e+01
5.1790000000e+03,2.7000000000e+01,1.5000000000e+01,1.2637440681e+01
5.1790000000e+03,2.7000000000e+01,1.6000000000e+01,1.4133258820e+01
5.1790000000e+03,2.7000000000e+01,1.7000000000e+01,1.5719936371e+01
5.1790000000e+03,2.7000000000e+01,1.8000000000e+01,1.7397434235e+01
5.1790000000e+03,2.7000000000e+01,1.9000000000e+01,1.9165735245e+01
5.1790000000e+03,2.7000000000e+01,2.0000000000e+01,2.1024829865e+01
5.1790000000e+03,2.7000000000e+01,2.1000000000e+01,2.2974723816e+01
5.1790000000e+03,2.7000000000e+01,2.2000000000e+01,2.5015424728e+01
5.1790000000e+03,2.7000000000e+01,2.3000000000e+01,2.7146947861e+01
5.1790000000e+03,2.7000000000e+01,2.4000000000e+01,2.9369312286e+01
5.1790000000e+03,2.7000000000e+01,2.5000000000e+01,3.1682533264e+01
5.1790000000e+03,2.7000000000e+01,2.6000000000e+01,3.4086635590e+01
5.1790000000e+03,2.7000000000e+01,2.7000000000e+01,3.6581642151e+01
5.1790000000e+03,2.7000000000e+01,2.8000000000e+01,3.9167572021e+01
5.1790000000e+03,2.7000000000e+01,2.9000000000e+01,4.1844444275e+01
5.1790000000e+03,2.7000000000e+01,3.0000000000e+01,4.4612289429e+01
5.1790000000e+03,2.7000000000e+01,3.1000000000e+01,4.7471122742e+01
5.1790000000e+03,3.7000000000e+01,0.0000000000e+00,2.0020678043e+00
5.1790000000e+03,3.7000000000e+01,1.0000000000e+00,1.5776541233e+00
5.1790000000e+03,3.7000000000e+01,2.0000000000e+00,1.5748504400e+00
5.1790000000e+03,3.7000000000e+01,3.0000000000e+00,1.7894792557e+00
5.1790000000e+03,3.7000000000e+01,4.0000000000e+00,2.1412489414e+00
5.1790000000e+03,3.7000000000e+01,5.0000000000e+00,2.6039814949e+00
5.1790000000e+03,3.7000000000e+01,6.0000000000e+00,3.1651773453e+00
5.1790000000e+03,3.7000000000e+01,7.0000000000e+00,3.8182249069e+00
5.1790000000e+03,3.7000000000e+01,8.0000000000e+00,4.5591278076e+00
5.1790000000e+03,3.7000000000e+01,9.0000000000e+00,5.3853883743e+00
5.1790000000e+03,3.7000000000e+01,1.0000000000e+01,6.2953090668e+00
5.1790000000e+03,3.7000000000e+01,1.1000000000e+01,7.2877349854e+00
5.1790000000e+03,3.7000000000e+01,1.2000000000e+01,8.3618297577e+00
5.1790000000e+03,3.7000000000e+01,1.3000000000e+01,9.5169963837e+00
5.1790000000e+03,3.7000000000e+01,1.4000000000e+01,1.0752791405e+01
5.1790000000e+03,3.7000000000e+01,1.5000000000e+01,1.2068888664e+01
5.1790000000e+03,3.7000000000e+01,1.6000000000e+01,1.3465049744e+01
5.1790000000e+03,3.7000000000e+01,1.7000000000e+01,1.4941082001e+01
5.1790000000e+03,3.7000000000e+01,1.8000000000e+01,1.6496866226e+01
5.1790000000e+03,3.7000000000e+01,1.9000000000e+01,1.8132286072e+01
5.1790000000e+03,3.7000000000e+01,2.0000000000e+01,1.9847286224e+01
5.1790000000e+03,3.7000000000e+01,2.1000000000e+01,2.1641799927e+01
5.1790000000e+03,3.7000000000e+01,2.2000000000e+01,2.3515806198e+01
5.1790000000e+03,3.7000000000e+01,2.3000000000e+01,2.5469270706e+01
5.1790000000e+03,3.7000000000e+01,2.4000000000e+01,2.7502189636e+01
5.1790000000e+03,3.7000000000e+01,2.5000000000e+01,2.9614555359e+01
5.1790000000e+03,3.7000000000e+01,2.6000000000e+01,3.1806360245e+01
5.1790000000e+03,3.7000000000e+01,2.7000000000e+01,3.4077617645e+01
5.1790000000e+03,3.7000000000e+01,2.8000000000e+01,3.6428337097e+01
5.1790000000e+03,3.7000000000e+01,2.9000000000e+01,3.8858516693e+01
5.1790000000e+03,3.7000000000e+01,3.0000000000e+01,4.1368202209e+01
5.1790000000e+03,3.7000000000e+01,3.1000000000e+01,4.3957374573e+01
5.1790000000e+03,5.2000000000e+01,0.0000000000e+00,2.0021560192e+00
5.1790000000e+03,5.2000000000e+01,1.0000000000e+00,1.4631133080e+00
5.1790000000e+03,5.2000000000e+01,2.0000000000e+00,1.4203019142e+00
5.1790000000e+03,5.2000000000e+01,3.0000000000e+00,1.6110098362e+00
5.1790000000e+03,5.2000000000e+01,4.0000000000e+00,1.9309537411e+00
5.1790000000e+03,5.2000000000e+01,5.0000000000e+00,2.3471555710e+00
5.1790000000e+03,5.2000000000e+01,6.0000000000e+00,2.8436665535e+00
5.1790000000e+03,5.2000000000e+01,7.0000000000e+00,3.4118258953e+00
5.1790000000e+03,5.2000000000e+01,8.0000000000e+00,4.0462183952e+00
5.1790000000e+03,5.2000000000e+01,9.0000000000e+00,4.7433075905e+00
5.1790000000e+03,5.2000000000e+01,1.0000000000e+01,5.5006656647e+00
5.1790000000e+03,5.2000000000e+01,1.1000000000e+01,6.3164949417e+00
5.1790000000e+03,5.2000000000e+01,1.2000000000e+01,7.1895489693e+00
5.1790000000e+03,5.2000000000e+01,1.3000000000e+01,8.1187620163e+00
5.1790000000e+03,5.2000000000e+01,1.4000000000e+01,9.1034555435e+00
5.1790000000e+03,5.2000000000e+01,1.5000000000e+01,1.0142934799e+01
5.1790000000e+03,5.2000000000e+01,1.6000000000e+01,1.1236812592e+01
5.1790000000e+03,5.2000000000e+01,1.7000000000e+01,1.2384623528e+01
5.1790000000e+03,5.2000000000e+01,1.8000000000e+01,1.3586139679e+01
5.1790000000e+03,5.2000000000e+01,1.9000000000e+01,1.4841029167e+01
5.1790000000e+03,5.2000000000e+01,2.0000000000e+01,1.6149169922e+01
5.1790000000e+03,5.2000000000e+01,2.1000000000e+01,1.7510311127e+01
5.1790000000e+03,5.2000000000e+01,2.2000000000e+01,1.8924375534e+01
5.1790000000e+03,5.2000000000e+01,2.3000000000e+01,2.0391218185e+01
5.1790000000e+03,5.2000000000e+01,2.4000000000e+01,2.1910737991e+01
5.1790000000e+03,5.2000000000e+01,2.5000000000e+01,2.3482906342e+01
5.1790000000e+03,5.2000000000e+01,2.6000000000e+01,2.5107582092e+01
5.1790000000e+03,5.2000000000e+01,2.7000000000e+01,2.6784812927e+01
5.1790000000e+03,5.2000000000e+01,2.8000000000e+01,2.8514436722e+01
5.1790000000e+03,5.2000000000e+01,2.9000000000e+01,3.0296554565e+01
5.1790000000e+03,5.2000000000e+01,3.0000000000e+01,3.2130985260e+01
5.1790000000e+03,5.2000000000e+01,3.1000000000e+01,3.4017883301e+01
5.1790000000e+03,7.2000000000e+01,0.0000000000e+00,1.9994033575e+00
5.1790000000e+03,7.2000000000e+01,1.0000000000e+00,1.3823413849e+00
5.1790000000e+03,7.2000000000e+01,2.0000000000e+00,1.2585848570e+00
5.1790000000e+03,7.2000000000e+01,3.0000000000e+00,1.3366067410e+00
5.1790000000e+03,7.2000000000e+01,4.0000000000e+00,1.5086385012e+00
5.1790000000e+03,7.2000000000e+01,5.0000000000e+00,1.7399139404e+00
5.1790000000e+03,7.2000000000e+01,6.0000000000e+00,2.0143828392e+00
5.1790000000e+03,7.2000000000e+01,7.0000000000e+00,2.3233671188e+00
5.1790000000e+03,7.2000000000e+01,8.0000000000e+00,2.6615140438e+00
5.1790000000e+03,7.2000000000e+01,9.0000000000e+00,3.0253667831e+00
5.1790000000e+03,7.2000000000e+01,1.0000000000e+01,3.4124825001e+00
5.1790000000e+03,7.2000000000e+01,1.1000000000e+01,3.8211259842e+00
5.1790000000e+03,7.2000000000e+01,1.2000000000e+01,4.2499675751e+00
5.1790000000e+03,7.2000000000e+01,1.3000000000e+01,4.6979913712e+00
5.1790000000e+03,7.2000000000e+01,1.4000000000e+01,5.1644062996e+00
5.1790000000e+03,7.2000000000e+01,1.5000000000e+01,5.6485404968e+00
5.1790000000e+03,7.2000000000e+01,1.6000000000e+01,6.1498990059e+00
5.1790000000e+03,7.2000000000e+01,1.7000000000e+01,6.6680107117e+00
5.1790000000e+03,7.2000000000e+01,1.8000000000e+01,7.2025375366e+00
5.1790000000e+03,7.2000000000e+01,1.9000000000e+01,7.7531342506e+00
5.1790000000e+03,7.2000000000e+01,2.0000000000e+01,8.3195695877e+00
5.1790000000e+03,7.2000000000e+01,2.1000000000e+01,8.9015731812e+00
5.1790000000e+03,7.2000000000e+01,2.2000000000e+01,9.4989910126e+00
5.1790000000e+03,7.2000000000e+01,2.3000000000e+01,1.0111593246e+01
5.1790000000e+03,7.2000000000e+01,2.4000000000e+01,1.0739288330e+01
5.1790000000e+03,7.2000000000e+01,2.5000000000e+01,1.1381871223e+01
5.1790000000e+03,7.2000000000e+01,2.6000000000e+01,1.2039298058e+01
5.1790000000e+03,7.2000000000e+01,2.7000000000e+01,1.2711374283e+01
5.1790000000e+03,7.2000000000e+01,2.8000000000e+01,1.3398094177e+01
5.1790000000e+03,7.2000000000e+01,2.9000000000e+01,1.4099274635e+01
5.1790000000e+03,7.2000000000e+01,3.0000000000e+01,1.4814946175e+01
5.1790000000e+03,7.2000000000e+01,3.1000000000e+01,1.5544923782e+01
5.1790000000e+03,1.0000000000e+02,0.0000000000e+00,2.0006995201e+00
5.1790000000e+03,1.0000000000e+02,1.0000000000e+00,1.1714715958e+00
5.1790000000e+03,1.0000000000e+02,2.0000000000e+00,1.0150305033e+00
5.1790000000e+03,1.0000000000e+02,3.0000000000e+00,1.1007891893e+00
5.1790000000e+03,1.0000000000e+02,4.0000000000e+00,1.2781597376e+00
5.1790000000e+03,1.0000000000e+02,5.0000000000e+00,1.5043054819e+00
5.1790000000e+03,1.0000000000e+02,6.0000000000e+00,1.7593386173e+00
5.1790000000e+03,1.0000000000e+02,7.0000000000e+00,2.0334620476e+00
5.1790000000e+03,1.0000000000e+02,8.0000000000e+00,2.3207044601e+00
5.1790000000e+03,1.0000000000e+02,9.0000000000e+00,2.6175012589e+00
5.1790000000e+03,1.0000000000e+02,1.0000000000e+01,2.9213745594e+00
5.1790000000e+03,1.0000000000e+02,1.1000000000e+01,3.2307031155e+00
5.1790000000e+03,1.0000000000e+02,1.2000000000e+01,3.5442597866e+00
5.1790000000e+03,1.0000000000e+02,1.3000000000e+01,3.8612070084e+00
5.1790000000e+03,1.0000000000e+02,1.4000000000e+01,4.1808629036e+00
5.1790000000e+03,1.0000000000e+02,1.5000000000e+01,4.5027647018e+00
5.1790000000e+03,1.0000000000e+02,1.6000000000e+01,4.8264975548e+00
5.1790000000e+03,1.0000000000e+02,1.7000000000e+01,5.1517992020e+00
5.1790000000e+03,1.0000000000e+02,1.8000000000e+01,5.4783964157e+00
5.1790000000e+03,1.0000000000e+02,1.9000000000e+01,5.8061480522e+00
5.1790000000e+03,1.0000000000e+02,2.0000000000e+01,6.1348619461e+00
5.1790000000e+03,1.0000000000e+02,2.1000000000e+01,6.4644665718e+00
5.1790000000e+03,1.0000000000e+02,2.2000000000e+01,6.7948207855e+00
5.1790000000e+03,1.0000000000e+02,2.3000000000e+01,7.1259021759e+00
5.1790000000e+03,1.0000000000e+02,2.4000000000e+01,7.4575867653e+00
5.1790000000e+03,1.0000000000e+02,2.5000000000e+01,7.7898993492e+00
5.1790000000e+03,1.0000000000e+02,2.6000000000e+01,8.1227207184e+00
5.1790000000e+03,1.0000000000e+02,2.7000000000e+01,8.4561061859e+00
5.1790000000e+03,1.0000000000e+02,2.8000000000e+01,8.7899484634e+00
5.1790000000e+03,1.0000000000e+02,2.9000000000e+01,9.1243152618e+00
5.1790000000e+03,1.0000000000e+02,3.0000000000e+01,9.4591121674e+00
5.1790000000e+03,1.0000000000e+02,3.1000000000e+01,9.7943859100e+00
5.1790000000e+03,1.3900000000e+02,0.0000000000e+00,2.0037794113e+00
5.1790000000e+03,1.3900000000e+02,1.0000000000e+00,1.0241204500e+00
5.1790000000e+03,1.3900000000e+02,2.0000000000e+00,8.0002278090e-01
5.1790000000e+03,1.3900000000e+02,3.0000000000e+00,8.1786429882e-01
5.1790000000e+03,1.3900000000e+02,4.0000000000e+00,9.1000777483e-01
5.1790000000e+03,1.3900000000e+02,5.0000000000e+00,1.0321038961e+00
5.1790000000e+03,1.3900000000e+02,6.0000000000e+00,1.1658568382e+00
5.1790000000e+03,1.3900000000e+02,7.0000000000e+00,1.3030960560e+00
5.1790000000e+03,1.3900000000e+02,8.0000000000e+00,1.4395563602e+00
5.1790000000e+03,1.3900000000e+02,9.0000000000e+00,1.5730504990e+00
5.1790000000e+03,1.3900000000e+02,1.0000000000e+01,1.7023887634e+00
5.1790000000e+03,1.3900000000e+02,1.1000000000e+01,1.8269835711e+00
5.1790000000e+03,1.3900000000e+02,1.2000000000e+01,1.9465696812e+00
5.1790000000e+03,1.3900000000e+02,1.3000000000e+01,2.0610837936e+00
5.1790000000e+03,1.3900000000e+02,1.4000000000e+01,2.1705820560e+00
5.1790000000e+03,1.3900000000e+02,1.5000000000e+01,2.2751853466e+00
5.1790000000e+03,1.3900000000e+02,1.6000000000e+01,2.3750650883e+00
5.1790000000e+03,1.3900000000e+02,1.7000000000e+01,2.4704022408e+00
5.1790000000e+03,1.3900000000e+02,1.8000000000e+01,2.5614054203e+00
5.1790000000e+03,1.3900000000e+02,1.9000000000e+01,2.6482663155e+00
5.1790000000e+03,1.3900000000e+02,2.0000000000e+01,2.7311975956e+00
5.1790000000e+03,1.3900000000e+02,2.1000000000e+01,2.8103806973e+00
5.1790000000e+03,1.3900000000e+02,2.2000000000e+01,2.8860220909e+00
5.1790000000e+03,1.3900000000e+02,2.3000000000e+01,2.9582836628e+00
5.1790000000e+03,1.3900000000e+02,2.4000000000e+01,3.0273613930e+00
5.1790000000e+03,1.3900000000e+02,2.5000000000e+01,3.0933938026e+00
5.1790000000e+03,1.3900000000e+02,2.6000000000e+01,3.1565678120e+00
5.1790000000e+03,1.3900000000e+02,2.7000000000e+01,3.2169952393e+00
5.1790000000e+03,1.3900000000e+02,2.8000000000e+01,3.2748579979e+00
5.1790000000e+03,1.3900000000e+02,2.9000000000e+01,3.3302412033e+00
5.1790000000e+03,1.3900000000e+02,3.0000000000e+01,3.3833203316e+00
5.1790000000e+03,1.3900000000e+02,3.1000000000e+01,3.4341585636e+00
5.1790000000e+03,1.9300000000e+02,0.0000000000e+00,1.9958761930e+00
5.1790000000e+03,1.9300000000e+02,1.0000000000e+00,8.7741446495e-01
5.1790000000e+03,1.9300000000e+02,2.0000000000e+00,6.0095119476e-01
5.1790000000e+03,1.9300000000e+02,3.0000000000e+00,5.7026290894e-01
5.1790000000e+03,1.9300000000e+02,4.0000000000e+00,6.0354691744e-01
5.1790000000e+03,1.9300000000e+02,5.0000000000e+00,6.5696370602e-01
5.1790000000e+03,1.9300000000e+02,6.0000000000e+00,7.1484827995e-01
5.1790000000e+03,1.9300000000e+02,7.0000000000e+00,7.7122747898e-01
5.1790000000e+03,1.9300000000e+02,8.0000000000e+00,8.2369738817e-01
5.1790000000e+03,1.9300000000e+02,9.0000000000e+00,8.7145698071e-01
5.1790000000e+03,1.9300000000e+02,1.0000000000e+01,9.1440063715e-01
5.1790000000e+03,1.9300000000e+02,1.1000000000e+01,9.5274734497e-01
5.1790000000e+03,1.9300000000e+02,1.2000000000e+01,9.8684859276e-01
5.1790000000e+03,1.9300000000e+02,1.3000000000e+01,1.0171025991e+00
5.1790000000e+03,1.9300000000e+02,1.4000000000e+01,1.0439064503e+00
5.1790000000e+03,1.9300000000e+02,1.5000000000e+01,1.0676380396e+00
5.1790000000e+03,1.9300000000e+02,1.6000000000e+01,1.0886442661e+00
5.1790000000e+03,1.9300000000e+02,1.7000000000e+01,1.1072388887e+00
5.1790000000e+03,1.9300000000e+02,1.8000000000e+01,1.1237031221e+00
5.1790000000e+03,1.9300000000e+02,1.9000000000e+01,1.1382864714e+00
5.1790000000e+03,1.9300000000e+02,2.0000000000e+01,1.1512101889e+00
5.1790000000e+03,1.9300000000e+02,2.1000000000e+01,1.1626691818e+00
5.1790000000e+03,1.9300000000e+02,2.2000000000e+01,1.1728355885e+00
5.1790000000e+03,1.9300000000e+02,2.3000000000e+01,1.1818609238e+00
5.1790000000e+03,1.9300000000e+02,2.4000000000e+01,1.1898779869e+00
5.1790000000e+03,1.9300000000e+02,2.5000000000e+01,1.1970043182e+00
5.1790000000e+03,1.9300000000e+02,2.6000000000e+01,1.2033430338e+00
5.1790000000e+03,1.9300000000e+02,2.7000000000e+01,1.2089846134e+00
5.1790000000e+03,1.9300000000e+02,2.8000000000e+01,1.2140092850e+00
5.1790000000e+03,1.9300000000e+02,2.9000000000e+01,1.2184871435e+00
5.1790000000e+03,1.9300000000e+02,3.0000000000e+01,1.2224804163e+00
5.1790000000e+03,1.9300000000e+02,3.1000000000e+01,1.2260438204e+00
5.1790000000e+03,2.6800000000e+02,0.0000000000e+00,2.0005981922e+00
5.1790000000e+03,2.6800000000e+02,1.0000000000e+00,7.4340224266e-01
5.1790000000e+03,2.6800000000e+02,2.0000000000e+00,4.4135630131e-01
5.1790000000e+03,2.6800000000e+02,3.0000000000e+00,3.8650369644e-01
5.1790000000e+03,2.6800000000e+02,4.0000000000e+00,3.8931253552e-01
5.1790000000e+03,2.6800000000e+02,5.0000000000e+00,4.0821769834e-01
5.1790000000e+03,2.6800000000e+02,6.0000000000e+00,4.3008142710e-01
5.1790000000e+03,2.6800000000e+02,7.0000000000e+00,4.5057982206e-01
5.1790000000e+03,2.6800000000e+02,8.0000000000e+00,4.6840259433e-01
5.1790000000e+03,2.6800000000e+02,9.0000000000e+00,4.8337617517e-01
5.1790000000e+03,2.6800000000e+02,1.0000000000e+01,4.9573531747e-01
5.1790000000e+03,2.6800000000e+02,1.1000000000e+01,5.0583857298e-01
5.1790000000e+03,2.6800000000e+02,1.2000000000e+01,5.1405364275e-01
5.1790000000e+03,2.6800000000e+02,1.3000000000e+01,5.2071392536e-01
5.1790000000e+03,2.6800000000e+02,1.4000000000e+01,5.2610611916e-01
5.1790000000e+03,2.6800000000e+02,1.5000000000e+01,5.3046935797e-01
5.1790000000e+03,2.6800000000e+02,1.6000000000e+01,5.3400033712e-01
5.1790000000e+03,2.6800000000e+02,1.7000000000e+01,5.3685915470e-01
5.1790000000e+03,2.6800000000e+02,1.8000000000e+01,5.3917539120e-01
5.1790000000e+03,2.6800000000e+02,1.9000000000e+01,5.4105365276e-01
5.1790000000e+03,2.6800000000e+02,2.0000000000e+01,5.4257827997e-01
5.1790000000e+03,2.6800000000e+02,2.1000000000e+01,5.4381710291e-01
5.1790000000e+03,2.6800000000e+02,2.2000000000e+01,5.4482483864e-01
5.1790000000e+03,2.6800000000e+02,2.3000000000e+01,5.4564535618e-01
5.1790000000e+03,2.6800000000e+02,2.4000000000e+01,5.4631429911e-01
5.1790000000e+03,2.6800000000e+02,2.5000000000e+01,5.4686021805e-01
5.1790000000e+03,2.6800000000e+02,2.6000000000e+01,5.4730612040e-01
5.1790000000e+03,2.6800000000e+02,2.7000000000e+01,5.4767078161e-01
5.1790000000e+03,2.6800000000e+02,2.8000000000e+01,5.4796940088e-01
5.1790000000e+03,2.6800000000e+02,2.9000000000e+01,5.4821401834e-01
5.1790000000e+03,2.6800000000e+02,3.0000000000e+01,5.4841470718e-01
5.1790000000e+03,2.6800000000e+02,3.1000000000e+01,5.4857939482e-01
5.1790000000e+03,3.7300000000e+02,0.0000000000e+00,1.9962664843e+00
5.1790000000e+03,3.7300000000e+02,1.0000000000e+00,6.2601381540e-01
5.1790000000e+03,3.7300000000e+02,2.0000000000e+00,3.1597352028e-01
5.1790000000e+03,3.7300000000e+02,3.0000000000e+00,2.5552296638e-01
5.1790000000e+03,3.7300000000e+02,4.0000000000e+00,2.4810583889e-01
5.1790000000e+03,3.7300000000e+02,5.0000000000e+00,2.5392344594e-01
5.1790000000e+03,3.7300000000e+02,6.0000000000e+00,2.6202064753e-01
5.1790000000e+03,3.7300000000e+02,7.0000000000e+00,2.6934871078e-01
5.1790000000e+03,3.7300000000e+02,8.0000000000e+00,2.7523413301e-01
5.1790000000e+03,3.7300000000e+02,9.0000000000e+00,2.7973484993e-01
5.1790000000e+03,3.7300000000e+02,1.0000000000e+01,2.8309693933e-01
5.1790000000e+03,3.7300000000e+02,1.1000000000e+01,2.8557896614e-01
5.1790000000e+03,3.7300000000e+02,1.2000000000e+01,2.8740045428e-01
5.1790000000e+03,3.7300000000e+02,1.3000000000e+01,2.8873354197e-01
5.1790000000e+03,3.7300000000e+02,1.4000000000e+01,2.8970843554e-01
5.1790000000e+03,3.7300000000e+02,1.5000000000e+01,2.9042160511e-01
5.1790000000e+03,3.7300000000e+02,1.6000000000e+01,2.9094368219e-01
5.1790000000e+03,3.7300000000e+02,1.7000000000e+01,2.9132649302e-01
5.1790000000e+03,3.7300000000e+02,1.8000000000e+01,2.9160755873e-01
5.1790000000e+03,3.7300000000e+02,1.9000000000e+01,2.9181426764e-01
5.1790000000e+03,3.7300000000e+02,2.0000000000e+01,2.9196661711e-01
5.1790000000e+03,3.7300000000e+02,2.1000000000e+01,2.9207903147e-01
5.1790000000e+03,3.7300000000e+02,2.2000000000e+01,2.9216212034e-01
5.1790000000e+03,3.7300000000e+02,2.3000000000e+01,2.9222366214e-01
5.1790000000e+03,3.7300000000e+02,2.4000000000e+01,2.9226928949e-01
5.1790000000e+03,3.7300000000e+02,2.5000000000e+01,2.9230317473e-01
5.1790000000e+03,3.7300000000e+02,2.6000000000e+01,2.9232841730e-01
5.1790000000e+03,3.7300000000e+02,2.7000000000e+01,2.9234722257e-01
5.1790000000e+03,3.7300000000e+02,2.8000000000e+01,2.9236119986e-01
5.1790000000e+03,3.7300000000e+02,2.9000000000e+01,2.9237169027e-01
5.1790000000e+03,3.7300000000e+02,3.0000000000e+01,2.9237949848e-01
5.1790000000e+03,3.7300000000e+02,3.1000000000e+01,2.9238536954e-01
5.1790000000e+03,5.1800000000e+02,0.0000000000e+00,2.0143618584e+00
5.1790000000e+03,5.1800000000e+02,1.0000000000e+00,5.3793585300e-01
5.1790000000e+03,5.1800000000e+02,2.0000000000e+00,2.3015569150e-01
5.1790000000e+03,5.1800000000e+02,3.0000000000e+00,1.7463062704e-01
5.1790000000e+03,5.1800000000e+02,4.0000000000e+00,1.6592499614e-01
5.1790000000e+03,5.1800000000e+02,5.0000000000e+00,1.6738106310e-01
5.1790000000e+03,5.1800000000e+02,6.0000000000e+00,1.7042560875e-01
5.1790000000e+03,5.1800000000e+02,7.0000000000e+00,1.7307128012e-01
5.1790000000e+03,5.1800000000e+02,8.0000000000e+00,1.7501361668e-01
5.1790000000e+03,5.1800000000e+02,9.0000000000e+00,1.7635361850e-01
5.1790000000e+03,5.1800000000e+02,1.0000000000e+01,1.7725303769e-01
5.1790000000e+03,5.1800000000e+02,1.1000000000e+01,1.7784909904e-01
5.1790000000e+03,5.1800000000e+02,1.2000000000e+01,1.7824193835e-01
5.1790000000e+03,5.1800000000e+02,1.3000000000e+01,1.7850035429e-01
5.1790000000e+03,5.1800000000e+02,1.4000000000e+01,1.7867037654e-01
5.1790000000e+03,5.1800000000e+02,1.5000000000e+01,1.7878241837e-01
5.1790000000e+03,5.1800000000e+02,1.6000000000e+01,1.7885635793e-01
5.1790000000e+03,5.1800000000e+02,1.7000000000e+01,1.7890527844e-01
5.1790000000e+03,5.1800000000e+02,1.8000000000e+01,1.7893773317e-01
5.1790000000e+03,5.1800000000e+02,1.9000000000e+01,1.7895928025e-01
5.1790000000e+03,5.1800000000e+02,2.0000000000e+01,1.7897363007e-01
5.1790000000e+03,5.1800000000e+02,2.1000000000e+01,1.7898322642e-01
5.1790000000e+03,5.1800000000e+02,2.2000000000e+01,1.7898964882e-01
5.1790000000e+03,5.1800000000e+02,2.3000000000e+01,1.7899397016e-01
5.1790000000e+03,5.1800000000e+02,2.4000000000e+01,1.7899683118e-01
5.1790000000e+03,5.1800000000e+02,2.5000000000e+01,1.7899879813e-01
5.1790000000e+03,5.1800000000e+02,2.6000000000e+01,1.7900009453e-01
5.1790000000e+03,5.1800000000e+02,2.7000000000e+01,1.7900097370e-01
5.1790000000e+03,5.1800000000e+02,2.8000000000e+01,1.7900156975e-01
5.1790000000e+03,5.1800000000e+02,2.9000000000e+01,1.7900198698e-01
5.1790000000e+03,5.1800000000e+02,3.0000000000e+01,1.7900227010e-01
5.1790000000e+03,5.1800000000e+02,3.1000000000e+01,1.7900246382e-01
5.1790000000e+03,7.2000000000e+02,0.0000000000e+00,1.9975152016e+00
5.1790000000e+03,7.2000000000e+02,1.0000000000e+00,4.8412361741e-01
5.1790000000e+03,7.2000000000e+02,2.0000000000e+00,2.1006926894e-01
5.1790000000e+03,7.2000000000e+02,3.0000000000e+00,1.7198699713e-01
5.1790000000e+03,7.2000000000e+02,4.0000000000e+00,1.7098620534e-01
5.1790000000e+03,7.2000000000e+02,5.0000000000e+00,1.7550790310e-01
5.1790000000e+03,7.2000000000e+02,6.0000000000e+00,1.7956927419e-01
5.1790000000e+03,7.2000000000e+02,7.0000000000e+00,1.8238274753e-01
5.1790000000e+03,7.2000000000e+02,8.0000000000e+00,1.8417251110e-01
5.1790000000e+03,7.2000000000e+02,9.0000000000e+00,1.8526767194e-01
5.1790000000e+03,7.2000000000e+02,1.0000000000e+01,1.8592359126e-01
5.1790000000e+03,7.2000000000e+02,1.1000000000e+01,1.8631100655e-01
5.1790000000e+03,7.2000000000e+02,1.2000000000e+01,1.8653745949e-01
5.1790000000e+03,7.2000000000e+02,1.3000000000e+01,1.8666866422e-01
5.1790000000e+03,7.2000000000e+02,1.4000000000e+01,1.8674406409e-01
5.1790000000e+03,7.2000000000e+02,1.5000000000e+01,1.8678700924e-01
5.1790000000e+03,7.2000000000e+02,1.6000000000e+01,1.8681128323e-01
5.1790000000e+03,7.2000000000e+02,1.7000000000e+01,1.8682485819e-01
5.1790000000e+03,7.2000000000e+02,1.8000000000e+01,1.8683233857e-01
5.1790000000e+03,7.2000000000e+02,1.9000000000e+01,1.8683643639e-01
5.1790000000e+03,7.2000000000e+02,2.0000000000e+01,1.8683865666e-01
5.1790000000e+03,7.2000000000e+02,2.1000000000e+01,1.8683980405e-01
5.1790000000e+03,7.2000000000e+02,2.2000000000e+01,1.8684038520e-01
5.1790000000e+03,7.2000000000e+02,2.3000000000e+01,1.8684068322e-01
5.1790000000e+03,7.2000000000e+02,2.4000000000e+01,1.8684081733e-01
5.1790000000e+03,7.2000000000e+02,2.5000000000e+01,1.8684089184e-01
5.1790000000e+03,7.2000000000e+02,2.6000000000e+01,1.8684089184e-01
5.1790000000e+03,7.2000000000e+02,2.7000000000e+01,1.8684089184e-01
5.1790000000e+03,7.2000000000e+02,2.8000000000e+01,1.8684089184e-01
5.1790000000e+03,7.2000000000e+02,2.9000000000e+01,1.8684089184e-01
5.1790000000e+03,7.2000000000e+02,3.0000000000e+01,1.8684087694e-01
5.1790000000e+03,7.2000000000e+02,3.1000000000e+01,1.8684087694e-01
5.1790000000e+03,1.0000000000e+03,0.0000000000e+00,1.9979293346e+00
5.1790000000e+03,1.0000000000e+03,1.0000000000e+00,3.7312477827e-01
5.1790000000e+03,1.0000000000e+03,2.0000000000e+00,1.0805410147e-01
5.1790000000e+03,1.0000000000e+03,3.0000000000e+00,7.2483398020e-02
5.1790000000e+03,1.0000000000e+03,4.0000000000e+00,6.7946866155e-02
5.1790000000e+03,1.0000000000e+03,5.0000000000e+00,6.8089693785e-02
5.1790000000e+03,1.0000000000e+03,6.0000000000e+00,6.8679094315e-02
5.1790000000e+03,1.0000000000e+03,7.0000000000e+00,6.9101676345e-02
5.1790000000e+03,1.0000000000e+03,8.0000000000e+00,6.9350048900e-02
5.1790000000e+03,1.0000000000e+03,9.0000000000e+00,6.9487288594e-02
5.1790000000e+03,1.0000000000e+03,1.0000000000e+01,6.9561481476e-02
5.1790000000e+03,1.0000000000e+03,1.1000000000e+01,6.9601327181e-02
5.1790000000e+03,1.0000000000e+03,1.2000000000e+01,6.9622747600e-02
5.1790000000e+03,1.0000000000e+03,1.3000000000e+01,6.9634288549e-02
5.1790000000e+03,1.0000000000e+03,1.4000000000e+01,6.9640539587e-02
5.1790000000e+03,1.0000000000e+03,1.5000000000e+01,6.9643944502e-02
5.1790000000e+03,1.0000000000e+03,1.6000000000e+01,6.9645807147e-02
5.1790000000e+03,1.0000000000e+03,1.7000000000e+01,6.9646820426e-02
5.1790000000e+03,1.0000000000e+03,1.8000000000e+01,6.9647379220e-02
5.1790000000e+03,1.0000000000e+03,1.9000000000e+01,6.9647699594e-02
5.1790000000e+03,1.0000000000e+03,2.0000000000e+01,6.9647870958e-02
5.1790000000e+03,1.0000000000e+03,2.1000000000e+01,6.9647967815e-02
5.1790000000e+03,1.0000000000e+03,2.2000000000e+01,6.9648027420e-02
5.1790000000e+03,1.0000000000e+03,2.3000000000e+01,6.9648049772e-02
5.1790000000e+03,1.0000000000e+03,2.4000000000e+01,6.9648064673e-02
5.1790000000e+03,1.0000000000e+03,2.5000000000e+01,6.9648072124e-02
5.1790000000e+03,1.0000000000e+03,2.6000000000e+01,6.9648087025e-02
5.1790000000e+03,1.0000000000e+03,2.7000000000e+01,6.9648094475e-02
5.1790000000e+03,1.0000000000e+03,2.8000000000e+01,6.9648094475e-02
5.1790000000e+03,1.0000000000e+03,2.9000000000e+01,6.9648094475e-02
5.1790000000e+03,1.0000000000e+03,3.0000000000e+01,6.9648094475e-02
5.1790000000e+03,1.0000000000e+03,3.1000000000e+01,6.9648094475e-02
7.1970000000e+03,1.0000000000e+01,0.0000000000e+00,1.9943202734e+00
7.1970000000e+03,1.0000000000e+01,1.0000000000e+00,1.8627804518e+00
7.1970000000e+03,1.0000000000e+01,2.0000000000e+00,1.9062210321e+00
7.1970000000e+03,1.0000000000e+01,3.0000000000e+00,2.0607266426e+00
7.1970000000e+03,1.0000000000e+01,4.0000000000e+00,2.3013739586e+00
7.1970000000e+03,1.0000000000e+01,5.0000000000e+00,2.6202774048e+00
7.1970000000e+03,1.0000000000e+01,6.0000000000e+00,3.0137696266e+00
7.1970000000e+03,1.0000000000e+01,7.0000000000e+00,3.4801928997e+00
7.1970000000e+03,1.0000000000e+01,8.0000000000e+00,4.0186781883e+00
7.1970000000e+03,1.0000000000e+01,9.0000000000e+00,4.6288061142e+00
7.1970000000e+03,1.0000000000e+01,1.0000000000e+01,5.3103418350e+00
7.1970000000e+03,1.0000000000e+01,1.1000000000e+01,6.0631613731e+00
7.1970000000e+03,1.0000000000e+01,1.2000000000e+01,6.8871984482e+00
7.1970000000e+03,1.0000000000e+01,1.3000000000e+01,7.7824172974e+00
7.1970000000e+03,1.0000000000e+01,1.4000000000e+01,8.7488069534e+00
7.1970000000e+03,1.0000000000e+01,1.5000000000e+01,9.7863597870e+00
7.1970000000e+03,1.0000000000e+01,1.6000000000e+01,1.0895081520e+01
7.1970000000e+03,1.0000000000e+01,1.7000000000e+01,1.2074974060e+01
7.1970000000e+03,1.0000000000e+01,1.8000000000e+01,1.3326047897e+01
7.1970000000e+03,1.0000000000e+01,1.9000000000e+01,1.4648304939e+01
7.1970000000e+03,1.0000000000e+01,2.0000000000e+01,1.6041763306e+01
7.1970000000e+03,1.0000000000e+01,2.1000000000e+01,1.7506414413e+01
7.1970000000e+03,1.0000000000e+01,2.2000000000e+01,1.9042282104e+01
7.1970000000e+03,1.0000000000e+01,2.3000000000e+01,2.0649354935e+01
7.1970000000e+03,1.0000000000e+01,2.4000000000e+01,2.2327651978e+01
7.1970000000e+03,1.0000000000e+01,2.5000000000e+01,2.4077175140e+01
7.1970000000e+03,1.0000000000e+01,2.6000000000e+01,2.5897930145e+01
7.1970000000e+03,1.0000000000e+01,2.7000000000e+01,2.7789915085e+01
7.1970000000e+03,1.0000000000e+01,2.8000000000e+01,2.9753143311e+01
7.1970000000e+03,1.0000000000e+01,2.9000000000e+01,3.1787605286e+01
7.1970000000e+03,1.0000000000e+01,3.0000000000e+01,3.3893318176e+01
7.1970000000e+03,1.0000000000e+01,3.1000000000e+01,3.6070274353e+01
7.1970000000e+03,1.4000000000e+01,0.0000000000e+00,2.0029051304e+00
7.1970000000e+03,1.4000000000e+01,1.0000000000e+00,1.8170176744e+00
7.1970000000e+03,1.4000000000e+01,2.0000000000e+00,1.8542116880e+00
7.1970000000e+03,1.4000000000e+01,3.0000000000e+00,2.0282225609e+00
7.1970000000e+03,1.4000000000e+01,4.0000000000e+00,2.3048207760e+00
7.1970000000e+03,1.4000000000e+01,5.0000000000e+00,2.6727511883e+00
7.1970000000e+03,1.4000000000e+01,6.0000000000e+00,3.1269078255e+00
7.1970000000e+03,1.4000000000e+01,7.0000000000e+00,3.6647973061e+00
7.1970000000e+03,1.4000000000e+01,8.0000000000e+00,4.2850866318e+00
7.1970000000e+03,1.4000000000e+01,9.0000000000e+00,4.9870438576e+00
7.1970000000e+03,1.4000000000e+01,1.0000000000e+01,5.7702636719e+00
7.1970000000e+03,1.4000000000e+01,1.1000000000e+01,6.6345105171e+00
7.1970000000e+03,1.4000000000e+01,1.2000000000e+01,7.5796585083e+00
7.1970000000e+03,1.4000000000e+01,1.3000000000e+01,8.6056308746e+00
7.1970000000e+03,1.4000000000e+01,1.4000000000e+01,9.7123928070e+00
7.1970000000e+03,1.4000000000e+01,1.5000000000e+01,1.0899926186e+01
7.1970000000e+03,1.4000000000e+01,1.6000000000e+01,1.2168233871e+01
7.1970000000e+03,1.4000000000e+01,1.7000000000e+01,1.3517313004e+01
7.1970000000e+03,1.4000000000e+01,1.8000000000e+01,1.4947178841e+01
7.1970000000e+03,1.4000000000e+01,1.9000000000e+01,1.6457839966e+01
7.1970000000e+03,1.4000000000e+01,2.0000000000e+01,1.8049306870e+01
7.1970000000e+03,1.4000000000e+01,2.1000000000e+01,1.9721595764e+01
7.1970000000e+03,1.4000000000e+01,2.2000000000e+01,2.1474721909e+01
7.1970000000e+03,1.4000000000e+01,2.3000000000e+01,2.3308696747e+01
7.1970000000e+03,1.4000000000e+01,2.4000000000e+01,2.5223529816e+01
7.1970000000e+03,1.4000000000e+01,2.5000000000e+01,2.7219232559e+01
7.1970000000e+03,1.4000000000e+01,2.6000000000e+01,2.9295822144e+01
7.1970000000e+03,1.4000000000e+01,2.7000000000e+01,3.1453296661e+01
7.1970000000e+03,1.4000000000e+01,2.8000000000e+01,3.3691677094e+01
7.1970000000e+03,1.4000000000e+01,2.9000000000e+01,3.6010967255e+01
7.1970000000e+03,1.4000000000e+01,3.0000000000e+01,3.8411174774e+01
7.1970000000e+03,1.4000000000e+01,3.1000000000e+01,4.0892307281e+01
7.1970000000e+03,1.9000000000e+01,0.0000000000e+00,1.9949480295e+00
7.1970000000e+03,1.9000000000e+01,1.0000000000e+00,1.7487992048e+00
7.1970000000e+03,1.9000000000e+01,2.0000000000e+00,1.7770936489e+00
7.1970000000e+03,1.9000000000e+01,3.0000000000e+00,1.9673973322e+00
7.1970000000e+03,1.9000000000e+01,4.0000000000e+00,2.2750148773e+00
7.1970000000e+03,1.9000000000e+01,5.0000000000e+00,2.6850638390e+00
7.1970000000e+03,1.9000000000e+01,6.0000000000e+00,3.1906368732e+00
7.1970000000e+03,1.9000000000e+01,7.0000000000e+00,3.7882723808e+00
7.1970000000e+03,1.9000000000e+01,8.0000000000e+00,4.4760441780e+00
7.1970000000e+03,1.9000000000e+01,9.0000000000e+00,5.2528676987e+00
7.1970000000e+03,1.9000000000e+01,1.0000000000e+01,6.1180849075e+00
7.1970000000e+03,1.9000000000e+01,1.1000000000e+01,7.0713067055e+00
7.1970000000e+03,1.9000000000e+01,1.2000000000e+01,8.1122827530e+00
7.1970000000e+03,1.9000000000e+01,1.3000000000e+01,9.2408695221e+00
7.1970000000e+03,1.9000000000e+01,1.4000000000e+01,1.0456964493e+01
7.1970000000e+03,1.9000000000e+01,1.5000000000e+01,1.1760522842e+01
7.1970000000e+03,1.9000000000e+01,1.6000000000e+01,1.3151510239e+01
7.1970000000e+03,1.9000000000e+01,1.7000000000e+01,1.4629923820e+01
7.1970000000e+03,1.9000000000e+01,1.8000000000e+01,1.6195749283e+01
7.1970000000e+03,1.9000000000e+01,1.9000000000e+01,1.7849006653e+01
7.1970000000e+03,1.9000000000e+01,2.0000000000e+01,1.9589694977e+01
7.1970000000e+03,1.9000000000e+01,2.1000000000e+01,2.1417842865e+01
7.1970000000e+03,1.9000000000e+01,2.2000000000e+01,2.3333448410e+01
7.1970000000e+03,1.9000000000e+01,2.3000000000e+01,2.5336545944e+01
7.1970000000e+03,1.9000000000e+01,2.4000000000e+01,2.7427131653e+01
7.1970000000e+03,1.9000000000e+01,2.5000000000e+01,2.9605243683e+01
7.1970000000e+03,1.9000000000e+01,2.6000000000e+01,3.1870882034e+01
7.1970000000e+03,1.9000000000e+01,2.7000000000e+01,3.4224075317e+01
7.1970000000e+03,1.9000000000e+01,2.8000000000e+01,3.6664833069e+01
7.1970000000e+03,1.9000000000e+01,2.9000000000e+01,3.9193168640e+01
7.1970000000e+03,1.9000000000e+01,3.0000000000e+01,4.1809097290e+01
7.1970000000e+03,1.9000000000e+01,3.1000000000e+01,4.4512634277e+01
7.1970000000e+03,2.7000000000e+01,0.0000000000e+00,2.0000975132e+00
7.1970000000e+03,2.7000000000e+01,1.0000000000e+00,1.6713197231e+00
7.1970000000e+03,2.7000000000e+01,2.0000000000e+00,1.6877003908e+00
7.1970000000e+03,2.7000000000e+01,3.0000000000e+00,1.8970650434e+00
7.1970000000e+03,2.7000000000e+01,4.0000000000e+00,2.2385485172e+00
7.1970000000e+03,2.7000000000e+01,5.0000000000e+00,2.6920647621e+00
7.1970000000e+03,2.7000000000e+01,6.0000000000e+00,3.2481842041e+00
7.1970000000e+03,2.7000000000e+01,7.0000000000e+00,3.9019794464e+00
7.1970000000e+03,2.7000000000e+01,8.0000000000e+00,4.6506018639e+00
7.1970000000e+03,2.7000000000e+01,9.0000000000e+00,5.4922771454e+00
7.1970000000e+03,2.7000000000e+01,1.0000000000e+01,6.4259252548e+00
7.1970000000e+03,2.7000000000e+01,1.1000000000e+01,7.4507770538e+00
7.1970000000e+03,2.7000000000e+01,1.2000000000e+01,8.5663948059e+00
7.1970000000e+03,2.7000000000e+01,1.3000000000e+01,9.7723970413e+00
7.1970000000e+03,2.7000000000e+01,1.4000000000e+01,1.1068622589e+01
7.1970000000e+03,2.7000000000e+01,1.5000000000e+01,1.2454854012e+01
7.1970000000e+03,2.7000000000e+01,1.6000000000e+01,1.3931069374e+01
7.1970000000e+03,2.7000000000e+01,1.7000000000e+01,1.5497121811e+01
7.1970000000e+03,2.7000000000e+01,1.8000000000e+01,1.7153057098e+01
7.1970000000e+03,2.7000000000e+01,1.9000000000e+01,1.8898769379e+01
7.1970000000e+03,2.7000000000e+01,2.0000000000e+01,2.0734340668e+01
7.1970000000e+03,2.7000000000e+01,2.1000000000e+01,2.2659683228e+01
7.1970000000e+03,2.7000000000e+01,2.2000000000e+01,2.4674890518e+01
7.1970000000e+03,2.7000000000e+01,2.3000000000e+01,2.6779890060e+01
7.1970000000e+03,2.7000000000e+01,2.4000000000e+01,2.8974792480e+01
7.1970000000e+03,2.7000000000e+01,2.5000000000e+01,3.1259513855e+01
7.1970000000e+03,2.7000000000e+01,2.6000000000e+01,3.3634170532e+01
7.1970000000e+03,2.7000000000e+01,2.7000000000e+01,3.6098697662e+01
7.1970000000e+03,2.7000000000e+01,2.8000000000e+01,3.8653198242e+01
7.1970000000e+03,2.7000000000e+01,2.9000000000e+01,4.1297611237e+01
7.1970000000e+03,2.7000000000e+01,3.0000000000e+01,4.4032039642e+01
7.1970000000e+03,2.7000000000e+01,3.1000000000e+01,4.6856418610e+01
7.1970000000e+03,3.7000000000e+01,0.0000000000e+00,2.0047948360e+00
7.1970000000e+03,3.7000000000e+01,1.0000000000e+00,1.5797461271e+00
7.1970000000e+03,3.7000000000e+01,2.0000000000e+00,1.5739091635e+00
7.1970000000e+03,3.7000000000e+01,3.0000000000e+00,1.7838832140e+00
7.1970000000e+03,3.7000000000e+01,4.0000000000e+00,2.1304287910e+00
7.1970000000e+03,3.7000000000e+01,5.0000000000e+00,2.5873610973e+00
7.1970000000e+03,3.7000000000e+01,6.0000000000e+00,3.1422607899e+00
7.1970000000e+03,3.7000000000e+01,7.0000000000e+00,3.7884819508e+00
7.1970000000e+03,3.7000000000e+01,8.0000000000e+00,4.5219955444e+00
7.1970000000e+03,3.7000000000e+01,9.0000000000e+00,5.3402390480e+00
7.1970000000e+03,3.7000000000e+01,1.0000000000e+01,6.2415094376e+00
7.1970000000e+03,3.7000000000e+01,1.1000000000e+01,7.2246112823e+00
7.1970000000e+03,3.7000000000e+01,1.2000000000e+01,8.2887201309e+00
7.1970000000e+03,3.7000000000e+01,1.3000000000e+01,9.4332141876e+00
7.1970000000e+03,3.7000000000e+01,1.4000000000e+01,1.0657661438e+01
7.1970000000e+03,3.7000000000e+01,1.5000000000e+01,1.1961719513e+01
7.1970000000e+03,3.7000000000e+01,1.6000000000e+01,1.3345157623e+01
7.1970000000e+03,3.7000000000e+01,1.7000000000e+01,1.4807772636e+01
7.1970000000e+03,3.7000000000e+01,1.8000000000e+01,1.6349445343e+01
7.1970000000e+03,3.7000000000e+01,1.9000000000e+01,1.7970058441e+01
7.1970000000e+03,3.7000000000e+01,2.0000000000e+01,1.9669553757e+01
7.1970000000e+03,3.7000000000e+01,2.1000000000e+01,2.1447860718e+01
7.1970000000e+03,3.7000000000e+01,2.2000000000e+01,2.3304960251e+01
7.1970000000e+03,3.7000000000e+01,2.3000000000e+01,2.5240802765e+01
7.1970000000e+03,3.7000000000e+01,2.4000000000e+01,2.7255407333e+01
7.1970000000e+03,3.7000000000e+01,2.5000000000e+01,2.9348731995e+01
7.1970000000e+03,3.7000000000e+01,2.6000000000e+01,3.1520809174e+01
7.1970000000e+03,3.7000000000e+01,2.7000000000e+01,3.3771610260e+01
7.1970000000e+03,3.7000000000e+01,2.8000000000e+01,3.6101184845e+01
7.1970000000e+03,3.7000000000e+01,2.9000000000e+01,3.8509498596e+01
7.1970000000e+03,3.7000000000e+01,3.0000000000e+01,4.0996604919e+01
7.1970000000e+03,3.7000000000e+01,3.1000000000e+01,4.3562480927e+01
7.1970000000e+03,5.2000000000e+01,0.0000000000e+00,2.0063834190e+00
7.1970000000e+03,5.2000000000e+01,1.0000000000e+00,1.4548151493e+00
7.1970000000e+03,5.2000000000e+01,2.0000000000e+00,1.4096287489e+00
7.1970000000e+03,5.2000000000e+01,3.0000000000e+00,1.5983982086e+00
7.1970000000e+03,5.2000000000e+01,4.0000000000e+00,1.9170786142e+00
7.1970000000e+03,5.2000000000e+01,5.0000000000e+00,2.3325242996e+00
7.1970000000e+03,5.2000000000e+01,6.0000000000e+00,2.8287620544e+00
7.1970000000e+03,5.2000000000e+01,7.0000000000e+00,3.3970475197e+00
7.1970000000e+03,5.2000000000e+01,8.0000000000e+00,4.0319681168e+00
7.1970000000e+03,5.2000000000e+01,9.0000000000e+00,4.7299723625e+00
7.1970000000e+03,5.2000000000e+01,1.0000000000e+01,5.4885988235e+00
7.1970000000e+03,5.2000000000e+01,1.1000000000e+01,6.3060741425e+00
7.1970000000e+03,5.2000000000e+01,1.2000000000e+01,7.1810789108e+00
7.1970000000e+03,5.2000000000e+01,1.3000000000e+01,8.1126194000e+00
7.1970000000e+03,5.2000000000e+01,1.4000000000e+01,9.0999097824e+00
7.1970000000e+03,5.2000000000e+01,1.5000000000e+01,1.0142364502e+01
7.1970000000e+03,5.2000000000e+01,1.6000000000e+01,1.1239468575e+01
7.1970000000e+03,5.2000000000e+01,1.7000000000e+01,1.2390878677e+01
7.1970000000e+03,5.2000000000e+01,1.8000000000e+01,1.3596229553e+01
7.1970000000e+03,5.2000000000e+01,1.9000000000e+01,1.4855333328e+01
7.1970000000e+03,5.2000000000e+01,2.0000000000e+01,1.6167909622e+01
7.1970000000e+03,5.2000000000e+01,2.1000000000e+01,1.7533847809e+01
7.1970000000e+03,5.2000000000e+01,2.2000000000e+01,1.8952966690e+01
7.1970000000e+03,5.2000000000e+01,2.3000000000e+01,2.0425163269e+01
7.1970000000e+03,5.2000000000e+01,2.4000000000e+01,2.1950349808e+01
7.1970000000e+03,5.2000000000e+01,2.5000000000e+01,2.3528465271e+01
7.1970000000e+03,5.2000000000e+01,2.6000000000e+01,2.5159416199e+01
7.1970000000e+03,5.2000000000e+01,2.7000000000e+01,2.6843170166e+01
7.1970000000e+03,5.2000000000e+01,2.8000000000e+01,2.8579664230e+01
7.1970000000e+03,5.2000000000e+01,2.9000000000e+01,3.0368898392e+01
7.1970000000e+03,5.2000000000e+01,3.0000000000e+01,3.2210800171e+01
7.1970000000e+03,5.2000000000e+01,3.1000000000e+01,3.4105388641e+01
7.1970000000e+03,7.2000000000e+01,0.0000000000e+00,2.0087242126e+00
7.1970000000e+03,7.2000000000e+01,1.0000000000e+00,1.3321621418e+00
7.1970000000e+03,7.2000000000e+01,2.0000000000e+00,1.2343585491e+00
7.1970000000e+03,7.2000000000e+01,3.0000000000e+00,1.3764542341e+00
7.1970000000e+03,7.2000000000e+01,4.0000000000e+00,1.6304978132e+00
7.1970000000e+03,7.2000000000e+01,5.0000000000e+00,1.9573924541e+00
7.1970000000e+03,7.2000000000e+01,6.0000000000e+00,2.3386430740e+00
7.1970000000e+03,7.2000000000e+01,7.0000000000e+00,2.7644083500e+00
7.1970000000e+03,7.2000000000e+01,8.0000000000e+00,3.2285304070e+00
7.1970000000e+03,7.2000000000e+01,9.0000000000e+00,3.7270081043e+00
7.1970000000e+03,7.2000000000e+01,1.0000000000e+01,4.2569932938e+00
7.1970000000e+03,7.2000000000e+01,1.1000000000e+01,4.8164396286e+00
7.1970000000e+03,7.2000000000e+01,1.2000000000e+01,5.4037723541e+00
7.1970000000e+03,7.2000000000e+01,1.3000000000e+01,6.0177946091e+00
7.1970000000e+03,7.2000000000e+01,1.4000000000e+01,6.6575369835e+00
7.1970000000e+03,7.2000000000e+01,1.5000000000e+01,7.3222370148e+00
7.1970000000e+03,7.2000000000e+01,1.6000000000e+01,8.0112476349e+00
7.1970000000e+03,7.2000000000e+01,1.7000000000e+01,8.7240676880e+00
7.1970000000e+03,7.2000000000e+01,1.8000000000e+01,9.4602136612e+00
7.1970000000e+03,7.2000000000e+01,1.9000000000e+01,1.0219403267e+01
7.1970000000e+03,7.2000000000e+01,2.0000000000e+01,1.1001138687e+01
7.1970000000e+03,7.2000000000e+01,2.1000000000e+01,1.1805369377e+01
7.1970000000e+03,7.2000000000e+01,2.2000000000e+01,1.2631695747e+01
7.1970000000e+03,7.2000000000e+01,2.3000000000e+01,1.3480062485e+01
7.1970000000e+03,7.2000000000e+01,2.4000000000e+01,1.4350111008e+01
7.1970000000e+03,7.2000000000e+01,2.5000000000e+01,1.5241840363e+01
7.1970000000e+03,7.2000000000e+01,2.6000000000e+01,1.6155044556e+01
7.1970000000e+03,7.2000000000e+01,2.7000000000e+01,1.7089622498e+01
7.1970000000e+03,7.2000000000e+01,2.8000000000e+01,1.8045413971e+01
7.1970000000e+03,7.2000000000e+01,2.9000000000e+01,1.9022363663e+01
7.1970000000e+03,7.2000000000e+01,3.0000000000e+01,2.0020425797e+01
7.1970000000e+03,7.2000000000e+01,3.1000000000e+01,2.1039503098e+01
7.1970000000e+03,1.0000000000e+02,0.0000000000e+00,1.9984967709e+00
7.1970000000e+03,1.0000000000e+02,1.0000000000e+00,1.1668761969e+00
7.1970000000e+03,1.0000000000e+02,2.0000000000e+00,1.0118149519e+00
7.1970000000e+03,1.0000000000e+02,3.0000000000e+00,1.0978059769e+00
7.1970000000e+03,1.0000000000e+02,4.0000000000e+00,1.2751405239e+00
7.1970000000e+03,1.0000000000e+02,5.0000000000e+00,1.5010176897e+00
7.1970000000e+03,1.0000000000e+02,6.0000000000e+00,1.7559012175e+00
7.1970000000e+03,1.0000000000e+02,7.0000000000e+00,2.0299515724e+00
7.1970000000e+03,1.0000000000e+02,8.0000000000e+00,2.3172566891e+00
7.1970000000e+03,1.0000000000e+02,9.0000000000e+00,2.6141955853e+00
7.1970000000e+03,1.0000000000e+02,1.0000000000e+01,2.9183225632e+00
7.1970000000e+03,1.0000000000e+02,1.1000000000e+01,3.2279720306e+00
7.1970000000e+03,1.0000000000e+02,1.2000000000e+01,3.5419385433e+00
7.1970000000e+03,1.0000000000e+02,1.3000000000e+01,3.8593432903e+00
7.1970000000e+03,1.0000000000e+02,1.4000000000e+01,4.1795248985e+00
7.1970000000e+03,1.0000000000e+02,1.5000000000e+01,4.5019769669e+00
7.1970000000e+03,1.0000000000e+02,1.6000000000e+01,4.8263130188e+00
7.1970000000e+03,1.0000000000e+02,1.7000000000e+01,5.1522216797e+00
7.1970000000e+03,1.0000000000e+02,1.8000000000e+01,5.4794683456e+00
7.1970000000e+03,1.0000000000e+02,1.9000000000e+01,5.8078532219e+00
7.1970000000e+03,1.0000000000e+02,2.0000000000e+01,6.1372318268e+00
7.1970000000e+03,1.0000000000e+02,2.1000000000e+01,6.4674701691e+00
7.1970000000e+03,1.0000000000e+02,2.2000000000e+01,6.7984809875e+00
7.1970000000e+03,1.0000000000e+02,2.3000000000e+01,7.1301698685e+00
7.1970000000e+03,1.0000000000e+02,2.4000000000e+01,7.4624891281e+00
7.1970000000e+03,1.0000000000e+02,2.5000000000e+01,7.7953710556e+00
7.1970000000e+03,1.0000000000e+02,2.6000000000e+01,8.1287860870e+00
7.1970000000e+03,1.0000000000e+02,2.7000000000e+01,8.4626932144e+00
7.1970000000e+03,1.0000000000e+02,2.8000000000e+01,8.7970676422e+00
7.1970000000e+03,1.0000000000e+02,2.9000000000e+01,9.1318988800e+00
7.1970000000e+03,1.0000000000e+02,3.0000000000e+01,9.4671506882e+00
7.1970000000e+03,1.0000000000e+02,3.1000000000e+01,9.8028364182e+00
7.1970000000e+03,1.3900000000e+02,0.0000000000e+00,1.9888837337e+00
7.1970000000e+03,1.3900000000e+02,1.0000000000e+00,1.0150257349e+00
7.1970000000e+03,1.3900000000e+02,2.0000000000e+00,7.9404699802e-01
7.1970000000e+03,1.3900000000e+02,3.0000000000e+00,8.1372308731e-01
7.1970000000e+03,1.3900000000e+02,4.0000000000e+00,9.0655291080e-01
7.1970000000e+03,1.3900000000e+02,5.0000000000e+00,1.0287824869e+00
7.1970000000e+03,1.3900000000e+02,6.0000000000e+00,1.1623708010e+00
7.1970000000e+03,1.3900000000e+02,7.0000000000e+00,1.2992663383e+00
7.1970000000e+03,1.3900000000e+02,8.0000000000e+00,1.4352474213e+00
7.1970000000e+03,1.3900000000e+02,9.0000000000e+00,1.5681654215e+00
7.1970000000e+03,1.3900000000e+02,1.0000000000e+01,1.6968460083e+00
7.1970000000e+03,1.3900000000e+02,1.1000000000e+01,1.8207263947e+00
7.1970000000e+03,1.3900000000e+02,1.2000000000e+01,1.9395496845e+00
7.1970000000e+03,1.3900000000e+02,1.3000000000e+01,2.0532715321e+00
7.1970000000e+03,1.3900000000e+02,1.4000000000e+01,2.1619515419e+00
7.1970000000e+03,1.3900000000e+02,1.5000000000e+01,2.2657270432e+00
7.1970000000e+03,1.3900000000e+02,1.6000000000e+01,2.3647668362e+00
7.1970000000e+03,1.3900000000e+02,1.7000000000e+01,2.4592676163e+00
7.1970000000e+03,1.3900000000e+02,1.8000000000e+01,2.5494310856e+00
7.1970000000e+03,1.3900000000e+02,1.9000000000e+01,2.6354639530e+00
7.1970000000e+03,1.3900000000e+02,2.0000000000e+01,2.7175683975e+00
7.1970000000e+03,1.3900000000e+02,2.1000000000e+01,2.7959434986e+00
7.1970000000e+03,1.3900000000e+02,2.2000000000e+01,2.8707780838e+00
7.1970000000e+03,1.3900000000e+02,2.3000000000e+01,2.9422569275e+00
7.1970000000e+03,1.3900000000e+02,2.4000000000e+01,3.0105524063e+00
7.1970000000e+03,1.3900000000e+02,2.5000000000e+01,3.0758311749e+00
7.1970000000e+03,1.3900000000e+02,2.6000000000e+01,3.1382484436e+00
7.1970000000e+03,1.3900000000e+02,2.7000000000e+01,3.1979537010e+00
7.1970000000e+03,1.3900000000e+02,2.8000000000e+01,3.2550852299e+00
7.1970000000e+03,1.3900000000e+02,2.9000000000e+01,3.3097772598e+00
7.1970000000e+03,1.3900000000e+02,3.0000000000e+01,3.3621518612e+00
7.1970000000e+03,1.3900000000e+02,3.1000000000e+01,3.4123282433e+00
7.1970000000e+03,1.9300000000e+02,0.0000000000e+00,2.0075984001e+00
7.1970000000e+03,1.9300000000e+02,1.0000000000e+00,8.7160271406e-01
7.1970000000e+03,1.9300000000e+02,2.0000000000e+00,5.9508693218e-01
7.1970000000e+03,1.9300000000e+02,3.0000000000e+00,5.6308591366e-01
7.1970000000e+03,1.9300000000e+02,4.0000000000e+00,5.9481441975e-01
7.1970000000e+03,1.9300000000e+02,5.0000000000e+00,6.4736437798e-01
7.1970000000e+03,1.9300000000e+02,6.0000000000e+00,7.0472836494e-01
7.1970000000e+03,1.9300000000e+02,7.0000000000e+00,7.6078391075e-01
7.1970000000e+03,1.9300000000e+02,8.0000000000e+00,8.1304121017e-01
7.1970000000e+03,1.9300000000e+02,9.0000000000e+00,8.6065363884e-01
7.1970000000e+03,1.9300000000e+02,1.0000000000e+01,9.0348863602e-01
7.1970000000e+03,1.9300000000e+02,1.1000000000e+01,9.4175040722e-01
7.1970000000e+03,1.9300000000e+02,1.2000000000e+01,9.7578257322e-01
7.1970000000e+03,1.9300000000e+02,1.3000000000e+01,1.0059783459e+00
7.1970000000e+03,1.9300000000e+02,1.4000000000e+01,1.0327329636e+00
7.1970000000e+03,1.9300000000e+02,1.5000000000e+01,1.0564223528e+00
7.1970000000e+03,1.9300000000e+02,1.6000000000e+01,1.0773925781e+00
7.1970000000e+03,1.9300000000e+02,1.7000000000e+01,1.0959570408e+00
7.1970000000e+03,1.9300000000e+02,1.8000000000e+01,1.1123961210e+00
7.1970000000e+03,1.9300000000e+02,1.9000000000e+01,1.1269590855e+00
7.1970000000e+03,1.9300000000e+02,2.0000000000e+01,1.1398663521e+00
7.1970000000e+03,1.9300000000e+02,2.1000000000e+01,1.1513130665e+00
7.1970000000e+03,1.9300000000e+02,2.2000000000e+01,1.1614704132e+00
7.1970000000e+03,1.9300000000e+02,2.3000000000e+01,1.1704894304e+00
7.1970000000e+03,1.9300000000e+02,2.4000000000e+01,1.1785029173e+00
7.1970000000e+03,1.9300000000e+02,2.5000000000e+01,1.1856278181e+00
7.1970000000e+03,1.9300000000e+02,2.6000000000e+01,1.1919667721e+00
7.1970000000e+03,1.9300000000e+02,2.7000000000e+01,1.1976102591e+00
7.1970000000e+03,1.9300000000e+02,2.8000000000e+01,1.2026379108e+00
7.1970000000e+03,1.9300000000e+02,2.9000000000e+01,1.2071195841e+00
7.1970000000e+03,1.9300000000e+02,3.0000000000e+01,1.2111175060e+00
7.1970000000e+03,1.9300000000e+02,3.1000000000e+01,1.2146860361e+00
7.1970000000e+03,2.6800000000e+02,0.0000000000e+00,1.9948396683e+00
7.1970000000e+03,2.6800000000e+02,1.0000000000e+00,7.4155926704e-01
7.1970000000e+03,2.6800000000e+02,2.0000000000e+00,4.3436759710e-01
7.1970000000e+03,2.6800000000e+02,3.0000000000e+00,3.7917912006e-01
7.1970000000e+03,2.6800000000e+02,4.0000000000e+00,3.8264933228e-01
7.1970000000e+03,2.6800000000e+02,5.0000000000e+00,4.0234485269e-01
7.1970000000e+03,2.6800000000e+02,6.0000000000e+00,4.2496401072e-01
7.1970000000e+03,2.6800000000e+02,7.0000000000e+00,4.4612210989e-01
7.1970000000e+03,2.6800000000e+02,8.0000000000e+00,4.6450564265e-01
7.1970000000e+03,2.6800000000e+02,9.0000000000e+00,4.7995084524e-01
7.1970000000e+03,2.6800000000e+02,1.0000000000e+01,4.9270498753e-01
7.1970000000e+03,2.6800000000e+02,1.1000000000e+01,5.0313860178e-01
7.1970000000e+03,2.6800000000e+02,1.2000000000e+01,5.1162946224e-01
7.1970000000e+03,2.6800000000e+02,1.3000000000e+01,5.1852011681e-01
7.1970000000e+03,2.6800000000e+02,1.4000000000e+01,5.2410441637e-01
7.1970000000e+03,2.6800000000e+02,1.5000000000e+01,5.2862781286e-01
7.1970000000e+03,2.6800000000e+02,1.6000000000e+01,5.3229212761e-01
7.1970000000e+03,2.6800000000e+02,1.7000000000e+01,5.3526186943e-01
7.1970000000e+03,2.6800000000e+02,1.8000000000e+01,5.3767037392e-01
7.1970000000e+03,2.6800000000e+02,1.9000000000e+01,5.3962528706e-01
7.1970000000e+03,2.6800000000e+02,2.0000000000e+01,5.4121351242e-01
7.1970000000e+03,2.6800000000e+02,2.1000000000e+01,5.4250502586e-01
7.1970000000e+03,2.6800000000e+02,2.2000000000e+01,5.4355657101e-01
7.1970000000e+03,2.6800000000e+02,2.3000000000e+01,5.4441338778e-01
7.1970000000e+03,2.6800000000e+02,2.4000000000e+01,5.4511237144e-01
7.1970000000e+03,2.6800000000e+02,2.5000000000e+01,5.4568308592e-01
7.1970000000e+03,2.6800000000e+02,2.6000000000e+01,5.4614961147e-01
7.1970000000e+03,2.6800000000e+02,2.7000000000e+01,5.4653131962e-01
7.1970000000e+03,2.6800000000e+02,2.8000000000e+01,5.4684388638e-01
7.1970000000e+03,2.6800000000e+02,2.9000000000e+01,5.4710006714e-01
7.1970000000e+03,2.6800000000e+02,3.0000000000e+01,5.4731029272e-01
7.1970000000e+03,2.6800000000e+02,3.1000000000e+01,5.4748302698e-01
7.1970000000e+03,3.7300000000e+02,0.0000000000e+00,1.9990141392e+00
7.1970000000e+03,3.7300000000e+02,1.0000000000e+00,6.2881100178e-01
7.1970000000e+03,3.7300000000e+02,2.0000000000e+00,3.1541374326e-01
7.1970000000e+03,3.7300000000e+02,3.0000000000e+00,2.5408709049e-01
7.1970000000e+03,3.7300000000e+02,4.0000000000e+00,2.4619518220e-01
7.1970000000e+03,3.7300000000e+02,5.0000000000e+00,2.5178721547e-01
7.1970000000e+03,3.7300000000e+02,6.0000000000e+00,2.5981566310e-01
7.1970000000e+03,3.7300000000e+02,7.0000000000e+00,2.6715004444e-01
7.1970000000e+03,3.7300000000e+02,8.0000000000e+00,2.7307608724e-01
7.1970000000e+03,3.7300000000e+02,9.0000000000e+00,2.7762907743e-01
7.1970000000e+03,3.7300000000e+02,1.0000000000e+01,2.8104376793e-01
7.1970000000e+03,3.7300000000e+02,1.1000000000e+01,2.8357359767e-01
7.1970000000e+03,3.7300000000e+02,1.2000000000e+01,2.8543615341e-01
7.1970000000e+03,3.7300000000e+02,1.3000000000e+01,2.8680351377e-01
7.1970000000e+03,3.7300000000e+02,1.4000000000e+01,2.8780621290e-01
7.1970000000e+03,3.7300000000e+02,1.5000000000e+01,2.8854164481e-01
7.1970000000e+03,3.7300000000e+02,1.6000000000e+01,2.8908148408e-01
7.1970000000e+03,3.7300000000e+02,1.7000000000e+01,2.8947824240e-01
7.1970000000e+03,3.7300000000e+02,1.8000000000e+01,2.8977024555e-01
7.1970000000e+03,3.7300000000e+02,1.9000000000e+01,2.8998547792e-01
7.1970000000e+03,3.7300000000e+02,2.0000000000e+01,2.9014441371e-01
7.1970000000e+03,3.7300000000e+02,2.1000000000e+01,2.9026195407e-01
7.1970000000e+03,3.7300000000e+02,2.2000000000e+01,2.9034900665e-01
7.1970000000e+03,3.7300000000e+02,2.3000000000e+01,2.9041367769e-01
7.1970000000e+03,3.7300000000e+02,2.4000000000e+01,2.9046168923e-01
7.1970000000e+03,3.7300000000e+02,2.5000000000e+01,2.9049739242e-01
7.1970000000e+03,3.7300000000e+02,2.6000000000e+01,2.9052400589e-01
7.1970000000e+03,3.7300000000e+02,2.7000000000e+01,2.9054394364e-01
7.1970000000e+03,3.7300000000e+02,2.8000000000e+01,2.9055878520e-01
7.1970000000e+03,3.7300000000e+02,2.9000000000e+01,2.9056987166e-01
7.1970000000e+03,3.7300000000e+02,3.0000000000e+01,2.9057821631e-01
7.1970000000e+03,3.7300000000e+02,3.1000000000e+01,2.9058447480e-01
7.1970000000e+03,5.1800000000e+02,0.0000000000e+00,2.0056967735e+00
7.1970000000e+03,5.1800000000e+02,1.0000000000e+00,5.3409028053e-01
7.1970000000e+03,5.1800000000e+02,2.0000000000e+00,2.2444938123e-01
7.1970000000e+03,5.1800000000e+02,3.0000000000e+00,1.6650578380e-01
7.1970000000e+03,5.1800000000e+02,4.0000000000e+00,1.5632781386e-01
7.1970000000e+03,5.1800000000e+02,5.0000000000e+00,1.5712015331e-01
7.1970000000e+03,5.1800000000e+02,6.0000000000e+00,1.5981060266e-01
7.1970000000e+03,5.1800000000e+02,7.0000000000e+00,1.6225266457e-01
7.1970000000e+03,5.1800000000e+02,8.0000000000e+00,1.6407233477e-01
7.1970000000e+03,5.1800000000e+02,9.0000000000e+00,1.6533644497e-01
7.1970000000e+03,5.1800000000e+02,1.0000000000e+01,1.6618806124e-01
7.1970000000e+03,5.1800000000e+02,1.1000000000e+01,1.6675360501e-01
7.1970000000e+03,5.1800000000e+02,1.2000000000e+01,1.6712683439e-01
7.1970000000e+03,5.1800000000e+02,1.3000000000e+01,1.6737255454e-01
7.1970000000e+03,5.1800000000e+02,1.4000000000e+01,1.6753432155e-01
7.1970000000e+03,5.1800000000e+02,1.5000000000e+01,1.6764093935e-01
7.1970000000e+03,5.1800000000e+02,1.6000000000e+01,1.6771131754e-01
7.1970000000e+03,5.1800000000e+02,1.7000000000e+01,1.6775791347e-01
7.1970000000e+03,5.1800000000e+02,1.8000000000e+01,1.6778881848e-01
7.1970000000e+03,5.1800000000e+02,1.9000000000e+01,1.6780935228e-01
7.1970000000e+03,5.1800000000e+02,2.0000000000e+01,1.6782301664e-01
7.1970000000e+03,5.1800000000e+02,2.1000000000e+01,1.6783218086e-01
7.1970000000e+03,5.1800000000e+02,2.2000000000e+01,1.6783830523e-01
7.1970000000e+03,5.1800000000e+02,2.3000000000e+01,1.6784238815e-01
7.1970000000e+03,5.1800000000e+02,2.4000000000e+01,1.6784517467e-01
7.1970000000e+03,5.1800000000e+02,2.5000000000e+01,1.6784700751e-01
7.1970000000e+03,5.1800000000e+02,2.6000000000e+01,1.6784825921e-01
7.1970000000e+03,5.1800000000e+02,2.7000000000e+01,1.6784912348e-01
7.1970000000e+03,5.1800000000e+02,2.8000000000e+01,1.6784968972e-01
7.1970000000e+03,5.1800000000e+02,2.9000000000e+01,1.6785007715e-01
7.1970000000e+03,5.1800000000e+02,3.0000000000e+01,1.6785034537e-01
7.1970000000e+03,5.1800000000e+02,3.1000000000e+01,1.6785052419e-01
7.1970000000e+03,7.2000000000e+02,0.0000000000e+00,2.0051655769e+00
7.1970000000e+03,7.2000000000e+02,1.0000000000e+00,4.5508509874e-01
7.1970000000e+03,7.2000000000e+02,2.0000000000e+00,1.7148903012e-01
7.1970000000e+03,7.2000000000e+02,3.0000000000e+00,1.2629772723e-01
7.1970000000e+03,7.2000000000e+02,4.0000000000e+00,1.1994227022e-01
7.1970000000e+03,7.2000000000e+02,5.0000000000e+00,1.2114784122e-01
7.1970000000e+03,7.2000000000e+02,6.0000000000e+00,1.2350843102e-01
7.1970000000e+03,7.2000000000e+02,7.0000000000e+00,1.2566691637e-01
7.1970000000e+03,7.2000000000e+02,8.0000000000e+00,1.2740430236e-01
7.1970000000e+03,7.2000000000e+02,9.0000000000e+00,1.2875388563e-01
7.1970000000e+03,7.2000000000e+02,1.0000000000e+01,1.2979125977e-01
7.1970000000e+03,7.2000000000e+02,1.1000000000e+01,1.3058647513e-01
7.1970000000e+03,7.2000000000e+02,1.2000000000e+01,1.3119579852e-01
7.1970000000e+03,7.2000000000e+02,1.3000000000e+01,1.3166271150e-01
7.1970000000e+03,7.2000000000e+02,1.4000000000e+01,1.3202056289e-01
7.1970000000e+03,7.2000000000e+02,1.5000000000e+01,1.3229484856e-01
7.1970000000e+03,7.2000000000e+02,1.6000000000e+01,1.3250508904e-01
7.1970000000e+03,7.2000000000e+02,1.7000000000e+01,1.3266626000e-01
7.1970000000e+03,7.2000000000e+02,1.8000000000e+01,1.3278977573e-01
7.1970000000e+03,7.2000000000e+02,1.9000000000e+01,1.3288445771e-01
7.1970000000e+03,7.2000000000e+02,2.0000000000e+01,1.3295705616e-01
7.1970000000e+03,7.2000000000e+02,2.1000000000e+01,1.3301269710e-01
7.1970000000e+03,7.2000000000e+02,2.2000000000e+01,1.3305535913e-01
7.1970000000e+03,7.2000000000e+02,2.3000000000e+01,1.3308806717e-01
7.1970000000e+03,7.2000000000e+02,2.4000000000e+01,1.3311317563e-01
7.1970000000e+03,7.2000000000e+02,2.5000000000e+01,1.3313242793e-01
7.1970000000e+03,7.2000000000e+02,2.6000000000e+01,1.3314718008e-01
7.1970000000e+03,7.2000000000e+02,2.7000000000e+01,1.3315851986e-01
7.1970000000e+03,7.2000000000e+02,2.8000000000e+01,1.3316722214e-01
7.1970000000e+03,7.2000000000e+02,2.9000000000e+01,1.3317389786e-01
7.1970000000e+03,7.2000000000e+02,3.0000000000e+01,1.3317903876e-01
7.1970000000e+03,7.2000000000e+02,3.1000000000e+01,1.3318297267e-01
7.1970000000e+03,1.0000000000e+03,0.0000000000e+00,2.0027203560e+00
7.1970000000e+03,1.0000000000e+03,1.0000000000e+00,3.8098928332e-01
7.1970000000e+03,1.0000000000e+03,2.0000000000e+00,1.1477667093e-01
7.1970000000e+03,1.0000000000e+03,3.0000000000e+00,7.8814059496e-02
7.1970000000e+03,1.0000000000e+03,4.0000000000e+00,7.4592888355e-02
7.1970000000e+03,1.0000000000e+03,5.0000000000e+00,7.5550928712e-02
7.1970000000e+03,1.0000000000e+03,6.0000000000e+00,7.7094212174e-02
7.1970000000e+03,1.0000000000e+03,7.0000000000e+00,7.8410305083e-02
7.1970000000e+03,1.0000000000e+03,8.0000000000e+00,7.9412661493e-02
7.1970000000e+03,1.0000000000e+03,9.0000000000e+00,8.0150112510e-02
7.1970000000e+03,1.0000000000e+03,1.0000000000e+01,8.0685362220e-02
7.1970000000e+03,1.0000000000e+03,1.1000000000e+01,8.1071384251e-02
7.1970000000e+03,1.0000000000e+03,1.2000000000e+01,8.1348769367e-02
7.1970000000e+03,1.0000000000e+03,1.3000000000e+01,8.1547647715e-02
7.1970000000e+03,1.0000000000e+03,1.4000000000e+01,8.1690043211e-02
7.1970000000e+03,1.0000000000e+03,1.5000000000e+01,8.1791907549e-02
7.1970000000e+03,1.0000000000e+03,1.6000000000e+01,8.1864714622e-02
7.1970000000e+03,1.0000000000e+03,1.7000000000e+01,8.1916749477e-02
7.1970000000e+03,1.0000000000e+03,1.8000000000e+01,8.1953942776e-02
7.1970000000e+03,1.0000000000e+03,1.9000000000e+01,8.1980518997e-02
7.1970000000e+03,1.0000000000e+03,2.0000000000e+01,8.1999503076e-02
7.1970000000e+03,1.0000000000e+03,2.1000000000e+01,8.2013078034e-02
7.1970000000e+03,1.0000000000e+03,2.2000000000e+01,8.2022786140e-02
7.1970000000e+03,1.0000000000e+03,2.3000000000e+01,8.2029737532e-02
7.1970000000e+03,1.0000000000e+03,2.4000000000e+01,8.2034699619e-02
7.1970000000e+03,1.0000000000e+03,2.5000000000e+01,8.2038253546e-02
7.1970000000e+03,1.0000000000e+03,2.6000000000e+01,8.2040794194e-02
7.1970000000e+03,1.0000000000e+03,2.7000000000e+01,8.2042612135e-02
7.1970000000e+03,1.0000000000e+03,2.8000000000e+01,8.2043923438e-02
7.1970000000e+03,1.0000000000e+03,2.9000000000e+01,8.2044862211e-02
7.1970000000e+03,1.0000000000e+03,3.0000000000e+01,8.2045532763e-02
7.1970000000e+03,1.0000000000e+03,3.1000000000e+01,8.2046017051e-02
1.0000000000e+04,1.0000000000e+01,0.0000000000e+00,1.9918569326e+00
1.0000000000e+04,1.0000000000e+01,1.0000000000e+00,1.8588376045e+00
1.0000000000e+04,1.0000000000e+01,2.0000000000e+00,1.9010508060e+00
1.0000000000e+04,1.0000000000e+01,3.0000000000e+00,2.0540659428e+00
1.0000000000e+04,1.0000000000e+01,4.0000000000e+00,2.2930438519e+00
1.0000000000e+04,1.0000000000e+01,5.0000000000e+00,2.6098735332e+00
1.0000000000e+04,1.0000000000e+01,6.0000000000e+00,3.0008685589e+00
1.0000000000e+04,1.0000000000e+01,7.0000000000e+00,3.4643616676e+00
1.0000000000e+04,1.0000000000e+01,8.0000000000e+00,3.9994370937e+00
1.0000000000e+04,1.0000000000e+01,9.0000000000e+00,4.6056547165e+00
1.0000000000e+04,1.0000000000e+01,1.0000000000e+01,5.2827630043e+00
1.0000000000e+04,1.0000000000e+01,1.1000000000e+01,6.0306439400e+00
1.0000000000e+04,1.0000000000e+01,1.2000000000e+01,6.8492298126e+00
1.0000000000e+04,1.0000000000e+01,1.3000000000e+01,7.7384915352e+00
1.0000000000e+04,1.0000000000e+01,1.4000000000e+01,8.6984157562e+00
1.0000000000e+04,1.0000000000e+01,1.5000000000e+01,9.7290039062e+00
1.0000000000e+04,1.0000000000e+01,1.6000000000e+01,1.0830254555e+01
1.0000000000e+04,1.0000000000e+01,1.7000000000e+01,1.2002176285e+01
1.0000000000e+04,1.0000000000e+01,1.8000000000e+01,1.3244774818e+01
1.0000000000e+04,1.0000000000e+01,1.9000000000e+01,1.4558057785e+01
1.0000000000e+04,1.0000000000e+01,2.0000000000e+01,1.5942031860e+01
1.0000000000e+04,1.0000000000e+01,2.1000000000e+01,1.7396703720e+01
1.0000000000e+04,1.0000000000e+01,2.2000000000e+01,1.8922079086e+01
1.0000000000e+04,1.0000000000e+01,2.3000000000e+01,2.0518165588e+01
1.0000000000e+04,1.0000000000e+01,2.4000000000e+01,2.2184967041e+01
1.0000000000e+04,1.0000000000e+01,2.5000000000e+01,2.3922487259e+01
1.0000000000e+04,1.0000000000e+01,2.6000000000e+01,2.5730735779e+01
1.0000000000e+04,1.0000000000e+01,2.7000000000e+01,2.7609708786e+01
1.0000000000e+04,1.0000000000e+01,2.8000000000e+01,2.9559421539e+01
1.0000000000e+04,1.0000000000e+01,2.9000000000e+01,3.1579860687e+01
1.0000000000e+04,1.0000000000e+01,3.0000000000e+01,3.3671043396e+01
1.0000000000e+04,1.0000000000e+01,3.1000000000e+01,3.5832969666e+01
1.0000000000e+04,1.4000000000e+01,0.0000000000e+00,2.0026867390e+00
1.0000000000e+04,1.4000000000e+01,1.0000000000e+00,1.8121540546e+00
1.0000000000e+04,1.4000000000e+01,2.0000000000e+00,1.8464194536e+00
1.0000000000e+04,1.4000000000e+01,3.0000000000e+00,2.0171573162e+00
1.0000000000e+04,1.4000000000e+01,4.0000000000e+00,2.2907698154e+00
1.0000000000e+04,1.4000000000e+01,5.0000000000e+00,2.6561212540e+00
1.0000000000e+04,1.4000000000e+01,6.0000000000e+00,3.1080834866e+00
1.0000000000e+04,1.4000000000e+01,7.0000000000e+00,3.6441881657e+00
1.0000000000e+04,1.4000000000e+01,8.0000000000e+00,4.2630496025e+00
1.0000000000e+04,1.4000000000e+01,9.0000000000e+00,4.9639205933e+00
1.0000000000e+04,1.4000000000e+01,1.0000000000e+01,5.7463574409e+00
1.0000000000e+04,1.4000000000e+01,1.1000000000e+01,6.6101117134e+00
1.0000000000e+04,1.4000000000e+01,1.2000000000e+01,7.5550327301e+00
1.0000000000e+04,1.4000000000e+01,1.3000000000e+01,8.5810375214e+00
1.0000000000e+04,1.4000000000e+01,1.4000000000e+01,9.6880779266e+00
1.0000000000e+04,1.4000000000e+01,1.5000000000e+01,1.0876131058e+01
1.0000000000e+04,1.4000000000e+01,1.6000000000e+01,1.2145189285e+01
1.0000000000e+04,1.4000000000e+01,1.7000000000e+01,1.3495248795e+01
1.0000000000e+04,1.4000000000e+01,1.8000000000e+01,1.4926321983e+01
1.0000000000e+04,1.4000000000e+01,1.9000000000e+01,1.6438413620e+01
1.0000000000e+04,1.4000000000e+01,2.0000000000e+01,1.8031536102e+01
1.0000000000e+04,1.4000000000e+01,2.1000000000e+01,1.9705696106e+01
1.0000000000e+04,1.4000000000e+01,2.2000000000e+01,2.1460916519e+01
1.0000000000e+04,1.4000000000e+01,2.3000000000e+01,2.3297203064e+01
1.0000000000e+04,1.4000000000e+01,2.4000000000e+01,2.5214563370e+01
1.0000000000e+04,1.4000000000e+01,2.5000000000e+01,2.7213012695e+01
1.0000000000e+04,1.4000000000e+01,2.6000000000e+01,2.9292568207e+01
1.0000000000e+04,1.4000000000e+01,2.7000000000e+01,3.1453224182e+01
1.0000000000e+04,1.4000000000e+01,2.8000000000e+01,3.3694999695e+01
1.0000000000e+04,1.4000000000e+01,2.9000000000e+01,3.6017902374e+01
1.0000000000e+04,1.4000000000e+01,3.0000000000e+01,3.8421936035e+01
1.0000000000e+04,1.4000000000e+01,3.1000000000e+01,4.0907115936e+01
1.0000000000e+04,1.9000000000e+01,0.0000000000e+00,1.9961386919e+00
1.0000000000e+04,1.9000000000e+01,1.0000000000e+00,1.7488420010e+00
1.0000000000e+04,1.9000000000e+01,2.0000000000e+00,1.7759039402e+00
1.0000000000e+04,1.9000000000e+01,3.0000000000e+00,1.9639366865e+00
1.0000000000e+04,1.9000000000e+01,4.0000000000e+00,2.2687120438e+00
1.0000000000e+04,1.9000000000e+01,5.0000000000e+00,2.6755023003e+00
1.0000000000e+04,1.9000000000e+01,6.0000000000e+00,3.1777124405e+00
1.0000000000e+04,1.9000000000e+01,7.0000000000e+00,3.7719316483e+00
1.0000000000e+04,1.9000000000e+01,8.0000000000e+00,4.4563012123e+00
1.0000000000e+04,1.9000000000e+01,9.0000000000e+00,5.2297196388e+00
1.0000000000e+04,1.9000000000e+01,1.0000000000e+01,6.0915455818e+00
1.0000000000e+04,1.9000000000e+01,1.1000000000e+01,7.0413689613e+00
1.0000000000e+04,1.9000000000e+01,1.2000000000e+01,8.0789508820e+00
1.0000000000e+04,1.9000000000e+01,1.3000000000e+01,9.2041292191e+00
1.0000000000e+04,1.9000000000e+01,1.4000000000e+01,1.0416818619e+01
1.0000000000e+04,1.9000000000e+01,1.5000000000e+01,1.1716957092e+01
1.0000000000e+04,1.9000000000e+01,1.6000000000e+01,1.3104523659e+01
1.0000000000e+04,1.9000000000e+01,1.7000000000e+01,1.4579497337e+01
1.0000000000e+04,1.9000000000e+01,1.8000000000e+01,1.6141887665e+01
1.0000000000e+04,1.9000000000e+01,1.9000000000e+01,1.7791688919e+01
1.0000000000e+04,1.9000000000e+01,2.0000000000e+01,1.9528923035e+01
1.0000000000e+04,1.9000000000e+01,2.1000000000e+01,2.1353601456e+01
1.0000000000e+04,1.9000000000e+01,2.2000000000e+01,2.3265737534e+01
1.0000000000e+04,1.9000000000e+01,2.3000000000e+01,2.5265346527e+01
1.0000000000e+04,1.9000000000e+01,2.4000000000e+01,2.7352447510e+01
1.0000000000e+04,1.9000000000e+01,2.5000000000e+01,2.9527063370e+01
1.0000000000e+04,1.9000000000e+01,2.6000000000e+01,3.1789203644e+01
1.0000000000e+04,1.9000000000e+01,2.7000000000e+01,3.4138885498e+01
1.0000000000e+04,1.9000000000e+01,2.8000000000e+01,3.6576126099e+01
1.0000000000e+04,1.9000000000e+01,2.9000000000e+01,3.9100936890e+01
1.0000000000e+04,1.9000000000e+01,3.0000000000e+01,4.1713340759e+01
1.0000000000e+04,1.9000000000e+01,3.1000000000e+01,4.4413341522e+01
1.0000000000e+04,2.7000000000e+01,0.0000000000e+00,1.9952652454e+00
1.0000000000e+04,2.7000000000e+01,1.0000000000e+00,1.6637356281e+00
1.0000000000e+04,2.7000000000e+01,2.0000000000e+00,1.6794312000e+00
1.0000000000e+04,2.7000000000e+01,3.0000000000e+00,1.8860763311e+00
1.0000000000e+04,2.7000000000e+01,4.0000000000e+00,2.2235260010e+00
1.0000000000e+04,2.7000000000e+01,5.0000000000e+00,2.6715912819e+00
1.0000000000e+04,2.7000000000e+01,6.0000000000e+00,3.2208514214e+00
1.0000000000e+04,2.7000000000e+01,7.0000000000e+00,3.8664467335e+00
1.0000000000e+04,2.7000000000e+01,8.0000000000e+00,4.6055579185e+00
1.0000000000e+04,2.7000000000e+01,9.0000000000e+00,5.4364805222e+00
1.0000000000e+04,2.7000000000e+01,1.0000000000e+01,6.3581333160e+00
1.0000000000e+04,2.7000000000e+01,1.1000000000e+01,7.3698034286e+00
1.0000000000e+04,2.7000000000e+01,1.2000000000e+01,8.4710235596e+00
1.0000000000e+04,2.7000000000e+01,1.3000000000e+01,9.6614704132e+00
1.0000000000e+04,2.7000000000e+01,1.4000000000e+01,1.0940932274e+01
1.0000000000e+04,2.7000000000e+01,1.5000000000e+01,1.2309263229e+01
1.0000000000e+04,2.7000000000e+01,1.6000000000e+01,1.3766370773e+01
1.0000000000e+04,2.7000000000e+01,1.7000000000e+01,1.5312185287e+01
1.0000000000e+04,2.7000000000e+01,1.8000000000e+01,1.6946680069e+01
1.0000000000e+04,2.7000000000e+01,1.9000000000e+01,1.8669830322e+01
1.0000000000e+04,2.7000000000e+01,2.0000000000e+01,2.0481632233e+01
1.0000000000e+04,2.7000000000e+01,2.1000000000e+01,2.2382087708e+01
1.0000000000e+04,2.7000000000e+01,2.2000000000e+01,2.4371208191e+01
1.0000000000e+04,2.7000000000e+01,2.3000000000e+01,2.6448997498e+01
1.0000000000e+04,2.7000000000e+01,2.4000000000e+01,2.8615482330e+01
1.0000000000e+04,2.7000000000e+01,2.5000000000e+01,3.0870676041e+01
1.0000000000e+04,2.7000000000e+01,2.6000000000e+01,3.3214599609e+01
1.0000000000e+04,2.7000000000e+01,2.7000000000e+01,3.5647274017e+01
1.0000000000e+04,2.7000000000e+01,2.8000000000e+01,3.8168720245e+01
1.0000000000e+04,2.7000000000e+01,2.9000000000e+01,4.0778953552e+01
1.0000000000e+04,2.7000000000e+01,3.0000000000e+01,4.3478000641e+01
1.0000000000e+04,2.7000000000e+01,3.1000000000e+01,4.6265884399e+01
1.0000000000e+04,3.7000000000e+01,0.0000000000e+00,1.9879239798e+00
1.0000000000e+04,3.7000000000e+01,1.0000000000e+00,1.5634610653e+00
1.0000000000e+04,3.7000000000e+01,2.0000000000e+00,1.5582207441e+00
1.0000000000e+04,3.7000000000e+01,3.0000000000e+00,1.7663346529e+00
1.0000000000e+04,3.7000000000e+01,4.0000000000e+00,2.1095502377e+00
1.0000000000e+04,3.7000000000e+01,5.0000000000e+00,2.5622129440e+00
1.0000000000e+04,3.7000000000e+01,6.0000000000e+00,3.1120662689e+00
1.0000000000e+04,3.7000000000e+01,7.0000000000e+00,3.7525587082e+00
1.0000000000e+04,3.7000000000e+01,8.0000000000e+00,4.4797005653e+00
1.0000000000e+04,3.7000000000e+01,9.0000000000e+00,5.2909893990e+00
1.0000000000e+04,3.7000000000e+01,1.0000000000e+01,6.1847381592e+00
1.0000000000e+04,3.7000000000e+01,1.1000000000e+01,7.1597847939e+00
1.0000000000e+04,3.7000000000e+01,1.2000000000e+01,8.2153129578e+00
1.0000000000e+04,3.7000000000e+01,1.3000000000e+01,9.3507127762e+00
1.0000000000e+04,3.7000000000e+01,1.4000000000e+01,1.0565574646e+01
1.0000000000e+04,3.7000000000e+01,1.5000000000e+01,1.1859534264e+01
1.0000000000e+04,3.7000000000e+01,1.6000000000e+01,1.3232409477e+01
1.0000000000e+04,3.7000000000e+01,1.7000000000e+01,1.4683938026e+01
1.0000000000e+04,3.7000000000e+01,1.8000000000e+01,1.6214096069e+01
1.0000000000e+04,3.7000000000e+01,1.9000000000e+01,1.7822652817e+01
1.0000000000e+04,3.7000000000e+01,2.0000000000e+01,1.9509677887e+01
1.0000000000e+04,3.7000000000e+01,2.1000000000e+01,2.1274988174e+01
1.0000000000e+04,3.7000000000e+01,2.2000000000e+01,2.3118686676e+01
1.0000000000e+04,3.7000000000e+01,2.3000000000e+01,2.5040607452e+01
1.0000000000e+04,3.7000000000e+01,2.4000000000e+01,2.7040887833e+01
1.0000000000e+04,3.7000000000e+01,2.5000000000e+01,2.9119354248e+01
1.0000000000e+04,3.7000000000e+01,2.6000000000e+01,3.1276184082e+01
1.0000000000e+04,3.7000000000e+01,2.7000000000e+01,3.3511192322e+01
1.0000000000e+04,3.7000000000e+01,2.8000000000e+01,3.5824600220e+01
1.0000000000e+04,3.7000000000e+01,2.9000000000e+01,3.8216182709e+01
1.0000000000e+04,3.7000000000e+01,3.0000000000e+01,4.0686199188e+01
1.0000000000e+04,3.7000000000e+01,3.1000000000e+01,4.3234413147e+01
1.0000000000e+04,5.2000000000e+01,0.0000000000e+00,1.9976921082e+00
1.0000000000e+04,5.2000000000e+01,1.0000000000e+00,1.4494750500e+00
1.0000000000e+04,5.2000000000e+01,2.0000000000e+00,1.4124127626e+00
1.0000000000e+04,5.2000000000e+01,3.0000000000e+00,1.6083804369e+00
1.0000000000e+04,5.2000000000e+01,4.0000000000e+00,1.9344649315e+00
1.0000000000e+04,5.2000000000e+01,5.0000000000e+00,2.3580181599e+00
1.0000000000e+04,5.2000000000e+01,6.0000000000e+00,2.8631894588e+00
1.0000000000e+04,5.2000000000e+01,7.0000000000e+00,3.4413752556e+00
1.0000000000e+04,5.2000000000e+01,8.0000000000e+00,4.0871438980e+00
1.0000000000e+04,5.2000000000e+01,9.0000000000e+00,4.7969455719e+00
1.0000000000e+04,5.2000000000e+01,1.0000000000e+01,5.5682964325e+00
1.0000000000e+04,5.2000000000e+01,1.1000000000e+01,6.3993911743e+00
1.0000000000e+04,5.2000000000e+01,1.2000000000e+01,7.2889194489e+00
1.0000000000e+04,5.2000000000e+01,1.3000000000e+01,8.2358388901e+00
1.0000000000e+04,5.2000000000e+01,1.4000000000e+01,9.2393941879e+00
1.0000000000e+04,5.2000000000e+01,1.5000000000e+01,1.0298951149e+01
1.0000000000e+04,5.2000000000e+01,1.6000000000e+01,1.1414030075e+01
1.0000000000e+04,5.2000000000e+01,1.7000000000e+01,1.2584241867e+01
1.0000000000e+04,5.2000000000e+01,1.8000000000e+01,1.3809273720e+01
1.0000000000e+04,5.2000000000e+01,1.9000000000e+01,1.5088861465e+01
1.0000000000e+04,5.2000000000e+01,2.0000000000e+01,1.6422790527e+01
1.0000000000e+04,5.2000000000e+01,2.1000000000e+01,1.7810905457e+01
1.0000000000e+04,5.2000000000e+01,2.2000000000e+01,1.9253042221e+01
1.0000000000e+04,5.2000000000e+01,2.3000000000e+01,2.0749114990e+01
1.0000000000e+04,5.2000000000e+01,2.4000000000e+01,2.2298984528e+01
1.0000000000e+04,5.2000000000e+01,2.5000000000e+01,2.3902626038e+01
1.0000000000e+04,5.2000000000e+01,2.6000000000e+01,2.5559906006e+01
1.0000000000e+04,5.2000000000e+01,2.7000000000e+01,2.7270853043e+01
1.0000000000e+04,5.2000000000e+01,2.8000000000e+01,2.9035335541e+01
1.0000000000e+04,5.2000000000e+01,2.9000000000e+01,3.0853408813e+01
1.0000000000e+04,5.2000000000e+01,3.0000000000e+01,3.2724937439e+01
1.0000000000e+04,5.2000000000e+01,3.1000000000e+01,3.4650039673e+01
1.0000000000e+04,7.2000000000e+01,0.0000000000e+00,2.0060553551e+00
1.0000000000e+04,7.2000000000e+01,1.0000000000e+00,1.3254425526e+00
1.0000000000e+04,7.2000000000e+01,2.0000000000e+00,1.2166764736e+00
1.0000000000e+04,7.2000000000e+01,3.0000000000e+00,1.3427053690e+00
1.0000000000e+04,7.2000000000e+01,4.0000000000e+00,1.5788986683e+00
1.0000000000e+04,7.2000000000e+01,5.0000000000e+00,1.8865396976e+00
1.0000000000e+04,7.2000000000e+01,6.0000000000e+00,2.2470974922e+00
1.0000000000e+04,7.2000000000e+01,7.0000000000e+00,2.6507225037e+00
1.0000000000e+04,7.2000000000e+01,8.0000000000e+00,3.0912435055e+00
1.0000000000e+04,7.2000000000e+01,9.0000000000e+00,3.5646202564e+00
1.0000000000e+04,7.2000000000e+01,1.0000000000e+01,4.0680484772e+00
1.0000000000e+04,7.2000000000e+01,1.1000000000e+01,4.5994515419e+00
1.0000000000e+04,7.2000000000e+01,1.2000000000e+01,5.1573157310e+00
1.0000000000e+04,7.2000000000e+01,1.3000000000e+01,5.7404150963e+00
1.0000000000e+04,7.2000000000e+01,1.4000000000e+01,6.3478379250e+00
1.0000000000e+04,7.2000000000e+01,1.5000000000e+01,6.9787926674e+00
1.0000000000e+04,7.2000000000e+01,1.6000000000e+01,7.6326880455e+00
1.0000000000e+04,7.2000000000e+01,1.7000000000e+01,8.3089857101e+00
1.0000000000e+04,7.2000000000e+01,1.8000000000e+01,9.0072746277e+00
1.0000000000e+04,7.2000000000e+01,1.9000000000e+01,9.7271823883e+00
1.0000000000e+04,7.2000000000e+01,2.0000000000e+01,1.0468400955e+01
1.0000000000e+04,7.2000000000e+01,2.1000000000e+01,1.1230675697e+01
1.0000000000e+04,7.2000000000e+01,2.2000000000e+01,1.2013758659e+01
1.0000000000e+04,7.2000000000e+01,2.3000000000e+01,1.2817484856e+01
1.0000000000e+04,7.2000000000e+01,2.4000000000e+01,1.3641634941e+01
1.0000000000e+04,7.2000000000e+01,2.5000000000e+01,1.4486106873e+01
1.0000000000e+04,7.2000000000e+01,2.6000000000e+01,1.5350719452e+01
1.0000000000e+04,7.2000000000e+01,2.7000000000e+01,1.6235397339e+01
1.0000000000e+04,7.2000000000e+01,2.8000000000e+01,1.7139995575e+01
1.0000000000e+04,7.2000000000e+01,2.9000000000e+01,1.8064489365e+01
1.0000000000e+04,7.2000000000e+01,3.0000000000e+01,1.9008710861e+01
1.0000000000e+04,7.2000000000e+01,3.1000000000e+01,1.9972671509e+01
1.0000000000e+04,1.0000000000e+02,0.0000000000e+00,2.0030095577e+00
1.0000000000e+04,1.0000000000e+02,1.0000000000e+00,1.1795290709e+00
1.0000000000e+04,1.0000000000e+02,2.0000000000e+00,1.0076364279e+00
1.0000000000e+04,1.0000000000e+02,3.0000000000e+00,1.0746188164e+00
1.0000000000e+04,1.0000000000e+02,4.0000000000e+00,1.2332881689e+00
1.0000000000e+04,1.0000000000e+02,5.0000000000e+00,1.4405429363e+00
1.0000000000e+04,1.0000000000e+02,6.0000000000e+00,1.6767243147e+00
1.0000000000e+04,1.0000000000e+02,7.0000000000e+00,1.9320368767e+00
1.0000000000e+04,1.0000000000e+02,8.0000000000e+00,2.2005484104e+00
1.0000000000e+04,1.0000000000e+02,9.0000000000e+00,2.4786784649e+00
1.0000000000e+04,1.0000000000e+02,1.0000000000e+01,2.7639565468e+00
1.0000000000e+04,1.0000000000e+02,1.1000000000e+01,3.0547437668e+00
1.0000000000e+04,1.0000000000e+02,1.2000000000e+01,3.3498141766e+00
1.0000000000e+04,1.0000000000e+02,1.3000000000e+01,3.6483139992e+00
1.0000000000e+04,1.0000000000e+02,1.4000000000e+01,3.9495651722e+00
1.0000000000e+04,1.0000000000e+02,1.5000000000e+01,4.2530875206e+00
1.0000000000e+04,1.0000000000e+02,1.6000000000e+01,4.5584745407e+00
1.0000000000e+04,1.0000000000e+02,1.7000000000e+01,4.8654451370e+00
1.0000000000e+04,1.0000000000e+02,1.8000000000e+01,5.1737403870e+00
1.0000000000e+04,1.0000000000e+02,1.9000000000e+01,5.4831929207e+00
1.0000000000e+04,1.0000000000e+02,2.0000000000e+01,5.7936291695e+00
1.0000000000e+04,1.0000000000e+02,2.1000000000e+01,6.1049518585e+00
1.0000000000e+04,1.0000000000e+02,2.2000000000e+01,6.4170374870e+00
1.0000000000e+04,1.0000000000e+02,2.3000000000e+01,6.7298359871e+00
1.0000000000e+04,1.0000000000e+02,2.4000000000e+01,7.0432496071e+00
1.0000000000e+04,1.0000000000e+02,2.5000000000e+01,7.3572692871e+00
1.0000000000e+04,1.0000000000e+02,2.6000000000e+01,7.6718001366e+00
1.0000000000e+04,1.0000000000e+02,2.7000000000e+01,7.9868741035e+00
1.0000000000e+04,1.0000000000e+02,2.8000000000e+01,8.3023900986e+00
1.0000000000e+04,1.0000000000e+02,2.9000000000e+01,8.6184120178e+00
1.0000000000e+04,1.0000000000e+02,3.0000000000e+01,8.9348411560e+00
1.0000000000e+04,1.0000000000e+02,3.1000000000e+01,9.2517471313e+00
1.0000000000e+04,1.3900000000e+02,0.0000000000e+00,2.0084953308e+00
1.0000000000e+04,1.3900000000e+02,1.0000000000e+00,1.0781649351e+00
1.0000000000e+04,1.3900000000e+02,2.0000000000e+00,8.3226621151e-01
1.0000000000e+04,1.3900000000e+02,3.0000000000e+00,8.1290334463e-01
1.0000000000e+04,1.3900000000e+02,4.0000000000e+00,8.6956387758e-01
1.0000000000e+04,1.3900000000e+02,5.0000000000e+00,9.5887678862e-01
1.0000000000e+04,1.3900000000e+02,6.0000000000e+00,1.0628403425e+00
1.0000000000e+04,1.3900000000e+02,7.0000000000e+00,1.1728967428e+00
1.0000000000e+04,1.3900000000e+02,8.0000000000e+00,1.2845451832e+00
1.0000000000e+04,1.3900000000e+02,9.0000000000e+00,1.3953317404e+00
1.0000000000e+04,1.3900000000e+02,1.0000000000e+01,1.5038706064e+00
1.0000000000e+04,1.3900000000e+02,1.1000000000e+01,1.6093890667e+00
1.0000000000e+04,1.3900000000e+02,1.2000000000e+01,1.7114682198e+00
1.0000000000e+04,1.3900000000e+02,1.3000000000e+01,1.8099063635e+00
1.0000000000e+04,1.3900000000e+02,1.4000000000e+01,1.9046343565e+00
1.0000000000e+04,1.3900000000e+02,1.5000000000e+01,1.9956661463e+00
1.0000000000e+04,1.3900000000e+02,1.6000000000e+01,2.0830683708e+00
1.0000000000e+04,1.3900000000e+02,1.7000000000e+01,2.1669387817e+00
1.0000000000e+04,1.3900000000e+02,1.8000000000e+01,2.2473950386e+00
1.0000000000e+04,1.3900000000e+02,1.9000000000e+01,2.3245646954e+00
1.0000000000e+04,1.3900000000e+02,2.0000000000e+01,2.3985810280e+00
1.0000000000e+04,1.3900000000e+02,2.1000000000e+01,2.4695777893e+00
1.0000000000e+04,1.3900000000e+02,2.2000000000e+01,2.5376877785e+00
1.0000000000e+04,1.3900000000e+02,2.3000000000e+01,2.6030411720e+00
1.0000000000e+04,1.3900000000e+02,2.4000000000e+01,2.6657633781e+00
1.0000000000e+04,1.3900000000e+02,2.5000000000e+01,2.7259762287e+00
1.0000000000e+04,1.3900000000e+02,2.6000000000e+01,2.7837963104e+00
1.0000000000e+04,1.3900000000e+02,2.7000000000e+01,2.8393342495e+00
1.0000000000e+04,1.3900000000e+02,2.8000000000e+01,2.8926963806e+00
1.0000000000e+04,1.3900000000e+02,2.9000000000e+01,2.9439840317e+00
1.0000000000e+04,1.3900000000e+02,3.0000000000e+01,2.9932932854e+00
1.0000000000e+04,1.3900000000e+02,3.1000000000e+01,3.0407156944e+00
1.0000000000e+04,1.9300000000e+02,0.0000000000e+00,2.0021951199e+00
1.0000000000e+04,1.9300000000e+02,1.0000000000e+00,8.7241798639e-01
1.0000000000e+04,1.9300000000e+02,2.0000000000e+00,5.9674501419e-01
1.0000000000e+04,1.9300000000e+02,3.0000000000e+00,5.6322288513e-01
1.0000000000e+04,1.9300000000e+02,4.0000000000e+00,5.9370547533e-01
1.0000000000e+04,1.9300000000e+02,5.0000000000e+00,6.4501398802e-01
1.0000000000e+04,1.9300000000e+02,6.0000000000e+00,7.0145338774e-01
1.0000000000e+04,1.9300000000e+02,7.0000000000e+00,7.5687116385e-01
1.0000000000e+04,1.9300000000e+02,8.0000000000e+00,8.0871689320e-01
1.0000000000e+04,1.9300000000e+02,9.0000000000e+00,8.5608696938e-01
1.0000000000e+04,1.9300000000e+02,1.0000000000e+01,8.9880293608e-01
1.0000000000e+04,1.9300000000e+02,1.1000000000e+01,9.3703526258e-01
1.0000000000e+04,1.9300000000e+02,1.2000000000e+01,9.7110021114e-01
1.0000000000e+04,1.9300000000e+02,1.3000000000e+01,1.0013722181e+00
1.0000000000e+04,1.9300000000e+02,1.4000000000e+01,1.0282310247e+00
1.0000000000e+04,1.9300000000e+02,1.5000000000e+01,1.0520422459e+00
1.0000000000e+04,1.9300000000e+02,1.6000000000e+01,1.0731433630e+00
1.0000000000e+04,1.9300000000e+02,1.7000000000e+01,1.0918424129e+00
1.0000000000e+04,1.9300000000e+02,1.8000000000e+01,1.1084154844e+00
1.0000000000e+04,1.9300000000e+02,1.9000000000e+01,1.1231089830e+00
1.0000000000e+04,1.9300000000e+02,2.0000000000e+01,1.1361416578e+00
1.0000000000e+04,1.9300000000e+02,2.1000000000e+01,1.1477069855e+00
1.0000000000e+04,1.9300000000e+02,2.2000000000e+01,1.1579754353e+00
1.0000000000e+04,1.9300000000e+02,2.3000000000e+01,1.1670979261e+00
1.0000000000e+04,1.9300000000e+02,2.4000000000e+01,1.1752070189e+00
1.0000000000e+04,1.9300000000e+02,2.5000000000e+01,1.1824197769e+00
1.0000000000e+04,1.9300000000e+02,2.6000000000e+01,1.1888390779e+00
1.0000000000e+04,1.9300000000e+02,2.7000000000e+01,1.1945557594e+00
1.0000000000e+04,1.9300000000e+02,2.8000000000e+01,1.1996499300e+00
1.0000000000e+04,1.9300000000e+02,2.9000000000e+01,1.2041924000e+00
1.0000000000e+04,1.9300000000e+02,3.0000000000e+01,1.2082449198e+00
1.0000000000e+04,1.9300000000e+02,3.1000000000e+01,1.2118626833e+00
1.0000000000e+04,2.6800000000e+02,0.0000000000e+00,2.0095486641e+00
1.0000000000e+04,2.6800000000e+02,1.0000000000e+00,7.4208271503e-01
1.0000000000e+04,2.6800000000e+02,2.0000000000e+00,4.3478539586e-01
1.0000000000e+04,2.6800000000e+02,3.0000000000e+00,3.7863555551e-01
1.0000000000e+04,2.6800000000e+02,4.0000000000e+00,3.8166040182e-01
1.0000000000e+04,2.6800000000e+02,5.0000000000e+00,4.0099969506e-01
1.0000000000e+04,2.6800000000e+02,6.0000000000e+00,4.2332023382e-01
1.0000000000e+04,2.6800000000e+02,7.0000000000e+00,4.4423198700e-01
1.0000000000e+04,2.6800000000e+02,8.0000000000e+00,4.6241283417e-01
1.0000000000e+04,2.6800000000e+02,9.0000000000e+00,4.7769233584e-01
1.0000000000e+04,2.6800000000e+02,1.0000000000e+01,4.9031057954e-01
1.0000000000e+04,2.6800000000e+02,1.1000000000e+01,5.0063288212e-01
1.0000000000e+04,2.6800000000e+02,1.2000000000e+01,5.0903260708e-01
1.0000000000e+04,2.6800000000e+02,1.3000000000e+01,5.1584857702e-01
1.0000000000e+04,2.6800000000e+02,1.4000000000e+01,5.2137166262e-01
1.0000000000e+04,2.6800000000e+02,1.5000000000e+01,5.2584499121e-01
1.0000000000e+04,2.6800000000e+02,1.6000000000e+01,5.2946841717e-01
1.0000000000e+04,2.6800000000e+02,1.7000000000e+01,5.3240466118e-01
1.0000000000e+04,2.6800000000e+02,1.8000000000e+01,5.3478574753e-01
1.0000000000e+04,2.6800000000e+02,1.9000000000e+01,5.3671842813e-01
1.0000000000e+04,2.6800000000e+02,2.0000000000e+01,5.3828841448e-01
1.0000000000e+04,2.6800000000e+02,2.1000000000e+01,5.3956520557e-01
1.0000000000e+04,2.6800000000e+02,2.2000000000e+01,5.4060459137e-01
1.0000000000e+04,2.6800000000e+02,2.3000000000e+01,5.4145157337e-01
1.0000000000e+04,2.6800000000e+02,2.4000000000e+01,5.4214257002e-01
1.0000000000e+04,2.6800000000e+02,2.5000000000e+01,5.4270684719e-01
1.0000000000e+04,2.6800000000e+02,2.6000000000e+01,5.4316806793e-01
1.0000000000e+04,2.6800000000e+02,2.7000000000e+01,5.4354542494e-01
1.0000000000e+04,2.6800000000e+02,2.8000000000e+01,5.4385459423e-01
1.0000000000e+04,2.6800000000e+02,2.9000000000e+01,5.4410797358e-01
1.0000000000e+04,2.6800000000e+02,3.0000000000e+01,5.4431593418e-01
1.0000000000e+04,2.6800000000e+02,3.1000000000e+01,5.4448676109e-01
1.0000000000e+04,3.7300000000e+02,0.0000000000e+00,2.0030272007e+00
1.0000000000e+04,3.7300000000e+02,1.0000000000e+00,6.3103258610e-01
1.0000000000e+04,3.7300000000e+02,2.0000000000e+00,3.1418469548e-01
1.0000000000e+04,3.7300000000e+02,3.0000000000e+00,2.5218832493e-01
1.0000000000e+04,3.7300000000e+02,4.0000000000e+00,2.4439844489e-01
1.0000000000e+04,3.7300000000e+02,5.0000000000e+00,2.5011155009e-01
1.0000000000e+04,3.7300000000e+02,6.0000000000e+00,2.5818562508e-01
1.0000000000e+04,3.7300000000e+02,7.0000000000e+00,2.6551818848e-01
1.0000000000e+04,3.7300000000e+02,8.0000000000e+00,2.7141898870e-01
1.0000000000e+04,3.7300000000e+02,9.0000000000e+00,2.7593830228e-01
1.0000000000e+04,3.7300000000e+02,1.0000000000e+01,2.7931845188e-01
1.0000000000e+04,3.7300000000e+02,1.1000000000e+01,2.8181642294e-01
1.0000000000e+04,3.7300000000e+02,1.2000000000e+01,2.8365117311e-01
1.0000000000e+04,3.7300000000e+02,1.3000000000e+01,2.8499507904e-01
1.0000000000e+04,3.7300000000e+02,1.4000000000e+01,2.8597849607e-01
1.0000000000e+04,3.7300000000e+02,1.5000000000e+01,2.8669831157e-01
1.0000000000e+04,3.7300000000e+02,1.6000000000e+01,2.8722554445e-01
1.0000000000e+04,3.7300000000e+02,1.7000000000e+01,2.8761234879e-01
1.0000000000e+04,3.7300000000e+02,1.8000000000e+01,2.8789645433e-01
1.0000000000e+04,3.7300000000e+02,1.9000000000e+01,2.8810551763e-01
1.0000000000e+04,3.7300000000e+02,2.0000000000e+01,2.8825962543e-01
1.0000000000e+04,3.7300000000e+02,2.1000000000e+01,2.8837338090e-01
1.0000000000e+04,3.7300000000e+02,2.2000000000e+01,2.8845751286e-01
1.0000000000e+04,3.7300000000e+02,2.3000000000e+01,2.8851985931e-01
1.0000000000e+04,3.7300000000e+02,2.4000000000e+01,2.8856611252e-01
1.0000000000e+04,3.7300000000e+02,2.5000000000e+01,2.8860047460e-01
1.0000000000e+04,3.7300000000e+02,2.6000000000e+01,2.8862604499e-01
1.0000000000e+04,3.7300000000e+02,2.7000000000e+01,2.8864511847e-01
1.0000000000e+04,3.7300000000e+02,2.8000000000e+01,2.8865936399e-01
1.0000000000e+04,3.7300000000e+02,2.9000000000e+01,2.8867000341e-01
1.0000000000e+04,3.7300000000e+02,3.0000000000e+01,2.8867796063e-01
1.0000000000e+04,3.7300000000e+02,3.1000000000e+01,2.8868392110e-01
1.0000000000e+04,5.1800000000e+02,0.0000000000e+00,1.9981532097e+00
1.0000000000e+04,5.1800000000e+02,1.0000000000e+00,5.2803105116e-01
1.0000000000e+04,5.1800000000e+02,2.0000000000e+00,2.1810536087e-01
1.0000000000e+04,5.1800000000e+02,3.0000000000e+00,1.5993933380e-01
1.0000000000e+04,5.1800000000e+02,4.0000000000e+00,1.4976841211e-01
1.0000000000e+04,5.1800000000e+02,5.0000000000e+00,1.5043188632e-01
1.0000000000e+04,5.1800000000e+02,6.0000000000e+00,1.5303091705e-01
1.0000000000e+04,5.1800000000e+02,7.0000000000e+00,1.5541838109e-01
1.0000000000e+04,5.1800000000e+02,8.0000000000e+00,1.5720769763e-01
1.0000000000e+04,5.1800000000e+02,9.0000000000e+00,1.5845546126e-01
1.0000000000e+04,5.1800000000e+02,1.0000000000e+01,1.5929859877e-01
1.0000000000e+04,5.1800000000e+02,1.1000000000e+01,1.5985992551e-01
1.0000000000e+04,5.1800000000e+02,1.2000000000e+01,1.6023117304e-01
1.0000000000e+04,5.1800000000e+02,1.3000000000e+01,1.6047607362e-01
1.0000000000e+04,5.1800000000e+02,1.4000000000e+01,1.6063758731e-01
1.0000000000e+04,5.1800000000e+02,1.5000000000e+01,1.6074422002e-01
1.0000000000e+04,5.1800000000e+02,1.6000000000e+01,1.6081473231e-01
1.0000000000e+04,5.1800000000e+02,1.7000000000e+01,1.6086146235e-01
1.0000000000e+04,5.1800000000e+02,1.8000000000e+01,1.6089248657e-01
1.0000000000e+04,5.1800000000e+02,1.9000000000e+01,1.6091313958e-01
1.0000000000e+04,5.1800000000e+02,2.0000000000e+01,1.6092692316e-01
1.0000000000e+04,5.1800000000e+02,2.1000000000e+01,1.6093613207e-01
1.0000000000e+04,5.1800000000e+02,2.2000000000e+01,1.6094230115e-01
1.0000000000e+04,5.1800000000e+02,2.3000000000e+01,1.6094644368e-01
1.0000000000e+04,5.1800000000e+02,2.4000000000e+01,1.6094923019e-01
1.0000000000e+04,5.1800000000e+02,2.5000000000e+01,1.6095110774e-01
1.0000000000e+04,5.1800000000e+02,2.6000000000e+01,1.6095237434e-01
1.0000000000e+04,5.1800000000e+02,2.7000000000e+01,1.6095322371e-01
1.0000000000e+04,5.1800000000e+02,2.8000000000e+01,1.6095381975e-01
1.0000000000e+04,5.1800000000e+02,2.9000000000e+01,1.6095419228e-01
1.0000000000e+04,5.1800000000e+02,3.0000000000e+01,1.6095446050e-01
1.0000000000e+04,5.1800000000e+02,3.1000000000e+01,1.6095465422e-01
1.0000000000e+04,7.2000000000e+02,0.0000000000e+00,2.0016047955e+00
1.0000000000e+04,7.2000000000e+02,1.0000000000e+00,4.4001746178e-01
1.0000000000e+04,7.2000000000e+02,2.0000000000e+00,1.5288360417e-01
1.0000000000e+04,7.2000000000e+02,3.0000000000e+00,1.0738822818e-01
1.0000000000e+04,7.2000000000e+02,4.0000000000e+00,1.0059095919e-01
1.0000000000e+04,7.2000000000e+02,5.0000000000e+00,1.0088030249e-01
1.0000000000e+04,7.2000000000e+02,6.0000000000e+00,1.0207990557e-01
1.0000000000e+04,7.2000000000e+02,7.0000000000e+00,1.0304562002e-01
1.0000000000e+04,7.2000000000e+02,8.0000000000e+00,1.0367959738e-01
1.0000000000e+04,7.2000000000e+02,9.0000000000e+00,1.0406833887e-01
1.0000000000e+04,7.2000000000e+02,1.0000000000e+01,1.0430025309e-01
1.0000000000e+04,7.2000000000e+02,1.1000000000e+01,1.0443709791e-01
1.0000000000e+04,7.2000000000e+02,1.2000000000e+01,1.0451754183e-01
1.0000000000e+04,7.2000000000e+02,1.3000000000e+01,1.0456484556e-01
1.0000000000e+04,7.2000000000e+02,1.4000000000e+01,1.0459271073e-01
1.0000000000e+04,7.2000000000e+02,1.5000000000e+01,1.0460917652e-01
1.0000000000e+04,7.2000000000e+02,1.6000000000e+01,1.0461892933e-01
1.0000000000e+04,7.2000000000e+02,1.7000000000e+01,1.0462474823e-01
1.0000000000e+04,7.2000000000e+02,1.8000000000e+01,1.0462819785e-01
1.0000000000e+04,7.2000000000e+02,1.9000000000e+01,1.0463026166e-01
1.0000000000e+04,7.2000000000e+02,2.0000000000e+01,1.0463151336e-01
1.0000000000e+04,7.2000000000e+02,2.1000000000e+01,1.0463227332e-01
1.0000000000e+04,7.2000000000e+02,2.2000000000e+01,1.0463271290e-01
1.0000000000e+04,7.2000000000e+02,2.3000000000e+01,1.0463298857e-01
1.0000000000e+04,7.2000000000e+02,2.4000000000e+01,1.0463315248e-01
1.0000000000e+04,7.2000000000e+02,2.5000000000e+01,1.0463325679e-01
1.0000000000e+04,7.2000000000e+02,2.6000000000e+01,1.0463332385e-01
1.0000000000e+04,7.2000000000e+02,2.7000000000e+01,1.0463335365e-01
1.0000000000e+04,7.2000000000e+02,2.8000000000e+01,1.0463337600e-01
1.0000000000e+04,7.2000000000e+02,2.9000000000e+01,1.0463339090e-01
1.0000000000e+04,7.2000000000e+02,3.0000000000e+01,1.0463339090e-01
1.0000000000e+04,7.2000000000e+02,3.1000000000e+01,1.0463340580e-01
1.0000000000e+04,1.0000000000e+03,0.0000000000e+00,2.0070588589e+00
1.0000000000e+04,1.0000000000e+03,1.0000000000e+00,3.7956857681e-01
1.0000000000e+04,1.0000000000e+03,2.0000000000e+00,1.1382833123e-01
1.0000000000e+04,1.0000000000e+03,3.0000000000e+00,7.8608840704e-02
1.0000000000e+04,1.0000000000e+03,4.0000000000e+00,7.4033640325e-02
1.0000000000e+04,1.0000000000e+03,5.0000000000e+00,7.4180409312e-02
1.0000000000e+04,1.0000000000e+03,6.0000000000e+00,7.4753865600e-02
1.0000000000e+04,1.0000000000e+03,7.0000000000e+00,7.5153507292e-02
1.0000000000e+04,1.0000000000e+03,8.0000000000e+00,7.5381465256e-02
1.0000000000e+04,1.0000000000e+03,9.0000000000e+00,7.5503483415e-02
1.0000000000e+04,1.0000000000e+03,1.0000000000e+01,7.5567305088e-02
1.0000000000e+04,1.0000000000e+03,1.1000000000e+01,7.5600437820e-02
1.0000000000e+04,1.0000000000e+03,1.2000000000e+01,7.5617611408e-02
1.0000000000e+04,1.0000000000e+03,1.3000000000e+01,7.5626552105e-02
1.0000000000e+04,1.0000000000e+03,1.4000000000e+01,7.5631216168e-02
1.0000000000e+04,1.0000000000e+03,1.5000000000e+01,7.5633652508e-02
1.0000000000e+04,1.0000000000e+03,1.6000000000e+01,7.5634941459e-02
1.0000000000e+04,1.0000000000e+03,1.7000000000e+01,7.5635612011e-02
1.0000000000e+04,1.0000000000e+03,1.8000000000e+01,7.5635969639e-02
1.0000000000e+04,1.0000000000e+03,1.9000000000e+01,7.5636163354e-02
1.0000000000e+04,1.0000000000e+03,2.0000000000e+01,7.5636260211e-02
1.0000000000e+04,1.0000000000e+03,2.1000000000e+01,7.5636319816e-02
1.0000000000e+04,1.0000000000e+03,2.2000000000e+01,7.5636342168e-02
1.0000000000e+04,1.0000000000e+03,2.3000000000e+01,7.5636357069e-02
1.0000000000e+04,1.0000000000e+03,2.4000000000e+01,7.5636371970e-02
1.0000000000e+04,1.0000000000e+03,2.5000000000e+01,7.5636379421e-02
1.0000000000e+04,1.0000000000e+03,2.6000000000e+01,7.5636379421e-02
1.0000000000e+04,1.0000000000e+03,2.7000000000e+01,7.5636386871e-02
1.0000000000e+04,1.0000000000e+03,2.8000000000e+01,7.5636379421e-02
1.0000000000e+04,1.0000000000e+03,2.9000000000e+01,7.5636386871e-02
1.0000000000e+04,1.0000000000e+03,3.0000000000e+01,7.5636379421e-02
1.0000000000e+04,1.0000000000e+03,3.1000000000e+01,7.5636386871e-02
