1.0000000000e+01,1.0000000000e+01,0.0000000000e+00,1.9984153509e+00
1.0000000000e+01,1.0000000000e+01,1.0000000000e+00,2.5592629910e+00
1.0000000000e+01,1.0000000000e+01,2.0000000000e+00,3.5298559666e+00
1.0000000000e+01,1.0000000000e+01,3.0000000000e+00,4.6328353882e+00
1.0000000000e+01,1.0000000000e+01,4.0000000000e+00,5.6045427322e+00
1.0000000000e+01,1.0000000000e+01,5.0000000000e+00,6.4631228447e+00
1.0000000000e+01,1.0000000000e+01,6.0000000000e+00,7.2194156647e+00
1.0000000000e+01,1.0000000000e+01,7.0000000000e+00,7.9002308846e+00
1.0000000000e+01,1.0000000000e+01,8.0000000000e+00,8.5249967575e+00
1.0000000000e+01,1.0000000000e+01,9.0000000000e+00,9.1090211868e+00
1.0000000000e+01,1.0000000000e+01,1.0000000000e+01,9.6638002396e+00
1.0000000000e+01,1.0000000000e+01,1.1000000000e+01,1.0198059082e+01
1.0000000000e+01,1.0000000000e+01,1.2000000000e+01,1.0718508720e+01
1.0000000000e+01,1.0000000000e+01,1.3000000000e+01,1.1230382919e+01
1.0000000000e+01,1.0000000000e+01,1.4000000000e+01,1.1737816811e+01
1.0000000000e+01,1.0000000000e+01,1.5000000000e+01,1.2244123459e+01
1.0000000000e+01,1.0000000000e+01,1.6000000000e+01,1.2751990318e+01
1.0000000000e+01,1.0000000000e+01,1.7000000000e+01,1.3263617516e+01
1.0000000000e+01,1.0000000000e+01,1.8000000000e+01,1.3780830383e+01
1.0000000000e+01,1.0000000000e+01,1.9000000000e+01,1.4305151939e+01
1.0000000000e+01,1.0000000000e+01,2.0000000000e+01,1.4837867737e+01
1.0000000000e+01,1.0000000000e+01,2.1000000000e+01,1.5380065918e+01
1.0000000000e+01,1.0000000000e+01,2.2000000000e+01,1.5932676315e+01
1.0000000000e+01,1.0000000000e+01,2.3000000000e+01,1.6496503830e+01
1.0000000000e+01,1.0000000000e+01,2.4000000000e+01,1.7072235107e+01
1.0000000000e+01,1.0000000000e+01,2.5000000000e+01,1.7660470963e+01
1.0000000000e+01,1.0000000000e+01,2.6000000000e+01,1.8261735916e+01
1.0000000000e+01,1.0000000000e+01,2.7000000000e+01,1.8876493454e+01
1.0000000000e+01,1.0000000000e+01,2.8000000000e+01,1.9505140305e+01
1.0000000000e+01,1.0000000000e+01,2.9000000000e+01,2.0148038864e+01
1.0000000000e+01,1.0000000000e+01,3.0000000000e+01,2.0805501938e+01
1.0000000000e+01,1.0000000000e+01,3.1000000000e+01,2.1477811813e+01
1.0000000000e+01,1.4000000000e+01,0.0000000000e+00,2.0040376186e+00
1.0000000000e+01,1.4000000000e+01,1.0000000000e+00,2.6760163307e+00
1.0000000000e+01,1.4000000000e+01,2.0000000000e+00,3.8563866615e+00
1.0000000000e+01,1.4000000000e+01,3.0000000000e+00,5.3472342491e+00
1.0000000000e+01,1.4000000000e+01,4.0000000000e+00,6.7377157211e+00
1.0000000000e+01,1.4000000000e+01,5.0000000000e+00,8.0453691483e+00
1.0000000000e+01,1.4000000000e+01,6.0000000000e+00,9.2531509399e+00
1.0000000000e+01,1.4000000000e+01,7.0000000000e+00,1.0391201973e+01
1.0000000000e+01,1.4000000000e+01,8.0000000000e+00,1.1483032227e+01
1.0000000000e+01,1.4000000000e+01,9.0000000000e+00,1.2549127579e+01
1.0000000000e+01,1.4000000000e+01,1.0000000000e+01,1.3604995728e+01
1.0000000000e+01,1.4000000000e+01,1.1000000000e+01,1.4662872314e+01
1.0000000000e+01,1.4000000000e+01,1.2000000000e+01,1.5732252121e+01
1.0000000000e+01,1.4000000000e+01,1.3000000000e+01,1.6820610046e+01
1.0000000000e+01,1.4000000000e+01,1.4000000000e+01,1.7933864594e+01
1.0000000000e+01,1.4000000000e+01,1.5000000000e+01,1.9076766968e+01
1.0000000000e+01,1.4000000000e+01,1.6000000000e+01,2.0253150940e+01
1.0000000000e+01,1.4000000000e+01,1.7000000000e+01,2.1466152191e+01
1.0000000000e+01,1.4000000000e+01,1.8000000000e+01,2.2718338013e+01
1.0000000000e+01,1.4000000000e+01,1.9000000000e+01,2.4011848450e+01
1.0000000000e+01,1.4000000000e+01,2.0000000000e+01,2.5348453522e+01
1.0000000000e+01,1.4000000000e+01,2.1000000000e+01,2.6729646683e+01
1.0000000000e+01,1.4000000000e+01,2.2000000000e+01,2.8156690598e+01
1.0000000000e+01,1.4000000000e+01,2.3000000000e+01,2.9630638123e+01
1.0000000000e+01,1.4000000000e+01,2.4000000000e+01,3.1152400970e+01
1.0000000000e+01,1.4000000000e+01,2.5000000000e+01,3.2722747803e+01
1.0000000000e+01,1.4000000000e+01,2.6000000000e+01,3.4342346191e+01
1.0000000000e+01,1.4000000000e+01,2.7000000000e+01,3.6011756897e+01
1.0000000000e+01,1.4000000000e+01,2.8000000000e+01,3.7731479645e+01
1.0000000000e+01,1.4000000000e+01,2.9000000000e+01,3.9501926422e+01
1.0000000000e+01,1.4000000000e+01,3.0000000000e+01,4.1323474884e+01
1.0000000000e+01,1.4000000000e+01,3.1000000000e+01,4.3196434021e+01
1.0000000000e+01,1.9000000000e+01,0.0000000000e+00,1.9927891493e+00
1.0000000000e+01,1.9000000000e+01,1.0000000000e+00,2.5776166916e+00
1.0000000000e+01,1.9000000000e+01,2.0000000000e+00,3.7240600586e+00
1.0000000000e+01,1.9000000000e+01,3.0000000000e+00,5.2803859711e+00
1.0000000000e+01,1.9000000000e+01,4.0000000000e+00,6.8003783226e+00
1.0000000000e+01,1.9000000000e+01,5.0000000000e+00,8.2632865906e+00
1.0000000000e+01,1.9000000000e+01,6.0000000000e+00,9.6087226868e+00
1.0000000000e+01,1.9000000000e+01,7.0000000000e+00,1.0862431526e+01
1.0000000000e+01,1.9000000000e+01,8.0000000000e+00,1.2038539886e+01
1.0000000000e+01,1.9000000000e+01,9.0000000000e+00,1.3157474518e+01
1.0000000000e+01,1.9000000000e+01,1.0000000000e+01,1.4235774994e+01
1.0000000000e+01,1.9000000000e+01,1.1000000000e+01,1.5287417412e+01
1.0000000000e+01,1.9000000000e+01,1.2000000000e+01,1.6323661804e+01
1.0000000000e+01,1.9000000000e+01,1.3000000000e+01,1.7353630066e+01
1.0000000000e+01,1.9000000000e+01,1.4000000000e+01,1.8384704590e+01
1.0000000000e+01,1.9000000000e+01,1.5000000000e+01,1.9422895432e+01
1.0000000000e+01,1.9000000000e+01,1.6000000000e+01,2.0473136902e+01
1.0000000000e+01,1.9000000000e+01,1.7000000000e+01,2.1539505005e+01
1.0000000000e+01,1.9000000000e+01,1.8000000000e+01,2.2625385284e+01
1.0000000000e+01,1.9000000000e+01,1.9000000000e+01,2.3733619690e+01
1.0000000000e+01,1.9000000000e+01,2.0000000000e+01,2.4866600037e+01
1.0000000000e+01,1.9000000000e+01,2.1000000000e+01,2.6026357651e+01
1.0000000000e+01,1.9000000000e+01,2.2000000000e+01,2.7214626312e+01
1.0000000000e+01,1.9000000000e+01,2.3000000000e+01,2.8432884216e+01
1.0000000000e+01,1.9000000000e+01,2.4000000000e+01,2.9682405472e+01
1.0000000000e+01,1.9000000000e+01,2.5000000000e+01,3.0964298248e+01
1.0000000000e+01,1.9000000000e+01,2.6000000000e+01,3.2279514313e+01
1.0000000000e+01,1.9000000000e+01,2.7000000000e+01,3.3628883362e+01
1.0000000000e+01,1.9000000000e+01,2.8000000000e+01,3.5013137817e+01
1.0000000000e+01,1.9000000000e+01,2.9000000000e+01,3.6432922363e+01
1.0000000000e+01,1.9000000000e+01,3.0000000000e+01,3.7888778687e+01
1.0000000000e+01,1.9000000000e+01,3.1000000000e+01,3.9381210327e+01
1.0000000000e+01,2.7000000000e+01,0.0000000000e+00,2.0022931099e+00
1.0000000000e+01,2.7000000000e+01,1.0000000000e+00,2.5590963364e+00
1.0000000000e+01,2.7000000000e+01,2.0000000000e+00,3.6813406944e+00
1.0000000000e+01,2.7000000000e+01,3.0000000000e+00,5.3442211151e+00
1.0000000000e+01,2.7000000000e+01,4.0000000000e+00,7.0973424911e+00
1.0000000000e+01,2.7000000000e+01,5.0000000000e+00,8.9111518860e+00
1.0000000000e+01,2.7000000000e+01,6.0000000000e+00,1.0642455101e+01
1.0000000000e+01,2.7000000000e+01,7.0000000000e+00,1.2324831009e+01
1.0000000000e+01,2.7000000000e+01,8.0000000000e+00,1.3927865028e+01
1.0000000000e+01,2.7000000000e+01,9.0000000000e+00,1.5472885132e+01
1.0000000000e+01,2.7000000000e+01,1.0000000000e+01,1.6959629059e+01
1.0000000000e+01,2.7000000000e+01,1.1000000000e+01,1.8406391144e+01
1.0000000000e+01,2.7000000000e+01,1.2000000000e+01,1.9823467255e+01
1.0000000000e+01,2.7000000000e+01,1.3000000000e+01,2.1221242905e+01
1.0000000000e+01,2.7000000000e+01,1.4000000000e+01,2.2608545303e+01
1.0000000000e+01,2.7000000000e+01,1.5000000000e+01,2.3993108749e+01
1.0000000000e+01,2.7000000000e+01,1.6000000000e+01,2.5381467819e+01
1.0000000000e+01,2.7000000000e+01,1.7000000000e+01,2.6779216766e+01
1.0000000000e+01,2.7000000000e+01,1.8000000000e+01,2.8191123962e+01
1.0000000000e+01,2.7000000000e+01,1.9000000000e+01,2.9621271133e+01
1.0000000000e+01,2.7000000000e+01,2.0000000000e+01,3.1073156357e+01
1.0000000000e+01,2.7000000000e+01,2.1000000000e+01,3.2549789429e+01
1.0000000000e+01,2.7000000000e+01,2.2000000000e+01,3.4053764343e+01
1.0000000000e+01,2.7000000000e+01,2.3000000000e+01,3.5587318420e+01
1.0000000000e+01,2.7000000000e+01,2.4000000000e+01,3.7152404785e+01
1.0000000000e+01,2.7000000000e+01,2.5000000000e+01,3.8750705719e+01
1.0000000000e+01,2.7000000000e+01,2.6000000000e+01,4.0383708954e+01
1.0000000000e+01,2.7000000000e+01,2.7000000000e+01,4.2052700043e+01
1.0000000000e+01,2.7000000000e+01,2.8000000000e+01,4.3758800507e+01
1.0000000000e+01,2.7000000000e+01,2.9000000000e+01,4.5503005981e+01
1.0000000000e+01,2.7000000000e+01,3.0000000000e+01,4.7286193848e+01
1.0000000000e+01,2.7000000000e+01,3.1000000000e+01,4.9109119415e+01
1.0000000000e+01,3.7000000000e+01,0.0000000000e+00,2.0001308918e+00
1.0000000000e+01,3.7000000000e+01,1.0000000000e+00,2.5470285416e+00
1.0000000000e+01,3.7000000000e+01,2.0000000000e+00,3.6146600246e+00
1.0000000000e+01,3.7000000000e+01,3.0000000000e+00,5.3027629852e+00
1.0000000000e+01,3.7000000000e+01,4.0000000000e+00,7.1436619759e+00
1.0000000000e+01,3.7000000000e+01,5.0000000000e+00,9.1884317398e+00
1.0000000000e+01,3.7000000000e+01,6.0000000000e+00,1.1201580048e+01
1.0000000000e+01,3.7000000000e+01,7.0000000000e+00,1.3285625458e+01
1.0000000000e+01,3.7000000000e+01,8.0000000000e+00,1.5332784653e+01
1.0000000000e+01,3.7000000000e+01,9.0000000000e+00,1.7379642487e+01
1.0000000000e+01,3.7000000000e+01,1.0000000000e+01,1.9378696442e+01
1.0000000000e+01,3.7000000000e+01,1.1000000000e+01,2.1363647461e+01
1.0000000000e+01,3.7000000000e+01,1.2000000000e+01,2.3311653137e+01
1.0000000000e+01,3.7000000000e+01,1.3000000000e+01,2.5245990753e+01
1.0000000000e+01,3.7000000000e+01,1.4000000000e+01,2.7168739319e+01
1.0000000000e+01,3.7000000000e+01,1.5000000000e+01,2.9086887360e+01
1.0000000000e+01,3.7000000000e+01,1.6000000000e+01,3.1004770279e+01
1.0000000000e+01,3.7000000000e+01,1.7000000000e+01,3.2930770874e+01
1.0000000000e+01,3.7000000000e+01,1.8000000000e+01,3.4869255066e+01
1.0000000000e+01,3.7000000000e+01,1.9000000000e+01,3.6824974060e+01
1.0000000000e+01,3.7000000000e+01,2.0000000000e+01,3.8802040100e+01
1.0000000000e+01,3.7000000000e+01,2.1000000000e+01,4.0804286957e+01
1.0000000000e+01,3.7000000000e+01,2.2000000000e+01,4.2835052490e+01
1.0000000000e+01,3.7000000000e+01,2.3000000000e+01,4.4897357941e+01
1.0000000000e+01,3.7000000000e+01,2.4000000000e+01,4.6993865967e+01
1.0000000000e+01,3.7000000000e+01,2.5000000000e+01,4.9126964569e+01
1.0000000000e+01,3.7000000000e+01,2.6000000000e+01,5.1298782349e+01
1.0000000000e+01,3.7000000000e+01,2.7000000000e+01,5.3511219025e+01
1.0000000000e+01,3.7000000000e+01,2.8000000000e+01,5.5765968323e+01
1.0000000000e+01,3.7000000000e+01,2.9000000000e+01,5.8064544678e+01
1.0000000000e+01,3.7000000000e+01,3.0000000000e+01,6.0408306122e+01
1.0000000000e+01,3.7000000000e+01,3.1000000000e+01,6.2798469543e+01
1.0000000000e+01,5.2000000000e+01,0.0000000000e+00,2.0095388889e+00
1.0000000000e+01,5.2000000000e+01,1.0000000000e+00,2.4101855755e+00
1.0000000000e+01,5.2000000000e+01,2.0000000000e+00,3.2819545269e+00
1.0000000000e+01,5.2000000000e+01,3.0000000000e+00,4.7170166969e+00
1.0000000000e+01,5.2000000000e+01,4.0000000000e+00,6.3082351685e+00
1.0000000000e+01,5.2000000000e+01,5.0000000000e+00,8.1207208633e+00
1.0000000000e+01,5.2000000000e+01,6.0000000000e+00,9.9603900909e+00
1.0000000000e+01,5.2000000000e+01,7.0000000000e+00,1.1941892624e+01
1.0000000000e+01,5.2000000000e+01,8.0000000000e+00,1.3934132576e+01
1.0000000000e+01,5.2000000000e+01,9.0000000000e+00,1.6002410889e+01
1.0000000000e+01,5.2000000000e+01,1.0000000000e+01,1.8057359695e+01
1.0000000000e+01,5.2000000000e+01,1.1000000000e+01,2.0152442932e+01
1.0000000000e+01,5.2000000000e+01,1.2000000000e+01,2.2231237411e+01
1.0000000000e+01,5.2000000000e+01,1.3000000000e+01,2.4322408676e+01
1.0000000000e+01,5.2000000000e+01,1.4000000000e+01,2.6401771545e+01
1.0000000000e+01,5.2000000000e+01,1.5000000000e+01,2.8483837128e+01
1.0000000000e+01,5.2000000000e+01,1.6000000000e+01,3.0559988022e+01
1.0000000000e+01,5.2000000000e+01,1.7000000000e+01,3.2637786865e+01
1.0000000000e+01,5.2000000000e+01,1.8000000000e+01,3.4715557098e+01
1.0000000000e+01,5.2000000000e+01,1.9000000000e+01,3.6798034668e+01
1.0000000000e+01,5.2000000000e+01,2.0000000000e+01,3.8886035919e+01
1.0000000000e+01,5.2000000000e+01,2.1000000000e+01,4.0982944489e+01
1.0000000000e+01,5.2000000000e+01,2.2000000000e+01,4.3090518951e+01
1.0000000000e+01,5.2000000000e+01,2.3000000000e+01,4.5211380005e+01
1.0000000000e+01,5.2000000000e+01,2.4000000000e+01,4.7347518921e+01
1.0000000000e+01,5.2000000000e+01,2.5000000000e+01,4.9501098633e+01
1.0000000000e+01,5.2000000000e+01,2.6000000000e+01,5.1674049377e+01
1.0000000000e+01,5.2000000000e+01,2.7000000000e+01,5.3868209839e+01
1.0000000000e+01,5.2000000000e+01,2.8000000000e+01,5.6085311890e+01
1.0000000000e+01,5.2000000000e+01,2.9000000000e+01,5.8326950073e+01
1.0000000000e+01,5.2000000000e+01,3.0000000000e+01,6.0594665527e+01
1.0000000000e+01,5.2000000000e+01,3.1000000000e+01,6.2889827728e+01
1.0000000000e+01,7.2000000000e+01,0.0000000000e+00,1.9941334724e+00
1.0000000000e+01,7.2000000000e+01,1.0000000000e+00,2.2588462830e+00
1.0000000000e+01,7.2000000000e+01,2.0000000000e+00,2.8072724342e+00
1.0000000000e+01,7.2000000000e+01,3.0000000000e+00,3.8216857910e+00
1.0000000000e+01,7.2000000000e+01,4.0000000000e+00,4.8671836853e+00
1.0000000000e+01,7.2000000000e+01,5.0000000000e+00,6.1174001694e+00
1.0000000000e+01,7.2000000000e+01,6.0000000000e+00,7.3346967697e+00
1.0000000000e+01,7.2000000000e+01,7.0000000000e+00,8.6807289124e+00
1.0000000000e+01,7.2000000000e+01,8.0000000000e+00,9.9996204376e+00
1.0000000000e+01,7.2000000000e+01,9.0000000000e+00,1.1408121109e+01
1.0000000000e+01,7.2000000000e+01,1.0000000000e+01,1.2802727699e+01
1.0000000000e+01,7.2000000000e+01,1.1000000000e+01,1.4267963409e+01
1.0000000000e+01,7.2000000000e+01,1.2000000000e+01,1.5726268768e+01
1.0000000000e+01,7.2000000000e+01,1.3000000000e+01,1.7236288071e+01
1.0000000000e+01,7.2000000000e+01,1.4000000000e+01,1.8742879868e+01
1.0000000000e+01,7.2000000000e+01,1.5000000000e+01,2.0271743774e+01
1.0000000000e+01,7.2000000000e+01,1.6000000000e+01,2.1801689148e+01
1.0000000000e+01,7.2000000000e+01,1.7000000000e+01,2.3348592758e+01
1.0000000000e+01,7.2000000000e+01,1.8000000000e+01,2.4893886566e+01
1.0000000000e+01,7.2000000000e+01,1.9000000000e+01,2.6467815399e+01
1.0000000000e+01,7.2000000000e+01,2.0000000000e+01,2.8031806946e+01
1.0000000000e+01,7.2000000000e+01,2.1000000000e+01,2.9606239319e+01
1.0000000000e+01,7.2000000000e+01,2.2000000000e+01,3.1180479050e+01
1.0000000000e+01,7.2000000000e+01,2.3000000000e+01,3.2763172150e+01
1.0000000000e+01,7.2000000000e+01,2.4000000000e+01,3.4351604462e+01
1.0000000000e+01,7.2000000000e+01,2.5000000000e+01,3.5949584961e+01
1.0000000000e+01,7.2000000000e+01,2.6000000000e+01,3.7550018311e+01
1.0000000000e+01,7.2000000000e+01,2.7000000000e+01,3.9165088654e+01
1.0000000000e+01,7.2000000000e+01,2.8000000000e+01,4.0782928467e+01
1.0000000000e+01,7.2000000000e+01,2.9000000000e+01,4.2411800385e+01
1.0000000000e+01,7.2000000000e+01,3.0000000000e+01,4.4049388885e+01
1.0000000000e+01,7.2000000000e+01,3.1000000000e+01,4.5697444916e+01
1.0000000000e+01,1.0000000000e+02,0.0000000000e+00,2.0013992786e+00
1.0000000000e+01,1.0000000000e+02,1.0000000000e+00,2.1191680431e+00
1.0000000000e+01,1.0000000000e+02,2.0000000000e+00,2.5108897686e+00
1.0000000000e+01,1.0000000000e+02,3.0000000000e+00,3.2594020367e+00
1.0000000000e+01,1.0000000000e+02,4.0000000000e+00,3.9645318985e+00
1.0000000000e+01,1.0000000000e+02,5.0000000000e+00,4.8002271652e+00
1.0000000000e+01,1.0000000000e+02,6.0000000000e+00,5.5636591911e+00
1.0000000000e+01,1.0000000000e+02,7.0000000000e+00,6.4088592529e+00
1.0000000000e+01,1.0000000000e+02,8.0000000000e+00,7.1770000458e+00
1.0000000000e+01,1.0000000000e+02,9.0000000000e+00,8.0146903992e+00
1.0000000000e+01,1.0000000000e+02,1.0000000000e+01,8.7817268372e+00
1.0000000000e+01,1.0000000000e+02,1.1000000000e+01,9.6039867401e+00
1.0000000000e+01,1.0000000000e+02,1.2000000000e+01,1.0369184494e+01
1.0000000000e+01,1.0000000000e+02,1.3000000000e+01,1.1188983917e+01
1.0000000000e+01,1.0000000000e+02,1.4000000000e+01,1.1963080406e+01
1.0000000000e+01,1.0000000000e+02,1.5000000000e+01,1.2782470703e+01
1.0000000000e+01,1.0000000000e+02,1.6000000000e+01,1.3561010361e+01
1.0000000000e+01,1.0000000000e+02,1.7000000000e+01,1.4377858162e+01
1.0000000000e+01,1.0000000000e+02,1.8000000000e+01,1.5161769867e+01
1.0000000000e+01,1.0000000000e+02,1.9000000000e+01,1.5978276253e+01
1.0000000000e+01,1.0000000000e+02,2.0000000000e+01,1.6767093658e+01
1.0000000000e+01,1.0000000000e+02,2.1000000000e+01,1.7583272934e+01
1.0000000000e+01,1.0000000000e+02,2.2000000000e+01,1.8376789093e+01
1.0000000000e+01,1.0000000000e+02,2.3000000000e+01,1.9192607880e+01
1.0000000000e+01,1.0000000000e+02,2.4000000000e+01,1.9990966797e+01
1.0000000000e+01,1.0000000000e+02,2.5000000000e+01,2.0807743073e+01
1.0000000000e+01,1.0000000000e+02,2.6000000000e+01,2.1610998154e+01
1.0000000000e+01,1.0000000000e+02,2.7000000000e+01,2.2429569244e+01
1.0000000000e+01,1.0000000000e+02,2.8000000000e+01,2.3237894058e+01
1.0000000000e+01,1.0000000000e+02,2.9000000000e+01,2.4058954239e+01
1.0000000000e+01,1.0000000000e+02,3.0000000000e+01,2.4872575760e+01
1.0000000000e+01,1.0000000000e+02,3.1000000000e+01,2.5696977615e+01
1.0000000000e+01,1.3900000000e+02,0.0000000000e+00,1.9837371111e+00
1.0000000000e+01,1.3900000000e+02,1.0000000000e+00,1.8904299736e+00
1.0000000000e+01,1.3900000000e+02,2.0000000000e+00,2.1194093227e+00
1.0000000000e+01,1.3900000000e+02,3.0000000000e+00,2.5955386162e+00
1.0000000000e+01,1.3900000000e+02,4.0000000000e+00,3.0194935799e+00
1.0000000000e+01,1.3900000000e+02,5.0000000000e+00,3.4968144894e+00
1.0000000000e+01,1.3900000000e+02,6.0000000000e+00,3.9121894836e+00
1.0000000000e+01,1.3900000000e+02,7.0000000000e+00,4.3555583954e+00
1.0000000000e+01,1.3900000000e+02,8.0000000000e+00,4.7438392639e+00
1.0000000000e+01,1.3900000000e+02,9.0000000000e+00,5.1485514641e+00
1.0000000000e+01,1.3900000000e+02,1.0000000000e+01,5.5000085831e+00
1.0000000000e+01,1.3900000000e+02,1.1000000000e+01,5.8713665009e+00
1.0000000000e+01,1.3900000000e+02,1.2000000000e+01,6.1943397522e+00
1.0000000000e+01,1.3900000000e+02,1.3000000000e+01,6.5403919220e+00
1.0000000000e+01,1.3900000000e+02,1.4000000000e+01,6.8432469368e+00
1.0000000000e+01,1.3900000000e+02,1.5000000000e+01,7.1686978340e+00
1.0000000000e+01,1.3900000000e+02,1.6000000000e+01,7.4553308487e+00
1.0000000000e+01,1.3900000000e+02,1.7000000000e+01,7.7614898682e+00
1.0000000000e+01,1.3900000000e+02,1.8000000000e+01,8.0335493088e+00
1.0000000000e+01,1.3900000000e+02,1.9000000000e+01,8.3258972168e+00
1.0000000000e+01,1.3900000000e+02,2.0000000000e+01,8.5876359940e+00
1.0000000000e+01,1.3900000000e+02,2.1000000000e+01,8.8702144623e+00
1.0000000000e+01,1.3900000000e+02,2.2000000000e+01,9.1240367889e+00
1.0000000000e+01,1.3900000000e+02,2.3000000000e+01,9.3976144791e+00
1.0000000000e+01,1.3900000000e+02,2.4000000000e+01,9.6452894211e+00
1.0000000000e+01,1.3900000000e+02,2.5000000000e+01,9.9106597900e+00
1.0000000000e+01,1.3900000000e+02,2.6000000000e+01,1.0152176857e+01
1.0000000000e+01,1.3900000000e+02,2.7000000000e+01,1.0411094666e+01
1.0000000000e+01,1.3900000000e+02,2.8000000000e+01,1.0648828506e+01
1.0000000000e+01,1.3900000000e+02,2.9000000000e+01,1.0902422905e+01
1.0000000000e+01,1.3900000000e+02,3.0000000000e+01,1.1137368202e+01
1.0000000000e+01,1.3900000000e+02,3.1000000000e+01,1.1386651039e+01
1.0000000000e+01,1.9300000000e+02,0.0000000000e+00,2.0014383793e+00
1.0000000000e+01,1.9300000000e+02,1.0000000000e+00,1.8610279560e+00
1.0000000000e+01,1.9300000000e+02,2.0000000000e+00,1.8743007183e+00
1.0000000000e+01,1.9300000000e+02,3.0000000000e+00,2.1718392372e+00
1.0000000000e+01,1.9300000000e+02,4.0000000000e+00,2.3539061546e+00
1.0000000000e+01,1.9300000000e+02,5.0000000000e+00,2.5814456940e+00
1.0000000000e+01,1.9300000000e+02,6.0000000000e+00,2.7273924351e+00
1.0000000000e+01,1.9300000000e+02,7.0000000000e+00,2.8939857483e+00
1.0000000000e+01,1.9300000000e+02,8.0000000000e+00,3.0018789768e+00
1.0000000000e+01,1.9300000000e+02,9.0000000000e+00,3.1257956028e+00
1.0000000000e+01,1.9300000000e+02,1.0000000000e+01,3.2048137188e+00
1.0000000000e+01,1.9300000000e+02,1.1000000000e+01,3.2986578941e+00
1.0000000000e+01,1.9300000000e+02,1.2000000000e+01,3.3569359779e+00
1.0000000000e+01,1.9300000000e+02,1.3000000000e+01,3.4294717312e+00
1.0000000000e+01,1.9300000000e+02,1.4000000000e+01,3.4729914665e+00
1.0000000000e+01,1.9300000000e+02,1.5000000000e+01,3.5304231644e+00
1.0000000000e+01,1.9300000000e+02,1.6000000000e+01,3.5635371208e+00
1.0000000000e+01,1.9300000000e+02,1.7000000000e+01,3.6108076572e+00
1.0000000000e+01,1.9300000000e+02,1.8000000000e+01,3.6348280907e+00
1.0000000000e+01,1.9300000000e+02,1.9000000000e+01,3.6716578007e+00
1.0000000000e+01,1.9300000000e+02,2.0000000000e+01,3.6921360493e+00
1.0000000000e+01,1.9300000000e+02,2.1000000000e+01,3.7231280804e+00
1.0000000000e+01,1.9300000000e+02,2.2000000000e+01,3.7400712967e+00
1.0000000000e+01,1.9300000000e+02,2.3000000000e+01,3.7662315369e+00
1.0000000000e+01,1.9300000000e+02,2.4000000000e+01,3.7805809975e+00
1.0000000000e+01,1.9300000000e+02,2.5000000000e+01,3.8029565811e+00
1.0000000000e+01,1.9300000000e+02,2.6000000000e+01,3.8154585361e+00
1.0000000000e+01,1.9300000000e+02,2.7000000000e+01,3.8348844051e+00
1.0000000000e+01,1.9300000000e+02,2.8000000000e+01,3.8460912704e+00
1.0000000000e+01,1.9300000000e+02,2.9000000000e+01,3.8632071018e+00
1.0000000000e+01,1.9300000000e+02,3.0000000000e+01,3.8735122681e+00
1.0000000000e+01,1.9300000000e+02,3.1000000000e+01,3.8887591362e+00
1.0000000000e+01,2.6800000000e+02,0.0000000000e+00,1.9956796169e+00
1.0000000000e+01,2.6800000000e+02,1.0000000000e+00,1.7236869335e+00
1.0000000000e+01,2.6800000000e+02,2.0000000000e+00,1.6862511635e+00
1.0000000000e+01,2.6800000000e+02,3.0000000000e+00,1.8752464056e+00
1.0000000000e+01,2.6800000000e+02,4.0000000000e+00,1.9820172787e+00
1.0000000000e+01,2.6800000000e+02,5.0000000000e+00,2.0967321396e+00
1.0000000000e+01,2.6800000000e+02,6.0000000000e+00,2.1660676003e+00
1.0000000000e+01,2.6800000000e+02,7.0000000000e+00,2.2322885990e+00
1.0000000000e+01,2.6800000000e+02,8.0000000000e+00,2.2740736008e+00
1.0000000000e+01,2.6800000000e+02,9.0000000000e+00,2.3133950233e+00
1.0000000000e+01,2.6800000000e+02,1.0000000000e+01,2.3388159275e+00
1.0000000000e+01,2.6800000000e+02,1.1000000000e+01,2.3630204201e+00
1.0000000000e+01,2.6800000000e+02,1.2000000000e+01,2.3789529800e+00
1.0000000000e+01,2.6800000000e+02,1.3000000000e+01,2.3944544792e+00
1.0000000000e+01,2.6800000000e+02,1.4000000000e+01,2.4048674107e+00
1.0000000000e+01,2.6800000000e+02,1.5000000000e+01,2.4152431488e+00
1.0000000000e+01,2.6800000000e+02,1.6000000000e+01,2.4224176407e+00
1.0000000000e+01,2.6800000000e+02,1.7000000000e+01,2.4297113419e+00
1.0000000000e+01,2.6800000000e+02,1.8000000000e+01,2.4349710941e+00
1.0000000000e+01,2.6800000000e+02,1.9000000000e+01,2.4403815269e+00
1.0000000000e+01,2.6800000000e+02,2.0000000000e+01,2.4445006847e+00
1.0000000000e+01,2.6800000000e+02,2.1000000000e+01,2.4487447739e+00
1.0000000000e+01,2.6800000000e+02,2.2000000000e+01,2.4521806240e+00
1.0000000000e+01,2.6800000000e+02,2.3000000000e+01,2.4556958675e+00
1.0000000000e+01,2.6800000000e+02,2.4000000000e+01,2.4587202072e+00
1.0000000000e+01,2.6800000000e+02,2.5000000000e+01,2.4617776871e+00
1.0000000000e+01,2.6800000000e+02,2.6000000000e+01,2.4645547867e+00
1.0000000000e+01,2.6800000000e+02,2.7000000000e+01,2.4673249722e+00
1.0000000000e+01,2.6800000000e+02,2.8000000000e+01,2.4699532986e+00
1.0000000000e+01,2.6800000000e+02,2.9000000000e+01,2.4725456238e+00
1.0000000000e+01,2.6800000000e+02,3.0000000000e+01,2.4750859737e+00
1.0000000000e+01,2.6800000000e+02,3.1000000000e+01,2.4775695801e+00
1.0000000000e+01,3.7300000000e+02,0.0000000000e+00,1.9949128628e+00
1.0000000000e+01,3.7300000000e+02,1.0000000000e+00,1.6371506453e+00
1.0000000000e+01,3.7300000000e+02,2.0000000000e+00,1.6140558720e+00
1.0000000000e+01,3.7300000000e+02,3.0000000000e+00,1.7526726723e+00
1.0000000000e+01,3.7300000000e+02,4.0000000000e+00,1.8307278156e+00
1.0000000000e+01,3.7300000000e+02,5.0000000000e+00,1.8956086636e+00
1.0000000000e+01,3.7300000000e+02,6.0000000000e+00,1.9342714548e+00
1.0000000000e+01,3.7300000000e+02,7.0000000000e+00,1.9635347128e+00
1.0000000000e+01,3.7300000000e+02,8.0000000000e+00,1.9820268154e+00
1.0000000000e+01,3.7300000000e+02,9.0000000000e+00,1.9959716797e+00
1.0000000000e+01,3.7300000000e+02,1.0000000000e+01,2.0052785873e+00
1.0000000000e+01,3.7300000000e+02,1.1000000000e+01,2.0124790668e+00
1.0000000000e+01,3.7300000000e+02,1.2000000000e+01,2.0175919533e+00
1.0000000000e+01,3.7300000000e+02,1.3000000000e+01,2.0217342377e+00
1.0000000000e+01,3.7300000000e+02,1.4000000000e+01,2.0248970985e+00
1.0000000000e+01,3.7300000000e+02,1.5000000000e+01,2.0276169777e+00
1.0000000000e+01,3.7300000000e+02,1.6000000000e+01,2.0298564434e+00
1.0000000000e+01,3.7300000000e+02,1.7000000000e+01,2.0319001675e+00
1.0000000000e+01,3.7300000000e+02,1.8000000000e+01,2.0336956978e+00
1.0000000000e+01,3.7300000000e+02,1.9000000000e+01,2.0354132652e+00
1.0000000000e+01,3.7300000000e+02,2.0000000000e+01,2.0369937420e+00
1.0000000000e+01,3.7300000000e+02,2.1000000000e+01,2.0385525227e+00
1.0000000000e+01,3.7300000000e+02,2.2000000000e+01,2.0400288105e+00
1.0000000000e+01,3.7300000000e+02,2.3000000000e+01,2.0415101051e+00
1.0000000000e+01,3.7300000000e+02,2.4000000000e+01,2.0429377556e+00
1.0000000000e+01,3.7300000000e+02,2.5000000000e+01,2.0443825722e+00
1.0000000000e+01,3.7300000000e+02,2.6000000000e+01,2.0457885265e+00
1.0000000000e+01,3.7300000000e+02,2.7000000000e+01,2.0472168922e+00
1.0000000000e+01,3.7300000000e+02,2.8000000000e+01,2.0486156940e+00
1.0000000000e+01,3.7300000000e+02,2.9000000000e+01,2.0500385761e+00
1.0000000000e+01,3.7300000000e+02,3.0000000000e+01,2.0514369011e+00
1.0000000000e+01,3.7300000000e+02,3.1000000000e+01,2.0528593063e+00
1.0000000000e+01,5.1800000000e+02,0.0000000000e+00,1.9971015453e+00
1.0000000000e+01,5.1800000000e+02,1.0000000000e+00,1.6698566675e+00
1.0000000000e+01,5.1800000000e+02,2.0000000000e+00,1.6216663122e+00
1.0000000000e+01,5.1800000000e+02,3.0000000000e+00,1.7453422546e+00
1.0000000000e+01,5.1800000000e+02,4.0000000000e+00,1.7995893955e+00
1.0000000000e+01,5.1800000000e+02,5.0000000000e+00,1.8420444727e+00
1.0000000000e+01,5.1800000000e+02,6.0000000000e+00,1.8629963398e+00
1.0000000000e+01,5.1800000000e+02,7.0000000000e+00,1.8775292635e+00
1.0000000000e+01,5.1800000000e+02,8.0000000000e+00,1.8854979277e+00
1.0000000000e+01,5.1800000000e+02,9.0000000000e+00,1.8910073042e+00
1.0000000000e+01,5.1800000000e+02,1.0000000000e+01,1.8943799734e+00
1.0000000000e+01,5.1800000000e+02,1.1000000000e+01,1.8968387842e+00
1.0000000000e+01,5.1800000000e+02,1.2000000000e+01,1.8985642195e+00
1.0000000000e+01,5.1800000000e+02,1.3000000000e+01,1.8999477625e+00
1.0000000000e+01,5.1800000000e+02,1.4000000000e+01,1.9010685682e+00
1.0000000000e+01,5.1800000000e+02,1.5000000000e+01,1.9020597935e+00
1.0000000000e+01,5.1800000000e+02,1.6000000000e+01,1.9029545784e+00
1.0000000000e+01,5.1800000000e+02,1.7000000000e+01,1.9037998915e+00
1.0000000000e+01,5.1800000000e+02,1.8000000000e+01,1.9046090841e+00
1.0000000000e+01,5.1800000000e+02,1.9000000000e+01,1.9053996801e+00
1.0000000000e+01,5.1800000000e+02,2.0000000000e+01,1.9061768055e+00
1.0000000000e+01,5.1800000000e+02,2.1000000000e+01,1.9069474936e+00
1.0000000000e+01,5.1800000000e+02,2.2000000000e+01,1.9077135324e+00
1.0000000000e+01,5.1800000000e+02,2.3000000000e+01,1.9084776640e+00
1.0000000000e+01,5.1800000000e+02,2.4000000000e+01,1.9092410803e+00
1.0000000000e+01,5.1800000000e+02,2.5000000000e+01,1.9100039005e+00
1.0000000000e+01,5.1800000000e+02,2.6000000000e+01,1.9107677937e+00
1.0000000000e+01,5.1800000000e+02,2.7000000000e+01,1.9115322828e+00
1.0000000000e+01,5.1800000000e+02,2.8000000000e+01,1.9122974873e+00
1.0000000000e+01,5.1800000000e+02,2.9000000000e+01,1.9130640030e+00
1.0000000000e+01,5.1800000000e+02,3.0000000000e+01,1.9138317108e+00
1.0000000000e+01,5.1800000000e+02,3.1000000000e+01,1.9146004915e+00
1.0000000000e+01,7.2000000000e+02,0.0000000000e+00,2.0090608597e+00
1.0000000000e+01,7.2000000000e+02,1.0000000000e+00,1.6047515869e+00
1.0000000000e+01,7.2000000000e+02,2.0000000000e+00,1.5457074642e+00
1.0000000000e+01,7.2000000000e+02,3.0000000000e+00,1.6342186928e+00
1.0000000000e+01,7.2000000000e+02,4.0000000000e+00,1.6677260399e+00
1.0000000000e+01,7.2000000000e+02,5.0000000000e+00,1.6905046701e+00
1.0000000000e+01,7.2000000000e+02,6.0000000000e+00,1.7005540133e+00
1.0000000000e+01,7.2000000000e+02,7.0000000000e+00,1.7065694332e+00
1.0000000000e+01,7.2000000000e+02,8.0000000000e+00,1.7095850706e+00
1.0000000000e+01,7.2000000000e+02,9.0000000000e+00,1.7114181519e+00
1.0000000000e+01,7.2000000000e+02,1.0000000000e+01,1.7124845982e+00
1.0000000000e+01,7.2000000000e+02,1.1000000000e+01,1.7132084370e+00
1.0000000000e+01,7.2000000000e+02,1.2000000000e+01,1.7137236595e+00
1.0000000000e+01,7.2000000000e+02,1.3000000000e+01,1.7141377926e+00
1.0000000000e+01,7.2000000000e+02,1.4000000000e+01,1.7144931555e+00
1.0000000000e+01,7.2000000000e+02,1.5000000000e+01,1.7148178816e+00
1.0000000000e+01,7.2000000000e+02,1.6000000000e+01,1.7151256800e+00
1.0000000000e+01,7.2000000000e+02,1.7000000000e+01,1.7154242992e+00
1.0000000000e+01,7.2000000000e+02,1.8000000000e+01,1.7157179117e+00
1.0000000000e+01,7.2000000000e+02,1.9000000000e+01,1.7160090208e+00
1.0000000000e+01,7.2000000000e+02,2.0000000000e+01,1.7162989378e+00
1.0000000000e+01,7.2000000000e+02,2.1000000000e+01,1.7165882587e+00
1.0000000000e+01,7.2000000000e+02,2.2000000000e+01,1.7168774605e+00
1.0000000000e+01,7.2000000000e+02,2.3000000000e+01,1.7171669006e+00
1.0000000000e+01,7.2000000000e+02,2.4000000000e+01,1.7174564600e+00
1.0000000000e+01,7.2000000000e+02,2.5000000000e+01,1.7177461386e+00
1.0000000000e+01,7.2000000000e+02,2.6000000000e+01,1.7180364132e+00
1.0000000000e+01,7.2000000000e+02,2.7000000000e+01,1.7183271646e+00
1.0000000000e+01,7.2000000000e+02,2.8000000000e+01,1.7186181545e+00
1.0000000000e+01,7.2000000000e+02,2.9000000000e+01,1.7189095020e+00
1.0000000000e+01,7.2000000000e+02,3.0000000000e+01,1.7192013264e+00
1.0000000000e+01,7.2000000000e+02,3.1000000000e+01,1.7194935083e+00
1.0000000000e+01,1.0000000000e+03,0.0000000000e+00,2.0025644302e+00
1.0000000000e+01,1.0000000000e+03,1.0000000000e+00,1.5419588089e+00
1.0000000000e+01,1.0000000000e+03,2.0000000000e+00,1.4951640368e+00
1.0000000000e+01,1.0000000000e+03,3.0000000000e+00,1.5555359125e+00
1.0000000000e+01,1.0000000000e+03,4.0000000000e+00,1.5746047497e+00
1.0000000000e+01,1.0000000000e+03,5.0000000000e+00,1.5853161812e+00
1.0000000000e+01,1.0000000000e+03,6.0000000000e+00,1.5893120766e+00
1.0000000000e+01,1.0000000000e+03,7.0000000000e+00,1.5913724899e+00
1.0000000000e+01,1.0000000000e+03,8.0000000000e+00,1.5923006535e+00
1.0000000000e+01,1.0000000000e+03,9.0000000000e+00,1.5928304195e+00
1.0000000000e+01,1.0000000000e+03,1.0000000000e+01,1.5931489468e+00
1.0000000000e+01,1.0000000000e+03,1.1000000000e+01,1.5933837891e+00
1.0000000000e+01,1.0000000000e+03,1.2000000000e+01,1.5935763121e+00
1.0000000000e+01,1.0000000000e+03,1.3000000000e+01,1.5937507153e+00
1.0000000000e+01,1.0000000000e+03,1.4000000000e+01,1.5939161777e+00
1.0000000000e+01,1.0000000000e+03,1.5000000000e+01,1.5940778255e+00
1.0000000000e+01,1.0000000000e+03,1.6000000000e+01,1.5942374468e+00
1.0000000000e+01,1.0000000000e+03,1.7000000000e+01,1.5943961143e+00
1.0000000000e+01,1.0000000000e+03,1.8000000000e+01,1.5945549011e+00
1.0000000000e+01,1.0000000000e+03,1.9000000000e+01,1.5947132111e+00
1.0000000000e+01,1.0000000000e+03,2.0000000000e+01,1.5948718786e+00
1.0000000000e+01,1.0000000000e+03,2.1000000000e+01,1.5950306654e+00
1.0000000000e+01,1.0000000000e+03,2.2000000000e+01,1.5951894522e+00
1.0000000000e+01,1.0000000000e+03,2.3000000000e+01,1.5953484774e+00
1.0000000000e+01,1.0000000000e+03,2.4000000000e+01,1.5955076218e+00
1.0000000000e+01,1.0000000000e+03,2.5000000000e+01,1.5956668854e+00
1.0000000000e+01,1.0000000000e+03,2.6000000000e+01,1.5958265066e+00
1.0000000000e+01,1.0000000000e+03,2.7000000000e+01,1.5959860086e+00
1.0000000000e+01,1.0000000000e+03,2.8000000000e+01,1.5961458683e+00
1.0000000000e+01,1.0000000000e+03,2.9000000000e+01,1.5963059664e+00
1.0000000000e+01,1.0000000000e+03,3.0000000000e+01,1.5964660645e+00
1.0000000000e+01,1.0000000000e+03,3.1000000000e+01,1.5966264009e+00
1.6000000000e+01,1.0000000000e+01,0.0000000000e+00,1.9957036972e+00
1.6000000000e+01,1.0000000000e+01,1.0000000000e+00,2.7502605915e+00
1.6000000000e+01,1.0000000000e+01,2.0000000000e+00,4.0082273483e+00
1.6000000000e+01,1.0000000000e+01,3.0000000000e+00,5.4044370651e+00
1.6000000000e+01,1.0000000000e+01,4.0000000000e+00,6.6204152107e+00
1.6000000000e+01,1.0000000000e+01,5.0000000000e+00,7.7160940170e+00
1.6000000000e+01,1.0000000000e+01,6.0000000000e+00,8.7295160294e+00
1.6000000000e+01,1.0000000000e+01,7.0000000000e+00,9.6989316940e+00
1.6000000000e+01,1.0000000000e+01,8.0000000000e+00,1.0651620865e+01
1.6000000000e+01,1.0000000000e+01,9.0000000000e+00,1.1606742859e+01
1.6000000000e+01,1.0000000000e+01,1.0000000000e+01,1.2578018188e+01
1.6000000000e+01,1.0000000000e+01,1.1000000000e+01,1.3575425148e+01
1.6000000000e+01,1.0000000000e+01,1.2000000000e+01,1.4606372833e+01
1.6000000000e+01,1.0000000000e+01,1.3000000000e+01,1.5676457405e+01
1.6000000000e+01,1.0000000000e+01,1.4000000000e+01,1.6789978027e+01
1.6000000000e+01,1.0000000000e+01,1.5000000000e+01,1.7950279236e+01
1.6000000000e+01,1.0000000000e+01,1.6000000000e+01,1.9160003662e+01
1.6000000000e+01,1.0000000000e+01,1.7000000000e+01,2.0421243668e+01
1.6000000000e+01,1.0000000000e+01,1.8000000000e+01,2.1735689163e+01
1.6000000000e+01,1.0000000000e+01,1.9000000000e+01,2.3104703903e+01
1.6000000000e+01,1.0000000000e+01,2.0000000000e+01,2.4529399872e+01
1.6000000000e+01,1.0000000000e+01,2.1000000000e+01,2.6010688782e+01
1.6000000000e+01,1.0000000000e+01,2.2000000000e+01,2.7549320221e+01
1.6000000000e+01,1.0000000000e+01,2.3000000000e+01,2.9145912170e+01
1.6000000000e+01,1.0000000000e+01,2.4000000000e+01,3.0800987244e+01
1.6000000000e+01,1.0000000000e+01,2.5000000000e+01,3.2514968872e+01
1.6000000000e+01,1.0000000000e+01,2.6000000000e+01,3.4288215637e+01
1.6000000000e+01,1.0000000000e+01,2.7000000000e+01,3.6121028900e+01
1.6000000000e+01,1.0000000000e+01,2.8000000000e+01,3.8013656616e+01
1.6000000000e+01,1.0000000000e+01,2.9000000000e+01,3.9966320038e+01
1.6000000000e+01,1.0000000000e+01,3.0000000000e+01,4.1979183197e+01
1.6000000000e+01,1.0000000000e+01,3.1000000000e+01,4.4052406311e+01
1.6000000000e+01,1.4000000000e+01,0.0000000000e+00,2.0057439804e+00
1.6000000000e+01,1.4000000000e+01,1.0000000000e+00,2.7973544598e+00
1.6000000000e+01,1.4000000000e+01,2.0000000000e+00,4.1594266891e+00
1.6000000000e+01,1.4000000000e+01,3.0000000000e+00,5.8867597580e+00
1.6000000000e+01,1.4000000000e+01,4.0000000000e+00,7.4605050087e+00
1.6000000000e+01,1.4000000000e+01,5.0000000000e+00,8.9137449265e+00
1.6000000000e+01,1.4000000000e+01,6.0000000000e+00,1.0232149124e+01
1.6000000000e+01,1.4000000000e+01,7.0000000000e+00,1.1458214760e+01
1.6000000000e+01,1.4000000000e+01,8.0000000000e+00,1.2622941017e+01
1.6000000000e+01,1.4000000000e+01,9.0000000000e+00,1.3750692368e+01
1.6000000000e+01,1.4000000000e+01,1.0000000000e+01,1.4860303879e+01
1.6000000000e+01,1.4000000000e+01,1.1000000000e+01,1.5966135025e+01
1.6000000000e+01,1.4000000000e+01,1.2000000000e+01,1.7079225540e+01
1.6000000000e+01,1.4000000000e+01,1.3000000000e+01,1.8208147049e+01
1.6000000000e+01,1.4000000000e+01,1.4000000000e+01,1.9359643936e+01
1.6000000000e+01,1.4000000000e+01,1.5000000000e+01,2.0539089203e+01
1.6000000000e+01,1.4000000000e+01,1.6000000000e+01,2.1750802994e+01
1.6000000000e+01,1.4000000000e+01,1.7000000000e+01,2.2998300552e+01
1.6000000000e+01,1.4000000000e+01,1.8000000000e+01,2.4284473419e+01
1.6000000000e+01,1.4000000000e+01,1.9000000000e+01,2.5611705780e+01
1.6000000000e+01,1.4000000000e+01,2.0000000000e+01,2.6981994629e+01
1.6000000000e+01,1.4000000000e+01,2.1000000000e+01,2.8397014618e+01
1.6000000000e+01,1.4000000000e+01,2.2000000000e+01,2.9858173370e+01
1.6000000000e+01,1.4000000000e+01,2.3000000000e+01,3.1366674423e+01
1.6000000000e+01,1.4000000000e+01,2.4000000000e+01,3.2923545837e+01
1.6000000000e+01,1.4000000000e+01,2.5000000000e+01,3.4529651642e+01
1.6000000000e+01,1.4000000000e+01,2.6000000000e+01,3.6185752869e+01
1.6000000000e+01,1.4000000000e+01,2.7000000000e+01,3.7892509460e+01
1.6000000000e+01,1.4000000000e+01,2.8000000000e+01,3.9650466919e+01
1.6000000000e+01,1.4000000000e+01,2.9000000000e+01,4.1460121155e+01
1.6000000000e+01,1.4000000000e+01,3.0000000000e+01,4.3321899414e+01
1.6000000000e+01,1.4000000000e+01,3.1000000000e+01,4.5236175537e+01
1.6000000000e+01,1.9000000000e+01,0.0000000000e+00,2.0109863281e+00
1.6000000000e+01,1.9000000000e+01,1.0000000000e+00,2.6909425259e+00
1.6000000000e+01,1.9000000000e+01,2.0000000000e+00,4.0080642700e+00
1.6000000000e+01,1.9000000000e+01,3.0000000000e+00,5.8280396461e+00
1.6000000000e+01,1.9000000000e+01,4.0000000000e+00,7.6353807449e+00
1.6000000000e+01,1.9000000000e+01,5.0000000000e+00,9.3811674118e+00
1.6000000000e+01,1.9000000000e+01,6.0000000000e+00,1.0984180450e+01
1.6000000000e+01,1.9000000000e+01,7.0000000000e+00,1.2465423584e+01
1.6000000000e+01,1.9000000000e+01,8.0000000000e+00,1.3837699890e+01
1.6000000000e+01,1.9000000000e+01,9.0000000000e+00,1.5124859810e+01
1.6000000000e+01,1.9000000000e+01,1.0000000000e+01,1.6346900940e+01
1.6000000000e+01,1.9000000000e+01,1.1000000000e+01,1.7520679474e+01
1.6000000000e+01,1.9000000000e+01,1.2000000000e+01,1.8659934998e+01
1.6000000000e+01,1.9000000000e+01,1.3000000000e+01,1.9775924683e+01
1.6000000000e+01,1.9000000000e+01,1.4000000000e+01,2.0877801895e+01
1.6000000000e+01,1.9000000000e+01,1.5000000000e+01,2.1973068237e+01
1.6000000000e+01,1.9000000000e+01,1.6000000000e+01,2.3067899704e+01
1.6000000000e+01,1.9000000000e+01,1.7000000000e+01,2.4167421341e+01
1.6000000000e+01,1.9000000000e+01,1.8000000000e+01,2.5275917053e+01
1.6000000000e+01,1.9000000000e+01,1.9000000000e+01,2.6396978378e+01
1.6000000000e+01,1.9000000000e+01,2.0000000000e+01,2.7533651352e+01
1.6000000000e+01,1.9000000000e+01,2.1000000000e+01,2.8688526154e+01
1.6000000000e+01,1.9000000000e+01,2.2000000000e+01,2.9863819122e+01
1.6000000000e+01,1.9000000000e+01,2.3000000000e+01,3.1061439514e+01
1.6000000000e+01,1.9000000000e+01,2.4000000000e+01,3.2283035278e+01
1.6000000000e+01,1.9000000000e+01,2.5000000000e+01,3.3530033112e+01
1.6000000000e+01,1.9000000000e+01,2.6000000000e+01,3.4803688049e+01
1.6000000000e+01,1.9000000000e+01,2.7000000000e+01,3.6105079651e+01
1.6000000000e+01,1.9000000000e+01,2.8000000000e+01,3.7435169220e+01
1.6000000000e+01,1.9000000000e+01,2.9000000000e+01,3.8794799805e+01
1.6000000000e+01,1.9000000000e+01,3.0000000000e+01,4.0184715271e+01
1.6000000000e+01,1.9000000000e+01,3.1000000000e+01,4.1605571747e+01
1.6000000000e+01,2.7000000000e+01,0.0000000000e+00,1.9988251925e+00
1.6000000000e+01,2.7000000000e+01,1.0000000000e+00,2.7026729584e+00
1.6000000000e+01,2.7000000000e+01,2.0000000000e+00,4.0446796417e+00
1.6000000000e+01,2.7000000000e+01,3.0000000000e+00,6.0441379547e+00
1.6000000000e+01,2.7000000000e+01,4.0000000000e+00,8.1833982468e+00
1.6000000000e+01,2.7000000000e+01,5.0000000000e+00,1.0437798500e+01
1.6000000000e+01,2.7000000000e+01,6.0000000000e+00,1.2628794670e+01
1.6000000000e+01,2.7000000000e+01,7.0000000000e+00,1.4773174286e+01
1.6000000000e+01,2.7000000000e+01,8.0000000000e+00,1.6833850861e+01
1.6000000000e+01,2.7000000000e+01,9.0000000000e+00,1.8828804016e+01
1.6000000000e+01,2.7000000000e+01,1.0000000000e+01,2.0766220093e+01
1.6000000000e+01,2.7000000000e+01,1.1000000000e+01,2.2662168503e+01
1.6000000000e+01,2.7000000000e+01,1.2000000000e+01,2.4529964447e+01
1.6000000000e+01,2.7000000000e+01,1.3000000000e+01,2.6382179260e+01
1.6000000000e+01,2.7000000000e+01,1.4000000000e+01,2.8229736328e+01
1.6000000000e+01,2.7000000000e+01,1.5000000000e+01,3.0082094193e+01
1.6000000000e+01,2.7000000000e+01,1.6000000000e+01,3.1947380066e+01
1.6000000000e+01,2.7000000000e+01,1.7000000000e+01,3.3832561493e+01
1.6000000000e+01,2.7000000000e+01,1.8000000000e+01,3.5743621826e+01
1.6000000000e+01,2.7000000000e+01,1.9000000000e+01,3.7685688019e+01
1.6000000000e+01,2.7000000000e+01,2.0000000000e+01,3.9663185120e+01
1.6000000000e+01,2.7000000000e+01,2.1000000000e+01,4.1679920197e+01
1.6000000000e+01,2.7000000000e+01,2.2000000000e+01,4.3739196777e+01
1.6000000000e+01,2.7000000000e+01,2.3000000000e+01,4.5843872070e+01
1.6000000000e+01,2.7000000000e+01,2.4000000000e+01,4.7996444702e+01
1.6000000000e+01,2.7000000000e+01,2.5000000000e+01,5.0199085236e+01
1.6000000000e+01,2.7000000000e+01,2.6000000000e+01,5.2453697205e+01
1.6000000000e+01,2.7000000000e+01,2.7000000000e+01,5.4761947632e+01
1.6000000000e+01,2.7000000000e+01,2.8000000000e+01,5.7125308990e+01
1.6000000000e+01,2.7000000000e+01,2.9000000000e+01,5.9545070648e+01
1.6000000000e+01,2.7000000000e+01,3.0000000000e+01,6.2022377014e+01
1.6000000000e+01,2.7000000000e+01,3.1000000000e+01,6.4558242798e+01
1.6000000000e+01,3.7000000000e+01,0.0000000000e+00,2.0061514378e+00
1.6000000000e+01,3.7000000000e+01,1.0000000000e+00,2.6143038273e+00
1.6000000000e+01,3.7000000000e+01,2.0000000000e+00,3.7338447571e+00
1.6000000000e+01,3.7000000000e+01,3.0000000000e+00,5.5241656303e+00
1.6000000000e+01,3.7000000000e+01,4.0000000000e+00,7.4677443504e+00
1.6000000000e+01,3.7000000000e+01,5.0000000000e+00,9.6484594345e+00
1.6000000000e+01,3.7000000000e+01,6.0000000000e+00,1.1802740097e+01
1.6000000000e+01,3.7000000000e+01,7.0000000000e+00,1.4004879951e+01
1.6000000000e+01,3.7000000000e+01,8.0000000000e+00,1.6138944626e+01
1.6000000000e+01,3.7000000000e+01,9.0000000000e+00,1.8232297897e+01
1.6000000000e+01,3.7000000000e+01,1.0000000000e+01,2.0253114700e+01
1.6000000000e+01,3.7000000000e+01,1.1000000000e+01,2.2214311600e+01
1.6000000000e+01,3.7000000000e+01,1.2000000000e+01,2.4113529205e+01
1.6000000000e+01,3.7000000000e+01,1.3000000000e+01,2.5959297180e+01
1.6000000000e+01,3.7000000000e+01,1.4000000000e+01,2.7758605957e+01
1.6000000000e+01,3.7000000000e+01,1.5000000000e+01,2.9518646240e+01
1.6000000000e+01,3.7000000000e+01,1.6000000000e+01,3.1245998383e+01
1.6000000000e+01,3.7000000000e+01,1.7000000000e+01,3.2946983337e+01
1.6000000000e+01,3.7000000000e+01,1.8000000000e+01,3.4627449036e+01
1.6000000000e+01,3.7000000000e+01,1.9000000000e+01,3.6292655945e+01
1.6000000000e+01,3.7000000000e+01,2.0000000000e+01,3.7947418213e+01
1.6000000000e+01,3.7000000000e+01,2.1000000000e+01,3.9596035004e+01
1.6000000000e+01,3.7000000000e+01,2.2000000000e+01,4.1242401123e+01
1.6000000000e+01,3.7000000000e+01,2.3000000000e+01,4.2890014648e+01
1.6000000000e+01,3.7000000000e+01,2.4000000000e+01,4.4541999817e+01
1.6000000000e+01,3.7000000000e+01,2.5000000000e+01,4.6201187134e+01
1.6000000000e+01,3.7000000000e+01,2.6000000000e+01,4.7870117188e+01
1.6000000000e+01,3.7000000000e+01,2.7000000000e+01,4.9551090240e+01
1.6000000000e+01,3.7000000000e+01,2.8000000000e+01,5.1246154785e+01
1.6000000000e+01,3.7000000000e+01,2.9000000000e+01,5.2957195282e+01
1.6000000000e+01,3.7000000000e+01,3.0000000000e+01,5.4685886383e+01
1.6000000000e+01,3.7000000000e+01,3.1000000000e+01,5.6433773041e+01
1.6000000000e+01,5.2000000000e+01,0.0000000000e+00,2.0028004646e+00
1.6000000000e+01,5.2000000000e+01,1.0000000000e+00,2.4492793083e+00
1.6000000000e+01,5.2000000000e+01,2.0000000000e+00,3.3197038174e+00
1.6000000000e+01,5.2000000000e+01,3.0000000000e+00,4.7563247681e+00
1.6000000000e+01,5.2000000000e+01,4.0000000000e+00,6.3332862854e+00
1.6000000000e+01,5.2000000000e+01,5.0000000000e+00,8.1723785400e+00
1.6000000000e+01,5.2000000000e+01,6.0000000000e+00,1.0058815002e+01
1.6000000000e+01,5.2000000000e+01,7.0000000000e+00,1.2090410233e+01
1.6000000000e+01,5.2000000000e+01,8.0000000000e+00,1.4136738777e+01
1.6000000000e+01,5.2000000000e+01,9.0000000000e+00,1.6258106232e+01
1.6000000000e+01,5.2000000000e+01,1.0000000000e+01,1.8379339218e+01
1.6000000000e+01,5.2000000000e+01,1.1000000000e+01,2.0532176971e+01
1.6000000000e+01,5.2000000000e+01,1.2000000000e+01,2.2677906036e+01
1.6000000000e+01,5.2000000000e+01,1.3000000000e+01,2.4834045410e+01
1.6000000000e+01,5.2000000000e+01,1.4000000000e+01,2.6983135223e+01
1.6000000000e+01,5.2000000000e+01,1.5000000000e+01,2.9135290146e+01
1.6000000000e+01,5.2000000000e+01,1.6000000000e+01,3.1283620834e+01
1.6000000000e+01,5.2000000000e+01,1.7000000000e+01,3.3434486389e+01
1.6000000000e+01,5.2000000000e+01,1.8000000000e+01,3.5586044312e+01
1.6000000000e+01,5.2000000000e+01,1.9000000000e+01,3.7742725372e+01
1.6000000000e+01,5.2000000000e+01,2.0000000000e+01,3.9904983521e+01
1.6000000000e+01,5.2000000000e+01,2.1000000000e+01,4.2076179504e+01
1.6000000000e+01,5.2000000000e+01,2.2000000000e+01,4.4257747650e+01
1.6000000000e+01,5.2000000000e+01,2.3000000000e+01,4.6452400208e+01
1.6000000000e+01,5.2000000000e+01,2.4000000000e+01,4.8661888123e+01
1.6000000000e+01,5.2000000000e+01,2.5000000000e+01,5.0888504028e+01
1.6000000000e+01,5.2000000000e+01,2.6000000000e+01,5.3134017944e+01
1.6000000000e+01,5.2000000000e+01,2.7000000000e+01,5.5400394440e+01
1.6000000000e+01,5.2000000000e+01,2.8000000000e+01,5.7689285278e+01
1.6000000000e+01,5.2000000000e+01,2.9000000000e+01,6.0002403259e+01
1.6000000000e+01,5.2000000000e+01,3.0000000000e+01,6.2341239929e+01
1.6000000000e+01,5.2000000000e+01,3.1000000000e+01,6.4707283020e+01
1.6000000000e+01,7.2000000000e+01,0.0000000000e+00,1.9991518259e+00
1.6000000000e+01,7.2000000000e+01,1.0000000000e+00,2.3782963753e+00
1.6000000000e+01,7.2000000000e+01,2.0000000000e+00,3.0521230698e+00
1.6000000000e+01,7.2000000000e+01,3.0000000000e+00,4.2452311516e+00
1.6000000000e+01,7.2000000000e+01,4.0000000000e+00,5.4676079750e+00
1.6000000000e+01,7.2000000000e+01,5.0000000000e+00,6.9258394241e+00
1.6000000000e+01,7.2000000000e+01,6.0000000000e+00,8.3688068390e+00
1.6000000000e+01,7.2000000000e+01,7.0000000000e+00,9.9744739532e+00
1.6000000000e+01,7.2000000000e+01,8.0000000000e+00,1.1548966408e+01
1.6000000000e+01,7.2000000000e+01,9.0000000000e+00,1.3251278877e+01
1.6000000000e+01,7.2000000000e+01,1.0000000000e+01,1.4929573059e+01
1.6000000000e+01,7.2000000000e+01,1.1000000000e+01,1.6701995850e+01
1.6000000000e+01,7.2000000000e+01,1.2000000000e+01,1.8455413818e+01
1.6000000000e+01,7.2000000000e+01,1.3000000000e+01,2.0280372620e+01
1.6000000000e+01,7.2000000000e+01,1.4000000000e+01,2.2091892242e+01
1.6000000000e+01,7.2000000000e+01,1.5000000000e+01,2.3954952240e+01
1.6000000000e+01,7.2000000000e+01,1.6000000000e+01,2.5811105728e+01
1.6000000000e+01,7.2000000000e+01,1.7000000000e+01,2.7704914093e+01
1.6000000000e+01,7.2000000000e+01,1.8000000000e+01,2.9597824097e+01
1.6000000000e+01,7.2000000000e+01,1.9000000000e+01,3.1519174576e+01
1.6000000000e+01,7.2000000000e+01,2.0000000000e+01,3.3444377899e+01
1.6000000000e+01,7.2000000000e+01,2.1000000000e+01,3.5392566681e+01
1.6000000000e+01,7.2000000000e+01,2.2000000000e+01,3.7348232269e+01
1.6000000000e+01,7.2000000000e+01,2.3000000000e+01,3.9324066162e+01
1.6000000000e+01,7.2000000000e+01,2.4000000000e+01,4.1310241699e+01
1.6000000000e+01,7.2000000000e+01,2.5000000000e+01,4.3315364838e+01
1.6000000000e+01,7.2000000000e+01,2.6000000000e+01,4.5333190918e+01
1.6000000000e+01,7.2000000000e+01,2.7000000000e+01,4.7369693756e+01
1.6000000000e+01,7.2000000000e+01,2.8000000000e+01,4.9420959473e+01
1.6000000000e+01,7.2000000000e+01,2.9000000000e+01,5.1491165161e+01
1.6000000000e+01,7.2000000000e+01,3.0000000000e+01,5.3577976227e+01
1.6000000000e+01,7.2000000000e+01,3.1000000000e+01,5.5684322357e+01
1.6000000000e+01,1.0000000000e+02,0.0000000000e+00,1.9965159893e+00
1.6000000000e+01,1.0000000000e+02,1.0000000000e+00,2.1397452354e+00
1.6000000000e+01,1.0000000000e+02,2.0000000000e+00,2.6714832783e+00
1.6000000000e+01,1.0000000000e+02,3.0000000000e+00,3.5813825130e+00
1.6000000000e+01,1.0000000000e+02,4.0000000000e+00,4.4906105995e+00
1.6000000000e+01,1.0000000000e+02,5.0000000000e+00,5.5468149185e+00
1.6000000000e+01,1.0000000000e+02,6.0000000000e+00,6.5694169998e+00
1.6000000000e+01,1.0000000000e+02,7.0000000000e+00,7.6875944138e+00
1.6000000000e+01,1.0000000000e+02,8.0000000000e+00,8.7589149475e+00
1.6000000000e+01,1.0000000000e+02,9.0000000000e+00,9.9097003937e+00
1.6000000000e+01,1.0000000000e+02,1.0000000000e+01,1.1017333984e+01
1.6000000000e+01,1.0000000000e+02,1.1000000000e+01,1.2193654060e+01
1.6000000000e+01,1.0000000000e+02,1.2000000000e+01,1.3334751129e+01
1.6000000000e+01,1.0000000000e+02,1.3000000000e+01,1.4542023659e+01
1.6000000000e+01,1.0000000000e+02,1.4000000000e+01,1.5720119476e+01
1.6000000000e+01,1.0000000000e+02,1.5000000000e+01,1.6954483032e+01
1.6000000000e+01,1.0000000000e+02,1.6000000000e+01,1.8162506104e+01
1.6000000000e+01,1.0000000000e+02,1.7000000000e+01,1.9430627823e+01
1.6000000000e+01,1.0000000000e+02,1.8000000000e+01,2.0674983978e+01
1.6000000000e+01,1.0000000000e+02,1.9000000000e+01,2.1974323273e+01
1.6000000000e+01,1.0000000000e+02,2.0000000000e+01,2.3254928589e+01
1.6000000000e+01,1.0000000000e+02,2.1000000000e+01,2.4586923599e+01
1.6000000000e+01,1.0000000000e+02,2.2000000000e+01,2.5905221939e+01
1.6000000000e+01,1.0000000000e+02,2.3000000000e+01,2.7271654129e+01
1.6000000000e+01,1.0000000000e+02,2.4000000000e+01,2.8627578735e+01
1.6000000000e+01,1.0000000000e+02,2.5000000000e+01,3.0028182983e+01
1.6000000000e+01,1.0000000000e+02,2.6000000000e+01,3.1421934128e+01
1.6000000000e+01,1.0000000000e+02,2.7000000000e+01,3.2858489990e+01
1.6000000000e+01,1.0000000000e+02,2.8000000000e+01,3.4291442871e+01
1.6000000000e+01,1.0000000000e+02,2.9000000000e+01,3.5765079498e+01
1.6000000000e+01,1.0000000000e+02,3.0000000000e+01,3.7238174438e+01
1.6000000000e+01,1.0000000000e+02,3.1000000000e+01,3.8748168945e+01
1.6000000000e+01,1.3900000000e+02,0.0000000000e+00,2.0119955540e+00
1.6000000000e+01,1.3900000000e+02,1.0000000000e+00,2.0442223549e+00
1.6000000000e+01,1.3900000000e+02,2.0000000000e+00,2.2764055729e+00
1.6000000000e+01,1.3900000000e+02,3.0000000000e+00,2.8047223091e+00
1.6000000000e+01,1.3900000000e+02,4.0000000000e+00,3.2524547577e+00
1.6000000000e+01,1.3900000000e+02,5.0000000000e+00,3.7485787868e+00
1.6000000000e+01,1.3900000000e+02,6.0000000000e+00,4.1732034683e+00
1.6000000000e+01,1.3900000000e+02,7.0000000000e+00,4.6167845726e+00
1.6000000000e+01,1.3900000000e+02,8.0000000000e+00,4.9995884895e+00
1.6000000000e+01,1.3900000000e+02,9.0000000000e+00,5.3945674896e+00
1.6000000000e+01,1.3900000000e+02,1.0000000000e+01,5.7364702225e+00
1.6000000000e+01,1.3900000000e+02,1.1000000000e+01,6.0900378227e+00
1.6000000000e+01,1.3900000000e+02,1.2000000000e+01,6.3975348473e+00
1.6000000000e+01,1.3900000000e+02,1.3000000000e+01,6.7174797058e+00
1.6000000000e+01,1.3900000000e+02,1.4000000000e+01,6.9967865944e+00
1.6000000000e+01,1.3900000000e+02,1.5000000000e+01,7.2881870270e+00
1.6000000000e+01,1.3900000000e+02,1.6000000000e+01,7.5441055298e+00
1.6000000000e+01,1.3900000000e+02,1.7000000000e+01,7.8109407425e+00
1.6000000000e+01,1.3900000000e+02,1.8000000000e+01,8.0470409393e+00
1.6000000000e+01,1.3900000000e+02,1.9000000000e+01,8.2931499481e+00
1.6000000000e+01,1.3900000000e+02,2.0000000000e+01,8.5132684708e+00
1.6000000000e+01,1.3900000000e+02,2.1000000000e+01,8.7423925400e+00
1.6000000000e+01,1.3900000000e+02,2.2000000000e+01,8.9492244720e+00
1.6000000000e+01,1.3900000000e+02,2.3000000000e+01,9.1637649536e+00
1.6000000000e+01,1.3900000000e+02,2.4000000000e+01,9.3592205048e+00
1.6000000000e+01,1.3900000000e+02,2.5000000000e+01,9.5612373352e+00
1.6000000000e+01,1.3900000000e+02,2.6000000000e+01,9.7468986511e+00
1.6000000000e+01,1.3900000000e+02,2.7000000000e+01,9.9379234314e+00
1.6000000000e+01,1.3900000000e+02,2.8000000000e+01,1.0115160942e+01
1.6000000000e+01,1.3900000000e+02,2.9000000000e+01,1.0296813965e+01
1.6000000000e+01,1.3900000000e+02,3.0000000000e+01,1.0466897964e+01
1.6000000000e+01,1.3900000000e+02,3.1000000000e+01,1.0640491486e+01
1.6000000000e+01,1.9300000000e+02,0.0000000000e+00,2.0097246170e+00
1.6000000000e+01,1.9300000000e+02,1.0000000000e+00,1.9024051428e+00
1.6000000000e+01,1.9300000000e+02,2.0000000000e+00,2.0263912678e+00
1.6000000000e+01,1.9300000000e+02,3.0000000000e+00,2.3875222206e+00
1.6000000000e+01,1.9300000000e+02,4.0000000000e+00,2.6731331348e+00
1.6000000000e+01,1.9300000000e+02,5.0000000000e+00,2.9535601139e+00
1.6000000000e+01,1.9300000000e+02,6.0000000000e+00,3.1803493500e+00
1.6000000000e+01,1.9300000000e+02,7.0000000000e+00,3.3893194199e+00
1.6000000000e+01,1.9300000000e+02,8.0000000000e+00,3.5623314381e+00
1.6000000000e+01,1.9300000000e+02,9.0000000000e+00,3.7202961445e+00
1.6000000000e+01,1.9300000000e+02,1.0000000000e+01,3.8530507088e+00
1.6000000000e+01,1.9300000000e+02,1.1000000000e+01,3.9747672081e+00
1.6000000000e+01,1.9300000000e+02,1.2000000000e+01,4.0780272484e+00
1.6000000000e+01,1.9300000000e+02,1.3000000000e+01,4.1736450195e+00
1.6000000000e+01,1.9300000000e+02,1.4000000000e+01,4.2554192543e+00
1.6000000000e+01,1.9300000000e+02,1.5000000000e+01,4.3321590424e+00
1.6000000000e+01,1.9300000000e+02,1.6000000000e+01,4.3980989456e+00
1.6000000000e+01,1.9300000000e+02,1.7000000000e+01,4.4608817101e+00
1.6000000000e+01,1.9300000000e+02,1.8000000000e+01,4.5150790215e+00
1.6000000000e+01,1.9300000000e+02,1.9000000000e+01,4.5674343109e+00
1.6000000000e+01,1.9300000000e+02,2.0000000000e+01,4.6129007339e+00
1.6000000000e+01,1.9300000000e+02,2.1000000000e+01,4.6573896408e+00
1.6000000000e+01,1.9300000000e+02,2.2000000000e+01,4.6963324547e+00
1.6000000000e+01,1.9300000000e+02,2.3000000000e+01,4.7348194122e+00
1.6000000000e+01,1.9300000000e+02,2.4000000000e+01,4.7688703537e+00
1.6000000000e+01,1.9300000000e+02,2.5000000000e+01,4.8027553558e+00
1.6000000000e+01,1.9300000000e+02,2.6000000000e+01,4.8331084251e+00
1.6000000000e+01,1.9300000000e+02,2.7000000000e+01,4.8634505272e+00
1.6000000000e+01,1.9300000000e+02,2.8000000000e+01,4.8909769058e+00
1.6000000000e+01,1.9300000000e+02,2.9000000000e+01,4.9185786247e+00
1.6000000000e+01,1.9300000000e+02,3.0000000000e+01,4.9439344406e+00
1.6000000000e+01,1.9300000000e+02,3.1000000000e+01,4.9694128036e+00
1.6000000000e+01,2.6800000000e+02,0.0000000000e+00,1.9961140156e+00
1.6000000000e+01,2.6800000000e+02,1.0000000000e+00,1.7774114609e+00
1.6000000000e+01,2.6800000000e+02,2.0000000000e+00,1.7957865000e+00
1.6000000000e+01,2.6800000000e+02,3.0000000000e+00,2.0344474316e+00
1.6000000000e+01,2.6800000000e+02,4.0000000000e+00,2.1862106323e+00
1.6000000000e+01,2.6800000000e+02,5.0000000000e+00,2.3315310478e+00
1.6000000000e+01,2.6800000000e+02,6.0000000000e+00,2.4292454720e+00
1.6000000000e+01,2.6800000000e+02,7.0000000000e+00,2.5148816109e+00
1.6000000000e+01,2.6800000000e+02,8.0000000000e+00,2.5750155449e+00
1.6000000000e+01,2.6800000000e+02,9.0000000000e+00,2.6272232533e+00
1.6000000000e+01,2.6800000000e+02,1.0000000000e+01,2.6649367809e+00
1.6000000000e+01,2.6800000000e+02,1.1000000000e+01,2.6981132030e+00
1.6000000000e+01,2.6800000000e+02,1.2000000000e+01,2.7225985527e+00
1.6000000000e+01,2.6800000000e+02,1.3000000000e+01,2.7446765900e+00
1.6000000000e+01,2.6800000000e+02,1.4000000000e+01,2.7612936497e+00
1.6000000000e+01,2.6800000000e+02,1.5000000000e+01,2.7767570019e+00
1.6000000000e+01,2.6800000000e+02,1.6000000000e+01,2.7886447906e+00
1.6000000000e+01,2.6800000000e+02,1.7000000000e+01,2.8000910282e+00
1.6000000000e+01,2.6800000000e+02,1.8000000000e+01,2.8091073036e+00
1.6000000000e+01,2.6800000000e+02,1.9000000000e+01,2.8180749416e+00
1.6000000000e+01,2.6800000000e+02,2.0000000000e+01,2.8253333569e+00
1.6000000000e+01,2.6800000000e+02,2.1000000000e+01,2.8327500820e+00
1.6000000000e+01,2.6800000000e+02,2.2000000000e+01,2.8389270306e+00
1.6000000000e+01,2.6800000000e+02,2.3000000000e+01,2.8453626633e+00
1.6000000000e+01,2.6800000000e+02,2.4000000000e+01,2.8508734703e+00
1.6000000000e+01,2.6800000000e+02,2.5000000000e+01,2.8566830158e+00
1.6000000000e+01,2.6800000000e+02,2.6000000000e+01,2.8617858887e+00
1.6000000000e+01,2.6800000000e+02,2.7000000000e+01,2.8671936989e+00
1.6000000000e+01,2.6800000000e+02,2.8000000000e+01,2.8720502853e+00
1.6000000000e+01,2.6800000000e+02,2.9000000000e+01,2.8772003651e+00
1.6000000000e+01,2.6800000000e+02,3.0000000000e+01,2.8819127083e+00
1.6000000000e+01,2.6800000000e+02,3.1000000000e+01,2.8868987560e+00
1.6000000000e+01,3.7300000000e+02,0.0000000000e+00,2.0028960705e+00
1.6000000000e+01,3.7300000000e+02,1.0000000000e+00,1.6836889982e+00
1.6000000000e+01,3.7300000000e+02,2.0000000000e+00,1.6624385118e+00
1.6000000000e+01,3.7300000000e+02,3.0000000000e+00,1.8309904337e+00
1.6000000000e+01,3.7300000000e+02,4.0000000000e+00,1.9221093655e+00
1.6000000000e+01,3.7300000000e+02,5.0000000000e+00,1.9989408255e+00
1.6000000000e+01,3.7300000000e+02,6.0000000000e+00,2.0441775322e+00
1.6000000000e+01,3.7300000000e+02,7.0000000000e+00,2.0784437656e+00
1.6000000000e+01,3.7300000000e+02,8.0000000000e+00,2.1001160145e+00
1.6000000000e+01,3.7300000000e+02,9.0000000000e+00,2.1162722111e+00
1.6000000000e+01,3.7300000000e+02,1.0000000000e+01,2.1271209717e+00
1.6000000000e+01,3.7300000000e+02,1.1000000000e+01,2.1353201866e+00
1.6000000000e+01,3.7300000000e+02,1.2000000000e+01,2.1411776543e+00
1.6000000000e+01,3.7300000000e+02,1.3000000000e+01,2.1457612514e+00
1.6000000000e+01,3.7300000000e+02,1.4000000000e+01,2.1492738724e+00
1.6000000000e+01,3.7300000000e+02,1.5000000000e+01,2.1521673203e+00
1.6000000000e+01,3.7300000000e+02,1.6000000000e+01,2.1545577049e+00
1.6000000000e+01,3.7300000000e+02,1.7000000000e+01,2.1566433907e+00
1.6000000000e+01,3.7300000000e+02,1.8000000000e+01,2.1584875584e+00
1.6000000000e+01,3.7300000000e+02,1.9000000000e+01,2.1601805687e+00
1.6000000000e+01,3.7300000000e+02,2.0000000000e+01,2.1617565155e+00
1.6000000000e+01,3.7300000000e+02,2.1000000000e+01,2.1632568836e+00
1.6000000000e+01,3.7300000000e+02,2.2000000000e+01,2.1647000313e+00
1.6000000000e+01,3.7300000000e+02,2.3000000000e+01,2.1661062241e+00
1.6000000000e+01,3.7300000000e+02,2.4000000000e+01,2.1674849987e+00
1.6000000000e+01,3.7300000000e+02,2.5000000000e+01,2.1688456535e+00
1.6000000000e+01,3.7300000000e+02,2.6000000000e+01,2.1701939106e+00
1.6000000000e+01,3.7300000000e+02,2.7000000000e+01,2.1715345383e+00
1.6000000000e+01,3.7300000000e+02,2.8000000000e+01,2.1728703976e+00
1.6000000000e+01,3.7300000000e+02,2.9000000000e+01,2.1742033958e+00
1.6000000000e+01,3.7300000000e+02,3.0000000000e+01,2.1755354404e+00
1.6000000000e+01,3.7300000000e+02,3.1000000000e+01,2.1768677235e+00
1.6000000000e+01,5.1800000000e+02,0.0000000000e+00,1.9976860285e+00
1.6000000000e+01,5.1800000000e+02,1.0000000000e+00,1.6373794079e+00
1.6000000000e+01,5.1800000000e+02,2.0000000000e+00,1.6060109138e+00
1.6000000000e+01,5.1800000000e+02,3.0000000000e+00,1.7240340710e+00
1.6000000000e+01,5.1800000000e+02,4.0000000000e+00,1.7814728022e+00
1.6000000000e+01,5.1800000000e+02,5.0000000000e+00,1.8206766844e+00
1.6000000000e+01,5.1800000000e+02,6.0000000000e+00,1.8414282799e+00
1.6000000000e+01,5.1800000000e+02,7.0000000000e+00,1.8545175791e+00
1.6000000000e+01,5.1800000000e+02,8.0000000000e+00,1.8620285988e+00
1.6000000000e+01,5.1800000000e+02,9.0000000000e+00,1.8668469191e+00
1.6000000000e+01,5.1800000000e+02,1.0000000000e+01,1.8698606491e+00
1.6000000000e+01,5.1800000000e+02,1.1000000000e+01,1.8719251156e+00
1.6000000000e+01,5.1800000000e+02,1.2000000000e+01,1.8733733892e+00
1.6000000000e+01,5.1800000000e+02,1.3000000000e+01,1.8744789362e+00
1.6000000000e+01,5.1800000000e+02,1.4000000000e+01,1.8753651381e+00
1.6000000000e+01,5.1800000000e+02,1.5000000000e+01,1.8761249781e+00
1.6000000000e+01,5.1800000000e+02,1.6000000000e+01,1.8768043518e+00
1.6000000000e+01,5.1800000000e+02,1.7000000000e+01,1.8774366379e+00
1.6000000000e+01,5.1800000000e+02,1.8000000000e+01,1.8780390024e+00
1.6000000000e+01,5.1800000000e+02,1.9000000000e+01,1.8786238432e+00
1.6000000000e+01,5.1800000000e+02,2.0000000000e+01,1.8791978359e+00
1.6000000000e+01,5.1800000000e+02,2.1000000000e+01,1.8797655106e+00
1.6000000000e+01,5.1800000000e+02,2.2000000000e+01,1.8803296089e+00
1.6000000000e+01,5.1800000000e+02,2.3000000000e+01,1.8808917999e+00
1.6000000000e+01,5.1800000000e+02,2.4000000000e+01,1.8814535141e+00
1.6000000000e+01,5.1800000000e+02,2.5000000000e+01,1.8820152283e+00
1.6000000000e+01,5.1800000000e+02,2.6000000000e+01,1.8825771809e+00
1.6000000000e+01,5.1800000000e+02,2.7000000000e+01,1.8831398487e+00
1.6000000000e+01,5.1800000000e+02,2.8000000000e+01,1.8837034702e+00
1.6000000000e+01,5.1800000000e+02,2.9000000000e+01,1.8842682838e+00
1.6000000000e+01,5.1800000000e+02,3.0000000000e+01,1.8848339319e+00
1.6000000000e+01,5.1800000000e+02,3.1000000000e+01,1.8854007721e+00
1.6000000000e+01,7.2000000000e+02,0.0000000000e+00,2.0043458939e+00
1.6000000000e+01,7.2000000000e+02,1.0000000000e+00,1.5559442043e+00
1.6000000000e+01,7.2000000000e+02,2.0000000000e+00,1.5098481178e+00
1.6000000000e+01,7.2000000000e+02,3.0000000000e+00,1.6028664112e+00
1.6000000000e+01,7.2000000000e+02,4.0000000000e+00,1.6387202740e+00
1.6000000000e+01,7.2000000000e+02,5.0000000000e+00,1.6622942686e+00
1.6000000000e+01,7.2000000000e+02,6.0000000000e+00,1.6728825569e+00
1.6000000000e+01,7.2000000000e+02,7.0000000000e+00,1.6791136265e+00
1.6000000000e+01,7.2000000000e+02,8.0000000000e+00,1.6823091507e+00
1.6000000000e+01,7.2000000000e+02,9.0000000000e+00,1.6842483282e+00
1.6000000000e+01,7.2000000000e+02,1.0000000000e+01,1.6854128838e+00
1.6000000000e+01,7.2000000000e+02,1.1000000000e+01,1.6862170696e+00
1.6000000000e+01,7.2000000000e+02,1.2000000000e+01,1.6868103743e+00
1.6000000000e+01,7.2000000000e+02,1.3000000000e+01,1.6872982979e+00
1.6000000000e+01,7.2000000000e+02,1.4000000000e+01,1.6877261400e+00
1.6000000000e+01,7.2000000000e+02,1.5000000000e+01,1.6881228685e+00
1.6000000000e+01,7.2000000000e+02,1.6000000000e+01,1.6885020733e+00
1.6000000000e+01,7.2000000000e+02,1.7000000000e+01,1.6888719797e+00
1.6000000000e+01,7.2000000000e+02,1.8000000000e+01,1.6892367601e+00
1.6000000000e+01,7.2000000000e+02,1.9000000000e+01,1.6895990372e+00
1.6000000000e+01,7.2000000000e+02,2.0000000000e+01,1.6899600029e+00
1.6000000000e+01,7.2000000000e+02,2.1000000000e+01,1.6903204918e+00
1.6000000000e+01,7.2000000000e+02,2.2000000000e+01,1.6906808615e+00
1.6000000000e+01,7.2000000000e+02,2.3000000000e+01,1.6910417080e+00
1.6000000000e+01,7.2000000000e+02,2.4000000000e+01,1.6914025545e+00
1.6000000000e+01,7.2000000000e+02,2.5000000000e+01,1.6917638779e+00
1.6000000000e+01,7.2000000000e+02,2.6000000000e+01,1.6921255589e+00
1.6000000000e+01,7.2000000000e+02,2.7000000000e+01,1.6924878359e+00
1.6000000000e+01,7.2000000000e+02,2.8000000000e+01,1.6928503513e+00
1.6000000000e+01,7.2000000000e+02,2.9000000000e+01,1.6932134628e+00
1.6000000000e+01,7.2000000000e+02,3.0000000000e+01,1.6935769320e+00
1.6000000000e+01,7.2000000000e+02,3.1000000000e+01,1.6939409971e+00
1.6000000000e+01,1.0000000000e+03,0.0000000000e+00,1.9948019981e+00
1.6000000000e+01,1.0000000000e+03,1.0000000000e+00,1.5145714283e+00
1.6000000000e+01,1.0000000000e+03,2.0000000000e+00,1.4662430286e+00
1.6000000000e+01,1.0000000000e+03,3.0000000000e+00,1.5304142237e+00
1.6000000000e+01,1.0000000000e+03,4.0000000000e+00,1.5500451326e+00
1.6000000000e+01,1.0000000000e+03,5.0000000000e+00,1.5610740185e+00
1.6000000000e+01,1.0000000000e+03,6.0000000000e+00,1.5651497841e+00
1.6000000000e+01,1.0000000000e+03,7.0000000000e+00,1.5672281981e+00
1.6000000000e+01,1.0000000000e+03,8.0000000000e+00,1.5681591034e+00
1.6000000000e+01,1.0000000000e+03,9.0000000000e+00,1.5686820745e+00
1.6000000000e+01,1.0000000000e+03,1.0000000000e+01,1.5689940453e+00
1.6000000000e+01,1.0000000000e+03,1.1000000000e+01,1.5692216158e+00
1.6000000000e+01,1.0000000000e+03,1.2000000000e+01,1.5694069862e+00
1.6000000000e+01,1.0000000000e+03,1.3000000000e+01,1.5695745945e+00
1.6000000000e+01,1.0000000000e+03,1.4000000000e+01,1.5697332621e+00
1.6000000000e+01,1.0000000000e+03,1.5000000000e+01,1.5698882341e+00
1.6000000000e+01,1.0000000000e+03,1.6000000000e+01,1.5700411797e+00
1.6000000000e+01,1.0000000000e+03,1.7000000000e+01,1.5701935291e+00
1.6000000000e+01,1.0000000000e+03,1.8000000000e+01,1.5703455210e+00
1.6000000000e+01,1.0000000000e+03,1.9000000000e+01,1.5704975128e+00
1.6000000000e+01,1.0000000000e+03,2.0000000000e+01,1.5706493855e+00
1.6000000000e+01,1.0000000000e+03,2.1000000000e+01,1.5708016157e+00
1.6000000000e+01,1.0000000000e+03,2.2000000000e+01,1.5709539652e+00
1.6000000000e+01,1.0000000000e+03,2.3000000000e+01,1.5711064339e+00
1.6000000000e+01,1.0000000000e+03,2.4000000000e+01,1.5712587833e+00
1.6000000000e+01,1.0000000000e+03,2.5000000000e+01,1.5714114904e+00
1.6000000000e+01,1.0000000000e+03,2.6000000000e+01,1.5715643167e+00
1.6000000000e+01,1.0000000000e+03,2.7000000000e+01,1.5717173815e+00
1.6000000000e+01,1.0000000000e+03,2.8000000000e+01,1.5718705654e+00
1.6000000000e+01,1.0000000000e+03,2.9000000000e+01,1.5720237494e+00
1.6000000000e+01,1.0000000000e+03,3.0000000000e+01,1.5721771717e+00
1.6000000000e+01,1.0000000000e+03,3.1000000000e+01,1.5723308325e+00
2.7000000000e+01,1.0000000000e+01,0.0000000000e+00,1.9880492687e+00
2.7000000000e+01,1.0000000000e+01,1.0000000000e+00,3.0323021412e+00
2.7000000000e+01,1.0000000000e+01,2.0000000000e+00,4.7294249535e+00
2.7000000000e+01,1.0000000000e+01,3.0000000000e+00,6.6298418045e+00
2.7000000000e+01,1.0000000000e+01,4.0000000000e+00,8.2677097321e+00
2.7000000000e+01,1.0000000000e+01,5.0000000000e+00,9.7120056152e+00
2.7000000000e+01,1.0000000000e+01,6.0000000000e+00,1.1006325722e+01
2.7000000000e+01,1.0000000000e+01,7.0000000000e+00,1.2204631805e+01
2.7000000000e+01,1.0000000000e+01,8.0000000000e+00,1.3344881058e+01
2.7000000000e+01,1.0000000000e+01,9.0000000000e+00,1.4454487801e+01
2.7000000000e+01,1.0000000000e+01,1.0000000000e+01,1.5553187370e+01
2.7000000000e+01,1.0000000000e+01,1.1000000000e+01,1.6655447006e+01
2.7000000000e+01,1.0000000000e+01,1.2000000000e+01,1.7772090912e+01
2.7000000000e+01,1.0000000000e+01,1.3000000000e+01,1.8911369324e+01
2.7000000000e+01,1.0000000000e+01,1.4000000000e+01,2.0079675674e+01
2.7000000000e+01,1.0000000000e+01,1.5000000000e+01,2.1282047272e+01
2.7000000000e+01,1.0000000000e+01,1.6000000000e+01,2.2522506714e+01
2.7000000000e+01,1.0000000000e+01,1.7000000000e+01,2.3804309845e+01
2.7000000000e+01,1.0000000000e+01,1.8000000000e+01,2.5130107880e+01
2.7000000000e+01,1.0000000000e+01,1.9000000000e+01,2.6502090454e+01
2.7000000000e+01,1.0000000000e+01,2.0000000000e+01,2.7922082901e+01
2.7000000000e+01,1.0000000000e+01,2.1000000000e+01,2.9391601562e+01
2.7000000000e+01,1.0000000000e+01,2.2000000000e+01,3.0911937714e+01
2.7000000000e+01,1.0000000000e+01,2.3000000000e+01,3.2484176636e+01
2.7000000000e+01,1.0000000000e+01,2.4000000000e+01,3.4109249115e+01
2.7000000000e+01,1.0000000000e+01,2.5000000000e+01,3.5787948608e+01
2.7000000000e+01,1.0000000000e+01,2.6000000000e+01,3.7520961761e+01
2.7000000000e+01,1.0000000000e+01,2.7000000000e+01,3.9308860779e+01
2.7000000000e+01,1.0000000000e+01,2.8000000000e+01,4.1152172089e+01
2.7000000000e+01,1.0000000000e+01,2.9000000000e+01,4.3051319122e+01
2.7000000000e+01,1.0000000000e+01,3.0000000000e+01,4.5006702423e+01
2.7000000000e+01,1.0000000000e+01,3.1000000000e+01,4.7018650055e+01
2.7000000000e+01,1.4000000000e+01,0.0000000000e+00,2.0086102486e+00
2.7000000000e+01,1.4000000000e+01,1.0000000000e+00,3.0972495079e+00
2.7000000000e+01,1.4000000000e+01,2.0000000000e+00,4.8508396149e+00
2.7000000000e+01,1.4000000000e+01,3.0000000000e+00,7.1287202835e+00
2.7000000000e+01,1.4000000000e+01,4.0000000000e+00,9.2394351959e+00
2.7000000000e+01,1.4000000000e+01,5.0000000000e+00,1.1205450058e+01
2.7000000000e+01,1.4000000000e+01,6.0000000000e+00,1.2998682976e+01
2.7000000000e+01,1.4000000000e+01,7.0000000000e+00,1.4670873642e+01
2.7000000000e+01,1.4000000000e+01,8.0000000000e+00,1.6259996414e+01
2.7000000000e+01,1.4000000000e+01,9.0000000000e+00,1.7798934937e+01
2.7000000000e+01,1.4000000000e+01,1.0000000000e+01,1.9312927246e+01
2.7000000000e+01,1.4000000000e+01,1.1000000000e+01,2.0821413040e+01
2.7000000000e+01,1.4000000000e+01,1.2000000000e+01,2.2339403152e+01
2.7000000000e+01,1.4000000000e+01,1.3000000000e+01,2.3878618240e+01
2.7000000000e+01,1.4000000000e+01,1.4000000000e+01,2.5448291779e+01
2.7000000000e+01,1.4000000000e+01,1.5000000000e+01,2.7055791855e+01
2.7000000000e+01,1.4000000000e+01,1.6000000000e+01,2.8707061768e+01
2.7000000000e+01,1.4000000000e+01,1.7000000000e+01,3.0406929016e+01
2.7000000000e+01,1.4000000000e+01,1.8000000000e+01,3.2159370422e+01
2.7000000000e+01,1.4000000000e+01,1.9000000000e+01,3.3967674255e+01
2.7000000000e+01,1.4000000000e+01,2.0000000000e+01,3.5834587097e+01
2.7000000000e+01,1.4000000000e+01,2.1000000000e+01,3.7762397766e+01
2.7000000000e+01,1.4000000000e+01,2.2000000000e+01,3.9753070831e+01
2.7000000000e+01,1.4000000000e+01,2.3000000000e+01,4.1808238983e+01
2.7000000000e+01,1.4000000000e+01,2.4000000000e+01,4.3929321289e+01
2.7000000000e+01,1.4000000000e+01,2.5000000000e+01,4.6117519379e+01
2.7000000000e+01,1.4000000000e+01,2.6000000000e+01,4.8373870850e+01
2.7000000000e+01,1.4000000000e+01,2.7000000000e+01,5.0699279785e+01
2.7000000000e+01,1.4000000000e+01,2.8000000000e+01,5.3094512939e+01
2.7000000000e+01,1.4000000000e+01,2.9000000000e+01,5.5560234070e+01
2.7000000000e+01,1.4000000000e+01,3.0000000000e+01,5.8097034454e+01
2.7000000000e+01,1.4000000000e+01,3.1000000000e+01,6.0705417633e+01
2.7000000000e+01,1.9000000000e+01,0.0000000000e+00,2.0020282269e+00
2.7000000000e+01,1.9000000000e+01,1.0000000000e+00,3.0860242844e+00
2.7000000000e+01,1.9000000000e+01,2.0000000000e+00,4.8291077614e+00
2.7000000000e+01,1.9000000000e+01,3.0000000000e+00,7.3274807930e+00
2.7000000000e+01,1.9000000000e+01,4.0000000000e+00,9.8404064178e+00
2.7000000000e+01,1.9000000000e+01,5.0000000000e+00,1.2367800713e+01
2.7000000000e+01,1.9000000000e+01,6.0000000000e+00,1.4746863365e+01
2.7000000000e+01,1.9000000000e+01,7.0000000000e+00,1.7011810303e+01
2.7000000000e+01,1.9000000000e+01,8.0000000000e+00,1.9167051315e+01
2.7000000000e+01,1.9000000000e+01,9.0000000000e+00,2.1240736008e+01
2.7000000000e+01,1.9000000000e+01,1.0000000000e+01,2.3256513596e+01
2.7000000000e+01,1.9000000000e+01,1.1000000000e+01,2.5235954285e+01
2.7000000000e+01,1.9000000000e+01,1.2000000000e+01,2.7197156906e+01
2.7000000000e+01,1.9000000000e+01,1.3000000000e+01,2.9155244827e+01
2.7000000000e+01,1.9000000000e+01,1.4000000000e+01,3.1122739792e+01
2.7000000000e+01,1.9000000000e+01,1.5000000000e+01,3.3110042572e+01
2.7000000000e+01,1.9000000000e+01,1.6000000000e+01,3.5125801086e+01
2.7000000000e+01,1.9000000000e+01,1.7000000000e+01,3.7177257538e+01
2.7000000000e+01,1.9000000000e+01,1.8000000000e+01,3.9270496368e+01
2.7000000000e+01,1.9000000000e+01,1.9000000000e+01,4.1410663605e+01
2.7000000000e+01,1.9000000000e+01,2.0000000000e+01,4.3602123260e+01
2.7000000000e+01,1.9000000000e+01,2.1000000000e+01,4.5848594666e+01
2.7000000000e+01,1.9000000000e+01,2.2000000000e+01,4.8153297424e+01
2.7000000000e+01,1.9000000000e+01,2.3000000000e+01,5.0518955231e+01
2.7000000000e+01,1.9000000000e+01,2.4000000000e+01,5.2947967529e+01
2.7000000000e+01,1.9000000000e+01,2.5000000000e+01,5.5442390442e+01
2.7000000000e+01,1.9000000000e+01,2.6000000000e+01,5.8004032135e+01
2.7000000000e+01,1.9000000000e+01,2.7000000000e+01,6.0634452820e+01
2.7000000000e+01,1.9000000000e+01,2.8000000000e+01,6.3335025787e+01
2.7000000000e+01,1.9000000000e+01,2.9000000000e+01,6.6106964111e+01
2.7000000000e+01,1.9000000000e+01,3.0000000000e+01,6.8951332092e+01
2.7000000000e+01,1.9000000000e+01,3.1000000000e+01,7.1869064331e+01
2.7000000000e+01,2.7000000000e+01,0.0000000000e+00,2.0050170422e+00
2.7000000000e+01,2.7000000000e+01,1.0000000000e+00,2.8550539017e+00
2.7000000000e+01,2.7000000000e+01,2.0000000000e+00,4.2977604866e+00
2.7000000000e+01,2.7000000000e+01,3.0000000000e+00,6.5164976120e+00
2.7000000000e+01,2.7000000000e+01,4.0000000000e+00,8.8783941269e+00
2.7000000000e+01,2.7000000000e+01,5.0000000000e+00,1.1427936554e+01
2.7000000000e+01,2.7000000000e+01,6.0000000000e+00,1.3917531967e+01
2.7000000000e+01,2.7000000000e+01,7.0000000000e+00,1.6380657196e+01
2.7000000000e+01,2.7000000000e+01,8.0000000000e+00,1.8760179520e+01
2.7000000000e+01,2.7000000000e+01,9.0000000000e+00,2.1073337555e+01
2.7000000000e+01,2.7000000000e+01,1.0000000000e+01,2.3323957443e+01
2.7000000000e+01,2.7000000000e+01,1.1000000000e+01,2.5527038574e+01
2.7000000000e+01,2.7000000000e+01,1.2000000000e+01,2.7695587158e+01
2.7000000000e+01,2.7000000000e+01,1.3000000000e+01,2.9842519760e+01
2.7000000000e+01,2.7000000000e+01,1.4000000000e+01,3.1979408264e+01
2.7000000000e+01,2.7000000000e+01,1.5000000000e+01,3.4116527557e+01
2.7000000000e+01,2.7000000000e+01,1.6000000000e+01,3.6262878418e+01
2.7000000000e+01,2.7000000000e+01,1.7000000000e+01,3.8426315308e+01
2.7000000000e+01,2.7000000000e+01,1.8000000000e+01,4.0613655090e+01
2.7000000000e+01,2.7000000000e+01,1.9000000000e+01,4.2830829620e+01
2.7000000000e+01,2.7000000000e+01,2.0000000000e+01,4.5082996368e+01
2.7000000000e+01,2.7000000000e+01,2.1000000000e+01,4.7374649048e+01
2.7000000000e+01,2.7000000000e+01,2.2000000000e+01,4.9709720612e+01
2.7000000000e+01,2.7000000000e+01,2.3000000000e+01,5.2091644287e+01
2.7000000000e+01,2.7000000000e+01,2.4000000000e+01,5.4523418427e+01
2.7000000000e+01,2.7000000000e+01,2.5000000000e+01,5.7007701874e+01
2.7000000000e+01,2.7000000000e+01,2.6000000000e+01,5.9546840668e+01
2.7000000000e+01,2.7000000000e+01,2.7000000000e+01,6.2142887115e+01
2.7000000000e+01,2.7000000000e+01,2.8000000000e+01,6.4797653198e+01
2.7000000000e+01,2.7000000000e+01,2.9000000000e+01,6.7512779236e+01
2.7000000000e+01,2.7000000000e+01,3.0000000000e+01,7.0289688110e+01
2.7000000000e+01,2.7000000000e+01,3.1000000000e+01,7.3129669189e+01
2.7000000000e+01,3.7000000000e+01,0.0000000000e+00,1.9996122122e+00
2.7000000000e+01,3.7000000000e+01,1.0000000000e+00,2.8150887489e+00
2.7000000000e+01,3.7000000000e+01,2.0000000000e+00,4.1047868729e+00
2.7000000000e+01,3.7000000000e+01,3.0000000000e+00,6.2077193260e+00
2.7000000000e+01,3.7000000000e+01,4.0000000000e+00,8.4690246582e+00
2.7000000000e+01,3.7000000000e+01,5.0000000000e+00,1.1094284058e+01
2.7000000000e+01,3.7000000000e+01,6.0000000000e+00,1.3730237007e+01
2.7000000000e+01,3.7000000000e+01,7.0000000000e+00,1.6510498047e+01
2.7000000000e+01,3.7000000000e+01,8.0000000000e+00,1.9267486572e+01
2.7000000000e+01,3.7000000000e+01,9.0000000000e+00,2.2054815292e+01
2.7000000000e+01,3.7000000000e+01,1.0000000000e+01,2.4817975998e+01
2.7000000000e+01,3.7000000000e+01,1.1000000000e+01,2.7576654434e+01
2.7000000000e+01,3.7000000000e+01,1.2000000000e+01,3.0320539474e+01
2.7000000000e+01,3.7000000000e+01,1.3000000000e+01,3.3060409546e+01
2.7000000000e+01,3.7000000000e+01,1.4000000000e+01,3.5799049377e+01
2.7000000000e+01,3.7000000000e+01,1.5000000000e+01,3.8544612885e+01
2.7000000000e+01,3.7000000000e+01,1.6000000000e+01,4.1302947998e+01
2.7000000000e+01,3.7000000000e+01,1.7000000000e+01,4.4080867767e+01
2.7000000000e+01,3.7000000000e+01,1.8000000000e+01,4.6884300232e+01
2.7000000000e+01,3.7000000000e+01,1.9000000000e+01,4.9718994141e+01
2.7000000000e+01,3.7000000000e+01,2.0000000000e+01,5.2590148926e+01
2.7000000000e+01,3.7000000000e+01,2.1000000000e+01,5.5502578735e+01
2.7000000000e+01,3.7000000000e+01,2.2000000000e+01,5.8460609436e+01
2.7000000000e+01,3.7000000000e+01,2.3000000000e+01,6.1468219757e+01
2.7000000000e+01,3.7000000000e+01,2.4000000000e+01,6.4528991699e+01
2.7000000000e+01,3.7000000000e+01,2.5000000000e+01,6.7646156311e+01
2.7000000000e+01,3.7000000000e+01,2.6000000000e+01,7.0822654724e+01
2.7000000000e+01,3.7000000000e+01,2.7000000000e+01,7.4061141968e+01
2.7000000000e+01,3.7000000000e+01,2.8000000000e+01,7.7364013672e+01
2.7000000000e+01,3.7000000000e+01,2.9000000000e+01,8.0733428955e+01
2.7000000000e+01,3.7000000000e+01,3.0000000000e+01,8.4171348572e+01
2.7000000000e+01,3.7000000000e+01,3.1000000000e+01,8.7679550171e+01
2.7000000000e+01,5.2000000000e+01,0.0000000000e+00,1.9866089821e+00
2.7000000000e+01,5.2000000000e+01,1.0000000000e+00,2.6347186565e+00
2.7000000000e+01,5.2000000000e+01,2.0000000000e+00,3.7408730984e+00
2.7000000000e+01,5.2000000000e+01,3.0000000000e+00,5.5399107933e+00
2.7000000000e+01,5.2000000000e+01,4.0000000000e+00,7.5053462982e+00
2.7000000000e+01,5.2000000000e+01,5.0000000000e+00,9.8080778122e+00
2.7000000000e+01,5.2000000000e+01,6.0000000000e+00,1.2184076309e+01
2.7000000000e+01,5.2000000000e+01,7.0000000000e+00,1.4763360023e+01
2.7000000000e+01,5.2000000000e+01,8.0000000000e+00,1.7374416351e+01
2.7000000000e+01,5.2000000000e+01,9.0000000000e+00,2.0101663589e+01
2.7000000000e+01,5.2000000000e+01,1.0000000000e+01,2.2847309113e+01
2.7000000000e+01,5.2000000000e+01,1.1000000000e+01,2.5655698776e+01
2.7000000000e+01,5.2000000000e+01,1.2000000000e+01,2.8480030060e+01
2.7000000000e+01,5.2000000000e+01,1.3000000000e+01,3.1339450836e+01
2.7000000000e+01,5.2000000000e+01,1.4000000000e+01,3.4214035034e+01
2.7000000000e+01,5.2000000000e+01,1.5000000000e+01,3.7113624573e+01
2.7000000000e+01,5.2000000000e+01,1.6000000000e+01,4.0030963898e+01
2.7000000000e+01,5.2000000000e+01,1.7000000000e+01,4.2971908569e+01
2.7000000000e+01,5.2000000000e+01,1.8000000000e+01,4.5934974670e+01
2.7000000000e+01,5.2000000000e+01,1.9000000000e+01,4.8924308777e+01
2.7000000000e+01,5.2000000000e+01,2.0000000000e+01,5.1940792084e+01
2.7000000000e+01,5.2000000000e+01,2.1000000000e+01,5.4987838745e+01
2.7000000000e+01,5.2000000000e+01,2.2000000000e+01,5.8067226410e+01
2.7000000000e+01,5.2000000000e+01,2.3000000000e+01,6.1181949615e+01
2.7000000000e+01,5.2000000000e+01,2.4000000000e+01,6.4334030151e+01
2.7000000000e+01,5.2000000000e+01,2.5000000000e+01,6.7526130676e+01
2.7000000000e+01,5.2000000000e+01,2.6000000000e+01,7.0760253906e+01
2.7000000000e+01,5.2000000000e+01,2.7000000000e+01,7.4038780212e+01
2.7000000000e+01,5.2000000000e+01,2.8000000000e+01,7.7363609314e+01
2.7000000000e+01,5.2000000000e+01,2.9000000000e+01,8.0736778259e+01
2.7000000000e+01,5.2000000000e+01,3.0000000000e+01,8.4160064697e+01
2.7000000000e+01,5.2000000000e+01,3.1000000000e+01,8.7635246277e+01
2.7000000000e+01,7.2000000000e+01,0.0000000000e+00,1.9976645708e+00
2.7000000000e+01,7.2000000000e+01,1.0000000000e+00,2.5341377258e+00
2.7000000000e+01,7.2000000000e+01,2.0000000000e+00,3.2746198177e+00
2.7000000000e+01,7.2000000000e+01,3.0000000000e+00,4.5738372803e+00
2.7000000000e+01,7.2000000000e+01,4.0000000000e+00,5.8982739449e+00
2.7000000000e+01,7.2000000000e+01,5.0000000000e+00,7.4634070396e+00
2.7000000000e+01,7.2000000000e+01,6.0000000000e+00,9.0306358337e+00
2.7000000000e+01,7.2000000000e+01,7.0000000000e+00,1.0755785942e+01
2.7000000000e+01,7.2000000000e+01,8.0000000000e+00,1.2474287033e+01
2.7000000000e+01,7.2000000000e+01,9.0000000000e+00,1.4312329292e+01
2.7000000000e+01,7.2000000000e+01,1.0000000000e+01,1.6143512726e+01
2.7000000000e+01,7.2000000000e+01,1.1000000000e+01,1.8064718246e+01
2.7000000000e+01,7.2000000000e+01,1.2000000000e+01,1.9984518051e+01
2.7000000000e+01,7.2000000000e+01,1.3000000000e+01,2.1971294403e+01
2.7000000000e+01,7.2000000000e+01,1.4000000000e+01,2.3962188721e+01
2.7000000000e+01,7.2000000000e+01,1.5000000000e+01,2.6004146576e+01
2.7000000000e+01,7.2000000000e+01,1.6000000000e+01,2.8055473328e+01
2.7000000000e+01,7.2000000000e+01,1.7000000000e+01,3.0146697998e+01
2.7000000000e+01,7.2000000000e+01,1.8000000000e+01,3.2251895905e+01
2.7000000000e+01,7.2000000000e+01,1.9000000000e+01,3.4389945984e+01
2.7000000000e+01,7.2000000000e+01,2.0000000000e+01,3.6545505524e+01
2.7000000000e+01,7.2000000000e+01,2.1000000000e+01,3.8730068207e+01
2.7000000000e+01,7.2000000000e+01,2.2000000000e+01,4.0934871674e+01
2.7000000000e+01,7.2000000000e+01,2.3000000000e+01,4.3166996002e+01
2.7000000000e+01,7.2000000000e+01,2.4000000000e+01,4.5421470642e+01
2.7000000000e+01,7.2000000000e+01,2.5000000000e+01,4.7702865601e+01
2.7000000000e+01,7.2000000000e+01,2.6000000000e+01,5.0008403778e+01
2.7000000000e+01,7.2000000000e+01,2.7000000000e+01,5.2341171265e+01
2.7000000000e+01,7.2000000000e+01,2.8000000000e+01,5.4699722290e+01
2.7000000000e+01,7.2000000000e+01,2.9000000000e+01,5.7086212158e+01
2.7000000000e+01,7.2000000000e+01,3.0000000000e+01,5.9500003815e+01
2.7000000000e+01,7.2000000000e+01,3.1000000000e+01,6.1942672729e+01
2.7000000000e+01,1.0000000000e+02,0.0000000000e+00,1.9918756485e+00
2.7000000000e+01,1.0000000000e+02,1.0000000000e+00,2.3088011742e+00
2.7000000000e+01,1.0000000000e+02,2.0000000000e+00,2.9224631786e+00
2.7000000000e+01,1.0000000000e+02,3.0000000000e+00,3.9542775154e+00
2.7000000000e+01,1.0000000000e+02,4.0000000000e+00,4.9653401375e+00
2.7000000000e+01,1.0000000000e+02,5.0000000000e+00,6.1293621063e+00
2.7000000000e+01,1.0000000000e+02,6.0000000000e+00,7.2557678223e+00
2.7000000000e+01,1.0000000000e+02,7.0000000000e+00,8.4799413681e+00
2.7000000000e+01,1.0000000000e+02,8.0000000000e+00,9.6584186554e+00
2.7000000000e+01,1.0000000000e+02,9.0000000000e+00,1.0919967651e+01
2.7000000000e+01,1.0000000000e+02,1.0000000000e+01,1.2135119438e+01
2.7000000000e+01,1.0000000000e+02,1.1000000000e+01,1.3425052643e+01
2.7000000000e+01,1.0000000000e+02,1.2000000000e+01,1.4667067528e+01
2.7000000000e+01,1.0000000000e+02,1.3000000000e+01,1.5983301163e+01
2.7000000000e+01,1.0000000000e+02,1.4000000000e+01,1.7260192871e+01
2.7000000000e+01,1.0000000000e+02,1.5000000000e+01,1.8604124069e+01
2.7000000000e+01,1.0000000000e+02,1.6000000000e+01,1.9910448074e+01
2.7000000000e+01,1.0000000000e+02,1.7000000000e+01,2.1281084061e+01
2.7000000000e+01,1.0000000000e+02,1.8000000000e+01,2.2618564606e+01
2.7000000000e+01,1.0000000000e+02,1.9000000000e+01,2.4015827179e+01
2.7000000000e+01,1.0000000000e+02,2.0000000000e+01,2.5385431290e+01
2.7000000000e+01,1.0000000000e+02,2.1000000000e+01,2.6810806274e+01
2.7000000000e+01,1.0000000000e+02,2.2000000000e+01,2.8213285446e+01
2.7000000000e+01,1.0000000000e+02,2.3000000000e+01,2.9668104172e+01
2.7000000000e+01,1.0000000000e+02,2.4000000000e+01,3.1104925156e+01
2.7000000000e+01,1.0000000000e+02,2.5000000000e+01,3.2589828491e+01
2.7000000000e+01,1.0000000000e+02,2.6000000000e+01,3.4061447144e+01
2.7000000000e+01,1.0000000000e+02,2.7000000000e+01,3.5578052521e+01
2.7000000000e+01,1.0000000000e+02,2.8000000000e+01,3.7085891724e+01
2.7000000000e+01,1.0000000000e+02,2.9000000000e+01,3.8635555267e+01
2.7000000000e+01,1.0000000000e+02,3.0000000000e+01,4.0179988861e+01
2.7000000000e+01,1.0000000000e+02,3.1000000000e+01,4.1764282227e+01
2.7000000000e+01,1.3900000000e+02,0.0000000000e+00,1.9923412800e+00
2.7000000000e+01,1.3900000000e+02,1.0000000000e+00,2.1665043831e+00
2.7000000000e+01,1.3900000000e+02,2.0000000000e+00,2.4458701611e+00
2.7000000000e+01,1.3900000000e+02,3.0000000000e+00,3.1322755814e+00
2.7000000000e+01,1.3900000000e+02,4.0000000000e+00,3.7326483727e+00
2.7000000000e+01,1.3900000000e+02,5.0000000000e+00,4.4067974091e+00
2.7000000000e+01,1.3900000000e+02,6.0000000000e+00,5.0089650154e+00
2.7000000000e+01,1.3900000000e+02,7.0000000000e+00,5.6390070915e+00
2.7000000000e+01,1.3900000000e+02,8.0000000000e+00,6.2122645378e+00
2.7000000000e+01,1.3900000000e+02,9.0000000000e+00,6.8012123108e+00
2.7000000000e+01,1.3900000000e+02,1.0000000000e+01,7.3410549164e+00
2.7000000000e+01,1.3900000000e+02,1.1000000000e+01,7.8924059868e+00
2.7000000000e+01,1.3900000000e+02,1.2000000000e+01,8.3946819305e+00
2.7000000000e+01,1.3900000000e+02,1.3000000000e+01,8.9113922119e+00
2.7000000000e+01,1.3900000000e+02,1.4000000000e+01,9.3850870132e+00
2.7000000000e+01,1.3900000000e+02,1.5000000000e+01,9.8767948151e+00
2.7000000000e+01,1.3900000000e+02,1.6000000000e+01,1.0325922966e+01
2.7000000000e+01,1.3900000000e+02,1.7000000000e+01,1.0793543816e+01
2.7000000000e+01,1.3900000000e+02,1.8000000000e+01,1.1223800659e+01
2.7000000000e+01,1.3900000000e+02,1.9000000000e+01,1.1671383858e+01
2.7000000000e+01,1.3900000000e+02,2.0000000000e+01,1.2085927010e+01
2.7000000000e+01,1.3900000000e+02,2.1000000000e+01,1.2516858101e+01
2.7000000000e+01,1.3900000000e+02,2.2000000000e+01,1.2918413162e+01
2.7000000000e+01,1.3900000000e+02,2.3000000000e+01,1.3335429192e+01
2.7000000000e+01,1.3900000000e+02,2.4000000000e+01,1.3725768089e+01
2.7000000000e+01,1.3900000000e+02,2.5000000000e+01,1.4130493164e+01
2.7000000000e+01,1.3900000000e+02,2.6000000000e+01,1.4511642456e+01
2.7000000000e+01,1.3900000000e+02,2.7000000000e+01,1.4905732155e+01
2.7000000000e+01,1.3900000000e+02,2.8000000000e+01,1.5280654907e+01
2.7000000000e+01,1.3900000000e+02,2.9000000000e+01,1.5666437149e+01
2.7000000000e+01,1.3900000000e+02,3.0000000000e+01,1.6035533905e+01
2.7000000000e+01,1.3900000000e+02,3.1000000000e+01,1.6414373398e+01
2.7000000000e+01,1.9300000000e+02,0.0000000000e+00,2.0056076050e+00
2.7000000000e+01,1.9300000000e+02,1.0000000000e+00,1.9212740660e+00
2.7000000000e+01,1.9300000000e+02,2.0000000000e+00,1.9935058355e+00
2.7000000000e+01,1.9300000000e+02,3.0000000000e+00,2.3699815273e+00
2.7000000000e+01,1.9300000000e+02,4.0000000000e+00,2.6571145058e+00
2.7000000000e+01,1.9300000000e+02,5.0000000000e+00,2.9533658028e+00
2.7000000000e+01,1.9300000000e+02,6.0000000000e+00,3.1903367043e+00
2.7000000000e+01,1.9300000000e+02,7.0000000000e+00,3.4136955738e+00
2.7000000000e+01,1.9300000000e+02,8.0000000000e+00,3.5982286930e+00
2.7000000000e+01,1.9300000000e+02,9.0000000000e+00,3.7687005997e+00
2.7000000000e+01,1.9300000000e+02,1.0000000000e+01,3.9124116898e+00
2.7000000000e+01,1.9300000000e+02,1.1000000000e+01,4.0446882248e+00
2.7000000000e+01,1.9300000000e+02,1.2000000000e+01,4.1578269005e+00
2.7000000000e+01,1.9300000000e+02,1.3000000000e+01,4.2621736526e+00
2.7000000000e+01,1.9300000000e+02,1.4000000000e+01,4.3525290489e+00
2.7000000000e+01,1.9300000000e+02,1.5000000000e+01,4.4362716675e+00
2.7000000000e+01,1.9300000000e+02,1.6000000000e+01,4.5096378326e+00
2.7000000000e+01,1.9300000000e+02,1.7000000000e+01,4.5779991150e+00
2.7000000000e+01,1.9300000000e+02,1.8000000000e+01,4.6385297775e+00
2.7000000000e+01,1.9300000000e+02,1.9000000000e+01,4.6952772141e+00
2.7000000000e+01,1.9300000000e+02,2.0000000000e+01,4.7460460663e+00
2.7000000000e+01,1.9300000000e+02,2.1000000000e+01,4.7939496040e+00
2.7000000000e+01,1.9300000000e+02,2.2000000000e+01,4.8372573853e+00
2.7000000000e+01,1.9300000000e+02,2.3000000000e+01,4.8783655167e+00
2.7000000000e+01,1.9300000000e+02,2.4000000000e+01,4.9159359932e+00
2.7000000000e+01,1.9300000000e+02,2.5000000000e+01,4.9518165588e+00
2.7000000000e+01,1.9300000000e+02,2.6000000000e+01,4.9849610329e+00
2.7000000000e+01,1.9300000000e+02,2.7000000000e+01,5.0167999268e+00
2.7000000000e+01,1.9300000000e+02,2.8000000000e+01,5.0465049744e+00
2.7000000000e+01,1.9300000000e+02,2.9000000000e+01,5.0751762390e+00
2.7000000000e+01,1.9300000000e+02,3.0000000000e+01,5.1021900177e+00
2.7000000000e+01,1.9300000000e+02,3.1000000000e+01,5.1283674240e+00
2.7000000000e+01,2.6800000000e+02,0.0000000000e+00,2.0010097027e+00
2.7000000000e+01,2.6800000000e+02,1.0000000000e+00,1.8243751526e+00
2.7000000000e+01,2.6800000000e+02,2.0000000000e+00,1.8723521233e+00
2.7000000000e+01,2.6800000000e+02,3.0000000000e+00,2.1648218632e+00
2.7000000000e+01,2.6800000000e+02,4.0000000000e+00,2.3729140759e+00
2.7000000000e+01,2.6800000000e+02,5.0000000000e+00,2.5595264435e+00
2.7000000000e+01,2.6800000000e+02,6.0000000000e+00,2.6985692978e+00
2.7000000000e+01,2.6800000000e+02,7.0000000000e+00,2.8139071465e+00
2.7000000000e+01,2.6800000000e+02,8.0000000000e+00,2.9029574394e+00
2.7000000000e+01,2.6800000000e+02,9.0000000000e+00,2.9760763645e+00
2.7000000000e+01,2.6800000000e+02,1.0000000000e+01,3.0339603424e+00
2.7000000000e+01,2.6800000000e+02,1.1000000000e+01,3.0817756653e+00
2.7000000000e+01,2.6800000000e+02,1.2000000000e+01,3.1204459667e+00
2.7000000000e+01,2.6800000000e+02,1.3000000000e+01,3.1528065205e+00
2.7000000000e+01,2.6800000000e+02,1.4000000000e+01,3.1795268059e+00
2.7000000000e+01,2.6800000000e+02,1.5000000000e+01,3.2022829056e+00
2.7000000000e+01,2.6800000000e+02,1.6000000000e+01,3.2214794159e+00
2.7000000000e+01,2.6800000000e+02,1.7000000000e+01,3.2381744385e+00
2.7000000000e+01,2.6800000000e+02,1.8000000000e+01,3.2525775433e+00
2.7000000000e+01,2.6800000000e+02,1.9000000000e+01,3.2653977871e+00
2.7000000000e+01,2.6800000000e+02,2.0000000000e+01,3.2767128944e+00
2.7000000000e+01,2.6800000000e+02,2.1000000000e+01,3.2870297432e+00
2.7000000000e+01,2.6800000000e+02,2.2000000000e+01,3.2963380814e+00
2.7000000000e+01,2.6800000000e+02,2.3000000000e+01,3.3050217628e+00
2.7000000000e+01,2.6800000000e+02,2.4000000000e+01,3.3130164146e+00
2.7000000000e+01,2.6800000000e+02,2.5000000000e+01,3.3206272125e+00
2.7000000000e+01,2.6800000000e+02,2.6000000000e+01,3.3277583122e+00
2.7000000000e+01,2.6800000000e+02,2.7000000000e+01,3.3346610069e+00
2.7000000000e+01,2.6800000000e+02,2.8000000000e+01,3.3412220478e+00
2.7000000000e+01,2.6800000000e+02,2.9000000000e+01,3.3476574421e+00
2.7000000000e+01,2.6800000000e+02,3.0000000000e+01,3.3538432121e+00
2.7000000000e+01,2.6800000000e+02,3.1000000000e+01,3.3599700928e+00
2.7000000000e+01,3.7300000000e+02,0.0000000000e+00,2.0013530254e+00
2.7000000000e+01,3.7300000000e+02,1.0000000000e+00,1.6302386522e+00
2.7000000000e+01,3.7300000000e+02,2.0000000000e+00,1.5728738308e+00
2.7000000000e+01,3.7300000000e+02,3.0000000000e+00,1.7302554846e+00
2.7000000000e+01,3.7300000000e+02,4.0000000000e+00,1.8218895197e+00
2.7000000000e+01,3.7300000000e+02,5.0000000000e+00,1.8972036839e+00
2.7000000000e+01,3.7300000000e+02,6.0000000000e+00,1.9446343184e+00
2.7000000000e+01,3.7300000000e+02,7.0000000000e+00,1.9794926643e+00
2.7000000000e+01,3.7300000000e+02,8.0000000000e+00,2.0027649403e+00
2.7000000000e+01,3.7300000000e+02,9.0000000000e+00,2.0196406841e+00
2.7000000000e+01,3.7300000000e+02,1.0000000000e+01,2.0314080715e+00
2.7000000000e+01,3.7300000000e+02,1.1000000000e+01,2.0400600433e+00
2.7000000000e+01,3.7300000000e+02,1.2000000000e+01,2.0463557243e+00
2.7000000000e+01,3.7300000000e+02,1.3000000000e+01,2.0511302948e+00
2.7000000000e+01,3.7300000000e+02,1.4000000000e+01,2.0547809601e+00
2.7000000000e+01,3.7300000000e+02,1.5000000000e+01,2.0576796532e+00
2.7000000000e+01,3.7300000000e+02,1.6000000000e+01,2.0600283146e+00
2.7000000000e+01,3.7300000000e+02,1.7000000000e+01,2.0620002747e+00
2.7000000000e+01,3.7300000000e+02,1.8000000000e+01,2.0636975765e+00
2.7000000000e+01,3.7300000000e+02,1.9000000000e+01,2.0652036667e+00
2.7000000000e+01,3.7300000000e+02,2.0000000000e+01,2.0665709972e+00
2.7000000000e+01,3.7300000000e+02,2.1000000000e+01,2.0678405762e+00
2.7000000000e+01,3.7300000000e+02,2.2000000000e+01,2.0690393448e+00
2.7000000000e+01,3.7300000000e+02,2.3000000000e+01,2.0701880455e+00
2.7000000000e+01,3.7300000000e+02,2.4000000000e+01,2.0713007450e+00
2.7000000000e+01,3.7300000000e+02,2.5000000000e+01,2.0723881721e+00
2.7000000000e+01,3.7300000000e+02,2.6000000000e+01,2.0734579563e+00
2.7000000000e+01,3.7300000000e+02,2.7000000000e+01,2.0745155811e+00
2.7000000000e+01,3.7300000000e+02,2.8000000000e+01,2.0755648613e+00
2.7000000000e+01,3.7300000000e+02,2.9000000000e+01,2.0766086578e+00
2.7000000000e+01,3.7300000000e+02,3.0000000000e+01,2.0776493549e+00
2.7000000000e+01,3.7300000000e+02,3.1000000000e+01,2.0786886215e+00
2.7000000000e+01,5.1800000000e+02,0.0000000000e+00,1.9954358339e+00
2.7000000000e+01,5.1800000000e+02,1.0000000000e+00,1.5585331917e+00
2.7000000000e+01,5.1800000000e+02,2.0000000000e+00,1.5056366920e+00
2.7000000000e+01,5.1800000000e+02,3.0000000000e+00,1.6617368460e+00
2.7000000000e+01,5.1800000000e+02,4.0000000000e+00,1.7452638149e+00
2.7000000000e+01,5.1800000000e+02,5.0000000000e+00,1.8080453873e+00
2.7000000000e+01,5.1800000000e+02,6.0000000000e+00,1.8438589573e+00
2.7000000000e+01,5.1800000000e+02,7.0000000000e+00,1.8681387901e+00
2.7000000000e+01,5.1800000000e+02,8.0000000000e+00,1.8829462528e+00
2.7000000000e+01,5.1800000000e+02,9.0000000000e+00,1.8929910660e+00
2.7000000000e+01,5.1800000000e+02,1.0000000000e+01,1.8995559216e+00
2.7000000000e+01,5.1800000000e+02,1.1000000000e+01,1.9042105675e+00
2.7000000000e+01,5.1800000000e+02,1.2000000000e+01,1.9075341225e+00
2.7000000000e+01,5.1800000000e+02,1.3000000000e+01,1.9100862741e+00
2.7000000000e+01,5.1800000000e+02,1.4000000000e+01,1.9121131897e+00
2.7000000000e+01,5.1800000000e+02,1.5000000000e+01,1.9138243198e+00
2.7000000000e+01,5.1800000000e+02,1.6000000000e+01,1.9153232574e+00
2.7000000000e+01,5.1800000000e+02,1.7000000000e+01,1.9166915417e+00
2.7000000000e+01,5.1800000000e+02,1.8000000000e+01,1.9179722071e+00
2.7000000000e+01,5.1800000000e+02,1.9000000000e+01,1.9191987514e+00
2.7000000000e+01,5.1800000000e+02,2.0000000000e+01,1.9203894138e+00
2.7000000000e+01,5.1800000000e+02,2.1000000000e+01,1.9215577841e+00
2.7000000000e+01,5.1800000000e+02,2.2000000000e+01,1.9227120876e+00
2.7000000000e+01,5.1800000000e+02,2.3000000000e+01,1.9238573313e+00
2.7000000000e+01,5.1800000000e+02,2.4000000000e+01,1.9249975681e+00
2.7000000000e+01,5.1800000000e+02,2.5000000000e+01,1.9261349440e+00
2.7000000000e+01,5.1800000000e+02,2.6000000000e+01,1.9272712469e+00
2.7000000000e+01,5.1800000000e+02,2.7000000000e+01,1.9284070730e+00
2.7000000000e+01,5.1800000000e+02,2.8000000000e+01,1.9295436144e+00
2.7000000000e+01,5.1800000000e+02,2.9000000000e+01,1.9306811094e+00
2.7000000000e+01,5.1800000000e+02,3.0000000000e+01,1.9318196774e+00
2.7000000000e+01,5.1800000000e+02,3.1000000000e+01,1.9329596758e+00
2.7000000000e+01,7.2000000000e+02,0.0000000000e+00,2.0008752346e+00
2.7000000000e+01,7.2000000000e+02,1.0000000000e+00,1.3916213512e+00
2.7000000000e+01,7.2000000000e+02,2.0000000000e+00,1.3432121277e+00
2.7000000000e+01,7.2000000000e+02,3.0000000000e+00,1.4274597168e+00
2.7000000000e+01,7.2000000000e+02,4.0000000000e+00,1.4677041769e+00
2.7000000000e+01,7.2000000000e+02,5.0000000000e+00,1.4911353588e+00
2.7000000000e+01,7.2000000000e+02,6.0000000000e+00,1.5026454926e+00
2.7000000000e+01,7.2000000000e+02,7.0000000000e+00,1.5089818239e+00
2.7000000000e+01,7.2000000000e+02,8.0000000000e+00,1.5123635530e+00
2.7000000000e+01,7.2000000000e+02,9.0000000000e+00,1.5143318176e+00
2.7000000000e+01,7.2000000000e+02,1.0000000000e+01,1.5155246258e+00
2.7000000000e+01,7.2000000000e+02,1.1000000000e+01,1.5163244009e+00
2.7000000000e+01,7.2000000000e+02,1.2000000000e+01,1.5169098377e+00
2.7000000000e+01,7.2000000000e+02,1.3000000000e+01,1.5173828602e+00
2.7000000000e+01,7.2000000000e+02,1.4000000000e+01,1.5177943707e+00
2.7000000000e+01,7.2000000000e+02,1.5000000000e+01,1.5181727409e+00
2.7000000000e+01,7.2000000000e+02,1.6000000000e+01,1.5185333490e+00
2.7000000000e+01,7.2000000000e+02,1.7000000000e+01,1.5188841820e+00
2.7000000000e+01,7.2000000000e+02,1.8000000000e+01,1.5192300081e+00
2.7000000000e+01,7.2000000000e+02,1.9000000000e+01,1.5195733309e+00
2.7000000000e+01,7.2000000000e+02,2.0000000000e+01,1.5199154615e+00
2.7000000000e+01,7.2000000000e+02,2.1000000000e+01,1.5202568769e+00
2.7000000000e+01,7.2000000000e+02,2.2000000000e+01,1.5205986500e+00
2.7000000000e+01,7.2000000000e+02,2.3000000000e+01,1.5209404230e+00
2.7000000000e+01,7.2000000000e+02,2.4000000000e+01,1.5212826729e+00
2.7000000000e+01,7.2000000000e+02,2.5000000000e+01,1.5216253996e+00
2.7000000000e+01,7.2000000000e+02,2.6000000000e+01,1.5219687223e+00
2.7000000000e+01,7.2000000000e+02,2.7000000000e+01,1.5223122835e+00
2.7000000000e+01,7.2000000000e+02,2.8000000000e+01,1.5226564407e+00
2.7000000000e+01,7.2000000000e+02,2.9000000000e+01,1.5230014324e+00
2.7000000000e+01,7.2000000000e+02,3.0000000000e+01,1.5233467817e+00
2.7000000000e+01,7.2000000000e+02,3.1000000000e+01,1.5236927271e+00
2.7000000000e+01,1.0000000000e+03,0.0000000000e+00,1.9999767542e+00
2.7000000000e+01,1.0000000000e+03,1.0000000000e+00,1.3276579380e+00
2.7000000000e+01,1.0000000000e+03,2.0000000000e+00,1.2750567198e+00
2.7000000000e+01,1.0000000000e+03,3.0000000000e+00,1.3363776207e+00
2.7000000000e+01,1.0000000000e+03,4.0000000000e+00,1.3619650602e+00
2.7000000000e+01,1.0000000000e+03,5.0000000000e+00,1.3748033047e+00
2.7000000000e+01,1.0000000000e+03,6.0000000000e+00,1.3803662062e+00
2.7000000000e+01,1.0000000000e+03,7.0000000000e+00,1.3830668926e+00
2.7000000000e+01,1.0000000000e+03,8.0000000000e+00,1.3843735456e+00
2.7000000000e+01,1.0000000000e+03,9.0000000000e+00,1.3850810528e+00
2.7000000000e+01,1.0000000000e+03,1.0000000000e+01,1.3855026960e+00
2.7000000000e+01,1.0000000000e+03,1.1000000000e+01,1.3857948780e+00
2.7000000000e+01,1.0000000000e+03,1.2000000000e+01,1.3860249519e+00
2.7000000000e+01,1.0000000000e+03,1.3000000000e+01,1.3862257004e+00
2.7000000000e+01,1.0000000000e+03,1.4000000000e+01,1.3864128590e+00
2.7000000000e+01,1.0000000000e+03,1.5000000000e+01,1.3865932226e+00
2.7000000000e+01,1.0000000000e+03,1.6000000000e+01,1.3867706060e+00
2.7000000000e+01,1.0000000000e+03,1.7000000000e+01,1.3869466782e+00
2.7000000000e+01,1.0000000000e+03,1.8000000000e+01,1.3871216774e+00
2.7000000000e+01,1.0000000000e+03,1.9000000000e+01,1.3872971535e+00
2.7000000000e+01,1.0000000000e+03,2.0000000000e+01,1.3874722719e+00
2.7000000000e+01,1.0000000000e+03,2.1000000000e+01,1.3876476288e+00
2.7000000000e+01,1.0000000000e+03,2.2000000000e+01,1.3878231049e+00
2.7000000000e+01,1.0000000000e+03,2.3000000000e+01,1.3879988194e+00
2.7000000000e+01,1.0000000000e+03,2.4000000000e+01,1.3881748915e+00
2.7000000000e+01,1.0000000000e+03,2.5000000000e+01,1.3883509636e+00
2.7000000000e+01,1.0000000000e+03,2.6000000000e+01,1.3885272741e+00
2.7000000000e+01,1.0000000000e+03,2.7000000000e+01,1.3887040615e+00
2.7000000000e+01,1.0000000000e+03,2.8000000000e+01,1.3888808489e+00
2.7000000000e+01,1.0000000000e+03,2.9000000000e+01,1.3890579939e+00
2.7000000000e+01,1.0000000000e+03,3.0000000000e+01,1.3892352581e+00
2.7000000000e+01,1.0000000000e+03,3.1000000000e+01,1.3894127607e+00
4.4000000000e+01,1.0000000000e+01,0.0000000000e+00,1.9968063831e+00
4.4000000000e+01,1.0000000000e+01,1.0000000000e+00,4.1587061882e+00
4.4000000000e+01,1.0000000000e+01,2.0000000000e+00,7.1672620773e+00
4.4000000000e+01,1.0000000000e+01,3.0000000000e+00,1.0721268654e+01
4.4000000000e+01,1.0000000000e+01,4.0000000000e+00,1.3879772186e+01
4.4000000000e+01,1.0000000000e+01,5.0000000000e+00,1.6717803955e+01
4.4000000000e+01,1.0000000000e+01,6.0000000000e+00,1.9282562256e+01
4.4000000000e+01,1.0000000000e+01,7.0000000000e+00,2.1662483215e+01
4.4000000000e+01,1.0000000000e+01,8.0000000000e+00,2.3923995972e+01
4.4000000000e+01,1.0000000000e+01,9.0000000000e+00,2.6117486954e+01
4.4000000000e+01,1.0000000000e+01,1.0000000000e+01,2.8280309677e+01
4.4000000000e+01,1.0000000000e+01,1.1000000000e+01,3.0440479279e+01
4.4000000000e+01,1.0000000000e+01,1.2000000000e+01,3.2619304657e+01
4.4000000000e+01,1.0000000000e+01,1.3000000000e+01,3.4833225250e+01
4.4000000000e+01,1.0000000000e+01,1.4000000000e+01,3.7095138550e+01
4.4000000000e+01,1.0000000000e+01,1.5000000000e+01,3.9415294647e+01
4.4000000000e+01,1.0000000000e+01,1.6000000000e+01,4.1801929474e+01
4.4000000000e+01,1.0000000000e+01,1.7000000000e+01,4.4261749268e+01
4.4000000000e+01,1.0000000000e+01,1.8000000000e+01,4.6800266266e+01
4.4000000000e+01,1.0000000000e+01,1.9000000000e+01,4.9422061920e+01
4.4000000000e+01,1.0000000000e+01,2.0000000000e+01,5.2130943298e+01
4.4000000000e+01,1.0000000000e+01,2.1000000000e+01,5.4930145264e+01
4.4000000000e+01,1.0000000000e+01,2.2000000000e+01,5.7822372437e+01
4.4000000000e+01,1.0000000000e+01,2.3000000000e+01,6.0809974670e+01
4.4000000000e+01,1.0000000000e+01,2.4000000000e+01,6.3894920349e+01
4.4000000000e+01,1.0000000000e+01,2.5000000000e+01,6.7078926086e+01
4.4000000000e+01,1.0000000000e+01,2.6000000000e+01,7.0363479614e+01
4.4000000000e+01,1.0000000000e+01,2.7000000000e+01,7.3749847412e+01
4.4000000000e+01,1.0000000000e+01,2.8000000000e+01,7.7239151001e+01
4.4000000000e+01,1.0000000000e+01,2.9000000000e+01,8.0832359314e+01
4.4000000000e+01,1.0000000000e+01,3.0000000000e+01,8.4530326843e+01
4.4000000000e+01,1.0000000000e+01,3.1000000000e+01,8.8333786011e+01
4.4000000000e+01,1.4000000000e+01,0.0000000000e+00,2.0015163422e+00
4.4000000000e+01,1.4000000000e+01,1.0000000000e+00,3.8163321018e+00
4.4000000000e+01,1.4000000000e+01,2.0000000000e+00,6.5759243965e+00
4.4000000000e+01,1.4000000000e+01,3.0000000000e+00,1.0251955986e+01
4.4000000000e+01,1.4000000000e+01,4.0000000000e+00,1.3831222534e+01
4.4000000000e+01,1.4000000000e+01,5.0000000000e+00,1.7319732666e+01
4.4000000000e+01,1.4000000000e+01,6.0000000000e+00,2.0621913910e+01
4.4000000000e+01,1.4000000000e+01,7.0000000000e+00,2.3799152374e+01
4.4000000000e+01,1.4000000000e+01,8.0000000000e+00,2.6896839142e+01
4.4000000000e+01,1.4000000000e+01,9.0000000000e+00,2.9961465836e+01
4.4000000000e+01,1.4000000000e+01,1.0000000000e+01,3.3030807495e+01
4.4000000000e+01,1.4000000000e+01,1.1000000000e+01,3.6135437012e+01
4.4000000000e+01,1.4000000000e+01,1.2000000000e+01,3.9299758911e+01
4.4000000000e+01,1.4000000000e+01,1.3000000000e+01,4.2543304443e+01
4.4000000000e+01,1.4000000000e+01,1.4000000000e+01,4.5881774902e+01
4.4000000000e+01,1.4000000000e+01,1.5000000000e+01,4.9327884674e+01
4.4000000000e+01,1.4000000000e+01,1.6000000000e+01,5.2891990662e+01
4.4000000000e+01,1.4000000000e+01,1.7000000000e+01,5.6582626343e+01
4.4000000000e+01,1.4000000000e+01,1.8000000000e+01,6.0406822205e+01
4.4000000000e+01,1.4000000000e+01,1.9000000000e+01,6.4370452881e+01
4.4000000000e+01,1.4000000000e+01,2.0000000000e+01,6.8478431702e+01
4.4000000000e+01,1.4000000000e+01,2.1000000000e+01,7.2734878540e+01
4.4000000000e+01,1.4000000000e+01,2.2000000000e+01,7.7143287659e+01
4.4000000000e+01,1.4000000000e+01,2.3000000000e+01,8.1706634521e+01
4.4000000000e+01,1.4000000000e+01,2.4000000000e+01,8.6427459717e+01
4.4000000000e+01,1.4000000000e+01,2.5000000000e+01,9.1307899475e+01
4.4000000000e+01,1.4000000000e+01,2.6000000000e+01,9.6349838257e+01
4.4000000000e+01,1.4000000000e+01,2.7000000000e+01,1.0155485535e+02
4.4000000000e+01,1.4000000000e+01,2.8000000000e+01,1.0692435455e+02
4.4000000000e+01,1.4000000000e+01,2.9000000000e+01,1.1245951843e+02
4.4000000000e+01,1.4000000000e+01,3.0000000000e+01,1.1816137695e+02
4.4000000000e+01,1.4000000000e+01,3.1000000000e+01,1.2403083038e+02
4.4000000000e+01,1.9000000000e+01,0.0000000000e+00,1.9873243570e+00
4.4000000000e+01,1.9000000000e+01,1.0000000000e+00,3.5309591293e+00
4.4000000000e+01,1.9000000000e+01,2.0000000000e+00,5.6741566658e+00
4.4000000000e+01,1.9000000000e+01,3.0000000000e+00,8.8470058441e+00
4.4000000000e+01,1.9000000000e+01,4.0000000000e+00,1.2048855782e+01
4.4000000000e+01,1.9000000000e+01,5.0000000000e+00,1.5349822998e+01
4.4000000000e+01,1.9000000000e+01,6.0000000000e+00,1.8496883392e+01
4.4000000000e+01,1.9000000000e+01,7.0000000000e+00,2.1539497375e+01
4.4000000000e+01,1.9000000000e+01,8.0000000000e+00,2.4464557648e+01
4.4000000000e+01,1.9000000000e+01,9.0000000000e+00,2.7304269791e+01
4.4000000000e+01,1.9000000000e+01,1.0000000000e+01,3.0083303452e+01
4.4000000000e+01,1.9000000000e+01,1.1000000000e+01,3.2827007294e+01
4.4000000000e+01,1.9000000000e+01,1.2000000000e+01,3.5557029724e+01
4.4000000000e+01,1.9000000000e+01,1.3000000000e+01,3.8292022705e+01
4.4000000000e+01,1.9000000000e+01,1.4000000000e+01,4.1047740936e+01
4.4000000000e+01,1.9000000000e+01,1.5000000000e+01,4.3837467194e+01
4.4000000000e+01,1.9000000000e+01,1.6000000000e+01,4.6672389984e+01
4.4000000000e+01,1.9000000000e+01,1.7000000000e+01,4.9561973572e+01
4.4000000000e+01,1.9000000000e+01,1.8000000000e+01,5.2514247894e+01
4.4000000000e+01,1.9000000000e+01,1.9000000000e+01,5.5536006927e+01
4.4000000000e+01,1.9000000000e+01,2.0000000000e+01,5.8633106232e+01
4.4000000000e+01,1.9000000000e+01,2.1000000000e+01,6.1810516357e+01
4.4000000000e+01,1.9000000000e+01,2.2000000000e+01,6.5072547913e+01
4.4000000000e+01,1.9000000000e+01,2.3000000000e+01,6.8422920227e+01
4.4000000000e+01,1.9000000000e+01,2.4000000000e+01,7.1864822388e+01
4.4000000000e+01,1.9000000000e+01,2.5000000000e+01,7.5401084900e+01
4.4000000000e+01,1.9000000000e+01,2.6000000000e+01,7.9034111023e+01
4.4000000000e+01,1.9000000000e+01,2.7000000000e+01,8.2766052246e+01
4.4000000000e+01,1.9000000000e+01,2.8000000000e+01,8.6598747253e+01
4.4000000000e+01,1.9000000000e+01,2.9000000000e+01,9.0533866882e+01
4.4000000000e+01,1.9000000000e+01,3.0000000000e+01,9.4572822571e+01
4.4000000000e+01,1.9000000000e+01,3.1000000000e+01,9.8716896057e+01
4.4000000000e+01,2.7000000000e+01,0.0000000000e+00,1.9900588989e+00
4.4000000000e+01,2.7000000000e+01,1.0000000000e+00,3.4419026375e+00
4.4000000000e+01,2.7000000000e+01,2.0000000000e+00,5.5671277046e+00
4.4000000000e+01,2.7000000000e+01,3.0000000000e+00,8.7961769104e+00
4.4000000000e+01,2.7000000000e+01,4.0000000000e+00,1.2285311699e+01
4.4000000000e+01,2.7000000000e+01,5.0000000000e+00,1.6157663345e+01
4.4000000000e+01,2.7000000000e+01,6.0000000000e+00,2.0071208954e+01
4.4000000000e+01,2.7000000000e+01,7.0000000000e+00,2.4088624954e+01
4.4000000000e+01,2.7000000000e+01,8.0000000000e+00,2.8105365753e+01
4.4000000000e+01,2.7000000000e+01,9.0000000000e+00,3.2149131775e+01
4.4000000000e+01,2.7000000000e+01,1.0000000000e+01,3.6209117889e+01
4.4000000000e+01,2.7000000000e+01,1.1000000000e+01,4.0303348541e+01
4.4000000000e+01,2.7000000000e+01,1.2000000000e+01,4.4443363190e+01
4.4000000000e+01,2.7000000000e+01,1.3000000000e+01,4.8644672394e+01
4.4000000000e+01,2.7000000000e+01,1.4000000000e+01,5.2920860291e+01
4.4000000000e+01,2.7000000000e+01,1.5000000000e+01,5.7284931183e+01
4.4000000000e+01,2.7000000000e+01,1.6000000000e+01,6.1748497009e+01
4.4000000000e+01,2.7000000000e+01,1.7000000000e+01,6.6321975708e+01
4.4000000000e+01,2.7000000000e+01,1.8000000000e+01,7.1014564514e+01
4.4000000000e+01,2.7000000000e+01,1.9000000000e+01,7.5834396362e+01
4.4000000000e+01,2.7000000000e+01,2.0000000000e+01,8.0788597107e+01
4.4000000000e+01,2.7000000000e+01,2.1000000000e+01,8.5883460999e+01
4.4000000000e+01,2.7000000000e+01,2.2000000000e+01,9.1124481201e+01
4.4000000000e+01,2.7000000000e+01,2.3000000000e+01,9.6516494751e+01
4.4000000000e+01,2.7000000000e+01,2.4000000000e+01,1.0206375885e+02
4.4000000000e+01,2.7000000000e+01,2.5000000000e+01,1.0777001190e+02
4.4000000000e+01,2.7000000000e+01,2.6000000000e+01,1.1363853455e+02
4.4000000000e+01,2.7000000000e+01,2.7000000000e+01,1.1967224121e+02
4.4000000000e+01,2.7000000000e+01,2.8000000000e+01,1.2587365723e+02
4.4000000000e+01,2.7000000000e+01,2.9000000000e+01,1.3224504089e+02
4.4000000000e+01,2.7000000000e+01,3.0000000000e+01,1.3878842163e+02
4.4000000000e+01,2.7000000000e+01,3.1000000000e+01,1.4550550842e+02
4.4000000000e+01,3.7000000000e+01,0.0000000000e+00,1.9962935448e+00
4.4000000000e+01,3.7000000000e+01,1.0000000000e+00,3.1743633747e+00
4.4000000000e+01,3.7000000000e+01,2.0000000000e+00,4.8806242943e+00
4.4000000000e+01,3.7000000000e+01,3.0000000000e+00,7.5461111069e+00
4.4000000000e+01,3.7000000000e+01,4.0000000000e+00,1.0461484909e+01
4.4000000000e+01,3.7000000000e+01,5.0000000000e+00,1.3814760208e+01
4.4000000000e+01,3.7000000000e+01,6.0000000000e+00,1.7274669647e+01
4.4000000000e+01,3.7000000000e+01,7.0000000000e+00,2.0944963455e+01
4.4000000000e+01,3.7000000000e+01,8.0000000000e+00,2.4665643692e+01
4.4000000000e+01,3.7000000000e+01,9.0000000000e+00,2.8479303360e+01
4.4000000000e+01,3.7000000000e+01,1.0000000000e+01,3.2326744080e+01
4.4000000000e+01,3.7000000000e+01,1.1000000000e+01,3.6226299286e+01
4.4000000000e+01,3.7000000000e+01,1.2000000000e+01,4.0162643433e+01
4.4000000000e+01,3.7000000000e+01,1.3000000000e+01,4.4146419525e+01
4.4000000000e+01,3.7000000000e+01,1.4000000000e+01,4.8178237915e+01
4.4000000000e+01,3.7000000000e+01,1.5000000000e+01,5.2266448975e+01
4.4000000000e+01,3.7000000000e+01,1.6000000000e+01,5.6416404724e+01
4.4000000000e+01,3.7000000000e+01,1.7000000000e+01,6.0635482788e+01
4.4000000000e+01,3.7000000000e+01,1.8000000000e+01,6.4929862976e+01
4.4000000000e+01,3.7000000000e+01,1.9000000000e+01,6.9306037903e+01
4.4000000000e+01,3.7000000000e+01,2.0000000000e+01,7.3769783020e+01
4.4000000000e+01,3.7000000000e+01,2.1000000000e+01,7.8326683044e+01
4.4000000000e+01,3.7000000000e+01,2.2000000000e+01,8.2981758118e+01
4.4000000000e+01,3.7000000000e+01,2.3000000000e+01,8.7739746094e+01
4.4000000000e+01,3.7000000000e+01,2.4000000000e+01,9.2604866028e+01
4.4000000000e+01,3.7000000000e+01,2.5000000000e+01,9.7581092834e+01
4.4000000000e+01,3.7000000000e+01,2.6000000000e+01,1.0267195129e+02
4.4000000000e+01,3.7000000000e+01,2.7000000000e+01,1.0788070679e+02
4.4000000000e+01,3.7000000000e+01,2.8000000000e+01,1.1321029663e+02
4.4000000000e+01,3.7000000000e+01,2.9000000000e+01,1.1866342926e+02
4.4000000000e+01,3.7000000000e+01,3.0000000000e+01,1.2424253845e+02
4.4000000000e+01,3.7000000000e+01,3.1000000000e+01,1.2994984436e+02
4.4000000000e+01,5.2000000000e+01,0.0000000000e+00,2.0098619461e+00
4.4000000000e+01,5.2000000000e+01,1.0000000000e+00,2.8080923557e+00
4.4000000000e+01,5.2000000000e+01,2.0000000000e+00,4.0934114456e+00
4.4000000000e+01,5.2000000000e+01,3.0000000000e+00,6.0948939323e+00
4.4000000000e+01,5.2000000000e+01,4.0000000000e+00,8.2660398483e+00
4.4000000000e+01,5.2000000000e+01,5.0000000000e+00,1.0788982391e+01
4.4000000000e+01,5.2000000000e+01,6.0000000000e+00,1.3402986526e+01
4.4000000000e+01,5.2000000000e+01,7.0000000000e+00,1.6238945007e+01
4.4000000000e+01,5.2000000000e+01,8.0000000000e+00,1.9134193420e+01
4.4000000000e+01,5.2000000000e+01,9.0000000000e+00,2.2168346405e+01
4.4000000000e+01,5.2000000000e+01,1.0000000000e+01,2.5241502762e+01
4.4000000000e+01,5.2000000000e+01,1.1000000000e+01,2.8410644531e+01
4.4000000000e+01,5.2000000000e+01,1.2000000000e+01,3.1612232208e+01
4.4000000000e+01,5.2000000000e+01,1.3000000000e+01,3.4880588531e+01
4.4000000000e+01,5.2000000000e+01,1.4000000000e+01,3.8183086395e+01
4.4000000000e+01,5.2000000000e+01,1.5000000000e+01,4.1538753510e+01
4.4000000000e+01,5.2000000000e+01,1.6000000000e+01,4.4932147980e+01
4.4000000000e+01,5.2000000000e+01,1.7000000000e+01,4.8374465942e+01
4.4000000000e+01,5.2000000000e+01,1.8000000000e+01,5.1859081268e+01
4.4000000000e+01,5.2000000000e+01,1.9000000000e+01,5.5393379211e+01
4.4000000000e+01,5.2000000000e+01,2.0000000000e+01,5.8975112915e+01
4.4000000000e+01,5.2000000000e+01,2.1000000000e+01,6.2609550476e+01
4.4000000000e+01,5.2000000000e+01,2.2000000000e+01,6.6296630859e+01
4.4000000000e+01,5.2000000000e+01,2.3000000000e+01,7.0040374756e+01
4.4000000000e+01,5.2000000000e+01,2.4000000000e+01,7.3841766357e+01
4.4000000000e+01,5.2000000000e+01,2.5000000000e+01,7.7704040527e+01
4.4000000000e+01,5.2000000000e+01,2.6000000000e+01,8.1628639221e+01
4.4000000000e+01,5.2000000000e+01,2.7000000000e+01,8.5618232727e+01
4.4000000000e+01,5.2000000000e+01,2.8000000000e+01,8.9674423218e+01
4.4000000000e+01,5.2000000000e+01,2.9000000000e+01,9.3799461365e+01
4.4000000000e+01,5.2000000000e+01,3.0000000000e+01,9.7994918823e+01
4.4000000000e+01,5.2000000000e+01,3.1000000000e+01,1.0226274872e+02
4.4000000000e+01,7.2000000000e+01,0.0000000000e+00,2.0032196045e+00
4.4000000000e+01,7.2000000000e+01,1.0000000000e+00,2.5246808529e+00
4.4000000000e+01,7.2000000000e+01,2.0000000000e+00,3.2395544052e+00
4.4000000000e+01,7.2000000000e+01,3.0000000000e+00,4.5522804260e+00
4.4000000000e+01,7.2000000000e+01,4.0000000000e+00,5.9333224297e+00
4.4000000000e+01,7.2000000000e+01,5.0000000000e+00,7.5548963547e+00
4.4000000000e+01,7.2000000000e+01,6.0000000000e+00,9.2273807526e+00
4.4000000000e+01,7.2000000000e+01,7.0000000000e+00,1.1060380936e+01
4.4000000000e+01,7.2000000000e+01,8.0000000000e+00,1.2937435150e+01
4.4000000000e+01,7.2000000000e+01,9.0000000000e+00,1.4939298630e+01
4.4000000000e+01,7.2000000000e+01,1.0000000000e+01,1.6981964111e+01
4.4000000000e+01,7.2000000000e+01,1.1000000000e+01,1.9128416061e+01
4.4000000000e+01,7.2000000000e+01,1.2000000000e+01,2.1316930771e+01
4.4000000000e+01,7.2000000000e+01,1.3000000000e+01,2.3593826294e+01
4.4000000000e+01,7.2000000000e+01,1.4000000000e+01,2.5915485382e+01
4.4000000000e+01,7.2000000000e+01,1.5000000000e+01,2.8315025330e+01
4.4000000000e+01,7.2000000000e+01,1.6000000000e+01,3.0762102127e+01
4.4000000000e+01,7.2000000000e+01,1.7000000000e+01,3.3280261993e+01
4.4000000000e+01,7.2000000000e+01,1.8000000000e+01,3.5848777771e+01
4.4000000000e+01,7.2000000000e+01,1.9000000000e+01,3.8484188080e+01
4.4000000000e+01,7.2000000000e+01,2.0000000000e+01,4.1172534943e+01
4.4000000000e+01,7.2000000000e+01,2.1000000000e+01,4.3925457001e+01
4.4000000000e+01,7.2000000000e+01,2.2000000000e+01,4.6733612061e+01
4.4000000000e+01,7.2000000000e+01,2.3000000000e+01,4.9605289459e+01
4.4000000000e+01,7.2000000000e+01,2.4000000000e+01,5.2534248352e+01
4.4000000000e+01,7.2000000000e+01,2.5000000000e+01,5.5526508331e+01
4.4000000000e+01,7.2000000000e+01,2.6000000000e+01,5.8577919006e+01
4.4000000000e+01,7.2000000000e+01,2.7000000000e+01,6.1692890167e+01
4.4000000000e+01,7.2000000000e+01,2.8000000000e+01,6.4868728638e+01
4.4000000000e+01,7.2000000000e+01,2.9000000000e+01,6.8108695984e+01
4.4000000000e+01,7.2000000000e+01,3.0000000000e+01,7.1411079407e+01
4.4000000000e+01,7.2000000000e+01,3.1000000000e+01,7.4778327942e+01
4.4000000000e+01,1.0000000000e+02,0.0000000000e+00,1.9896427393e+00
4.4000000000e+01,1.0000000000e+02,1.0000000000e+00,2.2365307808e+00
4.4000000000e+01,1.0000000000e+02,2.0000000000e+00,2.7481334209e+00
4.4000000000e+01,1.0000000000e+02,3.0000000000e+00,3.7238700390e+00
4.4000000000e+01,1.0000000000e+02,4.0000000000e+00,4.7105569839e+00
4.4000000000e+01,1.0000000000e+02,5.0000000000e+00,5.8544254303e+00
4.4000000000e+01,1.0000000000e+02,6.0000000000e+00,6.9988737106e+00
4.4000000000e+01,1.0000000000e+02,7.0000000000e+00,8.2399797440e+00
4.4000000000e+01,1.0000000000e+02,8.0000000000e+00,9.4784107208e+00
4.4000000000e+01,1.0000000000e+02,9.0000000000e+00,1.0796723366e+01
4.4000000000e+01,1.0000000000e+02,1.0000000000e+01,1.2112586021e+01
4.4000000000e+01,1.0000000000e+02,1.1000000000e+01,1.3497913361e+01
4.4000000000e+01,1.0000000000e+02,1.2000000000e+01,1.4880796432e+01
4.4000000000e+01,1.0000000000e+02,1.3000000000e+01,1.6329566956e+01
4.4000000000e+01,1.0000000000e+02,1.4000000000e+01,1.7776439667e+01
4.4000000000e+01,1.0000000000e+02,1.5000000000e+01,1.9285369873e+01
4.4000000000e+01,1.0000000000e+02,1.6000000000e+01,2.0796592712e+01
4.4000000000e+01,1.0000000000e+02,1.7000000000e+01,2.2366018295e+01
4.4000000000e+01,1.0000000000e+02,1.8000000000e+01,2.3940490723e+01
4.4000000000e+01,1.0000000000e+02,1.9000000000e+01,2.5570474625e+01
4.4000000000e+01,1.0000000000e+02,2.0000000000e+01,2.7208473206e+01
4.4000000000e+01,1.0000000000e+02,2.1000000000e+01,2.8900154114e+01
4.4000000000e+01,1.0000000000e+02,2.2000000000e+01,3.0602464676e+01
4.4000000000e+01,1.0000000000e+02,2.3000000000e+01,3.2357040405e+01
4.4000000000e+01,1.0000000000e+02,2.4000000000e+01,3.4124351501e+01
4.4000000000e+01,1.0000000000e+02,2.5000000000e+01,3.5942153931e+01
4.4000000000e+01,1.0000000000e+02,2.6000000000e+01,3.7775306702e+01
4.4000000000e+01,1.0000000000e+02,2.7000000000e+01,3.9656856537e+01
4.4000000000e+01,1.0000000000e+02,2.8000000000e+01,4.1556457520e+01
4.4000000000e+01,1.0000000000e+02,2.9000000000e+01,4.3503467560e+01
4.4000000000e+01,1.0000000000e+02,3.0000000000e+01,4.5470462799e+01
4.4000000000e+01,1.0000000000e+02,3.1000000000e+01,4.7483718872e+01
4.4000000000e+01,1.3900000000e+02,0.0000000000e+00,2.0016679764e+00
4.4000000000e+01,1.3900000000e+02,1.0000000000e+00,2.0136547089e+00
4.4000000000e+01,1.3900000000e+02,2.0000000000e+00,2.2522163391e+00
4.4000000000e+01,1.3900000000e+02,3.0000000000e+00,2.8220002651e+00
4.4000000000e+01,1.3900000000e+02,4.0000000000e+00,3.3512473106e+00
4.4000000000e+01,1.3900000000e+02,5.0000000000e+00,3.9093694687e+00
4.4000000000e+01,1.3900000000e+02,6.0000000000e+00,4.4271621704e+00
4.4000000000e+01,1.3900000000e+02,7.0000000000e+00,4.9419255257e+00
4.4000000000e+01,1.3900000000e+02,8.0000000000e+00,5.4233021736e+00
4.4000000000e+01,1.3900000000e+02,9.0000000000e+00,5.8962869644e+00
4.4000000000e+01,1.3900000000e+02,1.0000000000e+01,6.3410468102e+00
4.4000000000e+01,1.3900000000e+02,1.1000000000e+01,6.7773332596e+00
4.4000000000e+01,1.3900000000e+02,1.2000000000e+01,7.1894659996e+00
4.4000000000e+01,1.3900000000e+02,1.3000000000e+01,7.5943474770e+00
4.4000000000e+01,1.3900000000e+02,1.4000000000e+01,7.9783515930e+00
4.4000000000e+01,1.3900000000e+02,1.5000000000e+01,8.3566007614e+00
4.4000000000e+01,1.3900000000e+02,1.6000000000e+01,8.7166576385e+00
4.4000000000e+01,1.3900000000e+02,1.7000000000e+01,9.0722541809e+00
4.4000000000e+01,1.3900000000e+02,1.8000000000e+01,9.4118223190e+00
4.4000000000e+01,1.3900000000e+02,1.9000000000e+01,9.7479324341e+00
4.4000000000e+01,1.3900000000e+02,2.0000000000e+01,1.0069875717e+01
4.4000000000e+01,1.3900000000e+02,2.1000000000e+01,1.0389280319e+01
4.4000000000e+01,1.3900000000e+02,2.2000000000e+01,1.0696121216e+01
4.4000000000e+01,1.3900000000e+02,2.3000000000e+01,1.1001182556e+01
4.4000000000e+01,1.3900000000e+02,2.4000000000e+01,1.1295089722e+01
4.4000000000e+01,1.3900000000e+02,2.5000000000e+01,1.1587771416e+01
4.4000000000e+01,1.3900000000e+02,2.6000000000e+01,1.1870611191e+01
4.4000000000e+01,1.3900000000e+02,2.7000000000e+01,1.2152595520e+01
4.4000000000e+01,1.3900000000e+02,2.8000000000e+01,1.2425956726e+01
4.4000000000e+01,1.3900000000e+02,2.9000000000e+01,1.2698723793e+01
4.4000000000e+01,1.3900000000e+02,3.0000000000e+01,1.2963931084e+01
4.4000000000e+01,1.3900000000e+02,3.1000000000e+01,1.3228780746e+01
4.4000000000e+01,1.9300000000e+02,0.0000000000e+00,2.0076687336e+00
4.4000000000e+01,1.9300000000e+02,1.0000000000e+00,1.7709157467e+00
4.4000000000e+01,1.9300000000e+02,2.0000000000e+00,1.8583990335e+00
4.4000000000e+01,1.9300000000e+02,3.0000000000e+00,2.2468953133e+00
4.4000000000e+01,1.9300000000e+02,4.0000000000e+00,2.6006283760e+00
4.4000000000e+01,1.9300000000e+02,5.0000000000e+00,2.9613473415e+00
4.4000000000e+01,1.9300000000e+02,6.0000000000e+00,3.2853391171e+00
4.4000000000e+01,1.9300000000e+02,7.0000000000e+00,3.5925278664e+00
4.4000000000e+01,1.9300000000e+02,8.0000000000e+00,3.8706638813e+00
4.4000000000e+01,1.9300000000e+02,9.0000000000e+00,4.1307258606e+00
4.4000000000e+01,1.9300000000e+02,1.0000000000e+01,4.3678102493e+00
4.4000000000e+01,1.9300000000e+02,1.1000000000e+01,4.5892519951e+00
4.4000000000e+01,1.9300000000e+02,1.2000000000e+01,4.7922978401e+00
4.4000000000e+01,1.9300000000e+02,1.3000000000e+01,4.9825682640e+00
4.4000000000e+01,1.9300000000e+02,1.4000000000e+01,5.1579198837e+00
4.4000000000e+01,1.9300000000e+02,1.5000000000e+01,5.3230633736e+00
4.4000000000e+01,1.9300000000e+02,1.6000000000e+01,5.4759654999e+00
4.4000000000e+01,1.9300000000e+02,1.7000000000e+01,5.6208124161e+00
4.4000000000e+01,1.9300000000e+02,1.8000000000e+01,5.7554349899e+00
4.4000000000e+01,1.9300000000e+02,1.9000000000e+01,5.8838901520e+00
4.4000000000e+01,1.9300000000e+02,2.0000000000e+01,6.0036306381e+00
4.4000000000e+01,1.9300000000e+02,2.1000000000e+01,6.1188187599e+00
4.4000000000e+01,1.9300000000e+02,2.2000000000e+01,6.2263841629e+00
4.4000000000e+01,1.9300000000e+02,2.3000000000e+01,6.3306064606e+00
4.4000000000e+01,1.9300000000e+02,2.4000000000e+01,6.4282116890e+00
4.4000000000e+01,1.9300000000e+02,2.5000000000e+01,6.5232300758e+00
4.4000000000e+01,1.9300000000e+02,2.6000000000e+01,6.6128697395e+00
4.4000000000e+01,1.9300000000e+02,2.7000000000e+01,6.7003698349e+00
4.4000000000e+01,1.9300000000e+02,2.8000000000e+01,6.7834072113e+00
4.4000000000e+01,1.9300000000e+02,2.9000000000e+01,6.8646950722e+00
4.4000000000e+01,1.9300000000e+02,3.0000000000e+01,6.9422101974e+00
4.4000000000e+01,1.9300000000e+02,3.1000000000e+01,7.0183186531e+00
4.4000000000e+01,2.6800000000e+02,0.0000000000e+00,2.0050437450e+00
4.4000000000e+01,2.6800000000e+02,1.0000000000e+00,1.5687885284e+00
4.4000000000e+01,2.6800000000e+02,2.0000000000e+00,1.5687198639e+00
4.4000000000e+01,2.6800000000e+02,3.0000000000e+00,1.8152906895e+00
4.4000000000e+01,2.6800000000e+02,4.0000000000e+00,2.0235950947e+00
4.4000000000e+01,2.6800000000e+02,5.0000000000e+00,2.2113866806e+00
4.4000000000e+01,2.6800000000e+02,6.0000000000e+00,2.3636116982e+00
4.4000000000e+01,2.6800000000e+02,7.0000000000e+00,2.4910845757e+00
4.4000000000e+01,2.6800000000e+02,8.0000000000e+00,2.5951557159e+00
4.4000000000e+01,2.6800000000e+02,9.0000000000e+00,2.6816189289e+00
4.4000000000e+01,2.6800000000e+02,1.0000000000e+01,2.7530004978e+00
4.4000000000e+01,2.6800000000e+02,1.1000000000e+01,2.8126406670e+00
4.4000000000e+01,2.6800000000e+02,1.2000000000e+01,2.8625149727e+00
4.4000000000e+01,2.6800000000e+02,1.3000000000e+01,2.9046325684e+00
4.4000000000e+01,2.6800000000e+02,1.4000000000e+01,2.9403648376e+00
4.4000000000e+01,2.6800000000e+02,1.5000000000e+01,2.9709527493e+00
4.4000000000e+01,2.6800000000e+02,1.6000000000e+01,2.9973235130e+00
4.4000000000e+01,2.6800000000e+02,1.7000000000e+01,3.0202558041e+00
4.4000000000e+01,2.6800000000e+02,1.8000000000e+01,3.0403759480e+00
4.4000000000e+01,2.6800000000e+02,1.9000000000e+01,3.0581789017e+00
4.4000000000e+01,2.6800000000e+02,2.0000000000e+01,3.0740895271e+00
4.4000000000e+01,2.6800000000e+02,2.1000000000e+01,3.0884251595e+00
4.4000000000e+01,2.6800000000e+02,2.2000000000e+01,3.1014778614e+00
4.4000000000e+01,2.6800000000e+02,2.3000000000e+01,3.1134524345e+00
4.4000000000e+01,2.6800000000e+02,2.4000000000e+01,3.1245512962e+00
4.4000000000e+01,2.6800000000e+02,2.5000000000e+01,3.1349077225e+00
4.4000000000e+01,2.6800000000e+02,2.6000000000e+01,3.1446623802e+00
4.4000000000e+01,2.6800000000e+02,2.7000000000e+01,3.1539030075e+00
4.4000000000e+01,2.6800000000e+02,2.8000000000e+01,3.1627295017e+00
4.4000000000e+01,2.6800000000e+02,2.9000000000e+01,3.1711988449e+00
4.4000000000e+01,2.6800000000e+02,3.0000000000e+01,3.1793820858e+00
4.4000000000e+01,2.6800000000e+02,3.1000000000e+01,3.1873178482e+00
4.4000000000e+01,3.7300000000e+02,0.0000000000e+00,2.0043218136e+00
4.4000000000e+01,3.7300000000e+02,1.0000000000e+00,1.4373688698e+00
4.4000000000e+01,3.7300000000e+02,2.0000000000e+00,1.4286293983e+00
4.4000000000e+01,3.7300000000e+02,3.0000000000e+00,1.6110773087e+00
4.4000000000e+01,3.7300000000e+02,4.0000000000e+00,1.7476773262e+00
4.4000000000e+01,3.7300000000e+02,5.0000000000e+00,1.8549096584e+00
4.4000000000e+01,3.7300000000e+02,6.0000000000e+00,1.9312883615e+00
4.4000000000e+01,3.7300000000e+02,7.0000000000e+00,1.9879587889e+00
4.4000000000e+01,3.7300000000e+02,8.0000000000e+00,2.0291163921e+00
4.4000000000e+01,3.7300000000e+02,9.0000000000e+00,2.0598893166e+00
4.4000000000e+01,3.7300000000e+02,1.0000000000e+01,2.0828917027e+00
4.4000000000e+01,3.7300000000e+02,1.1000000000e+01,2.1005246639e+00
4.4000000000e+01,3.7300000000e+02,1.2000000000e+01,2.1141943932e+00
4.4000000000e+01,3.7300000000e+02,1.3000000000e+01,2.1250617504e+00
4.4000000000e+01,3.7300000000e+02,1.4000000000e+01,2.1338677406e+00
4.4000000000e+01,3.7300000000e+02,1.5000000000e+01,2.1411907673e+00
4.4000000000e+01,3.7300000000e+02,1.6000000000e+01,2.1474225521e+00
4.4000000000e+01,3.7300000000e+02,1.7000000000e+01,2.1528592110e+00
4.4000000000e+01,3.7300000000e+02,1.8000000000e+01,2.1577093601e+00
4.4000000000e+01,3.7300000000e+02,1.9000000000e+01,2.1621284485e+00
4.4000000000e+01,3.7300000000e+02,2.0000000000e+01,2.1662292480e+00
4.4000000000e+01,3.7300000000e+02,2.1000000000e+01,2.1700949669e+00
4.4000000000e+01,3.7300000000e+02,2.2000000000e+01,2.1737861633e+00
4.4000000000e+01,3.7300000000e+02,2.3000000000e+01,2.1773488522e+00
4.4000000000e+01,3.7300000000e+02,2.4000000000e+01,2.1808168888e+00
4.4000000000e+01,3.7300000000e+02,2.5000000000e+01,2.1842148304e+00
4.4000000000e+01,3.7300000000e+02,2.6000000000e+01,2.1875622272e+00
4.4000000000e+01,3.7300000000e+02,2.7000000000e+01,2.1908729076e+00
4.4000000000e+01,3.7300000000e+02,2.8000000000e+01,2.1941571236e+00
4.4000000000e+01,3.7300000000e+02,2.9000000000e+01,2.1974229813e+00
4.4000000000e+01,3.7300000000e+02,3.0000000000e+01,2.2006769180e+00
4.4000000000e+01,3.7300000000e+02,3.1000000000e+01,2.2039232254e+00
4.4000000000e+01,5.1800000000e+02,0.0000000000e+00,2.0000834465e+00
4.4000000000e+01,5.1800000000e+02,1.0000000000e+00,1.3195688725e+00
4.4000000000e+01,5.1800000000e+02,2.0000000000e+00,1.2798862457e+00
4.4000000000e+01,5.1800000000e+02,3.0000000000e+00,1.4039301872e+00
4.4000000000e+01,5.1800000000e+02,4.0000000000e+00,1.4864147902e+00
4.4000000000e+01,5.1800000000e+02,5.0000000000e+00,1.5439103842e+00
4.4000000000e+01,5.1800000000e+02,6.0000000000e+00,1.5803613663e+00
4.4000000000e+01,5.1800000000e+02,7.0000000000e+00,1.6043359041e+00
4.4000000000e+01,5.1800000000e+02,8.0000000000e+00,1.6199361086e+00
4.4000000000e+01,5.1800000000e+02,9.0000000000e+00,1.6303690672e+00
4.4000000000e+01,5.1800000000e+02,1.0000000000e+01,1.6374464035e+00
4.4000000000e+01,5.1800000000e+02,1.1000000000e+01,1.6424007416e+00
4.4000000000e+01,5.1800000000e+02,1.2000000000e+01,1.6459788084e+00
4.4000000000e+01,5.1800000000e+02,1.3000000000e+01,1.6486717463e+00
4.4000000000e+01,5.1800000000e+02,1.4000000000e+01,1.6507874727e+00
4.4000000000e+01,5.1800000000e+02,1.5000000000e+01,1.6525273323e+00
4.4000000000e+01,5.1800000000e+02,1.6000000000e+01,1.6540207863e+00
4.4000000000e+01,5.1800000000e+02,1.7000000000e+01,1.6553522348e+00
4.4000000000e+01,5.1800000000e+02,1.8000000000e+01,1.6565769911e+00
4.4000000000e+01,5.1800000000e+02,1.9000000000e+01,1.6577310562e+00
4.4000000000e+01,5.1800000000e+02,2.0000000000e+01,1.6588388681e+00
4.4000000000e+01,5.1800000000e+02,2.1000000000e+01,1.6599161625e+00
4.4000000000e+01,5.1800000000e+02,2.2000000000e+01,1.6609734297e+00
4.4000000000e+01,5.1800000000e+02,2.3000000000e+01,1.6620175838e+00
4.4000000000e+01,5.1800000000e+02,2.4000000000e+01,1.6630538702e+00
4.4000000000e+01,5.1800000000e+02,2.5000000000e+01,1.6640851498e+00
4.4000000000e+01,5.1800000000e+02,2.6000000000e+01,1.6651135683e+00
4.4000000000e+01,5.1800000000e+02,2.7000000000e+01,1.6661405563e+00
4.4000000000e+01,5.1800000000e+02,2.8000000000e+01,1.6671671867e+00
4.4000000000e+01,5.1800000000e+02,2.9000000000e+01,1.6681941748e+00
4.4000000000e+01,5.1800000000e+02,3.0000000000e+01,1.6692217588e+00
4.4000000000e+01,5.1800000000e+02,3.1000000000e+01,1.6702506542e+00
4.4000000000e+01,7.2000000000e+02,0.0000000000e+00,2.0093984604e+00
4.4000000000e+01,7.2000000000e+02,1.0000000000e+00,1.2442139387e+00
4.4000000000e+01,7.2000000000e+02,2.0000000000e+00,1.2091106176e+00
4.4000000000e+01,7.2000000000e+02,3.0000000000e+00,1.3105169535e+00
4.4000000000e+01,7.2000000000e+02,4.0000000000e+00,1.3721935749e+00
4.4000000000e+01,7.2000000000e+02,5.0000000000e+00,1.4089612961e+00
4.4000000000e+01,7.2000000000e+02,6.0000000000e+00,1.4295457602e+00
4.4000000000e+01,7.2000000000e+02,7.0000000000e+00,1.4413928986e+00
4.4000000000e+01,7.2000000000e+02,8.0000000000e+00,1.4482616186e+00
4.4000000000e+01,7.2000000000e+02,9.0000000000e+00,1.4523988962e+00
4.4000000000e+01,7.2000000000e+02,1.0000000000e+01,1.4549927711e+00
4.4000000000e+01,7.2000000000e+02,1.1000000000e+01,1.4567224979e+00
4.4000000000e+01,7.2000000000e+02,1.2000000000e+01,1.4579598904e+00
4.4000000000e+01,7.2000000000e+02,1.3000000000e+01,1.4589167833e+00
4.4000000000e+01,7.2000000000e+02,1.4000000000e+01,1.4597123861e+00
4.4000000000e+01,7.2000000000e+02,1.5000000000e+01,1.4604151249e+00
4.4000000000e+01,7.2000000000e+02,1.6000000000e+01,1.4610639811e+00
4.4000000000e+01,7.2000000000e+02,1.7000000000e+01,1.4616813660e+00
4.4000000000e+01,7.2000000000e+02,1.8000000000e+01,1.4622805119e+00
4.4000000000e+01,7.2000000000e+02,1.9000000000e+01,1.4628694057e+00
4.4000000000e+01,7.2000000000e+02,2.0000000000e+01,1.4634523392e+00
4.4000000000e+01,7.2000000000e+02,2.1000000000e+01,1.4640319347e+00
4.4000000000e+01,7.2000000000e+02,2.2000000000e+01,1.4646098614e+00
4.4000000000e+01,7.2000000000e+02,2.3000000000e+01,1.4651870728e+00
4.4000000000e+01,7.2000000000e+02,2.4000000000e+01,1.4657640457e+00
4.4000000000e+01,7.2000000000e+02,2.5000000000e+01,1.4663412571e+00
4.4000000000e+01,7.2000000000e+02,2.6000000000e+01,1.4669185877e+00
4.4000000000e+01,7.2000000000e+02,2.7000000000e+01,1.4674966335e+00
4.4000000000e+01,7.2000000000e+02,2.8000000000e+01,1.4680751562e+00
4.4000000000e+01,7.2000000000e+02,2.9000000000e+01,1.4686542749e+00
4.4000000000e+01,7.2000000000e+02,3.0000000000e+01,1.4692341089e+00
4.4000000000e+01,7.2000000000e+02,3.1000000000e+01,1.4698141813e+00
4.4000000000e+01,1.0000000000e+03,0.0000000000e+00,1.9944324493e+00
4.4000000000e+01,1.0000000000e+03,1.0000000000e+00,1.1074323654e+00
4.4000000000e+01,1.0000000000e+03,2.0000000000e+00,1.0640697479e+00
4.4000000000e+01,1.0000000000e+03,3.0000000000e+00,1.1309642792e+00
4.4000000000e+01,1.0000000000e+03,4.0000000000e+00,1.1659002304e+00
4.4000000000e+01,1.0000000000e+03,5.0000000000e+00,1.1838572025e+00
4.4000000000e+01,1.0000000000e+03,6.0000000000e+00,1.1925147772e+00
4.4000000000e+01,1.0000000000e+03,7.0000000000e+00,1.1968433857e+00
4.4000000000e+01,1.0000000000e+03,8.0000000000e+00,1.1990438700e+00
4.4000000000e+01,1.0000000000e+03,9.0000000000e+00,1.2002301216e+00
4.4000000000e+01,1.0000000000e+03,1.0000000000e+01,1.2009181976e+00
4.4000000000e+01,1.0000000000e+03,1.1000000000e+01,1.2013632059e+00
4.4000000000e+01,1.0000000000e+03,1.2000000000e+01,1.2016872168e+00
4.4000000000e+01,1.0000000000e+03,1.3000000000e+01,1.2019513845e+00
4.4000000000e+01,1.0000000000e+03,1.4000000000e+01,1.2021852732e+00
4.4000000000e+01,1.0000000000e+03,1.5000000000e+01,1.2024041414e+00
4.4000000000e+01,1.0000000000e+03,1.6000000000e+01,1.2026154995e+00
4.4000000000e+01,1.0000000000e+03,1.7000000000e+01,1.2028228045e+00
4.4000000000e+01,1.0000000000e+03,1.8000000000e+01,1.2030284405e+00
4.4000000000e+01,1.0000000000e+03,1.9000000000e+01,1.2032330036e+00
4.4000000000e+01,1.0000000000e+03,2.0000000000e+01,1.2034373283e+00
4.4000000000e+01,1.0000000000e+03,2.1000000000e+01,1.2036415339e+00
4.4000000000e+01,1.0000000000e+03,2.2000000000e+01,1.2038457394e+00
4.4000000000e+01,1.0000000000e+03,2.3000000000e+01,1.2040499449e+00
4.4000000000e+01,1.0000000000e+03,2.4000000000e+01,1.2042546272e+00
4.4000000000e+01,1.0000000000e+03,2.5000000000e+01,1.2044591904e+00
4.4000000000e+01,1.0000000000e+03,2.6000000000e+01,1.2046641111e+00
4.4000000000e+01,1.0000000000e+03,2.7000000000e+01,1.2048690319e+00
4.4000000000e+01,1.0000000000e+03,2.8000000000e+01,1.2050743103e+00
4.4000000000e+01,1.0000000000e+03,2.9000000000e+01,1.2052797079e+00
4.4000000000e+01,1.0000000000e+03,3.0000000000e+01,1.2054854631e+00
4.4000000000e+01,1.0000000000e+03,3.1000000000e+01,1.2056912184e+00
7.2000000000e+01,1.0000000000e+01,0.0000000000e+00,1.9964894056e+00
7.2000000000e+01,1.0000000000e+01,1.0000000000e+00,3.6613788605e+00
7.2000000000e+01,1.0000000000e+01,2.0000000000e+00,6.2946710587e+00
7.2000000000e+01,1.0000000000e+01,3.0000000000e+00,9.3859548569e+00
7.2000000000e+01,1.0000000000e+01,4.0000000000e+00,1.2233793259e+01
7.2000000000e+01,1.0000000000e+01,5.0000000000e+00,1.4832330704e+01
7.2000000000e+01,1.0000000000e+01,6.0000000000e+00,1.7225025177e+01
7.2000000000e+01,1.0000000000e+01,7.0000000000e+00,1.9481567383e+01
7.2000000000e+01,1.0000000000e+01,8.0000000000e+00,2.1658153534e+01
7.2000000000e+01,1.0000000000e+01,9.0000000000e+00,2.3798194885e+01
7.2000000000e+01,1.0000000000e+01,1.0000000000e+01,2.5934444427e+01
7.2000000000e+01,1.0000000000e+01,1.1000000000e+01,2.8091714859e+01
7.2000000000e+01,1.0000000000e+01,1.2000000000e+01,3.0289022446e+01
7.2000000000e+01,1.0000000000e+01,1.3000000000e+01,3.2541103363e+01
7.2000000000e+01,1.0000000000e+01,1.4000000000e+01,3.4859554291e+01
7.2000000000e+01,1.0000000000e+01,1.5000000000e+01,3.7253593445e+01
7.2000000000e+01,1.0000000000e+01,1.6000000000e+01,3.9730648041e+01
7.2000000000e+01,1.0000000000e+01,1.7000000000e+01,4.2296737671e+01
7.2000000000e+01,1.0000000000e+01,1.8000000000e+01,4.4956817627e+01
7.2000000000e+01,1.0000000000e+01,1.9000000000e+01,4.7714973450e+01
7.2000000000e+01,1.0000000000e+01,2.0000000000e+01,5.0574604034e+01
7.2000000000e+01,1.0000000000e+01,2.1000000000e+01,5.3538555145e+01
7.2000000000e+01,1.0000000000e+01,2.2000000000e+01,5.6609226227e+01
7.2000000000e+01,1.0000000000e+01,2.3000000000e+01,5.9788658142e+01
7.2000000000e+01,1.0000000000e+01,2.4000000000e+01,6.3078563690e+01
7.2000000000e+01,1.0000000000e+01,2.5000000000e+01,6.6480407715e+01
7.2000000000e+01,1.0000000000e+01,2.6000000000e+01,6.9995460510e+01
7.2000000000e+01,1.0000000000e+01,2.7000000000e+01,7.3624786377e+01
7.2000000000e+01,1.0000000000e+01,2.8000000000e+01,7.7369331360e+01
7.2000000000e+01,1.0000000000e+01,2.9000000000e+01,8.1229881287e+01
7.2000000000e+01,1.0000000000e+01,3.0000000000e+01,8.5207145691e+01
7.2000000000e+01,1.0000000000e+01,3.1000000000e+01,8.9301689148e+01
7.2000000000e+01,1.4000000000e+01,0.0000000000e+00,2.0050845146e+00
7.2000000000e+01,1.4000000000e+01,1.0000000000e+00,3.4641060829e+00
7.2000000000e+01,1.4000000000e+01,2.0000000000e+00,5.7175679207e+00
7.2000000000e+01,1.4000000000e+01,3.0000000000e+00,8.6659326553e+00
7.2000000000e+01,1.4000000000e+01,4.0000000000e+00,1.1592856407e+01
7.2000000000e+01,1.4000000000e+01,5.0000000000e+00,1.4413627625e+01
7.2000000000e+01,1.4000000000e+01,6.0000000000e+00,1.7061012268e+01
7.2000000000e+01,1.4000000000e+01,7.0000000000e+00,1.9563007355e+01
7.2000000000e+01,1.4000000000e+01,8.0000000000e+00,2.1952098846e+01
7.2000000000e+01,1.4000000000e+01,9.0000000000e+00,2.4262762070e+01
7.2000000000e+01,1.4000000000e+01,1.0000000000e+01,2.6524692535e+01
7.2000000000e+01,1.4000000000e+01,1.1000000000e+01,2.8762628555e+01
7.2000000000e+01,1.4000000000e+01,1.2000000000e+01,3.0996765137e+01
7.2000000000e+01,1.4000000000e+01,1.3000000000e+01,3.3243560791e+01
7.2000000000e+01,1.4000000000e+01,1.4000000000e+01,3.5516437531e+01
7.2000000000e+01,1.4000000000e+01,1.5000000000e+01,3.7826419830e+01
7.2000000000e+01,1.4000000000e+01,1.6000000000e+01,4.0182601929e+01
7.2000000000e+01,1.4000000000e+01,1.7000000000e+01,4.2592548370e+01
7.2000000000e+01,1.4000000000e+01,1.8000000000e+01,4.5062576294e+01
7.2000000000e+01,1.4000000000e+01,1.9000000000e+01,4.7598026276e+01
7.2000000000e+01,1.4000000000e+01,2.0000000000e+01,5.0203399658e+01
7.2000000000e+01,1.4000000000e+01,2.1000000000e+01,5.2882545471e+01
7.2000000000e+01,1.4000000000e+01,2.2000000000e+01,5.5638767242e+01
7.2000000000e+01,1.4000000000e+01,2.3000000000e+01,5.8474876404e+01
7.2000000000e+01,1.4000000000e+01,2.4000000000e+01,6.1393337250e+01
7.2000000000e+01,1.4000000000e+01,2.5000000000e+01,6.4396263123e+01
7.2000000000e+01,1.4000000000e+01,2.6000000000e+01,6.7485504150e+01
7.2000000000e+01,1.4000000000e+01,2.7000000000e+01,7.0662681580e+01
7.2000000000e+01,1.4000000000e+01,2.8000000000e+01,7.3929199219e+01
7.2000000000e+01,1.4000000000e+01,2.9000000000e+01,7.7286308289e+01
7.2000000000e+01,1.4000000000e+01,3.0000000000e+01,8.0735092163e+01
7.2000000000e+01,1.4000000000e+01,3.1000000000e+01,8.4276527405e+01
7.2000000000e+01,1.9000000000e+01,0.0000000000e+00,2.0037083626e+00
7.2000000000e+01,1.9000000000e+01,1.0000000000e+00,3.2786583900e+00
7.2000000000e+01,1.9000000000e+01,2.0000000000e+00,5.1882963181e+00
7.2000000000e+01,1.9000000000e+01,3.0000000000e+00,7.9804658890e+00
7.2000000000e+01,1.9000000000e+01,4.0000000000e+00,1.0975949287e+01
7.2000000000e+01,1.9000000000e+01,5.0000000000e+00,1.4140790939e+01
7.2000000000e+01,1.9000000000e+01,6.0000000000e+00,1.7317085266e+01
7.2000000000e+01,1.9000000000e+01,7.0000000000e+00,2.0513877869e+01
7.2000000000e+01,1.9000000000e+01,8.0000000000e+00,2.3725893021e+01
7.2000000000e+01,1.9000000000e+01,9.0000000000e+00,2.6974302292e+01
7.2000000000e+01,1.9000000000e+01,1.0000000000e+01,3.0278568268e+01
7.2000000000e+01,1.9000000000e+01,1.1000000000e+01,3.3658733368e+01
7.2000000000e+01,1.9000000000e+01,1.2000000000e+01,3.7132614136e+01
7.2000000000e+01,1.9000000000e+01,1.3000000000e+01,4.0715698242e+01
7.2000000000e+01,1.9000000000e+01,1.4000000000e+01,4.4421234131e+01
7.2000000000e+01,1.9000000000e+01,1.5000000000e+01,4.8260429382e+01
7.2000000000e+01,1.9000000000e+01,1.6000000000e+01,5.2242733002e+01
7.2000000000e+01,1.9000000000e+01,1.7000000000e+01,5.6376110077e+01
7.2000000000e+01,1.9000000000e+01,1.8000000000e+01,6.0667297363e+01
7.2000000000e+01,1.9000000000e+01,1.9000000000e+01,6.5121932983e+01
7.2000000000e+01,1.9000000000e+01,2.0000000000e+01,6.9744819641e+01
7.2000000000e+01,1.9000000000e+01,2.1000000000e+01,7.4540000916e+01
7.2000000000e+01,1.9000000000e+01,2.2000000000e+01,7.9510940552e+01
7.2000000000e+01,1.9000000000e+01,2.3000000000e+01,8.4660514832e+01
7.2000000000e+01,1.9000000000e+01,2.4000000000e+01,8.9991256714e+01
7.2000000000e+01,1.9000000000e+01,2.5000000000e+01,9.5505264282e+01
7.2000000000e+01,1.9000000000e+01,2.6000000000e+01,1.0120434570e+02
7.2000000000e+01,1.9000000000e+01,2.7000000000e+01,1.0709005737e+02
7.2000000000e+01,1.9000000000e+01,2.8000000000e+01,1.1316372681e+02
7.2000000000e+01,1.9000000000e+01,2.9000000000e+01,1.1942650604e+02
7.2000000000e+01,1.9000000000e+01,3.0000000000e+01,1.2587932587e+02
7.2000000000e+01,1.9000000000e+01,3.1000000000e+01,1.3252307129e+02
7.2000000000e+01,2.7000000000e+01,0.0000000000e+00,1.9897080660e+00
7.2000000000e+01,2.7000000000e+01,1.0000000000e+00,3.0232625008e+00
7.2000000000e+01,2.7000000000e+01,2.0000000000e+00,4.6499400139e+00
7.2000000000e+01,2.7000000000e+01,3.0000000000e+00,7.0818347931e+00
7.2000000000e+01,2.7000000000e+01,4.0000000000e+00,9.7472343445e+00
7.2000000000e+01,2.7000000000e+01,5.0000000000e+00,1.2662999153e+01
7.2000000000e+01,2.7000000000e+01,6.0000000000e+00,1.5619259834e+01
7.2000000000e+01,2.7000000000e+01,7.0000000000e+00,1.8619335175e+01
7.2000000000e+01,2.7000000000e+01,8.0000000000e+00,2.1604782104e+01
7.2000000000e+01,2.7000000000e+01,9.0000000000e+00,2.4581859589e+01
7.2000000000e+01,2.7000000000e+01,1.0000000000e+01,2.7546340942e+01
7.2000000000e+01,2.7000000000e+01,1.1000000000e+01,3.0508255005e+01
7.2000000000e+01,2.7000000000e+01,1.2000000000e+01,3.3476486206e+01
7.2000000000e+01,2.7000000000e+01,1.3000000000e+01,3.6461841583e+01
7.2000000000e+01,2.7000000000e+01,1.4000000000e+01,3.9474571228e+01
7.2000000000e+01,2.7000000000e+01,1.5000000000e+01,4.2524353027e+01
7.2000000000e+01,2.7000000000e+01,1.6000000000e+01,4.5620079041e+01
7.2000000000e+01,2.7000000000e+01,1.7000000000e+01,4.8769756317e+01
7.2000000000e+01,2.7000000000e+01,1.8000000000e+01,5.1980571747e+01
7.2000000000e+01,2.7000000000e+01,1.9000000000e+01,5.5258907318e+01
7.2000000000e+01,2.7000000000e+01,2.0000000000e+01,5.8610443115e+01
7.2000000000e+01,2.7000000000e+01,2.1000000000e+01,6.2040218353e+01
7.2000000000e+01,2.7000000000e+01,2.2000000000e+01,6.5552680969e+01
7.2000000000e+01,2.7000000000e+01,2.3000000000e+01,6.9151794434e+01
7.2000000000e+01,2.7000000000e+01,2.4000000000e+01,7.2841079712e+01
7.2000000000e+01,2.7000000000e+01,2.5000000000e+01,7.6623634338e+01
7.2000000000e+01,2.7000000000e+01,2.6000000000e+01,8.0502227783e+01
7.2000000000e+01,2.7000000000e+01,2.7000000000e+01,8.4479339600e+01
7.2000000000e+01,2.7000000000e+01,2.8000000000e+01,8.8557144165e+01
7.2000000000e+01,2.7000000000e+01,2.9000000000e+01,9.2737594604e+01
7.2000000000e+01,2.7000000000e+01,3.0000000000e+01,9.7022445679e+01
7.2000000000e+01,2.7000000000e+01,3.1000000000e+01,1.0141325378e+02
7.2000000000e+01,3.7000000000e+01,0.0000000000e+00,2.0051360130e+00
7.2000000000e+01,3.7000000000e+01,1.0000000000e+00,2.7347288132e+00
7.2000000000e+01,3.7000000000e+01,2.0000000000e+00,3.8948259354e+00
7.2000000000e+01,3.7000000000e+01,3.0000000000e+00,5.7367181778e+00
7.2000000000e+01,3.7000000000e+01,4.0000000000e+00,7.7953004837e+00
7.2000000000e+01,3.7000000000e+01,5.0000000000e+00,1.0138813972e+01
7.2000000000e+01,3.7000000000e+01,6.0000000000e+00,1.2601058960e+01
7.2000000000e+01,3.7000000000e+01,7.0000000000e+00,1.5196311951e+01
7.2000000000e+01,3.7000000000e+01,8.0000000000e+00,1.7856134415e+01
7.2000000000e+01,3.7000000000e+01,9.0000000000e+00,2.0580806732e+01
7.2000000000e+01,3.7000000000e+01,1.0000000000e+01,2.3345584869e+01
7.2000000000e+01,3.7000000000e+01,1.1000000000e+01,2.6150621414e+01
7.2000000000e+01,3.7000000000e+01,1.2000000000e+01,2.8989921570e+01
7.2000000000e+01,3.7000000000e+01,1.3000000000e+01,3.1865705490e+01
7.2000000000e+01,3.7000000000e+01,1.4000000000e+01,3.4778991699e+01
7.2000000000e+01,3.7000000000e+01,1.5000000000e+01,3.7733341217e+01
7.2000000000e+01,3.7000000000e+01,1.6000000000e+01,4.0732112885e+01
7.2000000000e+01,3.7000000000e+01,1.7000000000e+01,4.3779308319e+01
7.2000000000e+01,3.7000000000e+01,1.8000000000e+01,4.6878822327e+01
7.2000000000e+01,3.7000000000e+01,1.9000000000e+01,5.0034568787e+01
7.2000000000e+01,3.7000000000e+01,2.0000000000e+01,5.3250267029e+01
7.2000000000e+01,3.7000000000e+01,2.1000000000e+01,5.6529495239e+01
7.2000000000e+01,3.7000000000e+01,2.2000000000e+01,5.9875587463e+01
7.2000000000e+01,3.7000000000e+01,2.3000000000e+01,6.3291667938e+01
7.2000000000e+01,3.7000000000e+01,2.4000000000e+01,6.6780639648e+01
7.2000000000e+01,3.7000000000e+01,2.5000000000e+01,7.0345191956e+01
7.2000000000e+01,3.7000000000e+01,2.6000000000e+01,7.3987800598e+01
7.2000000000e+01,3.7000000000e+01,2.7000000000e+01,7.7710754395e+01
7.2000000000e+01,3.7000000000e+01,2.8000000000e+01,8.1516143799e+01
7.2000000000e+01,3.7000000000e+01,2.9000000000e+01,8.5405929565e+01
7.2000000000e+01,3.7000000000e+01,3.0000000000e+01,8.9381874084e+01
7.2000000000e+01,3.7000000000e+01,3.1000000000e+01,9.3445610046e+01
7.2000000000e+01,5.2000000000e+01,0.0000000000e+00,1.9959752560e+00
7.2000000000e+01,5.2000000000e+01,1.0000000000e+00,2.4158987999e+00
7.2000000000e+01,5.2000000000e+01,2.0000000000e+00,3.1768710613e+00
7.2000000000e+01,5.2000000000e+01,3.0000000000e+00,4.4987359047e+00
7.2000000000e+01,5.2000000000e+01,4.0000000000e+00,5.9804711342e+00
7.2000000000e+01,5.2000000000e+01,5.0000000000e+00,7.7143115997e+00
7.2000000000e+01,5.2000000000e+01,6.0000000000e+00,9.5653495789e+00
7.2000000000e+01,5.2000000000e+01,7.0000000000e+00,1.1576782227e+01
7.2000000000e+01,5.2000000000e+01,8.0000000000e+00,1.3680707932e+01
7.2000000000e+01,5.2000000000e+01,9.0000000000e+00,1.5897216797e+01
7.2000000000e+01,5.2000000000e+01,1.0000000000e+01,1.8192108154e+01
7.2000000000e+01,5.2000000000e+01,1.1000000000e+01,2.0572900772e+01
7.2000000000e+01,5.2000000000e+01,1.2000000000e+01,2.3024345398e+01
7.2000000000e+01,5.2000000000e+01,1.3000000000e+01,2.5548482895e+01
7.2000000000e+01,5.2000000000e+01,1.4000000000e+01,2.8139699936e+01
7.2000000000e+01,5.2000000000e+01,1.5000000000e+01,3.0798475266e+01
7.2000000000e+01,5.2000000000e+01,1.6000000000e+01,3.3523571014e+01
7.2000000000e+01,5.2000000000e+01,1.7000000000e+01,3.6315391541e+01
7.2000000000e+01,5.2000000000e+01,1.8000000000e+01,3.9174545288e+01
7.2000000000e+01,5.2000000000e+01,1.9000000000e+01,4.2101745605e+01
7.2000000000e+01,5.2000000000e+01,2.0000000000e+01,4.5098289490e+01
7.2000000000e+01,5.2000000000e+01,2.1000000000e+01,4.8165176392e+01
7.2000000000e+01,5.2000000000e+01,2.2000000000e+01,5.1303947449e+01
7.2000000000e+01,5.2000000000e+01,2.3000000000e+01,5.4515724182e+01
7.2000000000e+01,5.2000000000e+01,2.4000000000e+01,5.7802070618e+01
7.2000000000e+01,5.2000000000e+01,2.5000000000e+01,6.1164146423e+01
7.2000000000e+01,5.2000000000e+01,2.6000000000e+01,6.4603446960e+01
7.2000000000e+01,5.2000000000e+01,2.7000000000e+01,6.8121101379e+01
7.2000000000e+01,5.2000000000e+01,2.8000000000e+01,7.1718498230e+01
7.2000000000e+01,5.2000000000e+01,2.9000000000e+01,7.5396667480e+01
7.2000000000e+01,5.2000000000e+01,3.0000000000e+01,7.9156883240e+01
7.2000000000e+01,5.2000000000e+01,3.1000000000e+01,8.3000099182e+01
7.2000000000e+01,7.2000000000e+01,0.0000000000e+00,2.0027399063e+00
7.2000000000e+01,7.2000000000e+01,1.0000000000e+00,2.1700396538e+00
7.2000000000e+01,7.2000000000e+01,2.0000000000e+00,2.6499929428e+00
7.2000000000e+01,7.2000000000e+01,3.0000000000e+00,3.6168675423e+00
7.2000000000e+01,7.2000000000e+01,4.0000000000e+00,4.6998648643e+00
7.2000000000e+01,7.2000000000e+01,5.0000000000e+00,5.9771442413e+00
7.2000000000e+01,7.2000000000e+01,6.0000000000e+00,7.3441114426e+00
7.2000000000e+01,7.2000000000e+01,7.0000000000e+00,8.8466243744e+00
7.2000000000e+01,7.2000000000e+01,8.0000000000e+00,1.0429052353e+01
7.2000000000e+01,7.2000000000e+01,9.0000000000e+00,1.2121667862e+01
7.2000000000e+01,7.2000000000e+01,1.0000000000e+01,1.3889215469e+01
7.2000000000e+01,7.2000000000e+01,1.1000000000e+01,1.5752861023e+01
7.2000000000e+01,7.2000000000e+01,1.2000000000e+01,1.7689306259e+01
7.2000000000e+01,7.2000000000e+01,1.3000000000e+01,1.9713111877e+01
7.2000000000e+01,7.2000000000e+01,1.4000000000e+01,2.1808908463e+01
7.2000000000e+01,7.2000000000e+01,1.5000000000e+01,2.3986669540e+01
7.2000000000e+01,7.2000000000e+01,1.6000000000e+01,2.6236482620e+01
7.2000000000e+01,7.2000000000e+01,1.7000000000e+01,2.8564992905e+01
7.2000000000e+01,7.2000000000e+01,1.8000000000e+01,3.0966033936e+01
7.2000000000e+01,7.2000000000e+01,1.9000000000e+01,3.3443946838e+01
7.2000000000e+01,7.2000000000e+01,2.0000000000e+01,3.5995117188e+01
7.2000000000e+01,7.2000000000e+01,2.1000000000e+01,3.8622322083e+01
7.2000000000e+01,7.2000000000e+01,2.2000000000e+01,4.1323642731e+01
7.2000000000e+01,7.2000000000e+01,2.3000000000e+01,4.4100811005e+01
7.2000000000e+01,7.2000000000e+01,2.4000000000e+01,4.6953002930e+01
7.2000000000e+01,7.2000000000e+01,2.5000000000e+01,4.9881282806e+01
7.2000000000e+01,7.2000000000e+01,2.6000000000e+01,5.2885494232e+01
7.2000000000e+01,7.2000000000e+01,2.7000000000e+01,5.5966289520e+01
7.2000000000e+01,7.2000000000e+01,2.8000000000e+01,5.9123908997e+01
7.2000000000e+01,7.2000000000e+01,2.9000000000e+01,6.2358760834e+01
7.2000000000e+01,7.2000000000e+01,3.0000000000e+01,6.5671287537e+01
7.2000000000e+01,7.2000000000e+01,3.1000000000e+01,6.9061775208e+01
7.2000000000e+01,1.0000000000e+02,0.0000000000e+00,1.9897372723e+00
7.2000000000e+01,1.0000000000e+02,1.0000000000e+00,1.9691619873e+00
7.2000000000e+01,1.0000000000e+02,2.0000000000e+00,2.2374868393e+00
7.2000000000e+01,1.0000000000e+02,3.0000000000e+00,2.8879125118e+00
7.2000000000e+01,1.0000000000e+02,4.0000000000e+00,3.5738759041e+00
7.2000000000e+01,1.0000000000e+02,5.0000000000e+00,4.3533186913e+00
7.2000000000e+01,1.0000000000e+02,6.0000000000e+00,5.1495428085e+00
7.2000000000e+01,1.0000000000e+02,7.0000000000e+00,5.9941749573e+00
7.2000000000e+01,1.0000000000e+02,8.0000000000e+00,6.8520655632e+00
7.2000000000e+01,1.0000000000e+02,9.0000000000e+00,7.7431354523e+00
7.2000000000e+01,1.0000000000e+02,1.0000000000e+01,8.6457567215e+00
7.2000000000e+01,1.0000000000e+02,1.1000000000e+01,9.5757427216e+00
7.2000000000e+01,1.0000000000e+02,1.2000000000e+01,1.0516989708e+01
7.2000000000e+01,1.0000000000e+02,1.3000000000e+01,1.1482296944e+01
7.2000000000e+01,1.0000000000e+02,1.4000000000e+01,1.2459100723e+01
7.2000000000e+01,1.0000000000e+02,1.5000000000e+01,1.3458092690e+01
7.2000000000e+01,1.0000000000e+02,1.6000000000e+01,1.4469394684e+01
7.2000000000e+01,1.0000000000e+02,1.7000000000e+01,1.5501571655e+01
7.2000000000e+01,1.0000000000e+02,1.8000000000e+01,1.6546775818e+01
7.2000000000e+01,1.0000000000e+02,1.9000000000e+01,1.7612455368e+01
7.2000000000e+01,1.0000000000e+02,2.0000000000e+01,1.8691867828e+01
7.2000000000e+01,1.0000000000e+02,2.1000000000e+01,1.9791757584e+01
7.2000000000e+01,1.0000000000e+02,2.2000000000e+01,2.0905809402e+01
7.2000000000e+01,1.0000000000e+02,2.3000000000e+01,2.2040180206e+01
7.2000000000e+01,1.0000000000e+02,2.4000000000e+01,2.3189468384e+01
7.2000000000e+01,1.0000000000e+02,2.5000000000e+01,2.4358892441e+01
7.2000000000e+01,1.0000000000e+02,2.6000000000e+01,2.5543989182e+01
7.2000000000e+01,1.0000000000e+02,2.7000000000e+01,2.6749042511e+01
7.2000000000e+01,1.0000000000e+02,2.8000000000e+01,2.7970636368e+01
7.2000000000e+01,1.0000000000e+02,2.9000000000e+01,2.9212234497e+01
7.2000000000e+01,1.0000000000e+02,3.0000000000e+01,3.0470972061e+01
7.2000000000e+01,1.0000000000e+02,3.1000000000e+01,3.1749668121e+01
7.2000000000e+01,1.3900000000e+02,0.0000000000e+00,1.9967191219e+00
7.2000000000e+01,1.3900000000e+02,1.0000000000e+00,1.7251783609e+00
7.2000000000e+01,1.3900000000e+02,2.0000000000e+00,1.9090481997e+00
7.2000000000e+01,1.3900000000e+02,3.0000000000e+00,2.3807866573e+00
7.2000000000e+01,1.3900000000e+02,4.0000000000e+00,2.8818895817e+00
7.2000000000e+01,1.3900000000e+02,5.0000000000e+00,3.4185438156e+00
7.2000000000e+01,1.3900000000e+02,6.0000000000e+00,3.9535503387e+00
7.2000000000e+01,1.3900000000e+02,7.0000000000e+00,4.4933876991e+00
7.2000000000e+01,1.3900000000e+02,8.0000000000e+00,5.0258350372e+00
7.2000000000e+01,1.3900000000e+02,9.0000000000e+00,5.5555381775e+00
7.2000000000e+01,1.3900000000e+02,1.0000000000e+01,6.0766859055e+00
7.2000000000e+01,1.3900000000e+02,1.1000000000e+01,6.5931229591e+00
7.2000000000e+01,1.3900000000e+02,1.2000000000e+01,7.1012053490e+00
7.2000000000e+01,1.3900000000e+02,1.3000000000e+01,7.6044669151e+00
7.2000000000e+01,1.3900000000e+02,1.4000000000e+01,8.1000461578e+00
7.2000000000e+01,1.3900000000e+02,1.5000000000e+01,8.5913200378e+00
7.2000000000e+01,1.3900000000e+02,1.6000000000e+01,9.0757923126e+00
7.2000000000e+01,1.3900000000e+02,1.7000000000e+01,9.5565414429e+00
7.2000000000e+01,1.3900000000e+02,1.8000000000e+01,1.0031339645e+01
7.2000000000e+01,1.3900000000e+02,1.9000000000e+01,1.0503242493e+01
7.2000000000e+01,1.3900000000e+02,2.0000000000e+01,1.0969976425e+01
7.2000000000e+01,1.3900000000e+02,2.1000000000e+01,1.1434527397e+01
7.2000000000e+01,1.3900000000e+02,2.2000000000e+01,1.1894609451e+01
7.2000000000e+01,1.3900000000e+02,2.3000000000e+01,1.2353063583e+01
7.2000000000e+01,1.3900000000e+02,2.4000000000e+01,1.2807682037e+01
7.2000000000e+01,1.3900000000e+02,2.5000000000e+01,1.3261264801e+01
7.2000000000e+01,1.3900000000e+02,2.6000000000e+01,1.3711731911e+01
7.2000000000e+01,1.3900000000e+02,2.7000000000e+01,1.4161550522e+01
7.2000000000e+01,1.3900000000e+02,2.8000000000e+01,1.4608884811e+01
7.2000000000e+01,1.3900000000e+02,2.9000000000e+01,1.5055811882e+01
7.2000000000e+01,1.3900000000e+02,3.0000000000e+01,1.5500794411e+01
7.2000000000e+01,1.3900000000e+02,3.1000000000e+01,1.5945730209e+01
7.2000000000e+01,1.9300000000e+02,0.0000000000e+00,2.0013995171e+00
7.2000000000e+01,1.9300000000e+02,1.0000000000e+00,1.4731976986e+00
7.2000000000e+01,1.9300000000e+02,2.0000000000e+00,1.5053752661e+00
7.2000000000e+01,1.9300000000e+02,3.0000000000e+00,1.7742774487e+00
7.2000000000e+01,1.9300000000e+02,4.0000000000e+00,2.0497565269e+00
7.2000000000e+01,1.9300000000e+02,5.0000000000e+00,2.3288266659e+00
7.2000000000e+01,1.9300000000e+02,6.0000000000e+00,2.5896494389e+00
7.2000000000e+01,1.9300000000e+02,7.0000000000e+00,2.8362953663e+00
7.2000000000e+01,1.9300000000e+02,8.0000000000e+00,3.0645742416e+00
7.2000000000e+01,1.9300000000e+02,9.0000000000e+00,3.2777690887e+00
7.2000000000e+01,1.9300000000e+02,1.0000000000e+01,3.4750716686e+00
7.2000000000e+01,1.9300000000e+02,1.1000000000e+01,3.6592066288e+00
7.2000000000e+01,1.9300000000e+02,1.2000000000e+01,3.8299760818e+00
7.2000000000e+01,1.9300000000e+02,1.3000000000e+01,3.9899175167e+00
7.2000000000e+01,1.9300000000e+02,1.4000000000e+01,4.1385641098e+00
7.2000000000e+01,1.9300000000e+02,1.5000000000e+01,4.2785425186e+00
7.2000000000e+01,1.9300000000e+02,1.6000000000e+01,4.4089784622e+00
7.2000000000e+01,1.9300000000e+02,1.7000000000e+01,4.5324845314e+00
7.2000000000e+01,1.9300000000e+02,1.8000000000e+01,4.6479630470e+00
7.2000000000e+01,1.9300000000e+02,1.9000000000e+01,4.7579393387e+00
7.2000000000e+01,1.9300000000e+02,2.0000000000e+01,4.8611493111e+00
7.2000000000e+01,1.9300000000e+02,2.1000000000e+01,4.9599914551e+00
7.2000000000e+01,1.9300000000e+02,2.2000000000e+01,5.0530285835e+00
7.2000000000e+01,1.9300000000e+02,2.3000000000e+01,5.1426367760e+00
7.2000000000e+01,1.9300000000e+02,2.4000000000e+01,5.2272291183e+00
7.2000000000e+01,1.9300000000e+02,2.5000000000e+01,5.3091640472e+00
7.2000000000e+01,1.9300000000e+02,2.6000000000e+01,5.3867397308e+00
7.2000000000e+01,1.9300000000e+02,2.7000000000e+01,5.4622907639e+00
7.2000000000e+01,1.9300000000e+02,2.8000000000e+01,5.5340232849e+00
7.2000000000e+01,1.9300000000e+02,2.9000000000e+01,5.6042485237e+00
7.2000000000e+01,1.9300000000e+02,3.0000000000e+01,5.6710133553e+00
7.2000000000e+01,1.9300000000e+02,3.1000000000e+01,5.7367591858e+00
7.2000000000e+01,2.6800000000e+02,0.0000000000e+00,1.9930598736e+00
7.2000000000e+01,2.6800000000e+02,1.0000000000e+00,1.3221334219e+00
7.2000000000e+01,2.6800000000e+02,2.0000000000e+00,1.2718341351e+00
7.2000000000e+01,2.6800000000e+02,3.0000000000e+00,1.4431052208e+00
7.2000000000e+01,2.6800000000e+02,4.0000000000e+00,1.6011502743e+00
7.2000000000e+01,2.6800000000e+02,5.0000000000e+00,1.7447285652e+00
7.2000000000e+01,2.6800000000e+02,6.0000000000e+00,1.8628987074e+00
7.2000000000e+01,2.6800000000e+02,7.0000000000e+00,1.9618779421e+00
7.2000000000e+01,2.6800000000e+02,8.0000000000e+00,2.0430288315e+00
7.2000000000e+01,2.6800000000e+02,9.0000000000e+00,2.1104452610e+00
7.2000000000e+01,2.6800000000e+02,1.0000000000e+01,2.1661853790e+00
7.2000000000e+01,2.6800000000e+02,1.1000000000e+01,2.2127845287e+00
7.2000000000e+01,2.6800000000e+02,1.2000000000e+01,2.2517898083e+00
7.2000000000e+01,2.6800000000e+02,1.3000000000e+01,2.2847788334e+00
7.2000000000e+01,2.6800000000e+02,1.4000000000e+01,2.3127989769e+00
7.2000000000e+01,2.6800000000e+02,1.5000000000e+01,2.3368477821e+00
7.2000000000e+01,2.6800000000e+02,1.6000000000e+01,2.3576149940e+00
7.2000000000e+01,2.6800000000e+02,1.7000000000e+01,2.3757417202e+00
7.2000000000e+01,2.6800000000e+02,1.8000000000e+01,2.3916802406e+00
7.2000000000e+01,2.6800000000e+02,1.9000000000e+01,2.4058499336e+00
7.2000000000e+01,2.6800000000e+02,2.0000000000e+01,2.4185473919e+00
7.2000000000e+01,2.6800000000e+02,2.1000000000e+01,2.4300510883e+00
7.2000000000e+01,2.6800000000e+02,2.2000000000e+01,2.4405558109e+00
7.2000000000e+01,2.6800000000e+02,2.3000000000e+01,2.4502501488e+00
7.2000000000e+01,2.6800000000e+02,2.4000000000e+01,2.4592623711e+00
7.2000000000e+01,2.6800000000e+02,2.5000000000e+01,2.4677214622e+00
7.2000000000e+01,2.6800000000e+02,2.6000000000e+01,2.4757113457e+00
7.2000000000e+01,2.6800000000e+02,2.7000000000e+01,2.4833235741e+00
7.2000000000e+01,2.6800000000e+02,2.8000000000e+01,2.4906115532e+00
7.2000000000e+01,2.6800000000e+02,2.9000000000e+01,2.4976413250e+00
7.2000000000e+01,2.6800000000e+02,3.0000000000e+01,2.5044465065e+00
7.2000000000e+01,2.6800000000e+02,3.1000000000e+01,2.5110764503e+00
7.2000000000e+01,3.7300000000e+02,0.0000000000e+00,2.0027153492e+00
7.2000000000e+01,3.7300000000e+02,1.0000000000e+00,1.1845364571e+00
7.2000000000e+01,3.7300000000e+02,2.0000000000e+00,1.0993502140e+00
7.2000000000e+01,3.7300000000e+02,3.0000000000e+00,1.2056995630e+00
7.2000000000e+01,3.7300000000e+02,4.0000000000e+00,1.3018693924e+00
7.2000000000e+01,3.7300000000e+02,5.0000000000e+00,1.3799238205e+00
7.2000000000e+01,3.7300000000e+02,6.0000000000e+00,1.4385776520e+00
7.2000000000e+01,3.7300000000e+02,7.0000000000e+00,1.4825755358e+00
7.2000000000e+01,3.7300000000e+02,8.0000000000e+00,1.5153185129e+00
7.2000000000e+01,3.7300000000e+02,9.0000000000e+00,1.5398528576e+00
7.2000000000e+01,3.7300000000e+02,1.0000000000e+01,1.5583359003e+00
7.2000000000e+01,3.7300000000e+02,1.1000000000e+01,1.5724105835e+00
7.2000000000e+01,3.7300000000e+02,1.2000000000e+01,1.5832524300e+00
7.2000000000e+01,3.7300000000e+02,1.3000000000e+01,1.5917289257e+00
7.2000000000e+01,3.7300000000e+02,1.4000000000e+01,1.5984644890e+00
7.2000000000e+01,3.7300000000e+02,1.5000000000e+01,1.6039192677e+00
7.2000000000e+01,3.7300000000e+02,1.6000000000e+01,1.6084268093e+00
7.2000000000e+01,3.7300000000e+02,1.7000000000e+01,1.6122329235e+00
7.2000000000e+01,3.7300000000e+02,1.8000000000e+01,1.6155178547e+00
7.2000000000e+01,3.7300000000e+02,1.9000000000e+01,1.6184151173e+00
7.2000000000e+01,3.7300000000e+02,2.0000000000e+01,1.6210229397e+00
7.2000000000e+01,3.7300000000e+02,2.1000000000e+01,1.6234143972e+00
7.2000000000e+01,3.7300000000e+02,2.2000000000e+01,1.6256442070e+00
7.2000000000e+01,3.7300000000e+02,2.3000000000e+01,1.6277529001e+00
7.2000000000e+01,3.7300000000e+02,2.4000000000e+01,1.6297708750e+00
7.2000000000e+01,3.7300000000e+02,2.5000000000e+01,1.6317210197e+00
7.2000000000e+01,3.7300000000e+02,2.6000000000e+01,1.6336203814e+00
7.2000000000e+01,3.7300000000e+02,2.7000000000e+01,1.6354824305e+00
7.2000000000e+01,3.7300000000e+02,2.8000000000e+01,1.6373163462e+00
7.2000000000e+01,3.7300000000e+02,2.9000000000e+01,1.6391303539e+00
7.2000000000e+01,3.7300000000e+02,3.0000000000e+01,1.6409294605e+00
7.2000000000e+01,3.7300000000e+02,3.1000000000e+01,1.6427183151e+00
7.2000000000e+01,5.1800000000e+02,0.0000000000e+00,1.9857659340e+00
7.2000000000e+01,5.1800000000e+02,1.0000000000e+00,1.0444689989e+00
7.2000000000e+01,5.1800000000e+02,2.0000000000e+00,9.6490091085e-01
7.2000000000e+01,5.1800000000e+02,3.0000000000e+00,1.0401237011e+00
7.2000000000e+01,5.1800000000e+02,4.0000000000e+00,1.1018157005e+00
7.2000000000e+01,5.1800000000e+02,5.0000000000e+00,1.1450773478e+00
7.2000000000e+01,5.1800000000e+02,6.0000000000e+00,1.1737558842e+00
7.2000000000e+01,5.1800000000e+02,7.0000000000e+00,1.1926600933e+00
7.2000000000e+01,5.1800000000e+02,8.0000000000e+00,1.2051674128e+00
7.2000000000e+01,5.1800000000e+02,9.0000000000e+00,1.2135436535e+00
7.2000000000e+01,5.1800000000e+02,1.0000000000e+01,1.2192568779e+00
7.2000000000e+01,5.1800000000e+02,1.1000000000e+01,1.2232481241e+00
7.2000000000e+01,5.1800000000e+02,1.2000000000e+01,1.2261235714e+00
7.2000000000e+01,5.1800000000e+02,1.3000000000e+01,1.2282719612e+00
7.2000000000e+01,5.1800000000e+02,1.4000000000e+01,1.2299451828e+00
7.2000000000e+01,5.1800000000e+02,1.5000000000e+01,1.2313061953e+00
7.2000000000e+01,5.1800000000e+02,1.6000000000e+01,1.2324614525e+00
7.2000000000e+01,5.1800000000e+02,1.7000000000e+01,1.2334805727e+00
7.2000000000e+01,5.1800000000e+02,1.8000000000e+01,1.2344095707e+00
7.2000000000e+01,5.1800000000e+02,1.9000000000e+01,1.2352786064e+00
7.2000000000e+01,5.1800000000e+02,2.0000000000e+01,1.2361078262e+00
7.2000000000e+01,5.1800000000e+02,2.1000000000e+01,1.2369107008e+00
7.2000000000e+01,5.1800000000e+02,2.2000000000e+01,1.2376959324e+00
7.2000000000e+01,5.1800000000e+02,2.3000000000e+01,1.2384699583e+00
7.2000000000e+01,5.1800000000e+02,2.4000000000e+01,1.2392365932e+00
7.2000000000e+01,5.1800000000e+02,2.5000000000e+01,1.2399986982e+00
7.2000000000e+01,5.1800000000e+02,2.6000000000e+01,1.2407578230e+00
7.2000000000e+01,5.1800000000e+02,2.7000000000e+01,1.2415156364e+00
7.2000000000e+01,5.1800000000e+02,2.8000000000e+01,1.2422728539e+00
7.2000000000e+01,5.1800000000e+02,2.9000000000e+01,1.2430299520e+00
7.2000000000e+01,5.1800000000e+02,3.0000000000e+01,1.2437875271e+00
7.2000000000e+01,5.1800000000e+02,3.1000000000e+01,1.2445456982e+00
7.2000000000e+01,7.2000000000e+02,0.0000000000e+00,2.0068697929e+00
7.2000000000e+01,7.2000000000e+02,1.0000000000e+00,9.8105812073e-01
7.2000000000e+01,7.2000000000e+02,2.0000000000e+00,8.8649368286e-01
7.2000000000e+01,7.2000000000e+02,3.0000000000e+00,9.4052726030e-01
7.2000000000e+01,7.2000000000e+02,4.0000000000e+00,9.8036062717e-01
7.2000000000e+01,7.2000000000e+02,5.0000000000e+00,1.0049966574e+00
7.2000000000e+01,7.2000000000e+02,6.0000000000e+00,1.0192780495e+00
7.2000000000e+01,7.2000000000e+02,7.0000000000e+00,1.0275629759e+00
7.2000000000e+01,7.2000000000e+02,8.0000000000e+00,1.0324020386e+00
7.2000000000e+01,7.2000000000e+02,9.0000000000e+00,1.0352941751e+00
7.2000000000e+01,7.2000000000e+02,1.0000000000e+01,1.0370789766e+00
7.2000000000e+01,7.2000000000e+02,1.1000000000e+01,1.0382333994e+00
7.2000000000e+01,7.2000000000e+02,1.2000000000e+01,1.0390261412e+00
7.2000000000e+01,7.2000000000e+02,1.3000000000e+01,1.0396103859e+00
7.2000000000e+01,7.2000000000e+02,1.4000000000e+01,1.0400738716e+00
7.2000000000e+01,7.2000000000e+02,1.5000000000e+01,1.0404669046e+00
7.2000000000e+01,7.2000000000e+02,1.6000000000e+01,1.0408188105e+00
7.2000000000e+01,7.2000000000e+02,1.7000000000e+01,1.0411465168e+00
7.2000000000e+01,7.2000000000e+02,1.8000000000e+01,1.0414602757e+00
7.2000000000e+01,7.2000000000e+02,1.9000000000e+01,1.0417656898e+00
7.2000000000e+01,7.2000000000e+02,2.0000000000e+01,1.0420664549e+00
7.2000000000e+01,7.2000000000e+02,2.1000000000e+01,1.0423644781e+00
7.2000000000e+01,7.2000000000e+02,2.2000000000e+01,1.0426609516e+00
7.2000000000e+01,7.2000000000e+02,2.3000000000e+01,1.0429567099e+00
7.2000000000e+01,7.2000000000e+02,2.4000000000e+01,1.0432523489e+00
7.2000000000e+01,7.2000000000e+02,2.5000000000e+01,1.0435478687e+00
7.2000000000e+01,7.2000000000e+02,2.6000000000e+01,1.0438435078e+00
7.2000000000e+01,7.2000000000e+02,2.7000000000e+01,1.0441393852e+00
7.2000000000e+01,7.2000000000e+02,2.8000000000e+01,1.0444356203e+00
7.2000000000e+01,7.2000000000e+02,2.9000000000e+01,1.0447323322e+00
7.2000000000e+01,7.2000000000e+02,3.0000000000e+01,1.0450292826e+00
7.2000000000e+01,7.2000000000e+02,3.1000000000e+01,1.0453265905e+00
7.2000000000e+01,1.0000000000e+03,0.0000000000e+00,2.0105872154e+00
7.2000000000e+01,1.0000000000e+03,1.0000000000e+00,8.8757312298e-01
7.2000000000e+01,1.0000000000e+03,2.0000000000e+00,7.9938149452e-01
7.2000000000e+01,1.0000000000e+03,3.0000000000e+00,8.3847069740e-01
7.2000000000e+01,1.0000000000e+03,4.0000000000e+00,8.6350071430e-01
7.2000000000e+01,1.0000000000e+03,5.0000000000e+00,8.7673652172e-01
7.2000000000e+01,1.0000000000e+03,6.0000000000e+00,8.8337767124e-01
7.2000000000e+01,1.0000000000e+03,7.0000000000e+00,8.8673973083e-01
7.2000000000e+01,1.0000000000e+03,8.0000000000e+00,8.8848137856e-01
7.2000000000e+01,1.0000000000e+03,9.0000000000e+00,8.8942646980e-01
7.2000000000e+01,1.0000000000e+03,1.0000000000e+01,8.8997685909e-01
7.2000000000e+01,1.0000000000e+03,1.1000000000e+01,8.9033031464e-01
7.2000000000e+01,1.0000000000e+03,1.2000000000e+01,8.9058476686e-01
7.2000000000e+01,1.0000000000e+03,1.3000000000e+01,8.9078897238e-01
7.2000000000e+01,1.0000000000e+03,1.4000000000e+01,8.9096760750e-01
7.2000000000e+01,1.0000000000e+03,1.5000000000e+01,8.9113318920e-01
7.2000000000e+01,1.0000000000e+03,1.6000000000e+01,8.9129215479e-01
7.2000000000e+01,1.0000000000e+03,1.7000000000e+01,8.9144760370e-01
7.2000000000e+01,1.0000000000e+03,1.8000000000e+01,8.9160138369e-01
7.2000000000e+01,1.0000000000e+03,1.9000000000e+01,8.9175444841e-01
7.2000000000e+01,1.0000000000e+03,2.0000000000e+01,8.9190703630e-01
7.2000000000e+01,1.0000000000e+03,2.1000000000e+01,8.9205962420e-01
7.2000000000e+01,1.0000000000e+03,2.2000000000e+01,8.9221209288e-01
7.2000000000e+01,1.0000000000e+03,2.3000000000e+01,8.9236474037e-01
7.2000000000e+01,1.0000000000e+03,2.4000000000e+01,8.9251750708e-01
7.2000000000e+01,1.0000000000e+03,2.5000000000e+01,8.9267027378e-01
7.2000000000e+01,1.0000000000e+03,2.6000000000e+01,8.9282327890e-01
7.2000000000e+01,1.0000000000e+03,2.7000000000e+01,8.9297634363e-01
7.2000000000e+01,1.0000000000e+03,2.8000000000e+01,8.9312970638e-01
7.2000000000e+01,1.0000000000e+03,2.9000000000e+01,8.9328318834e-01
7.2000000000e+01,1.0000000000e+03,3.0000000000e+01,8.9343678951e-01
7.2000000000e+01,1.0000000000e+03,3.1000000000e+01,8.9359068871e-01
1.1800000000e+02,1.0000000000e+01,0.0000000000e+00,2.0141160488e+00
1.1800000000e+02,1.0000000000e+01,1.0000000000e+00,2.7535617352e+00
1.1800000000e+02,1.0000000000e+01,2.0000000000e+00,3.9843740463e+00
1.1800000000e+02,1.0000000000e+01,3.0000000000e+00,5.4673881531e+00
1.1800000000e+02,1.0000000000e+01,4.0000000000e+00,6.8658380508e+00
1.1800000000e+02,1.0000000000e+01,5.0000000000e+00,8.1623888016e+00
1.1800000000e+02,1.0000000000e+01,6.0000000000e+00,9.3750553131e+00
1.1800000000e+02,1.0000000000e+01,7.0000000000e+00,1.0535128593e+01
1.1800000000e+02,1.0000000000e+01,8.0000000000e+00,1.1669155121e+01
1.1800000000e+02,1.0000000000e+01,9.0000000000e+00,1.2797841072e+01
1.1800000000e+02,1.0000000000e+01,1.0000000000e+01,1.3936929703e+01
1.1800000000e+02,1.0000000000e+01,1.1000000000e+01,1.5098407745e+01
1.1800000000e+02,1.0000000000e+01,1.2000000000e+01,1.6291484833e+01
1.1800000000e+02,1.0000000000e+01,1.3000000000e+01,1.7523324966e+01
1.1800000000e+02,1.0000000000e+01,1.4000000000e+01,1.8799564362e+01
1.1800000000e+02,1.0000000000e+01,1.5000000000e+01,2.0124700546e+01
1.1800000000e+02,1.0000000000e+01,1.6000000000e+01,2.1502351761e+01
1.1800000000e+02,1.0000000000e+01,1.7000000000e+01,2.2935470581e+01
1.1800000000e+02,1.0000000000e+01,1.8000000000e+01,2.4426469803e+01
1.1800000000e+02,1.0000000000e+01,1.9000000000e+01,2.5977359772e+01
1.1800000000e+02,1.0000000000e+01,2.0000000000e+01,2.7589803696e+01
1.1800000000e+02,1.0000000000e+01,2.1000000000e+01,2.9265205383e+01
1.1800000000e+02,1.0000000000e+01,2.2000000000e+01,3.1004743576e+01
1.1800000000e+02,1.0000000000e+01,2.3000000000e+01,3.2809417725e+01
1.1800000000e+02,1.0000000000e+01,2.4000000000e+01,3.4680084229e+01
1.1800000000e+02,1.0000000000e+01,2.5000000000e+01,3.6617458344e+01
1.1800000000e+02,1.0000000000e+01,2.6000000000e+01,3.8622180939e+01
1.1800000000e+02,1.0000000000e+01,2.7000000000e+01,4.0694770813e+01
1.1800000000e+02,1.0000000000e+01,2.8000000000e+01,4.2835697174e+01
1.1800000000e+02,1.0000000000e+01,2.9000000000e+01,4.5045360565e+01
1.1800000000e+02,1.0000000000e+01,3.0000000000e+01,4.7324096680e+01
1.1800000000e+02,1.0000000000e+01,3.1000000000e+01,4.9672218323e+01
1.1800000000e+02,1.4000000000e+01,0.0000000000e+00,2.0057108402e+00
1.1800000000e+02,1.4000000000e+01,1.0000000000e+00,2.6382389069e+00
1.1800000000e+02,1.4000000000e+01,2.0000000000e+00,3.8100461960e+00
1.1800000000e+02,1.4000000000e+01,3.0000000000e+00,5.3308038712e+00
1.1800000000e+02,1.4000000000e+01,4.0000000000e+00,6.8357100487e+00
1.1800000000e+02,1.4000000000e+01,5.0000000000e+00,8.2627124786e+00
1.1800000000e+02,1.4000000000e+01,6.0000000000e+00,9.5869035721e+00
1.1800000000e+02,1.4000000000e+01,7.0000000000e+00,1.0824440956e+01
1.1800000000e+02,1.4000000000e+01,8.0000000000e+00,1.1995254517e+01
1.1800000000e+02,1.4000000000e+01,9.0000000000e+00,1.3118698120e+01
1.1800000000e+02,1.4000000000e+01,1.0000000000e+01,1.4211174965e+01
1.1800000000e+02,1.4000000000e+01,1.1000000000e+01,1.5286087036e+01
1.1800000000e+02,1.4000000000e+01,1.2000000000e+01,1.6354242325e+01
1.1800000000e+02,1.4000000000e+01,1.3000000000e+01,1.7424365997e+01
1.1800000000e+02,1.4000000000e+01,1.4000000000e+01,1.8503517151e+01
1.1800000000e+02,1.4000000000e+01,1.5000000000e+01,1.9597457886e+01
1.1800000000e+02,1.4000000000e+01,1.6000000000e+01,2.0710922241e+01
1.1800000000e+02,1.4000000000e+01,1.7000000000e+01,2.1847824097e+01
1.1800000000e+02,1.4000000000e+01,1.8000000000e+01,2.3011438370e+01
1.1800000000e+02,1.4000000000e+01,1.9000000000e+01,2.4204505920e+01
1.1800000000e+02,1.4000000000e+01,2.0000000000e+01,2.5429353714e+01
1.1800000000e+02,1.4000000000e+01,2.1000000000e+01,2.6687955856e+01
1.1800000000e+02,1.4000000000e+01,2.2000000000e+01,2.7982002258e+01
1.1800000000e+02,1.4000000000e+01,2.3000000000e+01,2.9312950134e+01
1.1800000000e+02,1.4000000000e+01,2.4000000000e+01,3.0682048798e+01
1.1800000000e+02,1.4000000000e+01,2.5000000000e+01,3.2090393066e+01
1.1800000000e+02,1.4000000000e+01,2.6000000000e+01,3.3538932800e+01
1.1800000000e+02,1.4000000000e+01,2.7000000000e+01,3.5028491974e+01
1.1800000000e+02,1.4000000000e+01,2.8000000000e+01,3.6559803009e+01
1.1800000000e+02,1.4000000000e+01,2.9000000000e+01,3.8133502960e+01
1.1800000000e+02,1.4000000000e+01,3.0000000000e+01,3.9750148773e+01
1.1800000000e+02,1.4000000000e+01,3.1000000000e+01,4.1410251617e+01
1.1800000000e+02,1.9000000000e+01,0.0000000000e+00,1.9920896292e+00
1.1800000000e+02,1.9000000000e+01,1.0000000000e+00,2.4710547924e+00
1.1800000000e+02,1.9000000000e+01,2.0000000000e+00,3.4688236713e+00
1.1800000000e+02,1.9000000000e+01,3.0000000000e+00,4.8815960884e+00
1.1800000000e+02,1.9000000000e+01,4.0000000000e+00,6.3990917206e+00
1.1800000000e+02,1.9000000000e+01,5.0000000000e+00,7.9434509277e+00
1.1800000000e+02,1.9000000000e+01,6.0000000000e+00,9.4491271973e+00
1.1800000000e+02,1.9000000000e+01,7.0000000000e+00,1.0908115387e+01
1.1800000000e+02,1.9000000000e+01,8.0000000000e+00,1.2322764397e+01
1.1800000000e+02,1.9000000000e+01,9.0000000000e+00,1.3703655243e+01
1.1800000000e+02,1.9000000000e+01,1.0000000000e+01,1.5062459946e+01
1.1800000000e+02,1.9000000000e+01,1.1000000000e+01,1.6410442352e+01
1.1800000000e+02,1.9000000000e+01,1.2000000000e+01,1.7757642746e+01
1.1800000000e+02,1.9000000000e+01,1.3000000000e+01,1.9112745285e+01
1.1800000000e+02,1.9000000000e+01,1.4000000000e+01,2.0483148575e+01
1.1800000000e+02,1.9000000000e+01,1.5000000000e+01,2.1875125885e+01
1.1800000000e+02,1.9000000000e+01,1.6000000000e+01,2.3293983459e+01
1.1800000000e+02,1.9000000000e+01,1.7000000000e+01,2.4744209290e+01
1.1800000000e+02,1.9000000000e+01,1.8000000000e+01,2.6229618073e+01
1.1800000000e+02,1.9000000000e+01,1.9000000000e+01,2.7753465652e+01
1.1800000000e+02,1.9000000000e+01,2.0000000000e+01,2.9318523407e+01
1.1800000000e+02,1.9000000000e+01,2.1000000000e+01,3.0927173615e+01
1.1800000000e+02,1.9000000000e+01,2.2000000000e+01,3.2581466675e+01
1.1800000000e+02,1.9000000000e+01,2.3000000000e+01,3.4283164978e+01
1.1800000000e+02,1.9000000000e+01,2.4000000000e+01,3.6033813477e+01
1.1800000000e+02,1.9000000000e+01,2.5000000000e+01,3.7834728241e+01
1.1800000000e+02,1.9000000000e+01,2.6000000000e+01,3.9687076569e+01
1.1800000000e+02,1.9000000000e+01,2.7000000000e+01,4.1591865540e+01
1.1800000000e+02,1.9000000000e+01,2.8000000000e+01,4.3549980164e+01
1.1800000000e+02,1.9000000000e+01,2.9000000000e+01,4.5562191010e+01
1.1800000000e+02,1.9000000000e+01,3.0000000000e+01,4.7629184723e+01
1.1800000000e+02,1.9000000000e+01,3.1000000000e+01,4.9751564026e+01
1.1800000000e+02,2.7000000000e+01,0.0000000000e+00,1.9994206429e+00
1.1800000000e+02,2.7000000000e+01,1.0000000000e+00,2.4228801727e+00
1.1800000000e+02,2.7000000000e+01,2.0000000000e+00,3.3772716522e+00
1.1800000000e+02,2.7000000000e+01,3.0000000000e+00,4.8053817749e+00
1.1800000000e+02,2.7000000000e+01,4.0000000000e+00,6.4183292389e+00
1.1800000000e+02,2.7000000000e+01,5.0000000000e+00,8.1689825058e+00
1.1800000000e+02,2.7000000000e+01,6.0000000000e+00,9.9591121674e+00
1.1800000000e+02,2.7000000000e+01,7.0000000000e+00,1.1768154144e+01
1.1800000000e+02,2.7000000000e+01,8.0000000000e+00,1.3572368622e+01
1.1800000000e+02,2.7000000000e+01,9.0000000000e+00,1.5370181084e+01
1.1800000000e+02,2.7000000000e+01,1.0000000000e+01,1.7162851334e+01
1.1800000000e+02,2.7000000000e+01,1.1000000000e+01,1.8955944061e+01
1.1800000000e+02,2.7000000000e+01,1.2000000000e+01,2.0756025314e+01
1.1800000000e+02,2.7000000000e+01,1.3000000000e+01,2.2569969177e+01
1.1800000000e+02,2.7000000000e+01,1.4000000000e+01,2.4404418945e+01
1.1800000000e+02,2.7000000000e+01,1.5000000000e+01,2.6265522003e+01
1.1800000000e+02,2.7000000000e+01,1.6000000000e+01,2.8158845901e+01
1.1800000000e+02,2.7000000000e+01,1.7000000000e+01,3.0089370728e+01
1.1800000000e+02,2.7000000000e+01,1.8000000000e+01,3.2061508179e+01
1.1800000000e+02,2.7000000000e+01,1.9000000000e+01,3.4079166412e+01
1.1800000000e+02,2.7000000000e+01,2.0000000000e+01,3.6145774841e+01
1.1800000000e+02,2.7000000000e+01,2.1000000000e+01,3.8264350891e+01
1.1800000000e+02,2.7000000000e+01,2.2000000000e+01,4.0437557220e+01
1.1800000000e+02,2.7000000000e+01,2.3000000000e+01,4.2667720795e+01
1.1800000000e+02,2.7000000000e+01,2.4000000000e+01,4.4956905365e+01
1.1800000000e+02,2.7000000000e+01,2.5000000000e+01,4.7306911469e+01
1.1800000000e+02,2.7000000000e+01,2.6000000000e+01,4.9719348907e+01
1.1800000000e+02,2.7000000000e+01,2.7000000000e+01,5.2195613861e+01
1.1800000000e+02,2.7000000000e+01,2.8000000000e+01,5.4736957550e+01
1.1800000000e+02,2.7000000000e+01,2.9000000000e+01,5.7344478607e+01
1.1800000000e+02,2.7000000000e+01,3.0000000000e+01,6.0019142151e+01
1.1800000000e+02,2.7000000000e+01,3.1000000000e+01,6.2761825562e+01
1.1800000000e+02,3.7000000000e+01,0.0000000000e+00,1.9922349453e+00
1.1800000000e+02,3.7000000000e+01,1.0000000000e+00,2.2204394341e+00
1.1800000000e+02,3.7000000000e+01,2.0000000000e+00,2.9258003235e+00
1.1800000000e+02,3.7000000000e+01,3.0000000000e+00,4.0321755409e+00
1.1800000000e+02,3.7000000000e+01,4.0000000000e+00,5.3061327934e+00
1.1800000000e+02,3.7000000000e+01,5.0000000000e+00,6.7331628799e+00
1.1800000000e+02,3.7000000000e+01,6.0000000000e+00,8.2292890549e+00
1.1800000000e+02,3.7000000000e+01,7.0000000000e+00,9.7788324356e+00
1.1800000000e+02,3.7000000000e+01,8.0000000000e+00,1.1346451759e+01
1.1800000000e+02,3.7000000000e+01,9.0000000000e+00,1.2923711777e+01
1.1800000000e+02,3.7000000000e+01,1.0000000000e+01,1.4498540878e+01
1.1800000000e+02,3.7000000000e+01,1.1000000000e+01,1.6068714142e+01
1.1800000000e+02,3.7000000000e+01,1.2000000000e+01,1.7632186890e+01
1.1800000000e+02,3.7000000000e+01,1.3000000000e+01,1.9190141678e+01
1.1800000000e+02,3.7000000000e+01,1.4000000000e+01,2.0744277954e+01
1.1800000000e+02,3.7000000000e+01,1.5000000000e+01,2.2297187805e+01
1.1800000000e+02,3.7000000000e+01,1.6000000000e+01,2.3851684570e+01
1.1800000000e+02,3.7000000000e+01,1.7000000000e+01,2.5410730362e+01
1.1800000000e+02,3.7000000000e+01,1.8000000000e+01,2.6977256775e+01
1.1800000000e+02,3.7000000000e+01,1.9000000000e+01,2.8554098129e+01
1.1800000000e+02,3.7000000000e+01,2.0000000000e+01,3.0143947601e+01
1.1800000000e+02,3.7000000000e+01,2.1000000000e+01,3.1749336243e+01
1.1800000000e+02,3.7000000000e+01,2.2000000000e+01,3.3372608185e+01
1.1800000000e+02,3.7000000000e+01,2.3000000000e+01,3.5015949249e+01
1.1800000000e+02,3.7000000000e+01,2.4000000000e+01,3.6681362152e+01
1.1800000000e+02,3.7000000000e+01,2.5000000000e+01,3.8370689392e+01
1.1800000000e+02,3.7000000000e+01,2.6000000000e+01,4.0085620880e+01
1.1800000000e+02,3.7000000000e+01,2.7000000000e+01,4.1827705383e+01
1.1800000000e+02,3.7000000000e+01,2.8000000000e+01,4.3598354340e+01
1.1800000000e+02,3.7000000000e+01,2.9000000000e+01,4.5398880005e+01
1.1800000000e+02,3.7000000000e+01,3.0000000000e+01,4.7230464935e+01
1.1800000000e+02,3.7000000000e+01,3.1000000000e+01,4.9094188690e+01
1.1800000000e+02,5.2000000000e+01,0.0000000000e+00,1.9969893694e+00
1.1800000000e+02,5.2000000000e+01,1.0000000000e+00,2.0366525650e+00
1.1800000000e+02,5.2000000000e+01,2.0000000000e+00,2.5372481346e+00
1.1800000000e+02,5.2000000000e+01,3.0000000000e+00,3.4231443405e+00
1.1800000000e+02,5.2000000000e+01,4.0000000000e+00,4.4682059288e+00
1.1800000000e+02,5.2000000000e+01,5.0000000000e+00,5.6754345894e+00
1.1800000000e+02,5.2000000000e+01,6.0000000000e+00,6.9822993279e+00
1.1800000000e+02,5.2000000000e+01,7.0000000000e+00,8.3879737854e+00
1.1800000000e+02,5.2000000000e+01,8.0000000000e+00,9.8626394272e+00
1.1800000000e+02,5.2000000000e+01,9.0000000000e+00,1.1404142380e+01
1.1800000000e+02,5.2000000000e+01,1.0000000000e+01,1.2996917725e+01
1.1800000000e+02,5.2000000000e+01,1.1000000000e+01,1.4639100075e+01
1.1800000000e+02,5.2000000000e+01,1.2000000000e+01,1.6323120117e+01
1.1800000000e+02,5.2000000000e+01,1.3000000000e+01,1.8047786713e+01
1.1800000000e+02,5.2000000000e+01,1.4000000000e+01,1.9809974670e+01
1.1800000000e+02,5.2000000000e+01,1.5000000000e+01,2.1609296799e+01
1.1800000000e+02,5.2000000000e+01,1.6000000000e+01,2.3444860458e+01
1.1800000000e+02,5.2000000000e+01,1.7000000000e+01,2.5316959381e+01
1.1800000000e+02,5.2000000000e+01,1.8000000000e+01,2.7225767136e+01
1.1800000000e+02,5.2000000000e+01,1.9000000000e+01,2.9172010422e+01
1.1800000000e+02,5.2000000000e+01,2.0000000000e+01,3.1156381607e+01
1.1800000000e+02,5.2000000000e+01,2.1000000000e+01,3.3179817200e+01
1.1800000000e+02,5.2000000000e+01,2.2000000000e+01,3.5243228912e+01
1.1800000000e+02,5.2000000000e+01,2.3000000000e+01,3.7347633362e+01
1.1800000000e+02,5.2000000000e+01,2.4000000000e+01,3.9494014740e+01
1.1800000000e+02,5.2000000000e+01,2.5000000000e+01,4.1683372498e+01
1.1800000000e+02,5.2000000000e+01,2.6000000000e+01,4.3916683197e+01
1.1800000000e+02,5.2000000000e+01,2.7000000000e+01,4.6194900513e+01
1.1800000000e+02,5.2000000000e+01,2.8000000000e+01,4.8518947601e+01
1.1800000000e+02,5.2000000000e+01,2.9000000000e+01,5.0889705658e+01
1.1800000000e+02,5.2000000000e+01,3.0000000000e+01,5.3308002472e+01
1.1800000000e+02,5.2000000000e+01,3.1000000000e+01,5.5774658203e+01
1.1800000000e+02,7.2000000000e+01,0.0000000000e+00,2.0166897774e+00
1.1800000000e+02,7.2000000000e+01,1.0000000000e+00,2.0285780430e+00
1.1800000000e+02,7.2000000000e+01,2.0000000000e+00,2.4779512882e+00
1.1800000000e+02,7.2000000000e+01,3.0000000000e+00,3.2226593494e+00
1.1800000000e+02,7.2000000000e+01,4.0000000000e+00,4.0483617783e+00
1.1800000000e+02,7.2000000000e+01,5.0000000000e+00,4.9822721481e+00
1.1800000000e+02,7.2000000000e+01,6.0000000000e+00,5.9592018127e+00
1.1800000000e+02,7.2000000000e+01,7.0000000000e+00,7.0001068115e+00
1.1800000000e+02,7.2000000000e+01,8.0000000000e+00,8.0673303604e+00
1.1800000000e+02,7.2000000000e+01,9.0000000000e+00,9.1773920059e+00
1.1800000000e+02,7.2000000000e+01,1.0000000000e+01,1.0304251671e+01
1.1800000000e+02,7.2000000000e+01,1.1000000000e+01,1.1461166382e+01
1.1800000000e+02,7.2000000000e+01,1.2000000000e+01,1.2630363464e+01
1.1800000000e+02,7.2000000000e+01,1.3000000000e+01,1.3821204185e+01
1.1800000000e+02,7.2000000000e+01,1.4000000000e+01,1.5021518707e+01
1.1800000000e+02,7.2000000000e+01,1.5000000000e+01,1.6237953186e+01
1.1800000000e+02,7.2000000000e+01,1.6000000000e+01,1.7462303162e+01
1.1800000000e+02,7.2000000000e+01,1.7000000000e+01,1.8699268341e+01
1.1800000000e+02,7.2000000000e+01,1.8000000000e+01,1.9943609238e+01
1.1800000000e+02,7.2000000000e+01,1.9000000000e+01,2.1198383331e+01
1.1800000000e+02,7.2000000000e+01,2.0000000000e+01,2.2460559845e+01
1.1800000000e+02,7.2000000000e+01,2.1000000000e+01,2.3732044220e+01
1.1800000000e+02,7.2000000000e+01,2.2000000000e+01,2.5011241913e+01
1.1800000000e+02,7.2000000000e+01,2.3000000000e+01,2.6299367905e+01
1.1800000000e+02,7.2000000000e+01,2.4000000000e+01,2.7595682144e+01
1.1800000000e+02,7.2000000000e+01,2.5000000000e+01,2.8901008606e+01
1.1800000000e+02,7.2000000000e+01,2.6000000000e+01,3.0215122223e+01
1.1800000000e+02,7.2000000000e+01,2.7000000000e+01,3.1538606644e+01
1.1800000000e+02,7.2000000000e+01,2.8000000000e+01,3.2871551514e+01
1.1800000000e+02,7.2000000000e+01,2.9000000000e+01,3.4214385986e+01
1.1800000000e+02,7.2000000000e+01,3.0000000000e+01,3.5567390442e+01
1.1800000000e+02,7.2000000000e+01,3.1000000000e+01,3.6930908203e+01
1.1800000000e+02,1.0000000000e+02,0.0000000000e+00,1.9992429018e+00
1.1800000000e+02,1.0000000000e+02,1.0000000000e+00,1.6189420223e+00
1.1800000000e+02,1.0000000000e+02,2.0000000000e+00,1.7395684719e+00
1.1800000000e+02,1.0000000000e+02,3.0000000000e+00,2.1524114609e+00
1.1800000000e+02,1.0000000000e+02,4.0000000000e+00,2.6475820541e+00
1.1800000000e+02,1.0000000000e+02,5.0000000000e+00,3.2174618244e+00
1.1800000000e+02,1.0000000000e+02,6.0000000000e+00,3.8309459686e+00
1.1800000000e+02,1.0000000000e+02,7.0000000000e+00,4.4900283813e+00
1.1800000000e+02,1.0000000000e+02,8.0000000000e+00,5.1837272644e+00
1.1800000000e+02,1.0000000000e+02,9.0000000000e+00,5.9140620232e+00
1.1800000000e+02,1.0000000000e+02,1.0000000000e+01,6.6755137444e+00
1.1800000000e+02,1.0000000000e+02,1.1000000000e+01,7.4699440002e+00
1.1800000000e+02,1.0000000000e+02,1.2000000000e+01,8.2939586639e+00
1.1800000000e+02,1.0000000000e+02,1.3000000000e+01,9.1493053436e+00
1.1800000000e+02,1.0000000000e+02,1.4000000000e+01,1.0033561707e+01
1.1800000000e+02,1.0000000000e+02,1.5000000000e+01,1.0948405266e+01
1.1800000000e+02,1.0000000000e+02,1.6000000000e+01,1.1891927719e+01
1.1800000000e+02,1.0000000000e+02,1.7000000000e+01,1.2865716934e+01
1.1800000000e+02,1.0000000000e+02,1.8000000000e+01,1.3868215561e+01
1.1800000000e+02,1.0000000000e+02,1.9000000000e+01,1.4900880814e+01
1.1800000000e+02,1.0000000000e+02,2.0000000000e+01,1.5962427139e+01
1.1800000000e+02,1.0000000000e+02,2.1000000000e+01,1.7054168701e+01
1.1800000000e+02,1.0000000000e+02,2.2000000000e+01,1.8175029755e+01
1.1800000000e+02,1.0000000000e+02,2.3000000000e+01,1.9326196671e+01
1.1800000000e+02,1.0000000000e+02,2.4000000000e+01,2.0506752014e+01
1.1800000000e+02,1.0000000000e+02,2.5000000000e+01,2.1717761993e+01
1.1800000000e+02,1.0000000000e+02,2.6000000000e+01,2.2958454132e+01
1.1800000000e+02,1.0000000000e+02,2.7000000000e+01,2.4229763031e+01
1.1800000000e+02,1.0000000000e+02,2.8000000000e+01,2.5531049728e+01
1.1800000000e+02,1.0000000000e+02,2.9000000000e+01,2.6863136292e+01
1.1800000000e+02,1.0000000000e+02,3.0000000000e+01,2.8225479126e+01
1.1800000000e+02,1.0000000000e+02,3.1000000000e+01,2.9618803024e+01
1.1800000000e+02,1.3900000000e+02,0.0000000000e+00,2.0062253475e+00
1.1800000000e+02,1.3900000000e+02,1.0000000000e+00,1.4571034908e+00
1.1800000000e+02,1.3900000000e+02,2.0000000000e+00,1.4818254709e+00
1.1800000000e+02,1.3900000000e+02,3.0000000000e+00,1.7410979271e+00
1.1800000000e+02,1.3900000000e+02,4.0000000000e+00,2.0342557430e+00
1.1800000000e+02,1.3900000000e+02,5.0000000000e+00,2.3445627689e+00
1.1800000000e+02,1.3900000000e+02,6.0000000000e+00,2.6511924267e+00
1.1800000000e+02,1.3900000000e+02,7.0000000000e+00,2.9534511566e+00
1.1800000000e+02,1.3900000000e+02,8.0000000000e+00,3.2465322018e+00
1.1800000000e+02,1.3900000000e+02,9.0000000000e+00,3.5311489105e+00
1.1800000000e+02,1.3900000000e+02,1.0000000000e+01,3.8060486317e+00
1.1800000000e+02,1.3900000000e+02,1.1000000000e+01,4.0720663071e+00
1.1800000000e+02,1.3900000000e+02,1.2000000000e+01,4.3290662766e+00
1.1800000000e+02,1.3900000000e+02,1.3000000000e+01,4.5777516365e+00
1.1800000000e+02,1.3900000000e+02,1.4000000000e+01,4.8184165955e+00
1.1800000000e+02,1.3900000000e+02,1.5000000000e+01,5.0515890121e+00
1.1800000000e+02,1.3900000000e+02,1.6000000000e+01,5.2777462006e+00
1.1800000000e+02,1.3900000000e+02,1.7000000000e+01,5.4972701073e+00
1.1800000000e+02,1.3900000000e+02,1.8000000000e+01,5.7106881142e+00
1.1800000000e+02,1.3900000000e+02,1.9000000000e+01,5.9182801247e+00
1.1800000000e+02,1.3900000000e+02,2.0000000000e+01,6.1205573082e+00
1.1800000000e+02,1.3900000000e+02,2.1000000000e+01,6.3177204132e+00
1.1800000000e+02,1.3900000000e+02,2.2000000000e+01,6.5102658272e+00
1.1800000000e+02,1.3900000000e+02,2.3000000000e+01,6.6983242035e+00
1.1800000000e+02,1.3900000000e+02,2.4000000000e+01,6.8823776245e+00
1.1800000000e+02,1.3900000000e+02,2.5000000000e+01,7.0624895096e+00
1.1800000000e+02,1.3900000000e+02,2.6000000000e+01,7.2391319275e+00
1.1800000000e+02,1.3900000000e+02,2.7000000000e+01,7.4123082161e+00
1.1800000000e+02,1.3900000000e+02,2.8000000000e+01,7.5824809074e+00
1.1800000000e+02,1.3900000000e+02,2.9000000000e+01,7.7496037483e+00
1.1800000000e+02,1.3900000000e+02,3.0000000000e+01,7.9141259193e+00
1.1800000000e+02,1.3900000000e+02,3.1000000000e+01,8.0759649277e+00
1.1800000000e+02,1.9300000000e+02,0.0000000000e+00,1.9970256090e+00
1.1800000000e+02,1.9300000000e+02,1.0000000000e+00,1.3082221746e+00
1.1800000000e+02,1.9300000000e+02,2.0000000000e+00,1.2748017311e+00
1.1800000000e+02,1.9300000000e+02,3.0000000000e+00,1.4463722706e+00
1.1800000000e+02,1.9300000000e+02,4.0000000000e+00,1.6360666752e+00
1.1800000000e+02,1.9300000000e+02,5.0000000000e+00,1.8257360458e+00
1.1800000000e+02,1.9300000000e+02,6.0000000000e+00,2.0022947788e+00
1.1800000000e+02,1.9300000000e+02,7.0000000000e+00,2.1654970646e+00
1.1800000000e+02,1.9300000000e+02,8.0000000000e+00,2.3143088818e+00
1.1800000000e+02,1.9300000000e+02,9.0000000000e+00,2.4500718117e+00
1.1800000000e+02,1.9300000000e+02,1.0000000000e+01,2.5735778809e+00
1.1800000000e+02,1.9300000000e+02,1.1000000000e+01,2.6861939430e+00
1.1800000000e+02,1.9300000000e+02,1.2000000000e+01,2.7889142036e+00
1.1800000000e+02,1.9300000000e+02,1.3000000000e+01,2.8828923702e+00
1.1800000000e+02,1.9300000000e+02,1.4000000000e+01,2.9689917564e+00
1.1800000000e+02,1.9300000000e+02,1.5000000000e+01,3.0481507778e+00
1.1800000000e+02,1.9300000000e+02,1.6000000000e+01,3.1210477352e+00
1.1800000000e+02,1.9300000000e+02,1.7000000000e+01,3.1884462833e+00
1.1800000000e+02,1.9300000000e+02,1.8000000000e+01,3.2508544922e+00
1.1800000000e+02,1.9300000000e+02,1.9000000000e+01,3.3088996410e+00
1.1800000000e+02,1.9300000000e+02,2.0000000000e+01,3.3629496098e+00
1.1800000000e+02,1.9300000000e+02,2.1000000000e+01,3.4135320187e+00
1.1800000000e+02,1.9300000000e+02,2.2000000000e+01,3.4608960152e+00
1.1800000000e+02,1.9300000000e+02,2.3000000000e+01,3.5055024624e+00
1.1800000000e+02,1.9300000000e+02,2.4000000000e+01,3.5474953651e+00
1.1800000000e+02,1.9300000000e+02,2.5000000000e+01,3.5872986317e+00
1.1800000000e+02,1.9300000000e+02,2.6000000000e+01,3.6249601841e+00
1.1800000000e+02,1.9300000000e+02,2.7000000000e+01,3.6608848572e+00
1.1800000000e+02,1.9300000000e+02,2.8000000000e+01,3.6950426102e+00
1.1800000000e+02,1.9300000000e+02,2.9000000000e+01,3.7278239727e+00
1.1800000000e+02,1.9300000000e+02,3.0000000000e+01,3.7591378689e+00
1.1800000000e+02,1.9300000000e+02,3.1000000000e+01,3.7893629074e+00
1.1800000000e+02,2.6800000000e+02,0.0000000000e+00,1.9878606796e+00
1.1800000000e+02,2.6800000000e+02,1.0000000000e+00,1.1351492405e+00
1.1800000000e+02,2.6800000000e+02,2.0000000000e+00,1.0208231211e+00
1.1800000000e+02,2.6800000000e+02,3.0000000000e+00,1.1114462614e+00
1.1800000000e+02,2.6800000000e+02,4.0000000000e+00,1.2141935825e+00
1.1800000000e+02,2.6800000000e+02,5.0000000000e+00,1.3093923330e+00
1.1800000000e+02,2.6800000000e+02,6.0000000000e+00,1.3901464939e+00
1.1800000000e+02,2.6800000000e+02,7.0000000000e+00,1.4576978683e+00
1.1800000000e+02,2.6800000000e+02,8.0000000000e+00,1.5135121346e+00
1.1800000000e+02,2.6800000000e+02,9.0000000000e+00,1.5596479177e+00
1.1800000000e+02,2.6800000000e+02,1.0000000000e+01,1.5977935791e+00
1.1800000000e+02,2.6800000000e+02,1.1000000000e+01,1.6294598579e+00
1.1800000000e+02,2.6800000000e+02,1.2000000000e+01,1.6558558941e+00
1.1800000000e+02,2.6800000000e+02,1.3000000000e+01,1.6779847145e+00
1.1800000000e+02,2.6800000000e+02,1.4000000000e+01,1.6966482401e+00
1.1800000000e+02,2.6800000000e+02,1.5000000000e+01,1.7124987841e+00
1.1800000000e+02,2.6800000000e+02,1.6000000000e+01,1.7260591984e+00
1.1800000000e+02,2.6800000000e+02,1.7000000000e+01,1.7377536297e+00
1.1800000000e+02,2.6800000000e+02,1.8000000000e+01,1.7479242086e+00
1.1800000000e+02,2.6800000000e+02,1.9000000000e+01,1.7568476200e+00
1.1800000000e+02,2.6800000000e+02,2.0000000000e+01,1.7647486925e+00
1.1800000000e+02,2.6800000000e+02,2.1000000000e+01,1.7718104124e+00
1.1800000000e+02,2.6800000000e+02,2.2000000000e+01,1.7781815529e+00
1.1800000000e+02,2.6800000000e+02,2.3000000000e+01,1.7839837074e+00
1.1800000000e+02,2.6800000000e+02,2.4000000000e+01,1.7893161774e+00
1.1800000000e+02,2.6800000000e+02,2.5000000000e+01,1.7942612171e+00
1.1800000000e+02,2.6800000000e+02,2.6000000000e+01,1.7988853455e+00
1.1800000000e+02,2.6800000000e+02,2.7000000000e+01,1.8032439947e+00
1.1800000000e+02,2.6800000000e+02,2.8000000000e+01,1.8073830605e+00
1.1800000000e+02,2.6800000000e+02,2.9000000000e+01,1.8113399744e+00
1.1800000000e+02,2.6800000000e+02,3.0000000000e+01,1.8151457310e+00
1.1800000000e+02,2.6800000000e+02,3.1000000000e+01,1.8188270330e+00
1.1800000000e+02,3.7300000000e+02,0.0000000000e+00,2.0089769363e+00
1.1800000000e+02,3.7300000000e+02,1.0000000000e+00,9.8694229126e-01
1.1800000000e+02,3.7300000000e+02,2.0000000000e+00,8.4061849117e-01
1.1800000000e+02,3.7300000000e+02,3.0000000000e+00,9.0112799406e-01
1.1800000000e+02,3.7300000000e+02,4.0000000000e+00,9.7545945644e-01
1.1800000000e+02,3.7300000000e+02,5.0000000000e+00,1.0413252115e+00
1.1800000000e+02,3.7300000000e+02,6.0000000000e+00,1.0941326618e+00
1.1800000000e+02,3.7300000000e+02,7.0000000000e+00,1.1354695559e+00
1.1800000000e+02,3.7300000000e+02,8.0000000000e+00,1.1674580574e+00
1.1800000000e+02,3.7300000000e+02,9.0000000000e+00,1.1922060251e+00
1.1800000000e+02,3.7300000000e+02,1.0000000000e+01,1.2114124298e+00
1.1800000000e+02,3.7300000000e+02,1.1000000000e+01,1.2264192104e+00
1.1800000000e+02,3.7300000000e+02,1.2000000000e+01,1.2382484674e+00
1.1800000000e+02,3.7300000000e+02,1.3000000000e+01,1.2476768494e+00
1.1800000000e+02,3.7300000000e+02,1.4000000000e+01,1.2552888393e+00
1.1800000000e+02,3.7300000000e+02,1.5000000000e+01,1.2615252733e+00
1.1800000000e+02,3.7300000000e+02,1.6000000000e+01,1.2667179108e+00
1.1800000000e+02,3.7300000000e+02,1.7000000000e+01,1.2711167336e+00
1.1800000000e+02,3.7300000000e+02,1.8000000000e+01,1.2749114037e+00
1.1800000000e+02,3.7300000000e+02,1.9000000000e+01,1.2782446146e+00
1.1800000000e+02,3.7300000000e+02,2.0000000000e+01,1.2812250853e+00
1.1800000000e+02,3.7300000000e+02,2.1000000000e+01,1.2839356661e+00
1.1800000000e+02,3.7300000000e+02,2.2000000000e+01,1.2864391804e+00
1.1800000000e+02,3.7300000000e+02,2.3000000000e+01,1.2887839079e+00
1.1800000000e+02,3.7300000000e+02,2.4000000000e+01,1.2910068035e+00
1.1800000000e+02,3.7300000000e+02,2.5000000000e+01,1.2931356430e+00
1.1800000000e+02,3.7300000000e+02,2.6000000000e+01,1.2951931953e+00
1.1800000000e+02,3.7300000000e+02,2.7000000000e+01,1.2971956730e+00
1.1800000000e+02,3.7300000000e+02,2.8000000000e+01,1.2991560698e+00
1.1800000000e+02,3.7300000000e+02,2.9000000000e+01,1.3010846376e+00
1.1800000000e+02,3.7300000000e+02,3.0000000000e+01,1.3029893637e+00
1.1800000000e+02,3.7300000000e+02,3.1000000000e+01,1.3048759699e+00
1.1800000000e+02,5.1800000000e+02,0.0000000000e+00,2.0022020340e+00
1.1800000000e+02,5.1800000000e+02,1.0000000000e+00,9.0888166428e-01
1.1800000000e+02,5.1800000000e+02,2.0000000000e+00,7.6415473223e-01
1.1800000000e+02,5.1800000000e+02,3.0000000000e+00,7.9436838627e-01
1.1800000000e+02,5.1800000000e+02,4.0000000000e+00,8.2918810844e-01
1.1800000000e+02,5.1800000000e+02,5.0000000000e+00,8.5477453470e-01
1.1800000000e+02,5.1800000000e+02,6.0000000000e+00,8.7183129787e-01
1.1800000000e+02,5.1800000000e+02,7.0000000000e+00,8.8296335936e-01
1.1800000000e+02,5.1800000000e+02,8.0000000000e+00,8.9020937681e-01
1.1800000000e+02,5.1800000000e+02,9.0000000000e+00,8.9496833086e-01
1.1800000000e+02,5.1800000000e+02,1.0000000000e+01,8.9814251661e-01
1.1800000000e+02,5.1800000000e+02,1.1000000000e+01,9.0030717850e-01
1.1800000000e+02,5.1800000000e+02,1.2000000000e+01,9.0182650089e-01
1.1800000000e+02,5.1800000000e+02,1.3000000000e+01,9.0293174982e-01
1.1800000000e+02,5.1800000000e+02,1.4000000000e+01,9.0376967192e-01
1.1800000000e+02,5.1800000000e+02,1.5000000000e+01,9.0443456173e-01
1.1800000000e+02,5.1800000000e+02,1.6000000000e+01,9.0498679876e-01
1.1800000000e+02,5.1800000000e+02,1.7000000000e+01,9.0546554327e-01
1.1800000000e+02,5.1800000000e+02,1.8000000000e+01,9.0589606762e-01
1.1800000000e+02,5.1800000000e+02,1.9000000000e+01,9.0629500151e-01
1.1800000000e+02,5.1800000000e+02,2.0000000000e+01,9.0667319298e-01
1.1800000000e+02,5.1800000000e+02,2.1000000000e+01,9.0703791380e-01
1.1800000000e+02,5.1800000000e+02,2.2000000000e+01,9.0739369392e-01
1.1800000000e+02,5.1800000000e+02,2.3000000000e+01,9.0774393082e-01
1.1800000000e+02,5.1800000000e+02,2.4000000000e+01,9.0809059143e-01
1.1800000000e+02,5.1800000000e+02,2.5000000000e+01,9.0843510628e-01
1.1800000000e+02,5.1800000000e+02,2.6000000000e+01,9.0877836943e-01
1.1800000000e+02,5.1800000000e+02,2.7000000000e+01,9.0912115574e-01
1.1800000000e+02,5.1800000000e+02,2.8000000000e+01,9.0946376324e-01
1.1800000000e+02,5.1800000000e+02,2.9000000000e+01,9.0980666876e-01
1.1800000000e+02,5.1800000000e+02,3.0000000000e+01,9.1014981270e-01
1.1800000000e+02,5.1800000000e+02,3.1000000000e+01,9.1049355268e-01
1.1800000000e+02,7.2000000000e+02,0.0000000000e+00,2.0056767464e+00
1.1800000000e+02,7.2000000000e+02,1.0000000000e+00,7.8710246086e-01
1.1800000000e+02,7.2000000000e+02,2.0000000000e+00,6.5473896265e-01
1.1800000000e+02,7.2000000000e+02,3.0000000000e+00,6.8382948637e-01
1.1800000000e+02,7.2000000000e+02,4.0000000000e+00,7.1448290348e-01
1.1800000000e+02,7.2000000000e+02,5.0000000000e+00,7.3520779610e-01
1.1800000000e+02,7.2000000000e+02,6.0000000000e+00,7.4808835983e-01
1.1800000000e+02,7.2000000000e+02,7.0000000000e+00,7.5591778755e-01
1.1800000000e+02,7.2000000000e+02,8.0000000000e+00,7.6068049669e-01
1.1800000000e+02,7.2000000000e+02,9.0000000000e+00,7.6361018419e-01
1.1800000000e+02,7.2000000000e+02,1.0000000000e+01,7.6545000076e-01
1.1800000000e+02,7.2000000000e+02,1.1000000000e+01,7.6664048433e-01
1.1800000000e+02,7.2000000000e+02,1.2000000000e+01,7.6744276285e-01
1.1800000000e+02,7.2000000000e+02,1.3000000000e+01,7.6801186800e-01
1.1800000000e+02,7.2000000000e+02,1.4000000000e+01,7.6844012737e-01
1.1800000000e+02,7.2000000000e+02,1.5000000000e+01,7.6878309250e-01
1.1800000000e+02,7.2000000000e+02,1.6000000000e+01,7.6907408237e-01
1.1800000000e+02,7.2000000000e+02,1.7000000000e+01,7.6933336258e-01
1.1800000000e+02,7.2000000000e+02,1.8000000000e+01,7.6957321167e-01
1.1800000000e+02,7.2000000000e+02,1.9000000000e+01,7.6980108023e-01
1.1800000000e+02,7.2000000000e+02,2.0000000000e+01,7.7002173662e-01
1.1800000000e+02,7.2000000000e+02,2.1000000000e+01,7.7023780346e-01
1.1800000000e+02,7.2000000000e+02,2.2000000000e+01,7.7045136690e-01
1.1800000000e+02,7.2000000000e+02,2.3000000000e+01,7.7066320181e-01
1.1800000000e+02,7.2000000000e+02,2.4000000000e+01,7.7087420225e-01
1.1800000000e+02,7.2000000000e+02,2.5000000000e+01,7.7108472586e-01
1.1800000000e+02,7.2000000000e+02,2.6000000000e+01,7.7129507065e-01
1.1800000000e+02,7.2000000000e+02,2.7000000000e+01,7.7150535583e-01
1.1800000000e+02,7.2000000000e+02,2.8000000000e+01,7.7171581984e-01
1.1800000000e+02,7.2000000000e+02,2.9000000000e+01,7.7192628384e-01
1.1800000000e+02,7.2000000000e+02,3.0000000000e+01,7.7213698626e-01
1.1800000000e+02,7.2000000000e+02,3.1000000000e+01,7.7234798670e-01
1.1800000000e+02,1.0000000000e+03,0.0000000000e+00,1.9998074770e+00
1.1800000000e+02,1.0000000000e+03,1.0000000000e+00,6.7933297157e-01
1.1800000000e+02,1.0000000000e+03,2.0000000000e+00,5.5342495441e-01
1.1800000000e+02,1.0000000000e+03,3.0000000000e+00,5.7601380348e-01
1.1800000000e+02,1.0000000000e+03,4.0000000000e+00,5.9725511074e-01
1.1800000000e+02,1.0000000000e+03,5.0000000000e+00,6.0974234343e-01
1.1800000000e+02,1.0000000000e+03,6.0000000000e+00,6.1651313305e-01
1.1800000000e+02,1.0000000000e+03,7.0000000000e+00,6.2012755871e-01
1.1800000000e+02,1.0000000000e+03,8.0000000000e+00,6.2207651138e-01
1.1800000000e+02,1.0000000000e+03,9.0000000000e+00,6.2315553427e-01
1.1800000000e+02,1.0000000000e+03,1.0000000000e+01,6.2378025055e-01
1.1800000000e+02,1.0000000000e+03,1.1000000000e+01,6.2416666746e-01
1.1800000000e+02,1.0000000000e+03,1.2000000000e+01,6.2442761660e-01
1.1800000000e+02,1.0000000000e+03,1.3000000000e+01,6.2462174892e-01
1.1800000000e+02,1.0000000000e+03,1.4000000000e+01,6.2478041649e-01
1.1800000000e+02,1.0000000000e+03,1.5000000000e+01,6.2492001057e-01
1.1800000000e+02,1.0000000000e+03,1.6000000000e+01,6.2504947186e-01
1.1800000000e+02,1.0000000000e+03,1.7000000000e+01,6.2517333031e-01
1.1800000000e+02,1.0000000000e+03,1.8000000000e+01,6.2529420853e-01
1.1800000000e+02,1.0000000000e+03,1.9000000000e+01,6.2541365623e-01
1.1800000000e+02,1.0000000000e+03,2.0000000000e+01,6.2553220987e-01
1.1800000000e+02,1.0000000000e+03,2.1000000000e+01,6.2565046549e-01
1.1800000000e+02,1.0000000000e+03,2.2000000000e+01,6.2576848269e-01
1.1800000000e+02,1.0000000000e+03,2.3000000000e+01,6.2588661909e-01
1.1800000000e+02,1.0000000000e+03,2.4000000000e+01,6.2600457668e-01
1.1800000000e+02,1.0000000000e+03,2.5000000000e+01,6.2612283230e-01
1.1800000000e+02,1.0000000000e+03,2.6000000000e+01,6.2624114752e-01
1.1800000000e+02,1.0000000000e+03,2.7000000000e+01,6.2635946274e-01
1.1800000000e+02,1.0000000000e+03,2.8000000000e+01,6.2647801638e-01
1.1800000000e+02,1.0000000000e+03,2.9000000000e+01,6.2659662962e-01
1.1800000000e+02,1.0000000000e+03,3.0000000000e+01,6.2671536207e-01
1.1800000000e+02,1.0000000000e+03,3.1000000000e+01,6.2683427334e-01
1.9300000000e+02,1.0000000000e+01,0.0000000000e+00,1.9968497753e+00
1.9300000000e+02,1.0000000000e+01,1.0000000000e+00,2.3185510635e+00
1.9300000000e+02,1.0000000000e+01,2.0000000000e+00,2.9660418034e+00
1.9300000000e+02,1.0000000000e+01,3.0000000000e+00,3.7351453304e+00
1.9300000000e+02,1.0000000000e+01,4.0000000000e+00,4.4559273720e+00
1.9300000000e+02,1.0000000000e+01,5.0000000000e+00,5.1106228828e+00
1.9300000000e+02,1.0000000000e+01,6.0000000000e+00,5.7088341713e+00
1.9300000000e+02,1.0000000000e+01,7.0000000000e+00,6.2667741776e+00
1.9300000000e+02,1.0000000000e+01,8.0000000000e+00,6.7984695435e+00
1.9300000000e+02,1.0000000000e+01,9.0000000000e+00,7.3149218559e+00
1.9300000000e+02,1.0000000000e+01,1.0000000000e+01,7.8245153427e+00
1.9300000000e+02,1.0000000000e+01,1.1000000000e+01,8.3336381912e+00
1.9300000000e+02,1.0000000000e+01,1.2000000000e+01,8.8472042084e+00
1.9300000000e+02,1.0000000000e+01,1.3000000000e+01,9.3690357208e+00
1.9300000000e+02,1.0000000000e+01,1.4000000000e+01,9.9021482468e+00
1.9300000000e+02,1.0000000000e+01,1.5000000000e+01,1.0448950768e+01
1.9300000000e+02,1.0000000000e+01,1.6000000000e+01,1.1011391640e+01
1.9300000000e+02,1.0000000000e+01,1.7000000000e+01,1.1591059685e+01
1.9300000000e+02,1.0000000000e+01,1.8000000000e+01,1.2189268112e+01
1.9300000000e+02,1.0000000000e+01,1.9000000000e+01,1.2807109833e+01
1.9300000000e+02,1.0000000000e+01,2.0000000000e+01,1.3445504189e+01
1.9300000000e+02,1.0000000000e+01,2.1000000000e+01,1.4105223656e+01
1.9300000000e+02,1.0000000000e+01,2.2000000000e+01,1.4786931038e+01
1.9300000000e+02,1.0000000000e+01,2.3000000000e+01,1.5491189003e+01
1.9300000000e+02,1.0000000000e+01,2.4000000000e+01,1.6218484879e+01
1.9300000000e+02,1.0000000000e+01,2.5000000000e+01,1.6969242096e+01
1.9300000000e+02,1.0000000000e+01,2.6000000000e+01,1.7743822098e+01
1.9300000000e+02,1.0000000000e+01,2.7000000000e+01,1.8542543411e+01
1.9300000000e+02,1.0000000000e+01,2.8000000000e+01,1.9365684509e+01
1.9300000000e+02,1.0000000000e+01,2.9000000000e+01,2.0213491440e+01
1.9300000000e+02,1.0000000000e+01,3.0000000000e+01,2.1086177826e+01
1.9300000000e+02,1.0000000000e+01,3.1000000000e+01,2.1983934402e+01
1.9300000000e+02,1.4000000000e+01,0.0000000000e+00,1.9910585880e+00
1.9300000000e+02,1.4000000000e+01,1.0000000000e+00,2.2202270031e+00
1.9300000000e+02,1.4000000000e+01,2.0000000000e+00,2.8477144241e+00
1.9300000000e+02,1.4000000000e+01,3.0000000000e+00,3.6689562798e+00
1.9300000000e+02,1.4000000000e+01,4.0000000000e+00,4.4924001694e+00
1.9300000000e+02,1.4000000000e+01,5.0000000000e+00,5.2657818794e+00
1.9300000000e+02,1.4000000000e+01,6.0000000000e+00,5.9770240784e+00
1.9300000000e+02,1.4000000000e+01,7.0000000000e+00,6.6337623596e+00
1.9300000000e+02,1.4000000000e+01,8.0000000000e+00,7.2473831177e+00
1.9300000000e+02,1.4000000000e+01,9.0000000000e+00,7.8287916183e+00
1.9300000000e+02,1.4000000000e+01,1.0000000000e+01,8.3872327805e+00
1.9300000000e+02,1.4000000000e+01,1.1000000000e+01,8.9302339554e+00
1.9300000000e+02,1.4000000000e+01,1.2000000000e+01,9.4638452530e+00
1.9300000000e+02,1.4000000000e+01,1.3000000000e+01,9.9929304123e+00
1.9300000000e+02,1.4000000000e+01,1.4000000000e+01,1.0521416664e+01
1.9300000000e+02,1.4000000000e+01,1.5000000000e+01,1.1052500725e+01
1.9300000000e+02,1.4000000000e+01,1.6000000000e+01,1.1588798523e+01
1.9300000000e+02,1.4000000000e+01,1.7000000000e+01,1.2132481575e+01
1.9300000000e+02,1.4000000000e+01,1.8000000000e+01,1.2685355186e+01
1.9300000000e+02,1.4000000000e+01,1.9000000000e+01,1.3248932838e+01
1.9300000000e+02,1.4000000000e+01,2.0000000000e+01,1.3824499130e+01
1.9300000000e+02,1.4000000000e+01,2.1000000000e+01,1.4413148880e+01
1.9300000000e+02,1.4000000000e+01,2.2000000000e+01,1.5015815735e+01
1.9300000000e+02,1.4000000000e+01,2.3000000000e+01,1.5633308411e+01
1.9300000000e+02,1.4000000000e+01,2.4000000000e+01,1.6266324997e+01
1.9300000000e+02,1.4000000000e+01,2.5000000000e+01,1.6915473938e+01
1.9300000000e+02,1.4000000000e+01,2.6000000000e+01,1.7581285477e+01
1.9300000000e+02,1.4000000000e+01,2.7000000000e+01,1.8264226913e+01
1.9300000000e+02,1.4000000000e+01,2.8000000000e+01,1.8964708328e+01
1.9300000000e+02,1.4000000000e+01,2.9000000000e+01,1.9683090210e+01
1.9300000000e+02,1.4000000000e+01,3.0000000000e+01,2.0419696808e+01
1.9300000000e+02,1.4000000000e+01,3.1000000000e+01,2.1174812317e+01
1.9300000000e+02,1.9000000000e+01,0.0000000000e+00,1.9998644590e+00
1.9300000000e+02,1.9000000000e+01,1.0000000000e+00,2.1774239540e+00
1.9300000000e+02,1.9000000000e+01,2.0000000000e+00,2.7600438595e+00
1.9300000000e+02,1.9000000000e+01,3.0000000000e+00,3.6090183258e+00
1.9300000000e+02,1.9000000000e+01,4.0000000000e+00,4.5367441177e+00
1.9300000000e+02,1.9000000000e+01,5.0000000000e+00,5.4800791740e+00
1.9300000000e+02,1.9000000000e+01,6.0000000000e+00,6.4001369476e+00
1.9300000000e+02,1.9000000000e+01,7.0000000000e+00,7.2893810272e+00
1.9300000000e+02,1.9000000000e+01,8.0000000000e+00,8.1493959427e+00
1.9300000000e+02,1.9000000000e+01,9.0000000000e+00,8.9863815308e+00
1.9300000000e+02,1.9000000000e+01,1.0000000000e+01,9.8074731827e+00
1.9300000000e+02,1.9000000000e+01,1.1000000000e+01,1.0619553566e+01
1.9300000000e+02,1.9000000000e+01,1.2000000000e+01,1.1428784370e+01
1.9300000000e+02,1.9000000000e+01,1.3000000000e+01,1.2240492821e+01
1.9300000000e+02,1.9000000000e+01,1.4000000000e+01,1.3059226036e+01
1.9300000000e+02,1.9000000000e+01,1.5000000000e+01,1.3888839722e+01
1.9300000000e+02,1.9000000000e+01,1.6000000000e+01,1.4732601166e+01
1.9300000000e+02,1.9000000000e+01,1.7000000000e+01,1.5593280792e+01
1.9300000000e+02,1.9000000000e+01,1.8000000000e+01,1.6473234177e+01
1.9300000000e+02,1.9000000000e+01,1.9000000000e+01,1.7374477386e+01
1.9300000000e+02,1.9000000000e+01,2.0000000000e+01,1.8298730850e+01
1.9300000000e+02,1.9000000000e+01,2.1000000000e+01,1.9247484207e+01
1.9300000000e+02,1.9000000000e+01,2.2000000000e+01,2.0222013474e+01
1.9300000000e+02,1.9000000000e+01,2.3000000000e+01,2.1223434448e+01
1.9300000000e+02,1.9000000000e+01,2.4000000000e+01,2.2252708435e+01
1.9300000000e+02,1.9000000000e+01,2.5000000000e+01,2.3310686111e+01
1.9300000000e+02,1.9000000000e+01,2.6000000000e+01,2.4398101807e+01
1.9300000000e+02,1.9000000000e+01,2.7000000000e+01,2.5515605927e+01
1.9300000000e+02,1.9000000000e+01,2.8000000000e+01,2.6663768768e+01
1.9300000000e+02,1.9000000000e+01,2.9000000000e+01,2.7843095779e+01
1.9300000000e+02,1.9000000000e+01,3.0000000000e+01,2.9054027557e+01
1.9300000000e+02,1.9000000000e+01,3.1000000000e+01,3.0296962738e+01
1.9300000000e+02,2.7000000000e+01,0.0000000000e+00,1.9929255247e+00
1.9300000000e+02,2.7000000000e+01,1.0000000000e+00,2.0245735645e+00
1.9300000000e+02,2.7000000000e+01,2.0000000000e+00,2.4345602989e+00
1.9300000000e+02,2.7000000000e+01,3.0000000000e+00,3.1208534241e+00
1.9300000000e+02,2.7000000000e+01,4.0000000000e+00,3.9344608784e+00
1.9300000000e+02,2.7000000000e+01,5.0000000000e+00,4.8282403946e+00
1.9300000000e+02,2.7000000000e+01,6.0000000000e+00,5.7592782974e+00
1.9300000000e+02,2.7000000000e+01,7.0000000000e+00,6.7075757980e+00
1.9300000000e+02,2.7000000000e+01,8.0000000000e+00,7.6612396240e+00
1.9300000000e+02,2.7000000000e+01,9.0000000000e+00,8.6156110764e+00
1.9300000000e+02,2.7000000000e+01,1.0000000000e+01,9.5698661804e+00
1.9300000000e+02,2.7000000000e+01,1.1000000000e+01,1.0525263786e+01
1.9300000000e+02,2.7000000000e+01,1.2000000000e+01,1.1484202385e+01
1.9300000000e+02,2.7000000000e+01,1.3000000000e+01,1.2449511528e+01
1.9300000000e+02,2.7000000000e+01,1.4000000000e+01,1.3424145699e+01
1.9300000000e+02,2.7000000000e+01,1.5000000000e+01,1.4410969734e+01
1.9300000000e+02,2.7000000000e+01,1.6000000000e+01,1.5412680626e+01
1.9300000000e+02,2.7000000000e+01,1.7000000000e+01,1.6431756973e+01
1.9300000000e+02,2.7000000000e+01,1.8000000000e+01,1.7470441818e+01
1.9300000000e+02,2.7000000000e+01,1.9000000000e+01,1.8530769348e+01
1.9300000000e+02,2.7000000000e+01,2.0000000000e+01,1.9614547729e+01
1.9300000000e+02,2.7000000000e+01,2.1000000000e+01,2.0723411560e+01
1.9300000000e+02,2.7000000000e+01,2.2000000000e+01,2.1858814240e+01
1.9300000000e+02,2.7000000000e+01,2.3000000000e+01,2.3022048950e+01
1.9300000000e+02,2.7000000000e+01,2.4000000000e+01,2.4214279175e+01
1.9300000000e+02,2.7000000000e+01,2.5000000000e+01,2.5436536789e+01
1.9300000000e+02,2.7000000000e+01,2.6000000000e+01,2.6689756393e+01
1.9300000000e+02,2.7000000000e+01,2.7000000000e+01,2.7974765778e+01
1.9300000000e+02,2.7000000000e+01,2.8000000000e+01,2.9292306900e+01
1.9300000000e+02,2.7000000000e+01,2.9000000000e+01,3.0643049240e+01
1.9300000000e+02,2.7000000000e+01,3.0000000000e+01,3.2027595520e+01
1.9300000000e+02,2.7000000000e+01,3.1000000000e+01,3.3446487427e+01
1.9300000000e+02,3.7000000000e+01,0.0000000000e+00,2.0052559376e+00
1.9300000000e+02,3.7000000000e+01,1.0000000000e+00,2.0404257774e+00
1.9300000000e+02,3.7000000000e+01,2.0000000000e+00,2.5095896721e+00
1.9300000000e+02,3.7000000000e+01,3.0000000000e+00,3.2501068115e+00
1.9300000000e+02,3.7000000000e+01,4.0000000000e+00,4.1169061661e+00
1.9300000000e+02,3.7000000000e+01,5.0000000000e+00,5.0764274597e+00
1.9300000000e+02,3.7000000000e+01,6.0000000000e+00,6.0748262405e+00
1.9300000000e+02,3.7000000000e+01,7.0000000000e+00,7.0927996635e+00
1.9300000000e+02,3.7000000000e+01,8.0000000000e+00,8.1068859100e+00
1.9300000000e+02,3.7000000000e+01,9.0000000000e+00,9.1083507538e+00
1.9300000000e+02,3.7000000000e+01,1.0000000000e+01,1.0089345932e+01
1.9300000000e+02,3.7000000000e+01,1.1000000000e+01,1.1047489166e+01
1.9300000000e+02,3.7000000000e+01,1.2000000000e+01,1.1981659889e+01
1.9300000000e+02,3.7000000000e+01,1.3000000000e+01,1.2892556190e+01
1.9300000000e+02,3.7000000000e+01,1.4000000000e+01,1.3781529427e+01
1.9300000000e+02,3.7000000000e+01,1.5000000000e+01,1.4650462151e+01
1.9300000000e+02,3.7000000000e+01,1.6000000000e+01,1.5501435280e+01
1.9300000000e+02,3.7000000000e+01,1.7000000000e+01,1.6336603165e+01
1.9300000000e+02,3.7000000000e+01,1.8000000000e+01,1.7158098221e+01
1.9300000000e+02,3.7000000000e+01,1.9000000000e+01,1.7967975616e+01
1.9300000000e+02,3.7000000000e+01,2.0000000000e+01,1.8768180847e+01
1.9300000000e+02,3.7000000000e+01,2.1000000000e+01,1.9560535431e+01
1.9300000000e+02,3.7000000000e+01,2.2000000000e+01,2.0346733093e+01
1.9300000000e+02,3.7000000000e+01,2.3000000000e+01,2.1128334045e+01
1.9300000000e+02,3.7000000000e+01,2.4000000000e+01,2.1906784058e+01
1.9300000000e+02,3.7000000000e+01,2.5000000000e+01,2.2683404922e+01
1.9300000000e+02,3.7000000000e+01,2.6000000000e+01,2.3459415436e+01
1.9300000000e+02,3.7000000000e+01,2.7000000000e+01,2.4235937119e+01
1.9300000000e+02,3.7000000000e+01,2.8000000000e+01,2.5013984680e+01
1.9300000000e+02,3.7000000000e+01,2.9000000000e+01,2.5794502258e+01
1.9300000000e+02,3.7000000000e+01,3.0000000000e+01,2.6578359604e+01
1.9300000000e+02,3.7000000000e+01,3.1000000000e+01,2.7366340637e+01
1.9300000000e+02,5.2000000000e+01,0.0000000000e+00,2.0051598549e+00
1.9300000000e+02,5.2000000000e+01,1.0000000000e+00,1.7685229778e+00
1.9300000000e+02,5.2000000000e+01,2.0000000000e+00,1.9878400564e+00
1.9300000000e+02,5.2000000000e+01,3.0000000000e+00,2.5077185631e+00
1.9300000000e+02,5.2000000000e+01,4.0000000000e+00,3.1748430729e+00
1.9300000000e+02,5.2000000000e+01,5.0000000000e+00,3.9634923935e+00
1.9300000000e+02,5.2000000000e+01,6.0000000000e+00,4.8434720039e+00
1.9300000000e+02,5.2000000000e+01,7.0000000000e+00,5.8036236763e+00
1.9300000000e+02,5.2000000000e+01,8.0000000000e+00,6.8314661980e+00
1.9300000000e+02,5.2000000000e+01,9.0000000000e+00,7.9199490547e+00
1.9300000000e+02,5.2000000000e+01,1.0000000000e+01,9.0628938675e+00
1.9300000000e+02,5.2000000000e+01,1.1000000000e+01,1.0256114960e+01
1.9300000000e+02,5.2000000000e+01,1.2000000000e+01,1.1496530533e+01
1.9300000000e+02,5.2000000000e+01,1.3000000000e+01,1.2781955719e+01
1.9300000000e+02,5.2000000000e+01,1.4000000000e+01,1.4110987663e+01
1.9300000000e+02,5.2000000000e+01,1.5000000000e+01,1.5482716560e+01
1.9300000000e+02,5.2000000000e+01,1.6000000000e+01,1.6896699905e+01
1.9300000000e+02,5.2000000000e+01,1.7000000000e+01,1.8352769852e+01
1.9300000000e+02,5.2000000000e+01,1.8000000000e+01,1.9851034164e+01
1.9300000000e+02,5.2000000000e+01,1.9000000000e+01,2.1391742706e+01
1.9300000000e+02,5.2000000000e+01,2.0000000000e+01,2.2975280762e+01
1.9300000000e+02,5.2000000000e+01,2.1000000000e+01,2.4602125168e+01
1.9300000000e+02,5.2000000000e+01,2.2000000000e+01,2.6272804260e+01
1.9300000000e+02,5.2000000000e+01,2.3000000000e+01,2.7987878799e+01
1.9300000000e+02,5.2000000000e+01,2.4000000000e+01,2.9747930527e+01
1.9300000000e+02,5.2000000000e+01,2.5000000000e+01,3.1553543091e+01
1.9300000000e+02,5.2000000000e+01,2.6000000000e+01,3.3405303955e+01
1.9300000000e+02,5.2000000000e+01,2.7000000000e+01,3.5303787231e+01
1.9300000000e+02,5.2000000000e+01,2.8000000000e+01,3.7249542236e+01
1.9300000000e+02,5.2000000000e+01,2.9000000000e+01,3.9243103027e+01
1.9300000000e+02,5.2000000000e+01,3.0000000000e+01,4.1284992218e+01
1.9300000000e+02,5.2000000000e+01,3.1000000000e+01,4.3375686646e+01
1.9300000000e+02,7.2000000000e+01,0.0000000000e+00,1.9961180687e+00
1.9300000000e+02,7.2000000000e+01,1.0000000000e+00,1.5935764313e+00
1.9300000000e+02,7.2000000000e+01,2.0000000000e+00,1.7091962099e+00
1.9300000000e+02,7.2000000000e+01,3.0000000000e+00,2.0889196396e+00
1.9300000000e+02,7.2000000000e+01,4.0000000000e+00,2.5754363537e+00
1.9300000000e+02,7.2000000000e+01,5.0000000000e+00,3.1400308609e+00
1.9300000000e+02,7.2000000000e+01,6.0000000000e+00,3.7589821815e+00
1.9300000000e+02,7.2000000000e+01,7.0000000000e+00,4.4236745834e+00
1.9300000000e+02,7.2000000000e+01,8.0000000000e+00,5.1254496574e+00
1.9300000000e+02,7.2000000000e+01,9.0000000000e+00,5.8599696159e+00
1.9300000000e+02,7.2000000000e+01,1.0000000000e+01,6.6229467392e+00
1.9300000000e+02,7.2000000000e+01,1.1000000000e+01,7.4118757248e+00
1.9300000000e+02,7.2000000000e+01,1.2000000000e+01,8.2243490219e+00
1.9300000000e+02,7.2000000000e+01,1.3000000000e+01,9.0588512421e+00
1.9300000000e+02,7.2000000000e+01,1.4000000000e+01,9.9139776230e+00
1.9300000000e+02,7.2000000000e+01,1.5000000000e+01,1.0788809776e+01
1.9300000000e+02,7.2000000000e+01,1.6000000000e+01,1.1682531357e+01
1.9300000000e+02,7.2000000000e+01,1.7000000000e+01,1.2594614029e+01
1.9300000000e+02,7.2000000000e+01,1.8000000000e+01,1.3524608612e+01
1.9300000000e+02,7.2000000000e+01,1.9000000000e+01,1.4472240448e+01
1.9300000000e+02,7.2000000000e+01,2.0000000000e+01,1.5437303543e+01
1.9300000000e+02,7.2000000000e+01,2.1000000000e+01,1.6419689178e+01
1.9300000000e+02,7.2000000000e+01,2.2000000000e+01,1.7419343948e+01
1.9300000000e+02,7.2000000000e+01,2.3000000000e+01,1.8436279297e+01
1.9300000000e+02,7.2000000000e+01,2.4000000000e+01,1.9470535278e+01
1.9300000000e+02,7.2000000000e+01,2.5000000000e+01,2.0522199631e+01
1.9300000000e+02,7.2000000000e+01,2.6000000000e+01,2.1591377258e+01
1.9300000000e+02,7.2000000000e+01,2.7000000000e+01,2.2678199768e+01
1.9300000000e+02,7.2000000000e+01,2.8000000000e+01,2.3782814026e+01
1.9300000000e+02,7.2000000000e+01,2.9000000000e+01,2.4905380249e+01
1.9300000000e+02,7.2000000000e+01,3.0000000000e+01,2.6046064377e+01
1.9300000000e+02,7.2000000000e+01,3.1000000000e+01,2.7205047607e+01
1.9300000000e+02,1.0000000000e+02,0.0000000000e+00,1.9972070456e+00
1.9300000000e+02,1.0000000000e+02,1.0000000000e+00,1.4760895967e+00
1.9300000000e+02,1.0000000000e+02,2.0000000000e+00,1.5318790674e+00
1.9300000000e+02,1.0000000000e+02,3.0000000000e+00,1.8111445904e+00
1.9300000000e+02,1.0000000000e+02,4.0000000000e+00,2.1604220867e+00
1.9300000000e+02,1.0000000000e+02,5.0000000000e+00,2.5515084267e+00
1.9300000000e+02,1.0000000000e+02,6.0000000000e+00,2.9652955532e+00
1.9300000000e+02,1.0000000000e+02,7.0000000000e+00,3.3954358101e+00
1.9300000000e+02,1.0000000000e+02,8.0000000000e+00,3.8363950253e+00
1.9300000000e+02,1.0000000000e+02,9.0000000000e+00,4.2856669426e+00
1.9300000000e+02,1.0000000000e+02,1.0000000000e+01,4.7411661148e+00
1.9300000000e+02,1.0000000000e+02,1.1000000000e+01,5.2016100883e+00
1.9300000000e+02,1.0000000000e+02,1.2000000000e+01,5.6661939621e+00
1.9300000000e+02,1.0000000000e+02,1.3000000000e+01,6.1341533661e+00
1.9300000000e+02,1.0000000000e+02,1.4000000000e+01,6.6052489281e+00
1.9300000000e+02,1.0000000000e+02,1.5000000000e+01,7.0789871216e+00
1.9300000000e+02,1.0000000000e+02,1.6000000000e+01,7.5553874969e+00
1.9300000000e+02,1.0000000000e+02,1.7000000000e+01,8.0341300964e+00
1.9300000000e+02,1.0000000000e+02,1.8000000000e+01,8.5153455734e+00
1.9300000000e+02,1.0000000000e+02,1.9000000000e+01,8.9988336563e+00
1.9300000000e+02,1.0000000000e+02,2.0000000000e+01,9.4847631454e+00
1.9300000000e+02,1.0000000000e+02,2.1000000000e+01,9.9730310440e+00
1.9300000000e+02,1.0000000000e+02,2.2000000000e+01,1.0463805199e+01
1.9300000000e+02,1.0000000000e+02,2.3000000000e+01,1.0957052231e+01
1.9300000000e+02,1.0000000000e+02,2.4000000000e+01,1.1452924728e+01
1.9300000000e+02,1.0000000000e+02,2.5000000000e+01,1.1951440811e+01
1.9300000000e+02,1.0000000000e+02,2.6000000000e+01,1.2452738762e+01
1.9300000000e+02,1.0000000000e+02,2.7000000000e+01,1.2956871033e+01
1.9300000000e+02,1.0000000000e+02,2.8000000000e+01,1.3463957787e+01
1.9300000000e+02,1.0000000000e+02,2.9000000000e+01,1.3974071503e+01
1.9300000000e+02,1.0000000000e+02,3.0000000000e+01,1.4487321854e+01
1.9300000000e+02,1.0000000000e+02,3.1000000000e+01,1.5003796577e+01
1.9300000000e+02,1.3900000000e+02,0.0000000000e+00,2.0031323433e+00
1.9300000000e+02,1.3900000000e+02,1.0000000000e+00,1.2812629938e+00
1.9300000000e+02,1.3900000000e+02,2.0000000000e+00,1.2123458385e+00
1.9300000000e+02,1.3900000000e+02,3.0000000000e+00,1.3743588924e+00
1.9300000000e+02,1.3900000000e+02,4.0000000000e+00,1.5910074711e+00
1.9300000000e+02,1.3900000000e+02,5.0000000000e+00,1.8286452293e+00
1.9300000000e+02,1.3900000000e+02,6.0000000000e+00,2.0705602169e+00
1.9300000000e+02,1.3900000000e+02,7.0000000000e+00,2.3110945225e+00
1.9300000000e+02,1.3900000000e+02,8.0000000000e+00,2.5469598770e+00
1.9300000000e+02,1.3900000000e+02,9.0000000000e+00,2.7767450809e+00
1.9300000000e+02,1.3900000000e+02,1.0000000000e+01,2.9998731613e+00
1.9300000000e+02,1.3900000000e+02,1.1000000000e+01,3.2160954475e+00
1.9300000000e+02,1.3900000000e+02,1.2000000000e+01,3.4255633354e+00
1.9300000000e+02,1.3900000000e+02,1.3000000000e+01,3.6284055710e+00
1.9300000000e+02,1.3900000000e+02,1.4000000000e+01,3.8249745369e+00
1.9300000000e+02,1.3900000000e+02,1.5000000000e+01,4.0155215263e+00
1.9300000000e+02,1.3900000000e+02,1.6000000000e+01,4.2004327774e+00
1.9300000000e+02,1.3900000000e+02,1.7000000000e+01,4.3799896240e+00
1.9300000000e+02,1.3900000000e+02,1.8000000000e+01,4.5545573235e+00
1.9300000000e+02,1.3900000000e+02,1.9000000000e+01,4.7244086266e+00
1.9300000000e+02,1.3900000000e+02,2.0000000000e+01,4.8898720741e+00
1.9300000000e+02,1.3900000000e+02,2.1000000000e+01,5.0511984825e+00
1.9300000000e+02,1.3900000000e+02,2.2000000000e+01,5.2086791992e+00
1.9300000000e+02,1.3900000000e+02,2.3000000000e+01,5.3625373840e+00
1.9300000000e+02,1.3900000000e+02,2.4000000000e+01,5.5130300522e+00
1.9300000000e+02,1.3900000000e+02,2.5000000000e+01,5.6603517532e+00
1.9300000000e+02,1.3900000000e+02,2.6000000000e+01,5.8047304153e+00
1.9300000000e+02,1.3900000000e+02,2.7000000000e+01,5.9463324547e+00
1.9300000000e+02,1.3900000000e+02,2.8000000000e+01,6.0853643417e+00
1.9300000000e+02,1.3900000000e+02,2.9000000000e+01,6.2219643593e+00
1.9300000000e+02,1.3900000000e+02,3.0000000000e+01,6.3563199043e+00
1.9300000000e+02,1.3900000000e+02,3.1000000000e+01,6.4885454178e+00
1.9300000000e+02,1.9300000000e+02,0.0000000000e+00,1.9988862276e+00
1.9300000000e+02,1.9300000000e+02,1.0000000000e+00,1.1607680321e+00
1.9300000000e+02,1.9300000000e+02,2.0000000000e+00,1.0501780510e+00
1.9300000000e+02,1.9300000000e+02,3.0000000000e+00,1.1479963064e+00
1.9300000000e+02,1.9300000000e+02,4.0000000000e+00,1.2830766439e+00
1.9300000000e+02,1.9300000000e+02,5.0000000000e+00,1.4237338305e+00
1.9300000000e+02,1.9300000000e+02,6.0000000000e+00,1.5584816933e+00
1.9300000000e+02,1.9300000000e+02,7.0000000000e+00,1.6839807034e+00
1.9300000000e+02,1.9300000000e+02,8.0000000000e+00,1.7994050980e+00
1.9300000000e+02,1.9300000000e+02,9.0000000000e+00,1.9049553871e+00
1.9300000000e+02,1.9300000000e+02,1.0000000000e+01,2.0013015270e+00
1.9300000000e+02,1.9300000000e+02,1.1000000000e+01,2.0892000198e+00
1.9300000000e+02,1.9300000000e+02,1.2000000000e+01,2.1694772243e+00
1.9300000000e+02,1.9300000000e+02,1.3000000000e+01,2.2428793907e+00
1.9300000000e+02,1.9300000000e+02,1.4000000000e+01,2.3101339340e+00
1.9300000000e+02,1.9300000000e+02,1.5000000000e+01,2.3718681335e+00
1.9300000000e+02,1.9300000000e+02,1.6000000000e+01,2.4286744595e+00
1.9300000000e+02,1.9300000000e+02,1.7000000000e+01,2.4810571671e+00
1.9300000000e+02,1.9300000000e+02,1.8000000000e+01,2.5294873714e+00
1.9300000000e+02,1.9300000000e+02,1.9000000000e+01,2.5743653774e+00
1.9300000000e+02,1.9300000000e+02,2.0000000000e+01,2.6160635948e+00
1.9300000000e+02,1.9300000000e+02,2.1000000000e+01,2.6548988819e+00
1.9300000000e+02,1.9300000000e+02,2.2000000000e+01,2.6911652088e+00
1.9300000000e+02,1.9300000000e+02,2.3000000000e+01,2.7251145840e+00
1.9300000000e+02,1.9300000000e+02,2.4000000000e+01,2.7569794655e+00
1.9300000000e+02,1.9300000000e+02,2.5000000000e+01,2.7869620323e+00
1.9300000000e+02,1.9300000000e+02,2.6000000000e+01,2.8152463436e+00
1.9300000000e+02,1.9300000000e+02,2.7000000000e+01,2.8419947624e+00
1.9300000000e+02,1.9300000000e+02,2.8000000000e+01,2.8673536777e+00
1.9300000000e+02,1.9300000000e+02,2.9000000000e+01,2.8914556503e+00
1.9300000000e+02,1.9300000000e+02,3.0000000000e+01,2.9144165516e+00
1.9300000000e+02,1.9300000000e+02,3.1000000000e+01,2.9363448620e+00
1.9300000000e+02,2.6800000000e+02,0.0000000000e+00,1.9923671484e+00
1.9300000000e+02,2.6800000000e+02,1.0000000000e+00,9.7336703539e-01
1.9300000000e+02,2.6800000000e+02,2.0000000000e+00,8.0000227690e-01
1.9300000000e+02,2.6800000000e+02,3.0000000000e+00,8.3241677284e-01
1.9300000000e+02,2.6800000000e+02,4.0000000000e+00,8.9390116930e-01
1.9300000000e+02,2.6800000000e+02,5.0000000000e+00,9.5645481348e-01
1.9300000000e+02,2.6800000000e+02,6.0000000000e+00,1.0117820501e+00
1.9300000000e+02,2.6800000000e+02,7.0000000000e+00,1.0588912964e+00
1.9300000000e+02,2.6800000000e+02,8.0000000000e+00,1.0982314348e+00
1.9300000000e+02,2.6800000000e+02,9.0000000000e+00,1.1308937073e+00
1.9300000000e+02,2.6800000000e+02,1.0000000000e+01,1.1579498053e+00
1.9300000000e+02,2.6800000000e+02,1.1000000000e+01,1.1803884506e+00
1.9300000000e+02,2.6800000000e+02,1.2000000000e+01,1.1990429163e+00
1.9300000000e+02,2.6800000000e+02,1.3000000000e+01,1.2146092653e+00
1.9300000000e+02,2.6800000000e+02,1.4000000000e+01,1.2276564837e+00
1.9300000000e+02,2.6800000000e+02,1.5000000000e+01,1.2386481762e+00
1.9300000000e+02,2.6800000000e+02,1.6000000000e+01,1.2479612827e+00
1.9300000000e+02,2.6800000000e+02,1.7000000000e+01,1.2559013367e+00
1.9300000000e+02,2.6800000000e+02,1.8000000000e+01,1.2627166510e+00
1.9300000000e+02,2.6800000000e+02,1.9000000000e+01,1.2686086893e+00
1.9300000000e+02,2.6800000000e+02,2.0000000000e+01,1.2737418413e+00
1.9300000000e+02,2.6800000000e+02,2.1000000000e+01,1.2782495022e+00
1.9300000000e+02,2.6800000000e+02,2.2000000000e+01,1.2822414637e+00
1.9300000000e+02,2.6800000000e+02,2.3000000000e+01,1.2858067751e+00
1.9300000000e+02,2.6800000000e+02,2.4000000000e+01,1.2890191078e+00
1.9300000000e+02,2.6800000000e+02,2.5000000000e+01,1.2919389009e+00
1.9300000000e+02,2.6800000000e+02,2.6000000000e+01,1.2946157455e+00
1.9300000000e+02,2.6800000000e+02,2.7000000000e+01,1.2970904112e+00
1.9300000000e+02,2.6800000000e+02,2.8000000000e+01,1.2993971109e+00
1.9300000000e+02,2.6800000000e+02,2.9000000000e+01,1.3015639782e+00
1.9300000000e+02,2.6800000000e+02,3.0000000000e+01,1.3036142588e+00
1.9300000000e+02,2.6800000000e+02,3.1000000000e+01,1.3055672646e+00
1.9300000000e+02,3.7300000000e+02,0.0000000000e+00,2.0001306534e+00
1.9300000000e+02,3.7300000000e+02,1.0000000000e+00,8.9269673824e-01
1.9300000000e+02,3.7300000000e+02,2.0000000000e+00,7.1808451414e-01
1.9300000000e+02,3.7300000000e+02,3.0000000000e+00,7.3873788118e-01
1.9300000000e+02,3.7300000000e+02,4.0000000000e+00,7.8142976761e-01
1.9300000000e+02,3.7300000000e+02,5.0000000000e+00,8.2155913115e-01
1.9300000000e+02,3.7300000000e+02,6.0000000000e+00,8.5452985764e-01
1.9300000000e+02,3.7300000000e+02,7.0000000000e+00,8.8057082891e-01
1.9300000000e+02,3.7300000000e+02,8.0000000000e+00,9.0084654093e-01
1.9300000000e+02,3.7300000000e+02,9.0000000000e+00,9.1658604145e-01
1.9300000000e+02,3.7300000000e+02,1.0000000000e+01,9.2882454395e-01
1.9300000000e+02,3.7300000000e+02,1.1000000000e+01,9.3838703632e-01
1.9300000000e+02,3.7300000000e+02,1.2000000000e+01,9.4590741396e-01
1.9300000000e+02,3.7300000000e+02,1.3000000000e+01,9.5187073946e-01
1.9300000000e+02,3.7300000000e+02,1.4000000000e+01,9.5664411783e-01
1.9300000000e+02,3.7300000000e+02,1.5000000000e+01,9.6050649881e-01
1.9300000000e+02,3.7300000000e+02,1.6000000000e+01,9.6366953850e-01
1.9300000000e+02,3.7300000000e+02,1.7000000000e+01,9.6629428864e-01
1.9300000000e+02,3.7300000000e+02,1.8000000000e+01,9.6850347519e-01
1.9300000000e+02,3.7300000000e+02,1.9000000000e+01,9.7039097548e-01
1.9300000000e+02,3.7300000000e+02,2.0000000000e+01,9.7202908993e-01
1.9300000000e+02,3.7300000000e+02,2.1000000000e+01,9.7347325087e-01
1.9300000000e+02,3.7300000000e+02,2.2000000000e+01,9.7476619482e-01
1.9300000000e+02,3.7300000000e+02,2.3000000000e+01,9.7594106197e-01
1.9300000000e+02,3.7300000000e+02,2.4000000000e+01,9.7702360153e-01
1.9300000000e+02,3.7300000000e+02,2.5000000000e+01,9.7803401947e-01
1.9300000000e+02,3.7300000000e+02,2.6000000000e+01,9.7898763418e-01
1.9300000000e+02,3.7300000000e+02,2.7000000000e+01,9.7989702225e-01
1.9300000000e+02,3.7300000000e+02,2.8000000000e+01,9.8077142239e-01
1.9300000000e+02,3.7300000000e+02,2.9000000000e+01,9.8161870241e-01
1.9300000000e+02,3.7300000000e+02,3.0000000000e+01,9.8244458437e-01
1.9300000000e+02,3.7300000000e+02,3.1000000000e+01,9.8325395584e-01
1.9300000000e+02,5.1800000000e+02,0.0000000000e+00,1.9988914728e+00
1.9300000000e+02,5.1800000000e+02,1.0000000000e+00,7.5408774614e-01
1.9300000000e+02,5.1800000000e+02,2.0000000000e+00,5.7307893038e-01
1.9300000000e+02,5.1800000000e+02,3.0000000000e+00,5.8596026897e-01
1.9300000000e+02,5.1800000000e+02,4.0000000000e+00,6.1852091551e-01
1.9300000000e+02,5.1800000000e+02,5.0000000000e+00,6.4677751064e-01
1.9300000000e+02,5.1800000000e+02,6.0000000000e+00,6.6797757149e-01
1.9300000000e+02,5.1800000000e+02,7.0000000000e+00,6.8315213919e-01
1.9300000000e+02,5.1800000000e+02,8.0000000000e+00,6.9385516644e-01
1.9300000000e+02,5.1800000000e+02,9.0000000000e+00,7.0138508081e-01
1.9300000000e+02,5.1800000000e+02,1.0000000000e+01,7.0670813322e-01
1.9300000000e+02,5.1800000000e+02,1.1000000000e+01,7.1050781012e-01
1.9300000000e+02,5.1800000000e+02,1.2000000000e+01,7.1325862408e-01
1.9300000000e+02,5.1800000000e+02,1.3000000000e+01,7.1528720856e-01
1.9300000000e+02,5.1800000000e+02,1.4000000000e+01,7.1681779623e-01
1.9300000000e+02,5.1800000000e+02,1.5000000000e+01,7.1800434589e-01
1.9300000000e+02,5.1800000000e+02,1.6000000000e+01,7.1895253658e-01
1.9300000000e+02,5.1800000000e+02,1.7000000000e+01,7.1973514557e-01
1.9300000000e+02,5.1800000000e+02,1.8000000000e+01,7.2040253878e-01
1.9300000000e+02,5.1800000000e+02,1.9000000000e+01,7.2098940611e-01
1.9300000000e+02,5.1800000000e+02,2.0000000000e+01,7.2152012587e-01
1.9300000000e+02,5.1800000000e+02,2.1000000000e+01,7.2201156616e-01
1.9300000000e+02,5.1800000000e+02,2.2000000000e+01,7.2247540951e-01
1.9300000000e+02,5.1800000000e+02,2.3000000000e+01,7.2292000055e-01
1.9300000000e+02,5.1800000000e+02,2.4000000000e+01,7.2335112095e-01
1.9300000000e+02,5.1800000000e+02,2.5000000000e+01,7.2377294302e-01
1.9300000000e+02,5.1800000000e+02,2.6000000000e+01,7.2418814898e-01
1.9300000000e+02,5.1800000000e+02,2.7000000000e+01,7.2459900379e-01
1.9300000000e+02,5.1800000000e+02,2.8000000000e+01,7.2500681877e-01
1.9300000000e+02,5.1800000000e+02,2.9000000000e+01,7.2541278601e-01
1.9300000000e+02,5.1800000000e+02,3.0000000000e+01,7.2581750154e-01
1.9300000000e+02,5.1800000000e+02,3.1000000000e+01,7.2622144222e-01
1.9300000000e+02,7.2000000000e+02,0.0000000000e+00,1.9939864874e+00
1.9300000000e+02,7.2000000000e+02,1.0000000000e+00,6.6211318970e-01
1.9300000000e+02,7.2000000000e+02,2.0000000000e+00,4.8591428995e-01
1.9300000000e+02,7.2000000000e+02,3.0000000000e+00,4.8975718021e-01
1.9300000000e+02,7.2000000000e+02,4.0000000000e+00,5.0738137960e-01
1.9300000000e+02,7.2000000000e+02,5.0000000000e+00,5.2082335949e-01
1.9300000000e+02,7.2000000000e+02,6.0000000000e+00,5.2948015928e-01
1.9300000000e+02,7.2000000000e+02,7.0000000000e+00,5.3479582071e-01
1.9300000000e+02,7.2000000000e+02,8.0000000000e+00,5.3802478313e-01
1.9300000000e+02,7.2000000000e+02,9.0000000000e+00,5.3999435902e-01
1.9300000000e+02,7.2000000000e+02,1.0000000000e+01,5.4121297598e-01
1.9300000000e+02,7.2000000000e+02,1.1000000000e+01,5.4198485613e-01
1.9300000000e+02,7.2000000000e+02,1.2000000000e+01,5.4249048233e-01
1.9300000000e+02,7.2000000000e+02,1.3000000000e+01,5.4283690453e-01
1.9300000000e+02,7.2000000000e+02,1.4000000000e+01,5.4308760166e-01
1.9300000000e+02,7.2000000000e+02,1.5000000000e+01,5.4328054190e-01
1.9300000000e+02,7.2000000000e+02,1.6000000000e+01,5.4343849421e-01
1.9300000000e+02,7.2000000000e+02,1.7000000000e+01,5.4357522726e-01
1.9300000000e+02,7.2000000000e+02,1.8000000000e+01,5.4369902611e-01
1.9300000000e+02,7.2000000000e+02,1.9000000000e+01,5.4381483793e-01
1.9300000000e+02,7.2000000000e+02,2.0000000000e+01,5.4392588139e-01
1.9300000000e+02,7.2000000000e+02,2.1000000000e+01,5.4403400421e-01
1.9300000000e+02,7.2000000000e+02,2.2000000000e+01,5.4414033890e-01
1.9300000000e+02,7.2000000000e+02,2.3000000000e+01,5.4424560070e-01
1.9300000000e+02,7.2000000000e+02,2.4000000000e+01,5.4435032606e-01
1.9300000000e+02,7.2000000000e+02,2.5000000000e+01,5.4445469379e-01
1.9300000000e+02,7.2000000000e+02,2.6000000000e+01,5.4455900192e-01
1.9300000000e+02,7.2000000000e+02,2.7000000000e+01,5.4466325045e-01
1.9300000000e+02,7.2000000000e+02,2.8000000000e+01,5.4476749897e-01
1.9300000000e+02,7.2000000000e+02,2.9000000000e+01,5.4487192631e-01
1.9300000000e+02,7.2000000000e+02,3.0000000000e+01,5.4497641325e-01
1.9300000000e+02,7.2000000000e+02,3.1000000000e+01,5.4508101940e-01
1.9300000000e+02,1.0000000000e+03,0.0000000000e+00,2.0082764626e+00
1.9300000000e+02,1.0000000000e+03,1.0000000000e+00,6.1917507648e-01
1.9300000000e+02,1.0000000000e+03,2.0000000000e+00,4.7125393152e-01
1.9300000000e+02,1.0000000000e+03,3.0000000000e+00,4.8586291075e-01
1.9300000000e+02,1.0000000000e+03,4.0000000000e+00,5.0501346588e-01
1.9300000000e+02,1.0000000000e+03,5.0000000000e+00,5.1743376255e-01
1.9300000000e+02,1.0000000000e+03,6.0000000000e+00,5.2467203140e-01
1.9300000000e+02,1.0000000000e+03,7.0000000000e+00,5.2878081799e-01
1.9300000000e+02,1.0000000000e+03,8.0000000000e+00,5.3111135960e-01
1.9300000000e+02,1.0000000000e+03,9.0000000000e+00,5.3244793415e-01
1.9300000000e+02,1.0000000000e+03,1.0000000000e+01,5.3323090076e-01
1.9300000000e+02,1.0000000000e+03,1.1000000000e+01,5.3370451927e-01
1.9300000000e+02,1.0000000000e+03,1.2000000000e+01,5.3400456905e-01
1.9300000000e+02,1.0000000000e+03,1.3000000000e+01,5.3420680761e-01
1.9300000000e+02,1.0000000000e+03,1.4000000000e+01,5.3435349464e-01
1.9300000000e+02,1.0000000000e+03,1.5000000000e+01,5.3446871042e-01
1.9300000000e+02,1.0000000000e+03,1.6000000000e+01,5.3456580639e-01
1.9300000000e+02,1.0000000000e+03,1.7000000000e+01,5.3465247154e-01
1.9300000000e+02,1.0000000000e+03,1.8000000000e+01,5.3473323584e-01
1.9300000000e+02,1.0000000000e+03,1.9000000000e+01,5.3481066227e-01
1.9300000000e+02,1.0000000000e+03,2.0000000000e+01,5.3488600254e-01
1.9300000000e+02,1.0000000000e+03,2.1000000000e+01,5.3496026993e-01
1.9300000000e+02,1.0000000000e+03,2.2000000000e+01,5.3503388166e-01
1.9300000000e+02,1.0000000000e+03,2.3000000000e+01,5.3510719538e-01
1.9300000000e+02,1.0000000000e+03,2.4000000000e+01,5.3518038988e-01
1.9300000000e+02,1.0000000000e+03,2.5000000000e+01,5.3525352478e-01
1.9300000000e+02,1.0000000000e+03,2.6000000000e+01,5.3532660007e-01
1.9300000000e+02,1.0000000000e+03,2.7000000000e+01,5.3539973497e-01
1.9300000000e+02,1.0000000000e+03,2.8000000000e+01,5.3547286987e-01
1.9300000000e+02,1.0000000000e+03,2.9000000000e+01,5.3554612398e-01
1.9300000000e+02,1.0000000000e+03,3.0000000000e+01,5.3561949730e-01
1.9300000000e+02,1.0000000000e+03,3.1000000000e+01,5.3569287062e-01
3.1600000000e+02,1.0000000000e+01,0.0000000000e+00,2.0054814816e+00
3.1600000000e+02,1.0000000000e+01,1.0000000000e+00,2.1113977432e+00
3.1600000000e+02,1.0000000000e+01,2.0000000000e+00,2.4701259136e+00
3.1600000000e+02,1.0000000000e+01,3.0000000000e+00,2.9074835777e+00
3.1600000000e+02,1.0000000000e+01,4.0000000000e+00,3.3197042942e+00
3.1600000000e+02,1.0000000000e+01,5.0000000000e+00,3.6907036304e+00
3.1600000000e+02,1.0000000000e+01,6.0000000000e+00,4.0260305405e+00
3.1600000000e+02,1.0000000000e+01,7.0000000000e+00,4.3350982666e+00
3.1600000000e+02,1.0000000000e+01,8.0000000000e+00,4.6262154579e+00
3.1600000000e+02,1.0000000000e+01,9.0000000000e+00,4.9059004784e+00
3.1600000000e+02,1.0000000000e+01,1.0000000000e+01,5.1791152954e+00
3.1600000000e+02,1.0000000000e+01,1.1000000000e+01,5.4496326447e+00
3.1600000000e+02,1.0000000000e+01,1.2000000000e+01,5.7203493118e+00
3.1600000000e+02,1.0000000000e+01,1.3000000000e+01,5.9935135841e+00
3.1600000000e+02,1.0000000000e+01,1.4000000000e+01,6.2708983421e+00
3.1600000000e+02,1.0000000000e+01,1.5000000000e+01,6.5539159775e+00
3.1600000000e+02,1.0000000000e+01,1.6000000000e+01,6.8437108994e+00
3.1600000000e+02,1.0000000000e+01,1.7000000000e+01,7.1412129402e+00
3.1600000000e+02,1.0000000000e+01,1.8000000000e+01,7.4471912384e+00
3.1600000000e+02,1.0000000000e+01,1.9000000000e+01,7.7622876167e+00
3.1600000000e+02,1.0000000000e+01,2.0000000000e+01,8.0870399475e+00
3.1600000000e+02,1.0000000000e+01,2.1000000000e+01,8.4219007492e+00
3.1600000000e+02,1.0000000000e+01,2.2000000000e+01,8.7672595978e+00
3.1600000000e+02,1.0000000000e+01,2.3000000000e+01,9.1234493256e+00
3.1600000000e+02,1.0000000000e+01,2.4000000000e+01,9.4907531738e+00
3.1600000000e+02,1.0000000000e+01,2.5000000000e+01,9.8694200516e+00
3.1600000000e+02,1.0000000000e+01,2.6000000000e+01,1.0259666443e+01
3.1600000000e+02,1.0000000000e+01,2.7000000000e+01,1.0661680222e+01
3.1600000000e+02,1.0000000000e+01,2.8000000000e+01,1.1075625420e+01
3.1600000000e+02,1.0000000000e+01,2.9000000000e+01,1.1501645088e+01
3.1600000000e+02,1.0000000000e+01,3.0000000000e+01,1.1939870834e+01
3.1600000000e+02,1.0000000000e+01,3.1000000000e+01,1.2390415192e+01
3.1600000000e+02,1.4000000000e+01,0.0000000000e+00,2.0090551376e+00
3.1600000000e+02,1.4000000000e+01,1.0000000000e+00,2.0411241055e+00
3.1600000000e+02,1.4000000000e+01,2.0000000000e+00,2.3301792145e+00
3.1600000000e+02,1.4000000000e+01,3.0000000000e+00,2.7597527504e+00
3.1600000000e+02,1.4000000000e+01,4.0000000000e+00,3.2155659199e+00
3.1600000000e+02,1.4000000000e+01,5.0000000000e+00,3.6611864567e+00
3.1600000000e+02,1.4000000000e+01,6.0000000000e+00,4.0853595734e+00
3.1600000000e+02,1.4000000000e+01,7.0000000000e+00,4.4889006615e+00
3.1600000000e+02,1.4000000000e+01,8.0000000000e+00,4.8761758804e+00
3.1600000000e+02,1.4000000000e+01,9.0000000000e+00,5.2521791458e+00
3.1600000000e+02,1.4000000000e+01,1.0000000000e+01,5.6214981079e+00
3.1600000000e+02,1.4000000000e+01,1.1000000000e+01,5.9880485535e+00
3.1600000000e+02,1.4000000000e+01,1.2000000000e+01,6.3550825119e+00
3.1600000000e+02,1.4000000000e+01,1.3000000000e+01,6.7252726555e+00
3.1600000000e+02,1.4000000000e+01,1.4000000000e+01,7.1008148193e+00
3.1600000000e+02,1.4000000000e+01,1.5000000000e+01,7.4835190773e+00
3.1600000000e+02,1.4000000000e+01,1.6000000000e+01,7.8748831749e+00
3.1600000000e+02,1.4000000000e+01,1.7000000000e+01,8.2761554718e+00
3.1600000000e+02,1.4000000000e+01,1.8000000000e+01,8.6883831024e+00
3.1600000000e+02,1.4000000000e+01,1.9000000000e+01,9.1124458313e+00
3.1600000000e+02,1.4000000000e+01,2.0000000000e+01,9.5490922928e+00
3.1600000000e+02,1.4000000000e+01,2.1000000000e+01,9.9989585876e+00
3.1600000000e+02,1.4000000000e+01,2.2000000000e+01,1.0462593079e+01
3.1600000000e+02,1.4000000000e+01,2.3000000000e+01,1.0940463066e+01
3.1600000000e+02,1.4000000000e+01,2.4000000000e+01,1.1432975769e+01
3.1600000000e+02,1.4000000000e+01,2.5000000000e+01,1.1940485001e+01
3.1600000000e+02,1.4000000000e+01,2.6000000000e+01,1.2463292122e+01
3.1600000000e+02,1.4000000000e+01,2.7000000000e+01,1.3001668930e+01
3.1600000000e+02,1.4000000000e+01,2.8000000000e+01,1.3555850029e+01
3.1600000000e+02,1.4000000000e+01,2.9000000000e+01,1.4126039505e+01
3.1600000000e+02,1.4000000000e+01,3.0000000000e+01,1.4712419510e+01
3.1600000000e+02,1.4000000000e+01,3.1000000000e+01,1.5315147400e+01
3.1600000000e+02,1.9000000000e+01,0.0000000000e+00,2.0012698174e+00
3.1600000000e+02,1.9000000000e+01,1.0000000000e+00,2.0005087852e+00
3.1600000000e+02,1.9000000000e+01,2.0000000000e+00,2.3103086948e+00
3.1600000000e+02,1.9000000000e+01,3.0000000000e+00,2.7990825176e+00
3.1600000000e+02,1.9000000000e+01,4.0000000000e+00,3.3513510227e+00
3.1600000000e+02,1.9000000000e+01,5.0000000000e+00,3.9202444553e+00
3.1600000000e+02,1.9000000000e+01,6.0000000000e+00,4.4805140495e+00
3.1600000000e+02,1.9000000000e+01,7.0000000000e+00,5.0240011215e+00
3.1600000000e+02,1.9000000000e+01,8.0000000000e+00,5.5498371124e+00
3.1600000000e+02,1.9000000000e+01,9.0000000000e+00,6.0605278015e+00
3.1600000000e+02,1.9000000000e+01,1.0000000000e+01,6.5597314835e+00
3.1600000000e+02,1.9000000000e+01,1.1000000000e+01,7.0512676239e+00
3.1600000000e+02,1.9000000000e+01,1.2000000000e+01,7.5387101173e+00
3.1600000000e+02,1.9000000000e+01,1.3000000000e+01,8.0252361298e+00
3.1600000000e+02,1.9000000000e+01,1.4000000000e+01,8.5136127472e+00
3.1600000000e+02,1.9000000000e+01,1.5000000000e+01,9.0062179565e+00
3.1600000000e+02,1.9000000000e+01,1.6000000000e+01,9.5050868988e+00
3.1600000000e+02,1.9000000000e+01,1.7000000000e+01,1.0011966705e+01
3.1600000000e+02,1.9000000000e+01,1.8000000000e+01,1.0528348923e+01
3.1600000000e+02,1.9000000000e+01,1.9000000000e+01,1.1055518150e+01
3.1600000000e+02,1.9000000000e+01,2.0000000000e+01,1.1594579697e+01
3.1600000000e+02,1.9000000000e+01,2.1000000000e+01,1.2146490097e+01
3.1600000000e+02,1.9000000000e+01,2.2000000000e+01,1.2712076187e+01
3.1600000000e+02,1.9000000000e+01,2.3000000000e+01,1.3292058945e+01
3.1600000000e+02,1.9000000000e+01,2.4000000000e+01,1.3887069702e+01
3.1600000000e+02,1.9000000000e+01,2.5000000000e+01,1.4497656822e+01
3.1600000000e+02,1.9000000000e+01,2.6000000000e+01,1.5124305725e+01
3.1600000000e+02,1.9000000000e+01,2.7000000000e+01,1.5767442703e+01
3.1600000000e+02,1.9000000000e+01,2.8000000000e+01,1.6427440643e+01
3.1600000000e+02,1.9000000000e+01,2.9000000000e+01,1.7104635239e+01
3.1600000000e+02,1.9000000000e+01,3.0000000000e+01,1.7799318314e+01
3.1600000000e+02,1.9000000000e+01,3.1000000000e+01,1.8511753082e+01
3.1600000000e+02,2.7000000000e+01,0.0000000000e+00,1.9991271496e+00
3.1600000000e+02,2.7000000000e+01,1.0000000000e+00,1.8837859631e+00
3.1600000000e+02,2.7000000000e+01,2.0000000000e+00,2.1183373928e+00
3.1600000000e+02,2.7000000000e+01,3.0000000000e+00,2.5675227642e+00
3.1600000000e+02,2.7000000000e+01,4.0000000000e+00,3.1173255444e+00
3.1600000000e+02,2.7000000000e+01,5.0000000000e+00,3.7250399590e+00
3.1600000000e+02,2.7000000000e+01,6.0000000000e+00,4.3593869209e+00
3.1600000000e+02,2.7000000000e+01,7.0000000000e+00,5.0035543442e+00
3.1600000000e+02,2.7000000000e+01,8.0000000000e+00,5.6479558945e+00
3.1600000000e+02,2.7000000000e+01,9.0000000000e+00,6.2882142067e+00
3.1600000000e+02,2.7000000000e+01,1.0000000000e+01,6.9230046272e+00
3.1600000000e+02,2.7000000000e+01,1.1000000000e+01,7.5527453423e+00
3.1600000000e+02,2.7000000000e+01,1.2000000000e+01,8.1787862778e+00
3.1600000000e+02,2.7000000000e+01,1.3000000000e+01,8.8029117584e+00
3.1600000000e+02,2.7000000000e+01,1.4000000000e+01,9.4270658493e+00
3.1600000000e+02,2.7000000000e+01,1.5000000000e+01,1.0053181648e+01
3.1600000000e+02,2.7000000000e+01,1.6000000000e+01,1.0683109283e+01
3.1600000000e+02,2.7000000000e+01,1.7000000000e+01,1.1318570137e+01
3.1600000000e+02,2.7000000000e+01,1.8000000000e+01,1.1961138725e+01
3.1600000000e+02,2.7000000000e+01,1.9000000000e+01,1.2612244606e+01
3.1600000000e+02,2.7000000000e+01,2.0000000000e+01,1.3273180962e+01
3.1600000000e+02,2.7000000000e+01,2.1000000000e+01,1.3945110321e+01
3.1600000000e+02,2.7000000000e+01,2.2000000000e+01,1.4629072189e+01
3.1600000000e+02,2.7000000000e+01,2.3000000000e+01,1.5326004028e+01
3.1600000000e+02,2.7000000000e+01,2.4000000000e+01,1.6036748886e+01
3.1600000000e+02,2.7000000000e+01,2.5000000000e+01,1.6762056351e+01
3.1600000000e+02,2.7000000000e+01,2.6000000000e+01,1.7502605438e+01
3.1600000000e+02,2.7000000000e+01,2.7000000000e+01,1.8259006500e+01
3.1600000000e+02,2.7000000000e+01,2.8000000000e+01,1.9031808853e+01
3.1600000000e+02,2.7000000000e+01,2.9000000000e+01,1.9821506500e+01
3.1600000000e+02,2.7000000000e+01,3.0000000000e+01,2.0628551483e+01
3.1600000000e+02,2.7000000000e+01,3.1000000000e+01,2.1453342438e+01
3.1600000000e+02,3.7000000000e+01,0.0000000000e+00,2.0085554123e+00
3.1600000000e+02,3.7000000000e+01,1.0000000000e+00,1.7526021004e+00
3.1600000000e+02,3.7000000000e+01,2.0000000000e+00,1.9132510424e+00
3.1600000000e+02,3.7000000000e+01,3.0000000000e+00,2.3156096935e+00
3.1600000000e+02,3.7000000000e+01,4.0000000000e+00,2.8402936459e+00
3.1600000000e+02,3.7000000000e+01,5.0000000000e+00,3.4465980530e+00
3.1600000000e+02,3.7000000000e+01,6.0000000000e+00,4.1054563522e+00
3.1600000000e+02,3.7000000000e+01,7.0000000000e+00,4.7990856171e+00
3.1600000000e+02,3.7000000000e+01,8.0000000000e+00,5.5145888329e+00
3.1600000000e+02,3.7000000000e+01,9.0000000000e+00,6.2436933517e+00
3.1600000000e+02,3.7000000000e+01,1.0000000000e+01,6.9810285568e+00
3.1600000000e+02,3.7000000000e+01,1.1000000000e+01,7.7234745026e+00
3.1600000000e+02,3.7000000000e+01,1.2000000000e+01,8.4694032669e+00
3.1600000000e+02,3.7000000000e+01,1.3000000000e+01,9.2182312012e+00
3.1600000000e+02,3.7000000000e+01,1.4000000000e+01,9.9700546265e+00
3.1600000000e+02,3.7000000000e+01,1.5000000000e+01,1.0725404739e+01
3.1600000000e+02,3.7000000000e+01,1.6000000000e+01,1.1485084534e+01
3.1600000000e+02,3.7000000000e+01,1.7000000000e+01,1.2250048637e+01
3.1600000000e+02,3.7000000000e+01,1.8000000000e+01,1.3021325111e+01
3.1600000000e+02,3.7000000000e+01,1.9000000000e+01,1.3799964905e+01
3.1600000000e+02,3.7000000000e+01,2.0000000000e+01,1.4587007523e+01
3.1600000000e+02,3.7000000000e+01,2.1000000000e+01,1.5383457184e+01
3.1600000000e+02,3.7000000000e+01,2.2000000000e+01,1.6190273285e+01
3.1600000000e+02,3.7000000000e+01,2.3000000000e+01,1.7008365631e+01
3.1600000000e+02,3.7000000000e+01,2.4000000000e+01,1.7838582993e+01
3.1600000000e+02,3.7000000000e+01,2.5000000000e+01,1.8681718826e+01
3.1600000000e+02,3.7000000000e+01,2.6000000000e+01,1.9538515091e+01
3.1600000000e+02,3.7000000000e+01,2.7000000000e+01,2.0409652710e+01
3.1600000000e+02,3.7000000000e+01,2.8000000000e+01,2.1295770645e+01
3.1600000000e+02,3.7000000000e+01,2.9000000000e+01,2.2197448730e+01
3.1600000000e+02,3.7000000000e+01,3.0000000000e+01,2.3115236282e+01
3.1600000000e+02,3.7000000000e+01,3.1000000000e+01,2.4049627304e+01
3.1600000000e+02,5.2000000000e+01,0.0000000000e+00,2.0017793179e+00
3.1600000000e+02,5.2000000000e+01,1.0000000000e+00,1.6996316910e+00
3.1600000000e+02,5.2000000000e+01,2.0000000000e+00,1.8483145237e+00
3.1600000000e+02,5.2000000000e+01,3.0000000000e+00,2.2177634239e+00
3.1600000000e+02,5.2000000000e+01,4.0000000000e+00,2.6942188740e+00
3.1600000000e+02,5.2000000000e+01,5.0000000000e+00,3.2464089394e+00
3.1600000000e+02,5.2000000000e+01,6.0000000000e+00,3.8514075279e+00
3.1600000000e+02,5.2000000000e+01,7.0000000000e+00,4.4970359802e+00
3.1600000000e+02,5.2000000000e+01,8.0000000000e+00,5.1725831032e+00
3.1600000000e+02,5.2000000000e+01,9.0000000000e+00,5.8711900711e+00
3.1600000000e+02,5.2000000000e+01,1.0000000000e+01,6.5870532990e+00
3.1600000000e+02,5.2000000000e+01,1.1000000000e+01,7.3162527084e+00
3.1600000000e+02,5.2000000000e+01,1.2000000000e+01,8.0556774139e+00
3.1600000000e+02,5.2000000000e+01,1.3000000000e+01,8.8032379150e+00
3.1600000000e+02,5.2000000000e+01,1.4000000000e+01,9.5574121475e+00
3.1600000000e+02,5.2000000000e+01,1.5000000000e+01,1.0317235947e+01
3.1600000000e+02,5.2000000000e+01,1.6000000000e+01,1.1082113266e+01
3.1600000000e+02,5.2000000000e+01,1.7000000000e+01,1.1851755142e+01
3.1600000000e+02,5.2000000000e+01,1.8000000000e+01,1.2626096725e+01
3.1600000000e+02,5.2000000000e+01,1.9000000000e+01,1.3405236244e+01
3.1600000000e+02,5.2000000000e+01,2.0000000000e+01,1.4189394951e+01
3.1600000000e+02,5.2000000000e+01,2.1000000000e+01,1.4978879929e+01
3.1600000000e+02,5.2000000000e+01,2.2000000000e+01,1.5774065018e+01
3.1600000000e+02,5.2000000000e+01,2.3000000000e+01,1.6575365067e+01
3.1600000000e+02,5.2000000000e+01,2.4000000000e+01,1.7383209229e+01
3.1600000000e+02,5.2000000000e+01,2.5000000000e+01,1.8198055267e+01
3.1600000000e+02,5.2000000000e+01,2.6000000000e+01,1.9020353317e+01
3.1600000000e+02,5.2000000000e+01,2.7000000000e+01,1.9850563049e+01
3.1600000000e+02,5.2000000000e+01,2.8000000000e+01,2.0689128876e+01
3.1600000000e+02,5.2000000000e+01,2.9000000000e+01,2.1536485672e+01
3.1600000000e+02,5.2000000000e+01,3.0000000000e+01,2.2393054962e+01
3.1600000000e+02,5.2000000000e+01,3.1000000000e+01,2.3259248734e+01
3.1600000000e+02,7.2000000000e+01,0.0000000000e+00,1.9986093044e+00
3.1600000000e+02,7.2000000000e+01,1.0000000000e+00,1.4940898418e+00
3.1600000000e+02,7.2000000000e+01,2.0000000000e+00,1.5259981155e+00
3.1600000000e+02,7.2000000000e+01,3.0000000000e+00,1.8041678667e+00
3.1600000000e+02,7.2000000000e+01,4.0000000000e+00,2.1851804256e+00
3.1600000000e+02,7.2000000000e+01,5.0000000000e+00,2.6345057487e+00
3.1600000000e+02,7.2000000000e+01,6.0000000000e+00,3.1309621334e+00
3.1600000000e+02,7.2000000000e+01,7.0000000000e+00,3.6648478508e+00
3.1600000000e+02,7.2000000000e+01,8.0000000000e+00,4.2283935547e+00
3.1600000000e+02,7.2000000000e+01,9.0000000000e+00,4.8169827461e+00
3.1600000000e+02,7.2000000000e+01,1.0000000000e+01,5.4266691208e+00
3.1600000000e+02,7.2000000000e+01,1.1000000000e+01,6.0548677444e+00
3.1600000000e+02,7.2000000000e+01,1.2000000000e+01,6.6992955208e+00
3.1600000000e+02,7.2000000000e+01,1.3000000000e+01,7.3584055901e+00
3.1600000000e+02,7.2000000000e+01,1.4000000000e+01,8.0308170319e+00
3.1600000000e+02,7.2000000000e+01,1.5000000000e+01,8.7155838013e+00
3.1600000000e+02,7.2000000000e+01,1.6000000000e+01,9.4118738174e+00
3.1600000000e+02,7.2000000000e+01,1.7000000000e+01,1.0119113922e+01
3.1600000000e+02,7.2000000000e+01,1.8000000000e+01,1.0836824417e+01
3.1600000000e+02,7.2000000000e+01,1.9000000000e+01,1.1564675331e+01
3.1600000000e+02,7.2000000000e+01,2.0000000000e+01,1.2302414894e+01
3.1600000000e+02,7.2000000000e+01,2.1000000000e+01,1.3049882889e+01
3.1600000000e+02,7.2000000000e+01,2.2000000000e+01,1.3806970596e+01
3.1600000000e+02,7.2000000000e+01,2.3000000000e+01,1.4573633194e+01
3.1600000000e+02,7.2000000000e+01,2.4000000000e+01,1.5349860191e+01
3.1600000000e+02,7.2000000000e+01,2.5000000000e+01,1.6135679245e+01
3.1600000000e+02,7.2000000000e+01,2.6000000000e+01,1.6931148529e+01
3.1600000000e+02,7.2000000000e+01,2.7000000000e+01,1.7736345291e+01
3.1600000000e+02,7.2000000000e+01,2.8000000000e+01,1.8551362991e+01
3.1600000000e+02,7.2000000000e+01,2.9000000000e+01,1.9376314163e+01
3.1600000000e+02,7.2000000000e+01,3.0000000000e+01,2.0211317062e+01
3.1600000000e+02,7.2000000000e+01,3.1000000000e+01,2.1056501389e+01
3.1600000000e+02,1.0000000000e+02,0.0000000000e+00,2.0002362728e+00
3.1600000000e+02,1.0000000000e+02,1.0000000000e+00,1.5287092924e+00
3.1600000000e+02,1.0000000000e+02,2.0000000000e+00,1.5781650543e+00
3.1600000000e+02,1.0000000000e+02,3.0000000000e+00,1.8023314476e+00
3.1600000000e+02,1.0000000000e+02,4.0000000000e+00,2.0796792507e+00
3.1600000000e+02,1.0000000000e+02,5.0000000000e+00,2.3849401474e+00
3.1600000000e+02,1.0000000000e+02,6.0000000000e+00,2.7034802437e+00
3.1600000000e+02,1.0000000000e+02,7.0000000000e+00,3.0300297737e+00
3.1600000000e+02,1.0000000000e+02,8.0000000000e+00,3.3601868153e+00
3.1600000000e+02,1.0000000000e+02,9.0000000000e+00,3.6921904087e+00
3.1600000000e+02,1.0000000000e+02,1.0000000000e+01,4.0241527557e+00
3.1600000000e+02,1.0000000000e+02,1.1000000000e+01,4.3554458618e+00
3.1600000000e+02,1.0000000000e+02,1.2000000000e+01,4.6850962639e+00
3.1600000000e+02,1.0000000000e+02,1.3000000000e+01,5.0129232407e+00
3.1600000000e+02,1.0000000000e+02,1.4000000000e+01,5.3383903503e+00
3.1600000000e+02,1.0000000000e+02,1.5000000000e+01,5.6614894867e+00
3.1600000000e+02,1.0000000000e+02,1.6000000000e+01,5.9819369316e+00
3.1600000000e+02,1.0000000000e+02,1.7000000000e+01,6.2997875214e+00
3.1600000000e+02,1.0000000000e+02,1.8000000000e+01,6.6149106026e+00
3.1600000000e+02,1.0000000000e+02,1.9000000000e+01,6.9273838997e+00
3.1600000000e+02,1.0000000000e+02,2.0000000000e+01,7.2371692657e+00
3.1600000000e+02,1.0000000000e+02,2.1000000000e+01,7.5443549156e+00
3.1600000000e+02,1.0000000000e+02,2.2000000000e+01,7.8489570618e+00
3.1600000000e+02,1.0000000000e+02,2.3000000000e+01,8.1510658264e+00
3.1600000000e+02,1.0000000000e+02,2.4000000000e+01,8.4507331848e+00
3.1600000000e+02,1.0000000000e+02,2.5000000000e+01,8.7480430603e+00
3.1600000000e+02,1.0000000000e+02,2.6000000000e+01,9.0430688858e+00
3.1600000000e+02,1.0000000000e+02,2.7000000000e+01,9.3358955383e+00
3.1600000000e+02,1.0000000000e+02,2.8000000000e+01,9.6266040802e+00
3.1600000000e+02,1.0000000000e+02,2.9000000000e+01,9.9152755737e+00
3.1600000000e+02,1.0000000000e+02,3.0000000000e+01,1.0201996803e+01
3.1600000000e+02,1.0000000000e+02,3.1000000000e+01,1.0486847878e+01
3.1600000000e+02,1.3900000000e+02,0.0000000000e+00,2.0058908463e+00
3.1600000000e+02,1.3900000000e+02,1.0000000000e+00,1.1800925732e+00
3.1600000000e+02,1.3900000000e+02,2.0000000000e+00,1.0508067608e+00
3.1600000000e+02,1.3900000000e+02,3.0000000000e+00,1.1537348032e+00
3.1600000000e+02,1.3900000000e+02,4.0000000000e+00,1.3179550171e+00
3.1600000000e+02,1.3900000000e+02,5.0000000000e+00,1.5070741177e+00
3.1600000000e+02,1.3900000000e+02,6.0000000000e+00,1.7048264742e+00
3.1600000000e+02,1.3900000000e+02,7.0000000000e+00,1.9050035477e+00
3.1600000000e+02,1.3900000000e+02,8.0000000000e+00,2.1040663719e+00
3.1600000000e+02,1.3900000000e+02,9.0000000000e+00,2.3005070686e+00
3.1600000000e+02,1.3900000000e+02,1.0000000000e+01,2.4934358597e+00
3.1600000000e+02,1.3900000000e+02,1.1000000000e+01,2.6825737953e+00
3.1600000000e+02,1.3900000000e+02,1.2000000000e+01,2.8677754402e+00
3.1600000000e+02,1.3900000000e+02,1.3000000000e+01,3.0491423607e+00
3.1600000000e+02,1.3900000000e+02,1.4000000000e+01,3.2267653942e+00
3.1600000000e+02,1.3900000000e+02,1.5000000000e+01,3.4008567333e+00
3.1600000000e+02,1.3900000000e+02,1.6000000000e+01,3.5715804100e+00
3.1600000000e+02,1.3900000000e+02,1.7000000000e+01,3.7391664982e+00
3.1600000000e+02,1.3900000000e+02,1.8000000000e+01,3.9037928581e+00
3.1600000000e+02,1.3900000000e+02,1.9000000000e+01,4.0656771660e+00
3.1600000000e+02,1.3900000000e+02,2.0000000000e+01,4.2249898911e+00
3.1600000000e+02,1.3900000000e+02,2.1000000000e+01,4.3819265366e+00
3.1600000000e+02,1.3900000000e+02,2.2000000000e+01,4.5366401672e+00
3.1600000000e+02,1.3900000000e+02,2.3000000000e+01,4.6893053055e+00
3.1600000000e+02,1.3900000000e+02,2.4000000000e+01,4.8400568962e+00
3.1600000000e+02,1.3900000000e+02,2.5000000000e+01,4.9890456200e+00
3.1600000000e+02,1.3900000000e+02,2.6000000000e+01,5.1363916397e+00
3.1600000000e+02,1.3900000000e+02,2.7000000000e+01,5.2822265625e+00
3.1600000000e+02,1.3900000000e+02,2.8000000000e+01,5.4266543388e+00
3.1600000000e+02,1.3900000000e+02,2.9000000000e+01,5.5697903633e+00
3.1600000000e+02,1.3900000000e+02,3.0000000000e+01,5.7117252350e+00
3.1600000000e+02,1.3900000000e+02,3.1000000000e+01,5.8525576591e+00
3.1600000000e+02,1.9300000000e+02,0.0000000000e+00,1.9961516857e+00
3.1600000000e+02,1.9300000000e+02,1.0000000000e+00,1.0318678617e+00
3.1600000000e+02,1.9300000000e+02,2.0000000000e+00,8.4507554770e-01
3.1600000000e+02,1.9300000000e+02,3.0000000000e+00,8.7934011221e-01
3.1600000000e+02,1.9300000000e+02,4.0000000000e+00,9.6089863777e-01
3.1600000000e+02,1.9300000000e+02,5.0000000000e+00,1.0536525249e+00
3.1600000000e+02,1.9300000000e+02,6.0000000000e+00,1.1448944807e+00
3.1600000000e+02,1.9300000000e+02,7.0000000000e+00,1.2305922508e+00
3.1600000000e+02,1.9300000000e+02,8.0000000000e+00,1.3093749285e+00
3.1600000000e+02,1.9300000000e+02,9.0000000000e+00,1.3811719418e+00
3.1600000000e+02,1.9300000000e+02,1.0000000000e+01,1.4463478327e+00
3.1600000000e+02,1.9300000000e+02,1.1000000000e+01,1.5054738522e+00
3.1600000000e+02,1.9300000000e+02,1.2000000000e+01,1.5591541529e+00
3.1600000000e+02,1.9300000000e+02,1.3000000000e+01,1.6079813242e+00
3.1600000000e+02,1.9300000000e+02,1.4000000000e+01,1.6525014639e+00
3.1600000000e+02,1.9300000000e+02,1.5000000000e+01,1.6932096481e+00
3.1600000000e+02,1.9300000000e+02,1.6000000000e+01,1.7305455208e+00
3.1600000000e+02,1.9300000000e+02,1.7000000000e+01,1.7648977041e+00
3.1600000000e+02,1.9300000000e+02,1.8000000000e+01,1.7966079712e+00
3.1600000000e+02,1.9300000000e+02,1.9000000000e+01,1.8259754181e+00
3.1600000000e+02,1.9300000000e+02,2.0000000000e+01,1.8532627821e+00
3.1600000000e+02,1.9300000000e+02,2.1000000000e+01,1.8786994219e+00
3.1600000000e+02,1.9300000000e+02,2.2000000000e+01,1.9024871588e+00
3.1600000000e+02,1.9300000000e+02,2.3000000000e+01,1.9248023033e+00
3.1600000000e+02,1.9300000000e+02,2.4000000000e+01,1.9457998276e+00
3.1600000000e+02,1.9300000000e+02,2.5000000000e+01,1.9656165838e+00
3.1600000000e+02,1.9300000000e+02,2.6000000000e+01,1.9843719006e+00
3.1600000000e+02,1.9300000000e+02,2.7000000000e+01,2.0021722317e+00
3.1600000000e+02,1.9300000000e+02,2.8000000000e+01,2.0191111565e+00
3.1600000000e+02,1.9300000000e+02,2.9000000000e+01,2.0352711678e+00
3.1600000000e+02,1.9300000000e+02,3.0000000000e+01,2.0507261753e+00
3.1600000000e+02,1.9300000000e+02,3.1000000000e+01,2.0655412674e+00
3.1600000000e+02,2.6800000000e+02,0.0000000000e+00,2.0096371174e+00
3.1600000000e+02,2.6800000000e+02,1.0000000000e+00,1.0124440193e+00
3.1600000000e+02,2.6800000000e+02,2.0000000000e+00,8.5238915682e-01
3.1600000000e+02,2.6800000000e+02,3.0000000000e+00,8.8162022829e-01
3.1600000000e+02,2.6800000000e+02,4.0000000000e+00,9.4166296721e-01
3.1600000000e+02,2.6800000000e+02,5.0000000000e+00,1.0032896996e+00
3.1600000000e+02,2.6800000000e+02,6.0000000000e+00,1.0592575073e+00
3.1600000000e+02,2.6800000000e+02,7.0000000000e+00,1.1082041264e+00
3.1600000000e+02,2.6800000000e+02,8.0000000000e+00,1.1504461765e+00
3.1600000000e+02,2.6800000000e+02,9.0000000000e+00,1.1868040562e+00
3.1600000000e+02,2.6800000000e+02,1.0000000000e+01,1.2181388140e+00
3.1600000000e+02,2.6800000000e+02,1.1000000000e+01,1.2452480793e+00
3.1600000000e+02,2.6800000000e+02,1.2000000000e+01,1.2688078880e+00
3.1600000000e+02,2.6800000000e+02,1.3000000000e+01,1.2893913984e+00
3.1600000000e+02,2.6800000000e+02,1.4000000000e+01,1.3074674606e+00
3.1600000000e+02,2.6800000000e+02,1.5000000000e+01,1.3234280348e+00
3.1600000000e+02,2.6800000000e+02,1.6000000000e+01,1.3375928402e+00
3.1600000000e+02,2.6800000000e+02,1.7000000000e+01,1.3502290249e+00
3.1600000000e+02,2.6800000000e+02,1.8000000000e+01,1.3615565300e+00
3.1600000000e+02,2.6800000000e+02,1.9000000000e+01,1.3717609644e+00
3.1600000000e+02,2.6800000000e+02,2.0000000000e+01,1.3809957504e+00
3.1600000000e+02,2.6800000000e+02,2.1000000000e+01,1.3893916607e+00
3.1600000000e+02,2.6800000000e+02,2.2000000000e+01,1.3970582485e+00
3.1600000000e+02,2.6800000000e+02,2.3000000000e+01,1.4040888548e+00
3.1600000000e+02,2.6800000000e+02,2.4000000000e+01,1.4105635881e+00
3.1600000000e+02,2.6800000000e+02,2.5000000000e+01,1.4165503979e+00
3.1600000000e+02,2.6800000000e+02,2.6000000000e+01,1.4221086502e+00
3.1600000000e+02,2.6800000000e+02,2.7000000000e+01,1.4272885323e+00
3.1600000000e+02,2.6800000000e+02,2.8000000000e+01,1.4321343899e+00
3.1600000000e+02,2.6800000000e+02,2.9000000000e+01,1.4366847277e+00
3.1600000000e+02,2.6800000000e+02,3.0000000000e+01,1.4409725666e+00
3.1600000000e+02,2.6800000000e+02,3.1000000000e+01,1.4450273514e+00
3.1600000000e+02,3.7300000000e+02,0.0000000000e+00,2.0078151226e+00
3.1600000000e+02,3.7300000000e+02,1.0000000000e+00,7.8636282682e-01
3.1600000000e+02,3.7300000000e+02,2.0000000000e+00,5.5650156736e-01
3.1600000000e+02,3.7300000000e+02,3.0000000000e+00,5.4325592518e-01
3.1600000000e+02,3.7300000000e+02,4.0000000000e+00,5.6584888697e-01
3.1600000000e+02,3.7300000000e+02,5.0000000000e+00,5.9260773659e-01
3.1600000000e+02,3.7300000000e+02,6.0000000000e+00,6.1612063646e-01
3.1600000000e+02,3.7300000000e+02,7.0000000000e+00,6.3515973091e-01
3.1600000000e+02,3.7300000000e+02,8.0000000000e+00,6.5011405945e-01
3.1600000000e+02,3.7300000000e+02,9.0000000000e+00,6.6172230244e-01
3.1600000000e+02,3.7300000000e+02,1.0000000000e+01,6.7070370913e-01
3.1600000000e+02,3.7300000000e+02,1.1000000000e+01,6.7766016722e-01
3.1600000000e+02,3.7300000000e+02,1.2000000000e+01,6.8306809664e-01
3.1600000000e+02,3.7300000000e+02,1.3000000000e+01,6.8729555607e-01
3.1600000000e+02,3.7300000000e+02,1.4000000000e+01,6.9062328339e-01
3.1600000000e+02,3.7300000000e+02,1.5000000000e+01,6.9326454401e-01
3.1600000000e+02,3.7300000000e+02,1.6000000000e+01,6.9538134336e-01
3.1600000000e+02,3.7300000000e+02,1.7000000000e+01,6.9709622860e-01
3.1600000000e+02,3.7300000000e+02,1.8000000000e+01,6.9850248098e-01
3.1600000000e+02,3.7300000000e+02,1.9000000000e+01,6.9967126846e-01
3.1600000000e+02,3.7300000000e+02,2.0000000000e+01,7.0065665245e-01
3.1600000000e+02,3.7300000000e+02,2.1000000000e+01,7.0150029659e-01
3.1600000000e+02,3.7300000000e+02,2.2000000000e+01,7.0223414898e-01
3.1600000000e+02,3.7300000000e+02,2.3000000000e+01,7.0288246870e-01
3.1600000000e+02,3.7300000000e+02,2.4000000000e+01,7.0346450806e-01
3.1600000000e+02,3.7300000000e+02,2.5000000000e+01,7.0399469137e-01
3.1600000000e+02,3.7300000000e+02,2.6000000000e+01,7.0448458195e-01
3.1600000000e+02,3.7300000000e+02,2.7000000000e+01,7.0494288206e-01
3.1600000000e+02,3.7300000000e+02,2.8000000000e+01,7.0537650585e-01
3.1600000000e+02,3.7300000000e+02,2.9000000000e+01,7.0579105616e-01
3.1600000000e+02,3.7300000000e+02,3.0000000000e+01,7.0619046688e-01
3.1600000000e+02,3.7300000000e+02,3.1000000000e+01,7.0657819510e-01
3.1600000000e+02,5.1800000000e+02,0.0000000000e+00,2.0057432652e+00
3.1600000000e+02,5.1800000000e+02,1.0000000000e+00,6.9588375092e-01
3.1600000000e+02,5.1800000000e+02,2.0000000000e+00,4.8463168740e-01
3.1600000000e+02,5.1800000000e+02,3.0000000000e+00,4.8006156087e-01
3.1600000000e+02,5.1800000000e+02,4.0000000000e+00,5.0365281105e-01
3.1600000000e+02,5.1800000000e+02,5.0000000000e+00,5.2819961309e-01
3.1600000000e+02,5.1800000000e+02,6.0000000000e+00,5.4862725735e-01
3.1600000000e+02,5.1800000000e+02,7.0000000000e+00,5.6460213661e-01
3.1600000000e+02,5.1800000000e+02,8.0000000000e+00,5.7682907581e-01
3.1600000000e+02,5.1800000000e+02,9.0000000000e+00,5.8612251282e-01
3.1600000000e+02,5.1800000000e+02,1.0000000000e+01,5.9318262339e-01
3.1600000000e+02,5.1800000000e+02,1.1000000000e+01,5.9856104851e-01
3.1600000000e+02,5.1800000000e+02,1.2000000000e+01,6.0267841816e-01
3.1600000000e+02,5.1800000000e+02,1.3000000000e+01,6.0585087538e-01
3.1600000000e+02,5.1800000000e+02,1.4000000000e+01,6.0831487179e-01
3.1600000000e+02,5.1800000000e+02,1.5000000000e+01,6.1024665833e-01
3.1600000000e+02,5.1800000000e+02,1.6000000000e+01,6.1177790165e-01
3.1600000000e+02,5.1800000000e+02,1.7000000000e+01,6.1300688982e-01
3.1600000000e+02,5.1800000000e+02,1.8000000000e+01,6.1400723457e-01
3.1600000000e+02,5.1800000000e+02,1.9000000000e+01,6.1483436823e-01
3.1600000000e+02,5.1800000000e+02,2.0000000000e+01,6.1552977562e-01
3.1600000000e+02,5.1800000000e+02,2.1000000000e+01,6.1612474918e-01
3.1600000000e+02,5.1800000000e+02,2.2000000000e+01,6.1664324999e-01
3.1600000000e+02,5.1800000000e+02,2.3000000000e+01,6.1710309982e-01
3.1600000000e+02,5.1800000000e+02,2.4000000000e+01,6.1751800776e-01
3.1600000000e+02,5.1800000000e+02,2.5000000000e+01,6.1789846420e-01
3.1600000000e+02,5.1800000000e+02,2.6000000000e+01,6.1825239658e-01
3.1600000000e+02,5.1800000000e+02,2.7000000000e+01,6.1858594418e-01
3.1600000000e+02,5.1800000000e+02,2.8000000000e+01,6.1890375614e-01
3.1600000000e+02,5.1800000000e+02,2.9000000000e+01,6.1920946836e-01
3.1600000000e+02,5.1800000000e+02,3.0000000000e+01,6.1950576305e-01
3.1600000000e+02,5.1800000000e+02,3.1000000000e+01,6.1979502439e-01
3.1600000000e+02,7.2000000000e+02,0.0000000000e+00,2.0032272339e+00
3.1600000000e+02,7.2000000000e+02,1.0000000000e+00,6.0051912069e-01
3.1600000000e+02,7.2000000000e+02,2.0000000000e+00,3.9493384957e-01
3.1600000000e+02,7.2000000000e+02,3.0000000000e+00,3.8657242060e-01
3.1600000000e+02,7.2000000000e+02,4.0000000000e+00,4.0046665072e-01
3.1600000000e+02,7.2000000000e+02,5.0000000000e+00,4.1338720918e-01
3.1600000000e+02,7.2000000000e+02,6.0000000000e+00,4.2264917493e-01
3.1600000000e+02,7.2000000000e+02,7.0000000000e+00,4.2884618044e-01
3.1600000000e+02,7.2000000000e+02,8.0000000000e+00,4.3290597200e-01
3.1600000000e+02,7.2000000000e+02,9.0000000000e+00,4.3555378914e-01
3.1600000000e+02,7.2000000000e+02,1.0000000000e+01,4.3728682399e-01
3.1600000000e+02,7.2000000000e+02,1.1000000000e+01,4.3843090534e-01
3.1600000000e+02,7.2000000000e+02,1.2000000000e+01,4.3919602036e-01
3.1600000000e+02,7.2000000000e+02,1.3000000000e+01,4.3971684575e-01
3.1600000000e+02,7.2000000000e+02,1.4000000000e+01,4.4007983804e-01
3.1600000000e+02,7.2000000000e+02,1.5000000000e+01,4.4034042954e-01
3.1600000000e+02,7.2000000000e+02,1.6000000000e+01,4.4053441286e-01
3.1600000000e+02,7.2000000000e+02,1.7000000000e+01,4.4068503380e-01
3.1600000000e+02,7.2000000000e+02,1.8000000000e+01,4.4080707431e-01
3.1600000000e+02,7.2000000000e+02,1.9000000000e+01,4.4091051817e-01
3.1600000000e+02,7.2000000000e+02,2.0000000000e+01,4.4100168347e-01
3.1600000000e+02,7.2000000000e+02,2.1000000000e+01,4.4108477235e-01
3.1600000000e+02,7.2000000000e+02,2.2000000000e+01,4.4116255641e-01
3.1600000000e+02,7.2000000000e+02,2.3000000000e+01,4.4123682380e-01
3.1600000000e+02,7.2000000000e+02,2.4000000000e+01,4.4130876660e-01
3.1600000000e+02,7.2000000000e+02,2.5000000000e+01,4.4137924910e-01
3.1600000000e+02,7.2000000000e+02,2.6000000000e+01,4.4144874811e-01
3.1600000000e+02,7.2000000000e+02,2.7000000000e+01,4.4151765108e-01
3.1600000000e+02,7.2000000000e+02,2.8000000000e+01,4.4158616662e-01
3.1600000000e+02,7.2000000000e+02,2.9000000000e+01,4.4165444374e-01
3.1600000000e+02,7.2000000000e+02,3.0000000000e+01,4.4172266126e-01
3.1600000000e+02,7.2000000000e+02,3.1000000000e+01,4.4179075956e-01
3.1600000000e+02,1.0000000000e+03,0.0000000000e+00,2.0021946430e+00
3.1600000000e+02,1.0000000000e+03,1.0000000000e+00,5.1121866703e-01
3.1600000000e+02,1.0000000000e+03,2.0000000000e+00,3.1987369061e-01
3.1600000000e+02,1.0000000000e+03,3.0000000000e+00,3.1614521146e-01
3.1600000000e+02,1.0000000000e+03,4.0000000000e+00,3.2802087069e-01
3.1600000000e+02,1.0000000000e+03,5.0000000000e+00,3.3711549640e-01
3.1600000000e+02,1.0000000000e+03,6.0000000000e+00,3.4267136455e-01
3.1600000000e+02,1.0000000000e+03,7.0000000000e+00,3.4587377310e-01
3.1600000000e+02,1.0000000000e+03,8.0000000000e+00,3.4769383073e-01
3.1600000000e+02,1.0000000000e+03,9.0000000000e+00,3.4873211384e-01
3.1600000000e+02,1.0000000000e+03,1.0000000000e+01,3.4933426976e-01
3.1600000000e+02,1.0000000000e+03,1.1000000000e+01,3.4969401360e-01
3.1600000000e+02,1.0000000000e+03,1.2000000000e+01,3.4991908073e-01
3.1600000000e+02,1.0000000000e+03,1.3000000000e+01,3.5006916523e-01
3.1600000000e+02,1.0000000000e+03,1.4000000000e+01,3.5017746687e-01
3.1600000000e+02,1.0000000000e+03,1.5000000000e+01,3.5026240349e-01
3.1600000000e+02,1.0000000000e+03,1.6000000000e+01,3.5033425689e-01
3.1600000000e+02,1.0000000000e+03,1.7000000000e+01,3.5039880872e-01
3.1600000000e+02,1.0000000000e+03,1.8000000000e+01,3.5045924783e-01
3.1600000000e+02,1.0000000000e+03,1.9000000000e+01,3.5051742196e-01
3.1600000000e+02,1.0000000000e+03,2.0000000000e+01,3.5057431459e-01
3.1600000000e+02,1.0000000000e+03,2.1000000000e+01,3.5063055158e-01
3.1600000000e+02,1.0000000000e+03,2.2000000000e+01,3.5068640113e-01
3.1600000000e+02,1.0000000000e+03,2.3000000000e+01,3.5074207187e-01
3.1600000000e+02,1.0000000000e+03,2.4000000000e+01,3.5079768300e-01
3.1600000000e+02,1.0000000000e+03,2.5000000000e+01,3.5085323453e-01
3.1600000000e+02,1.0000000000e+03,2.6000000000e+01,3.5090884566e-01
3.1600000000e+02,1.0000000000e+03,2.7000000000e+01,3.5096448660e-01
3.1600000000e+02,1.0000000000e+03,2.8000000000e+01,3.5102012753e-01
3.1600000000e+02,1.0000000000e+03,2.9000000000e+01,3.5107588768e-01
3.1600000000e+02,1.0000000000e+03,3.0000000000e+01,3.5113164783e-01
3.1600000000e+02,1.0000000000e+03,3.1000000000e+01,3.5118752718e-01
5.1800000000e+02,1.0000000000e+01,0.0000000000e+00,1.9956355095e+00
5.1800000000e+02,1.0000000000e+01,1.0000000000e+00,1.9780969620e+00
5.1800000000e+02,1.0000000000e+01,2.0000000000e+00,2.1531286240e+00
5.1800000000e+02,1.0000000000e+01,3.0000000000e+00,2.4011285305e+00
5.1800000000e+02,1.0000000000e+01,4.0000000000e+00,2.6521325111e+00
5.1800000000e+02,1.0000000000e+01,5.0000000000e+00,2.8904991150e+00
5.1800000000e+02,1.0000000000e+01,6.0000000000e+00,3.1160697937e+00
5.1800000000e+02,1.0000000000e+01,7.0000000000e+00,3.3326959610e+00
5.1800000000e+02,1.0000000000e+01,8.0000000000e+00,3.5445110798e+00
5.1800000000e+02,1.0000000000e+01,9.0000000000e+00,3.7550220490e+00
5.1800000000e+02,1.0000000000e+01,1.0000000000e+01,3.9670214653e+00
5.1800000000e+02,1.0000000000e+01,1.1000000000e+01,4.1826920509e+00
5.1800000000e+02,1.0000000000e+01,1.2000000000e+01,4.4037437439e+00
5.1800000000e+02,1.0000000000e+01,1.3000000000e+01,4.6315240860e+00
5.1800000000e+02,1.0000000000e+01,1.4000000000e+01,4.8671040535e+00
5.1800000000e+02,1.0000000000e+01,1.5000000000e+01,5.1113476753e+00
5.1800000000e+02,1.0000000000e+01,1.6000000000e+01,5.3649539948e+00
5.1800000000e+02,1.0000000000e+01,1.7000000000e+01,5.6284985542e+00
5.1800000000e+02,1.0000000000e+01,1.8000000000e+01,5.9024558067e+00
5.1800000000e+02,1.0000000000e+01,1.9000000000e+01,6.1872234344e+00
5.1800000000e+02,1.0000000000e+01,2.0000000000e+01,6.4831342697e+00
5.1800000000e+02,1.0000000000e+01,2.1000000000e+01,6.7904710770e+00
5.1800000000e+02,1.0000000000e+01,2.2000000000e+01,7.1094727516e+00
5.1800000000e+02,1.0000000000e+01,2.3000000000e+01,7.4403467178e+00
5.1800000000e+02,1.0000000000e+01,2.4000000000e+01,7.7832689285e+00
5.1800000000e+02,1.0000000000e+01,2.5000000000e+01,8.1383914948e+00
5.1800000000e+02,1.0000000000e+01,2.6000000000e+01,8.5058469772e+00
5.1800000000e+02,1.0000000000e+01,2.7000000000e+01,8.8857507706e+00
5.1800000000e+02,1.0000000000e+01,2.8000000000e+01,9.2782039642e+00
5.1800000000e+02,1.0000000000e+01,2.9000000000e+01,9.6832923889e+00
5.1800000000e+02,1.0000000000e+01,3.0000000000e+01,1.0101096153e+01
5.1800000000e+02,1.0000000000e+01,3.1000000000e+01,1.0531681061e+01
5.1800000000e+02,1.4000000000e+01,0.0000000000e+00,1.9997690916e+00
5.1800000000e+02,1.4000000000e+01,1.0000000000e+00,1.9558742046e+00
5.1800000000e+02,1.4000000000e+01,2.0000000000e+00,2.1556444168e+00
5.1800000000e+02,1.4000000000e+01,3.0000000000e+00,2.4610235691e+00
5.1800000000e+02,1.4000000000e+01,4.0000000000e+00,2.7874767780e+00
5.1800000000e+02,1.4000000000e+01,5.0000000000e+00,3.1048626900e+00
5.1800000000e+02,1.4000000000e+01,6.0000000000e+00,3.4038193226e+00
5.1800000000e+02,1.4000000000e+01,7.0000000000e+00,3.6844453812e+00
5.1800000000e+02,1.4000000000e+01,8.0000000000e+00,3.9497692585e+00
5.1800000000e+02,1.4000000000e+01,9.0000000000e+00,4.2034139633e+00
5.1800000000e+02,1.4000000000e+01,1.0000000000e+01,4.4487504959e+00
5.1800000000e+02,1.4000000000e+01,1.1000000000e+01,4.6886696815e+00
5.1800000000e+02,1.4000000000e+01,1.2000000000e+01,4.9255743027e+00
5.1800000000e+02,1.4000000000e+01,1.3000000000e+01,5.1614427567e+00
5.1800000000e+02,1.4000000000e+01,1.4000000000e+01,5.3979010582e+00
5.1800000000e+02,1.4000000000e+01,1.5000000000e+01,5.6362891197e+00
5.1800000000e+02,1.4000000000e+01,1.6000000000e+01,5.8777184486e+00
5.1800000000e+02,1.4000000000e+01,1.7000000000e+01,6.1231145859e+00
5.1800000000e+02,1.4000000000e+01,1.8000000000e+01,6.3732528687e+00
5.1800000000e+02,1.4000000000e+01,1.9000000000e+01,6.6287932396e+00
5.1800000000e+02,1.4000000000e+01,2.0000000000e+01,6.8902921677e+00
5.1800000000e+02,1.4000000000e+01,2.1000000000e+01,7.1582283974e+00
5.1800000000e+02,1.4000000000e+01,2.2000000000e+01,7.4330124855e+00
5.1800000000e+02,1.4000000000e+01,2.3000000000e+01,7.7150011063e+00
5.1800000000e+02,1.4000000000e+01,2.4000000000e+01,8.0045003891e+00
5.1800000000e+02,1.4000000000e+01,2.5000000000e+01,8.3017835617e+00
5.1800000000e+02,1.4000000000e+01,2.6000000000e+01,8.6070842743e+00
5.1800000000e+02,1.4000000000e+01,2.7000000000e+01,8.9206104279e+00
5.1800000000e+02,1.4000000000e+01,2.8000000000e+01,9.2425470352e+00
5.1800000000e+02,1.4000000000e+01,2.9000000000e+01,9.5730571747e+00
5.1800000000e+02,1.4000000000e+01,3.0000000000e+01,9.9122838974e+00
5.1800000000e+02,1.4000000000e+01,3.1000000000e+01,1.0260357857e+01
5.1800000000e+02,1.9000000000e+01,0.0000000000e+00,2.0076344013e+00
5.1800000000e+02,1.9000000000e+01,1.0000000000e+00,1.8756978512e+00
5.1800000000e+02,1.9000000000e+01,2.0000000000e+00,2.0221495628e+00
5.1800000000e+02,1.9000000000e+01,3.0000000000e+00,2.3240835667e+00
5.1800000000e+02,1.9000000000e+01,4.0000000000e+00,2.6863706112e+00
5.1800000000e+02,1.9000000000e+01,5.0000000000e+00,3.0677196980e+00
5.1800000000e+02,1.9000000000e+01,6.0000000000e+00,3.4468154907e+00
5.1800000000e+02,1.9000000000e+01,7.0000000000e+00,3.8149824142e+00
5.1800000000e+02,1.9000000000e+01,8.0000000000e+00,4.1697249413e+00
5.1800000000e+02,1.9000000000e+01,9.0000000000e+00,4.5115833282e+00
5.1800000000e+02,1.9000000000e+01,1.0000000000e+01,4.8423619270e+00
5.1800000000e+02,1.9000000000e+01,1.1000000000e+01,5.1642770767e+00
5.1800000000e+02,1.9000000000e+01,1.2000000000e+01,5.4795532227e+00
5.1800000000e+02,1.9000000000e+01,1.3000000000e+01,5.7902555466e+00
5.1800000000e+02,1.9000000000e+01,1.4000000000e+01,6.0982279778e+00
5.1800000000e+02,1.9000000000e+01,1.5000000000e+01,6.4050922394e+00
5.1800000000e+02,1.9000000000e+01,1.6000000000e+01,6.7122554779e+00
5.1800000000e+02,1.9000000000e+01,1.7000000000e+01,7.0209374428e+00
5.1800000000e+02,1.9000000000e+01,1.8000000000e+01,7.3321952820e+00
5.1800000000e+02,1.9000000000e+01,1.9000000000e+01,7.6469464302e+00
5.1800000000e+02,1.9000000000e+01,2.0000000000e+01,7.9659862518e+00
5.1800000000e+02,1.9000000000e+01,2.1000000000e+01,8.2900085449e+00
5.1800000000e+02,1.9000000000e+01,2.2000000000e+01,8.6196193695e+00
5.1800000000e+02,1.9000000000e+01,2.3000000000e+01,8.9553508759e+00
5.1800000000e+02,1.9000000000e+01,2.4000000000e+01,9.2976694107e+00
5.1800000000e+02,1.9000000000e+01,2.5000000000e+01,9.6469926834e+00
5.1800000000e+02,1.9000000000e+01,2.6000000000e+01,1.0003684044e+01
5.1800000000e+02,1.9000000000e+01,2.7000000000e+01,1.0368066788e+01
5.1800000000e+02,1.9000000000e+01,2.8000000000e+01,1.0740432739e+01
5.1800000000e+02,1.9000000000e+01,2.9000000000e+01,1.1121039391e+01
5.1800000000e+02,1.9000000000e+01,3.0000000000e+01,1.1510119438e+01
5.1800000000e+02,1.9000000000e+01,3.1000000000e+01,1.1907877922e+01
5.1800000000e+02,2.7000000000e+01,0.0000000000e+00,1.9897848368e+00
5.1800000000e+02,2.7000000000e+01,1.0000000000e+00,1.8461326361e+00
5.1800000000e+02,2.7000000000e+01,2.0000000000e+00,2.0355939865e+00
5.1800000000e+02,2.7000000000e+01,3.0000000000e+00,2.3932476044e+00
5.1800000000e+02,2.7000000000e+01,4.0000000000e+00,2.8336751461e+00
5.1800000000e+02,2.7000000000e+01,5.0000000000e+00,3.3177175522e+00
5.1800000000e+02,2.7000000000e+01,6.0000000000e+00,3.8194508553e+00
5.1800000000e+02,2.7000000000e+01,7.0000000000e+00,4.3243927956e+00
5.1800000000e+02,2.7000000000e+01,8.0000000000e+00,4.8246583939e+00
5.1800000000e+02,2.7000000000e+01,9.0000000000e+00,5.3168201447e+00
5.1800000000e+02,2.7000000000e+01,1.0000000000e+01,5.8000154495e+00
5.1800000000e+02,2.7000000000e+01,1.1000000000e+01,6.2748074532e+00
5.1800000000e+02,2.7000000000e+01,1.2000000000e+01,6.7424883842e+00
5.1800000000e+02,2.7000000000e+01,1.3000000000e+01,7.2046666145e+00
5.1800000000e+02,2.7000000000e+01,1.4000000000e+01,7.6630401611e+00
5.1800000000e+02,2.7000000000e+01,1.5000000000e+01,8.1192731857e+00
5.1800000000e+02,2.7000000000e+01,1.6000000000e+01,8.5749320984e+00
5.1800000000e+02,2.7000000000e+01,1.7000000000e+01,9.0314579010e+00
5.1800000000e+02,2.7000000000e+01,1.8000000000e+01,9.4901647568e+00
5.1800000000e+02,2.7000000000e+01,1.9000000000e+01,9.9522314072e+00
5.1800000000e+02,2.7000000000e+01,2.0000000000e+01,1.0418720245e+01
5.1800000000e+02,2.7000000000e+01,2.1000000000e+01,1.0890581131e+01
5.1800000000e+02,2.7000000000e+01,2.2000000000e+01,1.1368664742e+01
5.1800000000e+02,2.7000000000e+01,2.3000000000e+01,1.1853733063e+01
5.1800000000e+02,2.7000000000e+01,2.4000000000e+01,1.2346465111e+01
5.1800000000e+02,2.7000000000e+01,2.5000000000e+01,1.2847475052e+01
5.1800000000e+02,2.7000000000e+01,2.6000000000e+01,1.3357310295e+01
5.1800000000e+02,2.7000000000e+01,2.7000000000e+01,1.3876462936e+01
5.1800000000e+02,2.7000000000e+01,2.8000000000e+01,1.4405380249e+01
5.1800000000e+02,2.7000000000e+01,2.9000000000e+01,1.4944460869e+01
5.1800000000e+02,2.7000000000e+01,3.0000000000e+01,1.5494066238e+01
5.1800000000e+02,2.7000000000e+01,3.1000000000e+01,1.6054527283e+01
5.1800000000e+02,3.7000000000e+01,0.0000000000e+00,1.9943166971e+00
5.1800000000e+02,3.7000000000e+01,1.0000000000e+00,1.6686648130e+00
5.1800000000e+02,3.7000000000e+01,2.0000000000e+00,1.7610981464e+00
5.1800000000e+02,3.7000000000e+01,3.0000000000e+00,2.0743746758e+00
5.1800000000e+02,3.7000000000e+01,4.0000000000e+00,2.5003397465e+00
5.1800000000e+02,3.7000000000e+01,5.0000000000e+00,2.9977769852e+00
5.1800000000e+02,3.7000000000e+01,6.0000000000e+00,3.5394747257e+00
5.1800000000e+02,3.7000000000e+01,7.0000000000e+00,4.1078586578e+00
5.1800000000e+02,3.7000000000e+01,8.0000000000e+00,4.6905050278e+00
5.1800000000e+02,3.7000000000e+01,9.0000000000e+00,5.2792634964e+00
5.1800000000e+02,3.7000000000e+01,1.0000000000e+01,5.8688387871e+00
5.1800000000e+02,3.7000000000e+01,1.1000000000e+01,6.4560794830e+00
5.1800000000e+02,3.7000000000e+01,1.2000000000e+01,7.0392861366e+00
5.1800000000e+02,3.7000000000e+01,1.3000000000e+01,7.6177601814e+00
5.1800000000e+02,3.7000000000e+01,1.4000000000e+01,8.1914663315e+00
5.1800000000e+02,3.7000000000e+01,1.5000000000e+01,8.7607946396e+00
5.1800000000e+02,3.7000000000e+01,1.6000000000e+01,9.3264017105e+00
5.1800000000e+02,3.7000000000e+01,1.7000000000e+01,9.8890962601e+00
5.1800000000e+02,3.7000000000e+01,1.8000000000e+01,1.0449761391e+01
5.1800000000e+02,3.7000000000e+01,1.9000000000e+01,1.1009312630e+01
5.1800000000e+02,3.7000000000e+01,2.0000000000e+01,1.1568656921e+01
5.1800000000e+02,3.7000000000e+01,2.1000000000e+01,1.2128677368e+01
5.1800000000e+02,3.7000000000e+01,2.2000000000e+01,1.2690219879e+01
5.1800000000e+02,3.7000000000e+01,2.3000000000e+01,1.3254083633e+01
5.1800000000e+02,3.7000000000e+01,2.4000000000e+01,1.3821022034e+01
5.1800000000e+02,3.7000000000e+01,2.5000000000e+01,1.4391738892e+01
5.1800000000e+02,3.7000000000e+01,2.6000000000e+01,1.4966887474e+01
5.1800000000e+02,3.7000000000e+01,2.7000000000e+01,1.5547075272e+01
5.1800000000e+02,3.7000000000e+01,2.8000000000e+01,1.6132869720e+01
5.1800000000e+02,3.7000000000e+01,2.9000000000e+01,1.6724792480e+01
5.1800000000e+02,3.7000000000e+01,3.0000000000e+01,1.7323326111e+01
5.1800000000e+02,3.7000000000e+01,3.1000000000e+01,1.7928918839e+01
5.1800000000e+02,5.2000000000e+01,0.0000000000e+00,2.0043528080e+00
5.1800000000e+02,5.2000000000e+01,1.0000000000e+00,1.5481549501e+00
5.1800000000e+02,5.2000000000e+01,2.0000000000e+00,1.5858476162e+00
5.1800000000e+02,5.2000000000e+01,3.0000000000e+00,1.8563139439e+00
5.1800000000e+02,5.2000000000e+01,4.0000000000e+00,2.2405569553e+00
5.1800000000e+02,5.2000000000e+01,5.0000000000e+00,2.7003200054e+00
5.1800000000e+02,5.2000000000e+01,6.0000000000e+00,3.2131206989e+00
5.1800000000e+02,5.2000000000e+01,7.0000000000e+00,3.7648029327e+00
5.1800000000e+02,5.2000000000e+01,8.0000000000e+00,4.3450694084e+00
5.1800000000e+02,5.2000000000e+01,9.0000000000e+00,4.9463038445e+00
5.1800000000e+02,5.2000000000e+01,1.0000000000e+01,5.5627717972e+00
5.1800000000e+02,5.2000000000e+01,1.1000000000e+01,6.1901698112e+00
5.1800000000e+02,5.2000000000e+01,1.2000000000e+01,6.8252930641e+00
5.1800000000e+02,5.2000000000e+01,1.3000000000e+01,7.4657983780e+00
5.1800000000e+02,5.2000000000e+01,1.4000000000e+01,8.1100091934e+00
5.1800000000e+02,5.2000000000e+01,1.5000000000e+01,8.7567682266e+00
5.1800000000e+02,5.2000000000e+01,1.6000000000e+01,9.4053182602e+00
5.1800000000e+02,5.2000000000e+01,1.7000000000e+01,1.0055210114e+01
5.1800000000e+02,5.2000000000e+01,1.8000000000e+01,1.0706230164e+01
5.1800000000e+02,5.2000000000e+01,1.9000000000e+01,1.1358340263e+01
5.1800000000e+02,5.2000000000e+01,2.0000000000e+01,1.2011632919e+01
5.1800000000e+02,5.2000000000e+01,2.1000000000e+01,1.2666297913e+01
5.1800000000e+02,5.2000000000e+01,2.2000000000e+01,1.3322600365e+01
5.1800000000e+02,5.2000000000e+01,2.3000000000e+01,1.3980849266e+01
5.1800000000e+02,5.2000000000e+01,2.4000000000e+01,1.4641386032e+01
5.1800000000e+02,5.2000000000e+01,2.5000000000e+01,1.5304577827e+01
5.1800000000e+02,5.2000000000e+01,2.6000000000e+01,1.5970802307e+01
5.1800000000e+02,5.2000000000e+01,2.7000000000e+01,1.6640436172e+01
5.1800000000e+02,5.2000000000e+01,2.8000000000e+01,1.7313863754e+01
5.1800000000e+02,5.2000000000e+01,2.9000000000e+01,1.7991455078e+01
5.1800000000e+02,5.2000000000e+01,3.0000000000e+01,1.8673578262e+01
5.1800000000e+02,5.2000000000e+01,3.1000000000e+01,1.9360597610e+01
5.1800000000e+02,7.2000000000e+01,0.0000000000e+00,1.9939624071e+00
5.1800000000e+02,7.2000000000e+01,1.0000000000e+00,1.3950077295e+00
5.1800000000e+02,7.2000000000e+01,2.0000000000e+00,1.3610427380e+00
5.1800000000e+02,7.2000000000e+01,3.0000000000e+00,1.5692332983e+00
5.1800000000e+02,7.2000000000e+01,4.0000000000e+00,1.8805267811e+00
5.1800000000e+02,7.2000000000e+01,5.0000000000e+00,2.2557854652e+00
5.1800000000e+02,7.2000000000e+01,6.0000000000e+00,2.6740736961e+00
5.1800000000e+02,7.2000000000e+01,7.0000000000e+00,3.1240363121e+00
5.1800000000e+02,7.2000000000e+01,8.0000000000e+00,3.5977373123e+00
5.1800000000e+02,7.2000000000e+01,9.0000000000e+00,4.0897855759e+00
5.1800000000e+02,7.2000000000e+01,1.0000000000e+01,4.5960340500e+00
5.1800000000e+02,7.2000000000e+01,1.1000000000e+01,5.1134328842e+00
5.1800000000e+02,7.2000000000e+01,1.2000000000e+01,5.6395077705e+00
5.1800000000e+02,7.2000000000e+01,1.3000000000e+01,6.1724033356e+00
5.1800000000e+02,7.2000000000e+01,1.4000000000e+01,6.7105655670e+00
5.1800000000e+02,7.2000000000e+01,1.5000000000e+01,7.2528390884e+00
5.1800000000e+02,7.2000000000e+01,1.6000000000e+01,7.7982349396e+00
5.1800000000e+02,7.2000000000e+01,1.7000000000e+01,8.3460407257e+00
5.1800000000e+02,7.2000000000e+01,1.8000000000e+01,8.8956403732e+00
5.1800000000e+02,7.2000000000e+01,1.9000000000e+01,9.4466056824e+00
5.1800000000e+02,7.2000000000e+01,2.0000000000e+01,9.9985704422e+00
5.1800000000e+02,7.2000000000e+01,2.1000000000e+01,1.0551301956e+01
5.1800000000e+02,7.2000000000e+01,2.2000000000e+01,1.1104598999e+01
5.1800000000e+02,7.2000000000e+01,2.3000000000e+01,1.1658361435e+01
5.1800000000e+02,7.2000000000e+01,2.4000000000e+01,1.2212505341e+01
5.1800000000e+02,7.2000000000e+01,2.5000000000e+01,1.2767011642e+01
5.1800000000e+02,7.2000000000e+01,2.6000000000e+01,1.3321878433e+01
5.1800000000e+02,7.2000000000e+01,2.7000000000e+01,1.3877142906e+01
5.1800000000e+02,7.2000000000e+01,2.8000000000e+01,1.4432857513e+01
5.1800000000e+02,7.2000000000e+01,2.9000000000e+01,1.4989098549e+01
5.1800000000e+02,7.2000000000e+01,3.0000000000e+01,1.5545950890e+01
5.1800000000e+02,7.2000000000e+01,3.1000000000e+01,1.6103515625e+01
5.1800000000e+02,1.0000000000e+02,0.0000000000e+00,2.0025122166e+00
5.1800000000e+02,1.0000000000e+02,1.0000000000e+00,1.2762467861e+00
5.1800000000e+02,1.0000000000e+02,2.0000000000e+00,1.1736003160e+00
5.1800000000e+02,1.0000000000e+02,3.0000000000e+00,1.2979019880e+00
5.1800000000e+02,1.0000000000e+02,4.0000000000e+00,1.4984852076e+00
5.1800000000e+02,1.0000000000e+02,5.0000000000e+00,1.7376092672e+00
5.1800000000e+02,1.0000000000e+02,6.0000000000e+00,1.9973514080e+00
5.1800000000e+02,1.0000000000e+02,7.0000000000e+00,2.2690513134e+00
5.1800000000e+02,1.0000000000e+02,8.0000000000e+00,2.5475976467e+00
5.1800000000e+02,1.0000000000e+02,9.0000000000e+00,2.8298850060e+00
5.1800000000e+02,1.0000000000e+02,1.0000000000e+01,3.1139523983e+00
5.1800000000e+02,1.0000000000e+02,1.1000000000e+01,3.3984346390e+00
5.1800000000e+02,1.0000000000e+02,1.2000000000e+01,3.6824760437e+00
5.1800000000e+02,1.0000000000e+02,1.3000000000e+01,3.9654130936e+00
5.1800000000e+02,1.0000000000e+02,1.4000000000e+01,4.2468638420e+00
5.1800000000e+02,1.0000000000e+02,1.5000000000e+01,4.5264930725e+00
5.1800000000e+02,1.0000000000e+02,1.6000000000e+01,4.8041462898e+00
5.1800000000e+02,1.0000000000e+02,1.7000000000e+01,5.0796561241e+00
5.1800000000e+02,1.0000000000e+02,1.8000000000e+01,5.3529882431e+00
5.1800000000e+02,1.0000000000e+02,1.9000000000e+01,5.6240668297e+00
5.1800000000e+02,1.0000000000e+02,2.0000000000e+01,5.8929181099e+00
5.1800000000e+02,1.0000000000e+02,2.1000000000e+01,6.1595220566e+00
5.1800000000e+02,1.0000000000e+02,2.2000000000e+01,6.4239401817e+00
5.1800000000e+02,1.0000000000e+02,2.3000000000e+01,6.6861824989e+00
5.1800000000e+02,1.0000000000e+02,2.4000000000e+01,6.9463243484e+00
5.1800000000e+02,1.0000000000e+02,2.5000000000e+01,7.2044010162e+00
5.1800000000e+02,1.0000000000e+02,2.6000000000e+01,7.4604926109e+00
5.1800000000e+02,1.0000000000e+02,2.7000000000e+01,7.7146458626e+00
5.1800000000e+02,1.0000000000e+02,2.8000000000e+01,7.9669437408e+00
5.1800000000e+02,1.0000000000e+02,2.9000000000e+01,8.2174396515e+00
5.1800000000e+02,1.0000000000e+02,3.0000000000e+01,8.4662151337e+00
5.1800000000e+02,1.0000000000e+02,3.1000000000e+01,8.7133283615e+00
5.1800000000e+02,1.3900000000e+02,0.0000000000e+00,2.0050725937e+00
5.1800000000e+02,1.3900000000e+02,1.0000000000e+00,1.0984247923e+00
5.1800000000e+02,1.3900000000e+02,2.0000000000e+00,9.2825055122e-01
5.1800000000e+02,1.3900000000e+02,3.0000000000e+00,9.9262672663e-01
5.1800000000e+02,1.3900000000e+02,4.0000000000e+00,1.1251168251e+00
5.1800000000e+02,1.3900000000e+02,5.0000000000e+00,1.2874033451e+00
5.1800000000e+02,1.3900000000e+02,6.0000000000e+00,1.4631414413e+00
5.1800000000e+02,1.3900000000e+02,7.0000000000e+00,1.6458623409e+00
5.1800000000e+02,1.3900000000e+02,8.0000000000e+00,1.8320801258e+00
5.1800000000e+02,1.3900000000e+02,9.0000000000e+00,2.0202827454e+00
5.1800000000e+02,1.3900000000e+02,1.0000000000e+01,2.2096524239e+00
5.1800000000e+02,1.3900000000e+02,1.1000000000e+01,2.3999361992e+00
5.1800000000e+02,1.3900000000e+02,1.2000000000e+01,2.5910563469e+00
5.1800000000e+02,1.3900000000e+02,1.3000000000e+01,2.7831304073e+00
5.1800000000e+02,1.3900000000e+02,1.4000000000e+01,2.9763040543e+00
5.1800000000e+02,1.3900000000e+02,1.5000000000e+01,3.1707990170e+00
5.1800000000e+02,1.3900000000e+02,1.6000000000e+01,3.3668169975e+00
5.1800000000e+02,1.3900000000e+02,1.7000000000e+01,3.5645949841e+00
5.1800000000e+02,1.3900000000e+02,1.8000000000e+01,3.7643346786e+00
5.1800000000e+02,1.3900000000e+02,1.9000000000e+01,3.9662563801e+00
5.1800000000e+02,1.3900000000e+02,2.0000000000e+01,4.1705427170e+00
5.1800000000e+02,1.3900000000e+02,2.1000000000e+01,4.3773884773e+00
5.1800000000e+02,1.3900000000e+02,2.2000000000e+01,4.5869536400e+00
5.1800000000e+02,1.3900000000e+02,2.3000000000e+01,4.7994050980e+00
5.1800000000e+02,1.3900000000e+02,2.4000000000e+01,5.0148792267e+00
5.1800000000e+02,1.3900000000e+02,2.5000000000e+01,5.2335195541e+00
5.1800000000e+02,1.3900000000e+02,2.6000000000e+01,5.4554400444e+00
5.1800000000e+02,1.3900000000e+02,2.7000000000e+01,5.6807613373e+00
5.1800000000e+02,1.3900000000e+02,2.8000000000e+01,5.9095830917e+00
5.1800000000e+02,1.3900000000e+02,2.9000000000e+01,6.1420040131e+00
5.1800000000e+02,1.3900000000e+02,3.0000000000e+01,6.3781080246e+00
5.1800000000e+02,1.3900000000e+02,3.1000000000e+01,6.6179790497e+00
5.1800000000e+02,1.9300000000e+02,0.0000000000e+00,1.9864864349e+00
5.1800000000e+02,1.9300000000e+02,1.0000000000e+00,9.9220114946e-01
5.1800000000e+02,1.9300000000e+02,2.0000000000e+00,7.9177004099e-01
5.1800000000e+02,1.9300000000e+02,3.0000000000e+00,8.0938446522e-01
5.1800000000e+02,1.9300000000e+02,4.0000000000e+00,8.7673240900e-01
5.1800000000e+02,1.9300000000e+02,5.0000000000e+00,9.5745021105e-01
5.1800000000e+02,1.9300000000e+02,6.0000000000e+00,1.0388659239e+00
5.1800000000e+02,1.9300000000e+02,7.0000000000e+00,1.1165964603e+00
5.1800000000e+02,1.9300000000e+02,8.0000000000e+00,1.1890417337e+00
5.1800000000e+02,1.9300000000e+02,9.0000000000e+00,1.2559055090e+00
5.1800000000e+02,1.9300000000e+02,1.0000000000e+01,1.3173671961e+00
5.1800000000e+02,1.9300000000e+02,1.1000000000e+01,1.3738485575e+00
5.1800000000e+02,1.9300000000e+02,1.2000000000e+01,1.4258205891e+00
5.1800000000e+02,1.9300000000e+02,1.3000000000e+01,1.4737763405e+00
5.1800000000e+02,1.9300000000e+02,1.4000000000e+01,1.5181688070e+00
5.1800000000e+02,1.9300000000e+02,1.5000000000e+01,1.5594255924e+00
5.1800000000e+02,1.9300000000e+02,1.6000000000e+01,1.5979226828e+00
5.1800000000e+02,1.9300000000e+02,1.7000000000e+01,1.6340035200e+00
5.1800000000e+02,1.9300000000e+02,1.8000000000e+01,1.6679662466e+00
5.1800000000e+02,1.9300000000e+02,1.9000000000e+01,1.7000794411e+00
5.1800000000e+02,1.9300000000e+02,2.0000000000e+01,1.7305765152e+00
5.1800000000e+02,1.9300000000e+02,2.1000000000e+01,1.7596659660e+00
5.1800000000e+02,1.9300000000e+02,2.2000000000e+01,1.7875282764e+00
5.1800000000e+02,1.9300000000e+02,2.3000000000e+01,1.8143262863e+00
5.1800000000e+02,1.9300000000e+02,2.4000000000e+01,1.8401999474e+00
5.1800000000e+02,1.9300000000e+02,2.5000000000e+01,1.8652750254e+00
5.1800000000e+02,1.9300000000e+02,2.6000000000e+01,1.8896613121e+00
5.1800000000e+02,1.9300000000e+02,2.7000000000e+01,1.9134564400e+00
5.1800000000e+02,1.9300000000e+02,2.8000000000e+01,1.9367461205e+00
5.1800000000e+02,1.9300000000e+02,2.9000000000e+01,1.9596064091e+00
5.1800000000e+02,1.9300000000e+02,3.0000000000e+01,1.9821044207e+00
5.1800000000e+02,1.9300000000e+02,3.1000000000e+01,2.0043001175e+00
5.1800000000e+02,2.6800000000e+02,0.0000000000e+00,1.9976433516e+00
5.1800000000e+02,2.6800000000e+02,1.0000000000e+00,8.1789869070e-01
5.1800000000e+02,2.6800000000e+02,2.0000000000e+00,5.6234371662e-01
5.1800000000e+02,2.6800000000e+02,3.0000000000e+00,5.3647840023e-01
5.1800000000e+02,2.6800000000e+02,4.0000000000e+00,5.5883669853e-01
5.1800000000e+02,2.6800000000e+02,5.0000000000e+00,5.9222018719e-01
5.1800000000e+02,2.6800000000e+02,6.0000000000e+00,6.2561565638e-01
5.1800000000e+02,2.6800000000e+02,7.0000000000e+00,6.5575087070e-01
5.1800000000e+02,2.6800000000e+02,8.0000000000e+00,6.8191885948e-01
5.1800000000e+02,2.6800000000e+02,9.0000000000e+00,7.0430445671e-01
5.1800000000e+02,2.6800000000e+02,1.0000000000e+01,7.2336977720e-01
5.1800000000e+02,2.6800000000e+02,1.1000000000e+01,7.3962259293e-01
5.1800000000e+02,2.6800000000e+02,1.2000000000e+01,7.5353169441e-01
5.1800000000e+02,2.6800000000e+02,1.3000000000e+01,7.6550120115e-01
5.1800000000e+02,2.6800000000e+02,1.4000000000e+01,7.7586853504e-01
5.1800000000e+02,2.6800000000e+02,1.5000000000e+01,7.8491055965e-01
5.1800000000e+02,2.6800000000e+02,1.6000000000e+01,7.9285275936e-01
5.1800000000e+02,2.6800000000e+02,1.7000000000e+01,7.9987812042e-01
5.1800000000e+02,2.6800000000e+02,1.8000000000e+01,8.0613499880e-01
5.1800000000e+02,2.6800000000e+02,1.9000000000e+01,8.1174385548e-01
5.1800000000e+02,2.6800000000e+02,2.0000000000e+01,8.1680285931e-01
5.1800000000e+02,2.6800000000e+02,2.1000000000e+01,8.2139211893e-01
5.1800000000e+02,2.6800000000e+02,2.2000000000e+01,8.2557749748e-01
5.1800000000e+02,2.6800000000e+02,2.3000000000e+01,8.2941335440e-01
5.1800000000e+02,2.6800000000e+02,2.4000000000e+01,8.3294481039e-01
5.1800000000e+02,2.6800000000e+02,2.5000000000e+01,8.3620929718e-01
5.1800000000e+02,2.6800000000e+02,2.6000000000e+01,8.3923840523e-01
5.1800000000e+02,2.6800000000e+02,2.7000000000e+01,8.4205889702e-01
5.1800000000e+02,2.6800000000e+02,2.8000000000e+01,8.4469360113e-01
5.1800000000e+02,2.6800000000e+02,2.9000000000e+01,8.4716165066e-01
5.1800000000e+02,2.6800000000e+02,3.0000000000e+01,8.4947991371e-01
5.1800000000e+02,2.6800000000e+02,3.1000000000e+01,8.5166275501e-01
5.1800000000e+02,3.7300000000e+02,0.0000000000e+00,1.9936932325e+00
5.1800000000e+02,3.7300000000e+02,1.0000000000e+00,7.2626525164e-01
5.1800000000e+02,3.7300000000e+02,2.0000000000e+00,4.7497311234e-01
5.1800000000e+02,3.7300000000e+02,3.0000000000e+00,4.5038300753e-01
5.1800000000e+02,3.7300000000e+02,4.0000000000e+00,4.6741622686e-01
5.1800000000e+02,3.7300000000e+02,5.0000000000e+00,4.9186623096e-01
5.1800000000e+02,3.7300000000e+02,6.0000000000e+00,5.1521098614e-01
5.1800000000e+02,3.7300000000e+02,7.0000000000e+00,5.3557109833e-01
5.1800000000e+02,3.7300000000e+02,8.0000000000e+00,5.5291104317e-01
5.1800000000e+02,3.7300000000e+02,9.0000000000e+00,5.6766778231e-01
5.1800000000e+02,3.7300000000e+02,1.0000000000e+01,5.8032763004e-01
5.1800000000e+02,3.7300000000e+02,1.1000000000e+01,5.9131014347e-01
5.1800000000e+02,3.7300000000e+02,1.2000000000e+01,6.0094773769e-01
5.1800000000e+02,3.7300000000e+02,1.3000000000e+01,6.0949563980e-01
5.1800000000e+02,3.7300000000e+02,1.4000000000e+01,6.1714804173e-01
5.1800000000e+02,3.7300000000e+02,1.5000000000e+01,6.2405252457e-01
5.1800000000e+02,3.7300000000e+02,1.6000000000e+01,6.3032251596e-01
5.1800000000e+02,3.7300000000e+02,1.7000000000e+01,6.3604640961e-01
5.1800000000e+02,3.7300000000e+02,1.8000000000e+01,6.4129436016e-01
5.1800000000e+02,3.7300000000e+02,1.9000000000e+01,6.4612293243e-01
5.1800000000e+02,3.7300000000e+02,2.0000000000e+01,6.5057843924e-01
5.1800000000e+02,3.7300000000e+02,2.1000000000e+01,6.5470016003e-01
5.1800000000e+02,3.7300000000e+02,2.2000000000e+01,6.5852129459e-01
5.1800000000e+02,3.7300000000e+02,2.3000000000e+01,6.6207063198e-01
5.1800000000e+02,3.7300000000e+02,2.4000000000e+01,6.6537338495e-01
5.1800000000e+02,3.7300000000e+02,2.5000000000e+01,6.6845190525e-01
5.1800000000e+02,3.7300000000e+02,2.6000000000e+01,6.7132616043e-01
5.1800000000e+02,3.7300000000e+02,2.7000000000e+01,6.7401427031e-01
5.1800000000e+02,3.7300000000e+02,2.8000000000e+01,6.7653226852e-01
5.1800000000e+02,3.7300000000e+02,2.9000000000e+01,6.7889499664e-01
5.1800000000e+02,3.7300000000e+02,3.0000000000e+01,6.8111568689e-01
5.1800000000e+02,3.7300000000e+02,3.1000000000e+01,6.8320685625e-01
5.1800000000e+02,5.1800000000e+02,0.0000000000e+00,1.9966230392e+00
5.1800000000e+02,5.1800000000e+02,1.0000000000e+00,6.1023533344e-01
5.1800000000e+02,5.1800000000e+02,2.0000000000e+00,3.4869730473e-01
5.1800000000e+02,5.1800000000e+02,3.0000000000e+00,3.1812736392e-01
5.1800000000e+02,5.1800000000e+02,4.0000000000e+00,3.2485324144e-01
5.1800000000e+02,5.1800000000e+02,5.0000000000e+00,3.3653724194e-01
5.1800000000e+02,5.1800000000e+02,6.0000000000e+00,3.4654355049e-01
5.1800000000e+02,5.1800000000e+02,7.0000000000e+00,3.5397949815e-01
5.1800000000e+02,5.1800000000e+02,8.0000000000e+00,3.5923811793e-01
5.1800000000e+02,5.1800000000e+02,9.0000000000e+00,3.6288595200e-01
5.1800000000e+02,5.1800000000e+02,1.0000000000e+01,3.6540251970e-01
5.1800000000e+02,5.1800000000e+02,1.1000000000e+01,3.6714282632e-01
5.1800000000e+02,5.1800000000e+02,1.2000000000e+01,3.6835640669e-01
5.1800000000e+02,5.1800000000e+02,1.3000000000e+01,3.6921426654e-01
5.1800000000e+02,5.1800000000e+02,1.4000000000e+01,3.6983254552e-01
5.1800000000e+02,5.1800000000e+02,1.5000000000e+01,3.7028938532e-01
5.1800000000e+02,5.1800000000e+02,1.6000000000e+01,3.7063750625e-01
5.1800000000e+02,5.1800000000e+02,1.7000000000e+01,3.7091228366e-01
5.1800000000e+02,5.1800000000e+02,1.8000000000e+01,3.7113749981e-01
5.1800000000e+02,5.1800000000e+02,1.9000000000e+01,3.7132921815e-01
5.1800000000e+02,5.1800000000e+02,2.0000000000e+01,3.7149831653e-01
5.1800000000e+02,5.1800000000e+02,2.1000000000e+01,3.7165212631e-01
5.1800000000e+02,5.1800000000e+02,2.2000000000e+01,3.7179556489e-01
5.1800000000e+02,5.1800000000e+02,2.3000000000e+01,3.7193202972e-01
5.1800000000e+02,5.1800000000e+02,2.4000000000e+01,3.7206375599e-01
5.1800000000e+02,5.1800000000e+02,2.5000000000e+01,3.7219238281e-01
5.1800000000e+02,5.1800000000e+02,2.6000000000e+01,3.7231892347e-01
5.1800000000e+02,5.1800000000e+02,2.7000000000e+01,3.7244415283e-01
5.1800000000e+02,5.1800000000e+02,2.8000000000e+01,3.7256851792e-01
5.1800000000e+02,5.1800000000e+02,2.9000000000e+01,3.7269237638e-01
5.1800000000e+02,5.1800000000e+02,3.0000000000e+01,3.7281599641e-01
5.1800000000e+02,5.1800000000e+02,3.1000000000e+01,3.7293946743e-01
5.1800000000e+02,7.2000000000e+02,0.0000000000e+00,1.9884889126e+00
5.1800000000e+02,7.2000000000e+02,1.0000000000e+00,5.4733920097e-01
5.1800000000e+02,7.2000000000e+02,2.0000000000e+00,3.1888264418e-01
5.1800000000e+02,7.2000000000e+02,3.0000000000e+00,3.0073899031e-01
5.1800000000e+02,7.2000000000e+02,4.0000000000e+00,3.1090593338e-01
5.1800000000e+02,7.2000000000e+02,5.0000000000e+00,3.2310131192e-01
5.1800000000e+02,7.2000000000e+02,6.0000000000e+00,3.3304932714e-01
5.1800000000e+02,7.2000000000e+02,7.0000000000e+00,3.4053677320e-01
5.1800000000e+02,7.2000000000e+02,8.0000000000e+00,3.4606423974e-01
5.1800000000e+02,7.2000000000e+02,9.0000000000e+00,3.5014224052e-01
5.1800000000e+02,7.2000000000e+02,1.0000000000e+01,3.5316893458e-01
5.1800000000e+02,7.2000000000e+02,1.1000000000e+01,3.5543414950e-01
5.1800000000e+02,7.2000000000e+02,1.2000000000e+01,3.5714498162e-01
5.1800000000e+02,7.2000000000e+02,1.3000000000e+01,3.5844901204e-01
5.1800000000e+02,7.2000000000e+02,1.4000000000e+01,3.5945212841e-01
5.1800000000e+02,7.2000000000e+02,1.5000000000e+01,3.6023089290e-01
5.1800000000e+02,7.2000000000e+02,1.6000000000e+01,3.6084133387e-01
5.1800000000e+02,7.2000000000e+02,1.7000000000e+01,3.6132457852e-01
5.1800000000e+02,7.2000000000e+02,1.8000000000e+01,3.6171120405e-01
5.1800000000e+02,7.2000000000e+02,1.9000000000e+01,3.6202403903e-01
5.1800000000e+02,7.2000000000e+02,2.0000000000e+01,3.6228036880e-01
5.1800000000e+02,7.2000000000e+02,2.1000000000e+01,3.6249324679e-01
5.1800000000e+02,7.2000000000e+02,2.2000000000e+01,3.6267259717e-01
5.1800000000e+02,7.2000000000e+02,2.3000000000e+01,3.6282604933e-01
5.1800000000e+02,7.2000000000e+02,2.4000000000e+01,3.6295938492e-01
5.1800000000e+02,7.2000000000e+02,2.5000000000e+01,3.6307716370e-01
5.1800000000e+02,7.2000000000e+02,2.6000000000e+01,3.6318287253e-01
5.1800000000e+02,7.2000000000e+02,2.7000000000e+01,3.6327922344e-01
5.1800000000e+02,7.2000000000e+02,2.8000000000e+01,3.6336818337e-01
5.1800000000e+02,7.2000000000e+02,2.9000000000e+01,3.6345148087e-01
5.1800000000e+02,7.2000000000e+02,3.0000000000e+01,3.6353033781e-01
5.1800000000e+02,7.2000000000e+02,3.1000000000e+01,3.6360576749e-01
5.1800000000e+02,1.0000000000e+03,0.0000000000e+00,2.0056889057e+00
5.1800000000e+02,1.0000000000e+03,1.0000000000e+00,4.6675136685e-01
5.1800000000e+02,1.0000000000e+03,2.0000000000e+00,2.4739828706e-01
5.1800000000e+02,1.0000000000e+03,3.0000000000e+00,2.3148986697e-01
5.1800000000e+02,1.0000000000e+03,4.0000000000e+00,2.3767587543e-01
5.1800000000e+02,1.0000000000e+03,5.0000000000e+00,2.4396385252e-01
5.1800000000e+02,1.0000000000e+03,6.0000000000e+00,2.4805763364e-01
5.1800000000e+02,1.0000000000e+03,7.0000000000e+00,2.5046795607e-01
5.1800000000e+02,1.0000000000e+03,8.0000000000e+00,2.5183761120e-01
5.1800000000e+02,1.0000000000e+03,9.0000000000e+00,2.5260508060e-01
5.1800000000e+02,1.0000000000e+03,1.0000000000e+01,2.5303372741e-01
5.1800000000e+02,1.0000000000e+03,1.1000000000e+01,2.5327447057e-01
5.1800000000e+02,1.0000000000e+03,1.2000000000e+01,2.5341209769e-01
5.1800000000e+02,1.0000000000e+03,1.3000000000e+01,2.5349360704e-01
5.1800000000e+02,1.0000000000e+03,1.4000000000e+01,2.5354489684e-01
5.1800000000e+02,1.0000000000e+03,1.5000000000e+01,2.5357994437e-01
5.1800000000e+02,1.0000000000e+03,1.6000000000e+01,2.5360649824e-01
5.1800000000e+02,1.0000000000e+03,1.7000000000e+01,2.5362864137e-01
5.1800000000e+02,1.0000000000e+03,1.8000000000e+01,2.5364845991e-01
5.1800000000e+02,1.0000000000e+03,1.9000000000e+01,2.5366720557e-01
5.1800000000e+02,1.0000000000e+03,2.0000000000e+01,2.5368541479e-01
5.1800000000e+02,1.0000000000e+03,2.1000000000e+01,2.5370335579e-01
5.1800000000e+02,1.0000000000e+03,2.2000000000e+01,2.5372123718e-01
5.1800000000e+02,1.0000000000e+03,2.3000000000e+01,2.5373908877e-01
5.1800000000e+02,1.0000000000e+03,2.4000000000e+01,2.5375694036e-01
5.1800000000e+02,1.0000000000e+03,2.5000000000e+01,2.5377482176e-01
5.1800000000e+02,1.0000000000e+03,2.6000000000e+01,2.5379270315e-01
5.1800000000e+02,1.0000000000e+03,2.7000000000e+01,2.5381067395e-01
5.1800000000e+02,1.0000000000e+03,2.8000000000e+01,2.5382861495e-01
5.1800000000e+02,1.0000000000e+03,2.9000000000e+01,2.5384658575e-01
5.1800000000e+02,1.0000000000e+03,3.0000000000e+01,2.5386461616e-01
5.1800000000e+02,1.0000000000e+03,3.1000000000e+01,2.5388267636e-01
8.4800000000e+02,1.0000000000e+01,0.0000000000e+00,2.0025515556e+00
8.4800000000e+02,1.0000000000e+01,1.0000000000e+00,1.9375860691e+00
8.4800000000e+02,1.0000000000e+01,2.0000000000e+00,2.0467636585e+00
8.4800000000e+02,1.0000000000e+01,3.0000000000e+00,2.2224893570e+00
8.4800000000e+02,1.0000000000e+01,4.0000000000e+00,2.4041872025e+00
8.4800000000e+02,1.0000000000e+01,5.0000000000e+00,2.5770397186e+00
8.4800000000e+02,1.0000000000e+01,6.0000000000e+00,2.7396781445e+00
8.4800000000e+02,1.0000000000e+01,7.0000000000e+00,2.8944997787e+00
8.4800000000e+02,1.0000000000e+01,8.0000000000e+00,3.0443930626e+00
8.4800000000e+02,1.0000000000e+01,9.0000000000e+00,3.1919028759e+00
8.4800000000e+02,1.0000000000e+01,1.0000000000e+01,3.3390893936e+00
8.4800000000e+02,1.0000000000e+01,1.1000000000e+01,3.4875800610e+00
8.4800000000e+02,1.0000000000e+01,1.2000000000e+01,3.6386559010e+00
8.4800000000e+02,1.0000000000e+01,1.3000000000e+01,3.7933306694e+00
8.4800000000e+02,1.0000000000e+01,1.4000000000e+01,3.9524128437e+00
8.4800000000e+02,1.0000000000e+01,1.5000000000e+01,4.1165542603e+00
8.4800000000e+02,1.0000000000e+01,1.6000000000e+01,4.2862844467e+00
8.4800000000e+02,1.0000000000e+01,1.7000000000e+01,4.4620399475e+00
8.4800000000e+02,1.0000000000e+01,1.8000000000e+01,4.6441802979e+00
8.4800000000e+02,1.0000000000e+01,1.9000000000e+01,4.8330082893e+00
8.4800000000e+02,1.0000000000e+01,2.0000000000e+01,5.0287766457e+00
8.4800000000e+02,1.0000000000e+01,2.1000000000e+01,5.2317013741e+00
8.4800000000e+02,1.0000000000e+01,2.2000000000e+01,5.4419636726e+00
8.4800000000e+02,1.0000000000e+01,2.3000000000e+01,5.6597237587e+00
8.4800000000e+02,1.0000000000e+01,2.4000000000e+01,5.8851156235e+00
8.4800000000e+02,1.0000000000e+01,2.5000000000e+01,6.1182565689e+00
8.4800000000e+02,1.0000000000e+01,2.6000000000e+01,6.3592472076e+00
8.4800000000e+02,1.0000000000e+01,2.7000000000e+01,6.6081781387e+00
8.4800000000e+02,1.0000000000e+01,2.8000000000e+01,6.8651275635e+00
8.4800000000e+02,1.0000000000e+01,2.9000000000e+01,7.1301622391e+00
8.4800000000e+02,1.0000000000e+01,3.0000000000e+01,7.4033432007e+00
8.4800000000e+02,1.0000000000e+01,3.1000000000e+01,7.6847229004e+00
8.4800000000e+02,1.4000000000e+01,0.0000000000e+00,2.0068027973e+00
8.4800000000e+02,1.4000000000e+01,1.0000000000e+00,1.8793697357e+00
8.4800000000e+02,1.4000000000e+01,2.0000000000e+00,1.9765441418e+00
8.4800000000e+02,1.4000000000e+01,3.0000000000e+00,2.1790468693e+00
8.4800000000e+02,1.4000000000e+01,4.0000000000e+00,2.4132049084e+00
8.4800000000e+02,1.4000000000e+01,5.0000000000e+00,2.6510841846e+00
8.4800000000e+02,1.4000000000e+01,6.0000000000e+00,2.8827550411e+00
8.4800000000e+02,1.4000000000e+01,7.0000000000e+00,3.1063537598e+00
8.4800000000e+02,1.4000000000e+01,8.0000000000e+00,3.3230600357e+00
8.4800000000e+02,1.4000000000e+01,9.0000000000e+00,3.5349628925e+00
8.4800000000e+02,1.4000000000e+01,1.0000000000e+01,3.7442307472e+00
8.4800000000e+02,1.4000000000e+01,1.1000000000e+01,3.9528245926e+00
8.4800000000e+02,1.4000000000e+01,1.2000000000e+01,4.1624274254e+00
8.4800000000e+02,1.4000000000e+01,1.3000000000e+01,4.3744521141e+00
8.4800000000e+02,1.4000000000e+01,1.4000000000e+01,4.5900764465e+00
8.4800000000e+02,1.4000000000e+01,1.5000000000e+01,4.8102807999e+00
8.4800000000e+02,1.4000000000e+01,1.6000000000e+01,5.0358843803e+00
8.4800000000e+02,1.4000000000e+01,1.7000000000e+01,5.2675738335e+00
8.4800000000e+02,1.4000000000e+01,1.8000000000e+01,5.5059285164e+00
8.4800000000e+02,1.4000000000e+01,1.9000000000e+01,5.7514390945e+00
8.4800000000e+02,1.4000000000e+01,2.0000000000e+01,6.0045232773e+00
8.4800000000e+02,1.4000000000e+01,2.1000000000e+01,6.2655405998e+00
8.4800000000e+02,1.4000000000e+01,2.2000000000e+01,6.5347981453e+00
8.4800000000e+02,1.4000000000e+01,2.3000000000e+01,6.8125638962e+00
8.4800000000e+02,1.4000000000e+01,2.4000000000e+01,7.0990700722e+00
8.4800000000e+02,1.4000000000e+01,2.5000000000e+01,7.3945183754e+00
8.4800000000e+02,1.4000000000e+01,2.6000000000e+01,7.6990861893e+00
8.4800000000e+02,1.4000000000e+01,2.7000000000e+01,8.0129308701e+00
8.4800000000e+02,1.4000000000e+01,2.8000000000e+01,8.3361873627e+00
8.4800000000e+02,1.4000000000e+01,2.9000000000e+01,8.6689777374e+00
8.4800000000e+02,1.4000000000e+01,3.0000000000e+01,9.0114116669e+00
8.4800000000e+02,1.4000000000e+01,3.1000000000e+01,9.3635826111e+00
8.4800000000e+02,1.9000000000e+01,0.0000000000e+00,2.0028591156e+00
8.4800000000e+02,1.9000000000e+01,1.0000000000e+00,1.8196649551e+00
8.4800000000e+02,1.9000000000e+01,2.0000000000e+00,1.9151090384e+00
8.4800000000e+02,1.9000000000e+01,3.0000000000e+00,2.1519379616e+00
8.4800000000e+02,1.9000000000e+01,4.0000000000e+00,2.4456951618e+00
8.4800000000e+02,1.9000000000e+01,5.0000000000e+00,2.7589974403e+00
8.4800000000e+02,1.9000000000e+01,6.0000000000e+00,3.0732860565e+00
8.4800000000e+02,1.9000000000e+01,7.0000000000e+00,3.3807673454e+00
8.4800000000e+02,1.9000000000e+01,8.0000000000e+00,3.6791510582e+00
8.4800000000e+02,1.9000000000e+01,9.0000000000e+00,3.9687802792e+00
8.4800000000e+02,1.9000000000e+01,1.0000000000e+01,4.2511010170e+00
8.4800000000e+02,1.9000000000e+01,1.1000000000e+01,4.5279250145e+00
8.4800000000e+02,1.9000000000e+01,1.2000000000e+01,4.8010778427e+00
8.4800000000e+02,1.9000000000e+01,1.3000000000e+01,5.0722575188e+00
8.4800000000e+02,1.9000000000e+01,1.4000000000e+01,5.3429837227e+00
8.4800000000e+02,1.9000000000e+01,1.5000000000e+01,5.6145868301e+00
8.4800000000e+02,1.9000000000e+01,1.6000000000e+01,5.8882236481e+00
8.4800000000e+02,1.9000000000e+01,1.7000000000e+01,6.1648979187e+00
8.4800000000e+02,1.9000000000e+01,1.8000000000e+01,6.4454760551e+00
8.4800000000e+02,1.9000000000e+01,1.9000000000e+01,6.7307071686e+00
8.4800000000e+02,1.9000000000e+01,2.0000000000e+01,7.0212445259e+00
8.4800000000e+02,1.9000000000e+01,2.1000000000e+01,7.3176546097e+00
8.4800000000e+02,1.9000000000e+01,2.2000000000e+01,7.6204323769e+00
8.4800000000e+02,1.9000000000e+01,2.3000000000e+01,7.9300122261e+00
8.4800000000e+02,1.9000000000e+01,2.4000000000e+01,8.2467756271e+00
8.4800000000e+02,1.9000000000e+01,2.5000000000e+01,8.5710563660e+00
8.4800000000e+02,1.9000000000e+01,2.6000000000e+01,8.9031543732e+00
8.4800000000e+02,1.9000000000e+01,2.7000000000e+01,9.2433309555e+00
8.4800000000e+02,1.9000000000e+01,2.8000000000e+01,9.5918216705e+00
8.4800000000e+02,1.9000000000e+01,2.9000000000e+01,9.9488353729e+00
8.4800000000e+02,1.9000000000e+01,3.0000000000e+01,1.0314558983e+01
8.4800000000e+02,1.9000000000e+01,3.1000000000e+01,1.0689157486e+01
8.4800000000e+02,2.7000000000e+01,0.0000000000e+00,1.9992245436e+00
8.4800000000e+02,2.7000000000e+01,1.0000000000e+00,1.7198952436e+00
8.4800000000e+02,2.7000000000e+01,2.0000000000e+00,1.7834756374e+00
8.4800000000e+02,2.7000000000e+01,3.0000000000e+00,2.0234301090e+00
8.4800000000e+02,2.7000000000e+01,4.0000000000e+00,2.3489143848e+00
8.4800000000e+02,2.7000000000e+01,5.0000000000e+00,2.7186048031e+00
8.4800000000e+02,2.7000000000e+01,6.0000000000e+00,3.1074292660e+00
8.4800000000e+02,2.7000000000e+01,7.0000000000e+00,3.5004093647e+00
8.4800000000e+02,2.7000000000e+01,8.0000000000e+00,3.8891391754e+00
8.4800000000e+02,2.7000000000e+01,9.0000000000e+00,4.2694272995e+00
8.4800000000e+02,2.7000000000e+01,1.0000000000e+01,4.6396446228e+00
8.4800000000e+02,2.7000000000e+01,1.1000000000e+01,4.9996423721e+00
8.4800000000e+02,2.7000000000e+01,1.2000000000e+01,5.3500795364e+00
8.4800000000e+02,2.7000000000e+01,1.3000000000e+01,5.6920161247e+00
8.4800000000e+02,2.7000000000e+01,1.4000000000e+01,6.0266828537e+00
8.4800000000e+02,2.7000000000e+01,1.5000000000e+01,6.3553395271e+00
8.4800000000e+02,2.7000000000e+01,1.6000000000e+01,6.6792125702e+00
8.4800000000e+02,2.7000000000e+01,1.7000000000e+01,6.9994511604e+00
8.4800000000e+02,2.7000000000e+01,1.8000000000e+01,7.3171138763e+00
8.4800000000e+02,2.7000000000e+01,1.9000000000e+01,7.6331682205e+00
8.4800000000e+02,2.7000000000e+01,2.0000000000e+01,7.9484868050e+00
8.4800000000e+02,2.7000000000e+01,2.1000000000e+01,8.2638587952e+00
8.4800000000e+02,2.7000000000e+01,2.2000000000e+01,8.5799913406e+00
8.4800000000e+02,2.7000000000e+01,2.3000000000e+01,8.8975238800e+00
8.4800000000e+02,2.7000000000e+01,2.4000000000e+01,9.2170305252e+00
8.4800000000e+02,2.7000000000e+01,2.5000000000e+01,9.5390272141e+00
8.4800000000e+02,2.7000000000e+01,2.6000000000e+01,9.8639774323e+00
8.4800000000e+02,2.7000000000e+01,2.7000000000e+01,1.0192301750e+01
8.4800000000e+02,2.7000000000e+01,2.8000000000e+01,1.0524379730e+01
8.4800000000e+02,2.7000000000e+01,2.9000000000e+01,1.0860552788e+01
8.4800000000e+02,2.7000000000e+01,3.0000000000e+01,1.1201135635e+01
8.4800000000e+02,2.7000000000e+01,3.1000000000e+01,1.1546405792e+01
8.4800000000e+02,3.7000000000e+01,0.0000000000e+00,1.9935469627e+00
8.4800000000e+02,3.7000000000e+01,1.0000000000e+00,1.6194727421e+00
8.4800000000e+02,3.7000000000e+01,2.0000000000e+00,1.6600217819e+00
8.4800000000e+02,3.7000000000e+01,3.0000000000e+00,1.9011440277e+00
8.4800000000e+02,3.7000000000e+01,4.0000000000e+00,2.2448959351e+00
8.4800000000e+02,3.7000000000e+01,5.0000000000e+00,2.6510767937e+00
8.4800000000e+02,3.7000000000e+01,6.0000000000e+00,3.0949451923e+00
8.4800000000e+02,3.7000000000e+01,7.0000000000e+00,3.5597839355e+00
8.4800000000e+02,3.7000000000e+01,8.0000000000e+00,4.0341153145e+00
8.4800000000e+02,3.7000000000e+01,9.0000000000e+00,4.5101990700e+00
8.4800000000e+02,3.7000000000e+01,1.0000000000e+01,4.9830389023e+00
8.4800000000e+02,3.7000000000e+01,1.1000000000e+01,5.4495806694e+00
8.4800000000e+02,3.7000000000e+01,1.2000000000e+01,5.9081349373e+00
8.4800000000e+02,3.7000000000e+01,1.3000000000e+01,6.3579382896e+00
8.4800000000e+02,3.7000000000e+01,1.4000000000e+01,6.7988495827e+00
8.4800000000e+02,3.7000000000e+01,1.5000000000e+01,7.2311267853e+00
8.4800000000e+02,3.7000000000e+01,1.6000000000e+01,7.6552810669e+00
8.4800000000e+02,3.7000000000e+01,1.7000000000e+01,8.0719680786e+00
8.4800000000e+02,3.7000000000e+01,1.8000000000e+01,8.4819250107e+00
8.4800000000e+02,3.7000000000e+01,1.9000000000e+01,8.8859205246e+00
8.4800000000e+02,3.7000000000e+01,2.0000000000e+01,9.2847194672e+00
8.4800000000e+02,3.7000000000e+01,2.1000000000e+01,9.6790761948e+00
8.4800000000e+02,3.7000000000e+01,2.2000000000e+01,1.0069709778e+01
8.4800000000e+02,3.7000000000e+01,2.3000000000e+01,1.0457307816e+01
8.4800000000e+02,3.7000000000e+01,2.4000000000e+01,1.0842512131e+01
8.4800000000e+02,3.7000000000e+01,2.5000000000e+01,1.1225933075e+01
8.4800000000e+02,3.7000000000e+01,2.6000000000e+01,1.1608131409e+01
8.4800000000e+02,3.7000000000e+01,2.7000000000e+01,1.1989631653e+01
8.4800000000e+02,3.7000000000e+01,2.8000000000e+01,1.2370925903e+01
8.4800000000e+02,3.7000000000e+01,2.9000000000e+01,1.2752466202e+01
8.4800000000e+02,3.7000000000e+01,3.0000000000e+01,1.3134673119e+01
8.4800000000e+02,3.7000000000e+01,3.1000000000e+01,1.3517936707e+01
8.4800000000e+02,5.2000000000e+01,0.0000000000e+00,1.9832450151e+00
8.4800000000e+02,5.2000000000e+01,1.0000000000e+00,1.4843306541e+00
8.4800000000e+02,5.2000000000e+01,2.0000000000e+00,1.4850178957e+00
8.4800000000e+02,5.2000000000e+01,3.0000000000e+00,1.7117640972e+00
8.4800000000e+02,5.2000000000e+01,4.0000000000e+00,2.0496146679e+00
8.4800000000e+02,5.2000000000e+01,5.0000000000e+00,2.4589514732e+00
8.4800000000e+02,5.2000000000e+01,6.0000000000e+00,2.9169001579e+00
8.4800000000e+02,5.2000000000e+01,7.0000000000e+00,3.4087934494e+00
8.4800000000e+02,5.2000000000e+01,8.0000000000e+00,3.9239053726e+00
8.4800000000e+02,5.2000000000e+01,9.0000000000e+00,4.4543633461e+00
8.4800000000e+02,5.2000000000e+01,1.0000000000e+01,4.9942207336e+00
8.4800000000e+02,5.2000000000e+01,1.1000000000e+01,5.5390510559e+00
8.4800000000e+02,5.2000000000e+01,1.2000000000e+01,6.0855665207e+00
8.4800000000e+02,5.2000000000e+01,1.3000000000e+01,6.6313772202e+00
8.4800000000e+02,5.2000000000e+01,1.4000000000e+01,7.1747817993e+00
8.4800000000e+02,5.2000000000e+01,1.5000000000e+01,7.7146143913e+00
8.4800000000e+02,5.2000000000e+01,1.6000000000e+01,8.2501173019e+00
8.4800000000e+02,5.2000000000e+01,1.7000000000e+01,8.7808408737e+00
8.4800000000e+02,5.2000000000e+01,1.8000000000e+01,9.3065738678e+00
8.4800000000e+02,5.2000000000e+01,1.9000000000e+01,9.8272848129e+00
8.4800000000e+02,5.2000000000e+01,2.0000000000e+01,1.0343066216e+01
8.4800000000e+02,5.2000000000e+01,2.1000000000e+01,1.0854110718e+01
8.4800000000e+02,5.2000000000e+01,2.2000000000e+01,1.1360676765e+01
8.4800000000e+02,5.2000000000e+01,2.3000000000e+01,1.1863069534e+01
8.4800000000e+02,5.2000000000e+01,2.4000000000e+01,1.2361627579e+01
8.4800000000e+02,5.2000000000e+01,2.5000000000e+01,1.2856708527e+01
8.4800000000e+02,5.2000000000e+01,2.6000000000e+01,1.3348677635e+01
8.4800000000e+02,5.2000000000e+01,2.7000000000e+01,1.3837907791e+01
8.4800000000e+02,5.2000000000e+01,2.8000000000e+01,1.4324766159e+01
8.4800000000e+02,5.2000000000e+01,2.9000000000e+01,1.4809614182e+01
8.4800000000e+02,5.2000000000e+01,3.0000000000e+01,1.5292809486e+01
8.4800000000e+02,5.2000000000e+01,3.1000000000e+01,1.5774694443e+01
8.4800000000e+02,7.2000000000e+01,0.0000000000e+00,1.9900932312e+00
8.4800000000e+02,7.2000000000e+01,1.0000000000e+00,1.3517228365e+00
8.4800000000e+02,7.2000000000e+01,2.0000000000e+00,1.2971305847e+00
8.4800000000e+02,7.2000000000e+01,3.0000000000e+00,1.4827103615e+00
8.4800000000e+02,7.2000000000e+01,4.0000000000e+00,1.7726496458e+00
8.4800000000e+02,7.2000000000e+01,5.0000000000e+00,2.1263949871e+00
8.4800000000e+02,7.2000000000e+01,6.0000000000e+00,2.5229213238e+00
8.4800000000e+02,7.2000000000e+01,7.0000000000e+00,2.9503951073e+00
8.4800000000e+02,7.2000000000e+01,8.0000000000e+00,3.4008333683e+00
8.4800000000e+02,7.2000000000e+01,9.0000000000e+00,3.8686301708e+00
8.4800000000e+02,7.2000000000e+01,1.0000000000e+01,4.3496332169e+00
8.4800000000e+02,7.2000000000e+01,1.1000000000e+01,4.8406629562e+00
8.4800000000e+02,7.2000000000e+01,1.2000000000e+01,5.3392605782e+00
8.4800000000e+02,7.2000000000e+01,1.3000000000e+01,5.8434863091e+00
8.4800000000e+02,7.2000000000e+01,1.4000000000e+01,6.3518123627e+00
8.4800000000e+02,7.2000000000e+01,1.5000000000e+01,6.8630256653e+00
8.4800000000e+02,7.2000000000e+01,1.6000000000e+01,7.3761692047e+00
8.4800000000e+02,7.2000000000e+01,1.7000000000e+01,7.8904905319e+00
8.4800000000e+02,7.2000000000e+01,1.8000000000e+01,8.4054021835e+00
8.4800000000e+02,7.2000000000e+01,1.9000000000e+01,8.9204530716e+00
8.4800000000e+02,7.2000000000e+01,2.0000000000e+01,9.4353027344e+00
8.4800000000e+02,7.2000000000e+01,2.1000000000e+01,9.9497013092e+00
8.4800000000e+02,7.2000000000e+01,2.2000000000e+01,1.0463475227e+01
8.4800000000e+02,7.2000000000e+01,2.3000000000e+01,1.0976508141e+01
8.4800000000e+02,7.2000000000e+01,2.4000000000e+01,1.1488737106e+01
8.4800000000e+02,7.2000000000e+01,2.5000000000e+01,1.2000140190e+01
8.4800000000e+02,7.2000000000e+01,2.6000000000e+01,1.2510726929e+01
8.4800000000e+02,7.2000000000e+01,2.7000000000e+01,1.3020533562e+01
8.4800000000e+02,7.2000000000e+01,2.8000000000e+01,1.3529623985e+01
8.4800000000e+02,7.2000000000e+01,2.9000000000e+01,1.4038070679e+01
8.4800000000e+02,7.2000000000e+01,3.0000000000e+01,1.4545967102e+01
8.4800000000e+02,7.2000000000e+01,3.1000000000e+01,1.5053417206e+01
8.4800000000e+02,1.0000000000e+02,0.0000000000e+00,2.0082027912e+00
8.4800000000e+02,1.0000000000e+02,1.0000000000e+00,1.2134609222e+00
8.4800000000e+02,1.0000000000e+02,2.0000000000e+00,1.0776082277e+00
8.4800000000e+02,1.0000000000e+02,3.0000000000e+00,1.1810734272e+00
8.4800000000e+02,1.0000000000e+02,4.0000000000e+00,1.3704025745e+00
8.4800000000e+02,1.0000000000e+02,5.0000000000e+00,1.6033825874e+00
8.4800000000e+02,1.0000000000e+02,6.0000000000e+00,1.8607324362e+00
8.4800000000e+02,1.0000000000e+02,7.0000000000e+00,2.1327533722e+00
8.4800000000e+02,1.0000000000e+02,8.0000000000e+00,2.4137039185e+00
8.4800000000e+02,1.0000000000e+02,9.0000000000e+00,2.7000415325e+00
8.4800000000e+02,1.0000000000e+02,1.0000000000e+01,2.9894454479e+00
8.4800000000e+02,1.0000000000e+02,1.1000000000e+01,3.2803413868e+00
8.4800000000e+02,1.0000000000e+02,1.2000000000e+01,3.5716421604e+00
8.4800000000e+02,1.0000000000e+02,1.3000000000e+01,3.8625762463e+00
8.4800000000e+02,1.0000000000e+02,1.4000000000e+01,4.1525969505e+00
8.4800000000e+02,1.0000000000e+02,1.5000000000e+01,4.4413151741e+00
8.4800000000e+02,1.0000000000e+02,1.6000000000e+01,4.7284517288e+00
8.4800000000e+02,1.0000000000e+02,1.7000000000e+01,5.0138158798e+00
8.4800000000e+02,1.0000000000e+02,1.8000000000e+01,5.2972755432e+00
8.4800000000e+02,1.0000000000e+02,1.9000000000e+01,5.5787487030e+00
8.4800000000e+02,1.0000000000e+02,2.0000000000e+01,5.8581871986e+00
8.4800000000e+02,1.0000000000e+02,2.1000000000e+01,6.1355700493e+00
8.4800000000e+02,1.0000000000e+02,2.2000000000e+01,6.4108996391e+00
8.4800000000e+02,1.0000000000e+02,2.3000000000e+01,6.6841926575e+00
8.4800000000e+02,1.0000000000e+02,2.4000000000e+01,6.9554796219e+00
8.4800000000e+02,1.0000000000e+02,2.5000000000e+01,7.2247991562e+00
8.4800000000e+02,1.0000000000e+02,2.6000000000e+01,7.4921998978e+00
8.4800000000e+02,1.0000000000e+02,2.7000000000e+01,7.7577333450e+00
8.4800000000e+02,1.0000000000e+02,2.8000000000e+01,8.0214576721e+00
8.4800000000e+02,1.0000000000e+02,2.9000000000e+01,8.2834310532e+00
8.4800000000e+02,1.0000000000e+02,3.0000000000e+01,8.5437164307e+00
8.4800000000e+02,1.0000000000e+02,3.1000000000e+01,8.8023767471e+00
8.4800000000e+02,1.3900000000e+02,0.0000000000e+00,2.0052556992e+00
8.4800000000e+02,1.3900000000e+02,1.0000000000e+00,1.1291379929e+00
8.4800000000e+02,1.3900000000e+02,2.0000000000e+00,9.5134663582e-01
8.4800000000e+02,1.3900000000e+02,3.0000000000e+00,9.8886495829e-01
8.4800000000e+02,1.3900000000e+02,4.0000000000e+00,1.0902675390e+00
8.4800000000e+02,1.3900000000e+02,5.0000000000e+00,1.2170234919e+00
8.4800000000e+02,1.3900000000e+02,6.0000000000e+00,1.3540790081e+00
8.4800000000e+02,1.3900000000e+02,7.0000000000e+00,1.4949465990e+00
8.4800000000e+02,1.3900000000e+02,8.0000000000e+00,1.6364101171e+00
8.4800000000e+02,1.3900000000e+02,9.0000000000e+00,1.7769443989e+00
8.4800000000e+02,1.3900000000e+02,1.0000000000e+01,1.9158079624e+00
8.4800000000e+02,1.3900000000e+02,1.1000000000e+01,2.0527224541e+00
8.4800000000e+02,1.3900000000e+02,1.2000000000e+01,2.1876387596e+00
8.4800000000e+02,1.3900000000e+02,1.3000000000e+01,2.3206505775e+00
8.4800000000e+02,1.3900000000e+02,1.4000000000e+01,2.4519202709e+00
8.4800000000e+02,1.3900000000e+02,1.5000000000e+01,2.5816507339e+00
8.4800000000e+02,1.3900000000e+02,1.6000000000e+01,2.7100610733e+00
8.4800000000e+02,1.3900000000e+02,1.7000000000e+01,2.8373746872e+00
8.4800000000e+02,1.3900000000e+02,1.8000000000e+01,2.9638121128e+00
8.4800000000e+02,1.3900000000e+02,1.9000000000e+01,3.0895864964e+00
8.4800000000e+02,1.3900000000e+02,2.0000000000e+01,3.2149019241e+00
8.4800000000e+02,1.3900000000e+02,2.1000000000e+01,3.3399500847e+00
8.4800000000e+02,1.3900000000e+02,2.2000000000e+01,3.4649121761e+00
8.4800000000e+02,1.3900000000e+02,2.3000000000e+01,3.5899584293e+00
8.4800000000e+02,1.3900000000e+02,2.4000000000e+01,3.7152471542e+00
8.4800000000e+02,1.3900000000e+02,2.5000000000e+01,3.8409261703e+00
8.4800000000e+02,1.3900000000e+02,2.6000000000e+01,3.9671339989e+00
8.4800000000e+02,1.3900000000e+02,2.7000000000e+01,4.0939989090e+00
8.4800000000e+02,1.3900000000e+02,2.8000000000e+01,4.2216405869e+00
8.4800000000e+02,1.3900000000e+02,2.9000000000e+01,4.3501696587e+00
8.4800000000e+02,1.3900000000e+02,3.0000000000e+01,4.4796910286e+00
8.4800000000e+02,1.3900000000e+02,3.1000000000e+01,4.6103014946e+00
8.4800000000e+02,1.9300000000e+02,0.0000000000e+00,2.0009169579e+00
8.4800000000e+02,1.9300000000e+02,1.0000000000e+00,9.2849516869e-01
8.4800000000e+02,1.9300000000e+02,2.0000000000e+00,6.7964839935e-01
8.4800000000e+02,1.9300000000e+02,3.0000000000e+00,6.6751074791e-01
8.4800000000e+02,1.9300000000e+02,4.0000000000e+00,7.1485114098e-01
8.4800000000e+02,1.9300000000e+02,5.0000000000e+00,7.8033232689e-01
8.4800000000e+02,1.9300000000e+02,6.0000000000e+00,8.4913480282e-01
8.4800000000e+02,1.9300000000e+02,7.0000000000e+00,9.1566616297e-01
8.4800000000e+02,1.9300000000e+02,8.0000000000e+00,9.7768664360e-01
8.4800000000e+02,1.9300000000e+02,9.0000000000e+00,1.0344891548e+00
8.4800000000e+02,1.9300000000e+02,1.0000000000e+01,1.0860230923e+00
8.4800000000e+02,1.9300000000e+02,1.1000000000e+01,1.1325501204e+00
8.4800000000e+02,1.9300000000e+02,1.2000000000e+01,1.1744529009e+00
8.4800000000e+02,1.9300000000e+02,1.3000000000e+01,1.2121571302e+00
8.4800000000e+02,1.9300000000e+02,1.4000000000e+01,1.2460833788e+00
8.4800000000e+02,1.9300000000e+02,1.5000000000e+01,1.2766302824e+00
8.4800000000e+02,1.9300000000e+02,1.6000000000e+01,1.3041634560e+00
8.4800000000e+02,1.9300000000e+02,1.7000000000e+01,1.3290143013e+00
8.4800000000e+02,1.9300000000e+02,1.8000000000e+01,1.3514795303e+00
8.4800000000e+02,1.9300000000e+02,1.9000000000e+01,1.3718240261e+00
8.4800000000e+02,1.9300000000e+02,2.0000000000e+01,1.3902821541e+00
8.4800000000e+02,1.9300000000e+02,2.1000000000e+01,1.4070625305e+00
8.4800000000e+02,1.9300000000e+02,2.2000000000e+01,1.4223492146e+00
8.4800000000e+02,1.9300000000e+02,2.3000000000e+01,1.4363046885e+00
8.4800000000e+02,1.9300000000e+02,2.4000000000e+01,1.4490735531e+00
8.4800000000e+02,1.9300000000e+02,2.5000000000e+01,1.4607832432e+00
8.4800000000e+02,1.9300000000e+02,2.6000000000e+01,1.4715467691e+00
8.4800000000e+02,1.9300000000e+02,2.7000000000e+01,1.4814639091e+00
8.4800000000e+02,1.9300000000e+02,2.8000000000e+01,1.4906238317e+00
8.4800000000e+02,1.9300000000e+02,2.9000000000e+01,1.4991050959e+00
8.4800000000e+02,1.9300000000e+02,3.0000000000e+01,1.5069779158e+00
8.4800000000e+02,1.9300000000e+02,3.1000000000e+01,1.5143043995e+00
8.4800000000e+02,2.6800000000e+02,0.0000000000e+00,2.0043489933e+00
8.4800000000e+02,2.6800000000e+02,1.0000000000e+00,7.8483223915e-01
8.4800000000e+02,2.6800000000e+02,2.0000000000e+00,5.0411534309e-01
8.4800000000e+02,2.6800000000e+02,3.0000000000e+00,4.6466127038e-01
8.4800000000e+02,2.6800000000e+02,4.0000000000e+00,4.8005834222e-01
8.4800000000e+02,2.6800000000e+02,5.0000000000e+00,5.0925403833e-01
8.4800000000e+02,2.6800000000e+02,6.0000000000e+00,5.3962665796e-01
8.4800000000e+02,2.6800000000e+02,7.0000000000e+00,5.6720215082e-01
8.4800000000e+02,2.6800000000e+02,8.0000000000e+00,5.9094494581e-01
8.4800000000e+02,2.6800000000e+02,9.0000000000e+00,6.1089873314e-01
8.4800000000e+02,2.6800000000e+02,1.0000000000e+01,6.2747162580e-01
8.4800000000e+02,2.6800000000e+02,1.1000000000e+01,6.4116138220e-01
8.4800000000e+02,2.6800000000e+02,1.2000000000e+01,6.5244740248e-01
8.4800000000e+02,2.6800000000e+02,1.3000000000e+01,6.6175323725e-01
8.4800000000e+02,2.6800000000e+02,1.4000000000e+01,6.6943866014e-01
8.4800000000e+02,2.6800000000e+02,1.5000000000e+01,6.7580211163e-01
8.4800000000e+02,2.6800000000e+02,1.6000000000e+01,6.8108886480e-01
8.4800000000e+02,2.6800000000e+02,1.7000000000e+01,6.8549877405e-01
8.4800000000e+02,2.6800000000e+02,1.8000000000e+01,6.8919420242e-01
8.4800000000e+02,2.6800000000e+02,1.9000000000e+01,6.9230705500e-01
8.4800000000e+02,2.6800000000e+02,2.0000000000e+01,6.9494432211e-01
8.4800000000e+02,2.6800000000e+02,2.1000000000e+01,6.9719254971e-01
8.4800000000e+02,2.6800000000e+02,2.2000000000e+01,6.9912230968e-01
8.4800000000e+02,2.6800000000e+02,2.3000000000e+01,7.0079088211e-01
8.4800000000e+02,2.6800000000e+02,2.4000000000e+01,7.0224493742e-01
8.4800000000e+02,2.6800000000e+02,2.5000000000e+01,7.0352244377e-01
8.4800000000e+02,2.6800000000e+02,2.6000000000e+01,7.0465451479e-01
8.4800000000e+02,2.6800000000e+02,2.7000000000e+01,7.0566672087e-01
8.4800000000e+02,2.6800000000e+02,2.8000000000e+01,7.0657968521e-01
8.4800000000e+02,2.6800000000e+02,2.9000000000e+01,7.0741081238e-01
8.4800000000e+02,2.6800000000e+02,3.0000000000e+01,7.0817399025e-01
8.4800000000e+02,2.6800000000e+02,3.1000000000e+01,7.0888102055e-01
8.4800000000e+02,3.7300000000e+02,0.0000000000e+00,2.0016572475e+00
8.4800000000e+02,3.7300000000e+02,1.0000000000e+00,6.6907238960e-01
8.4800000000e+02,3.7300000000e+02,2.0000000000e+00,3.7380582094e-01
8.4800000000e+02,3.7300000000e+02,3.0000000000e+00,3.2349467278e-01
8.4800000000e+02,3.7300000000e+02,4.0000000000e+00,3.2331058383e-01
8.4800000000e+02,3.7300000000e+02,5.0000000000e+00,3.3434921503e-01
8.4800000000e+02,3.7300000000e+02,6.0000000000e+00,3.4633317590e-01
8.4800000000e+02,3.7300000000e+02,7.0000000000e+00,3.5658711195e-01
8.4800000000e+02,3.7300000000e+02,8.0000000000e+00,3.6469730735e-01
8.4800000000e+02,3.7300000000e+02,9.0000000000e+00,3.7090179324e-01
8.4800000000e+02,3.7300000000e+02,1.0000000000e+01,3.7557783723e-01
8.4800000000e+02,3.7300000000e+02,1.1000000000e+01,3.7908071280e-01
8.4800000000e+02,3.7300000000e+02,1.2000000000e+01,3.8170203567e-01
8.4800000000e+02,3.7300000000e+02,1.3000000000e+01,3.8366791606e-01
8.4800000000e+02,3.7300000000e+02,1.4000000000e+01,3.8514900208e-01
8.4800000000e+02,3.7300000000e+02,1.5000000000e+01,3.8627219200e-01
8.4800000000e+02,3.7300000000e+02,1.6000000000e+01,3.8713124394e-01
8.4800000000e+02,3.7300000000e+02,1.7000000000e+01,3.8779529929e-01
8.4800000000e+02,3.7300000000e+02,1.8000000000e+01,3.8831502199e-01
8.4800000000e+02,3.7300000000e+02,1.9000000000e+01,3.8872787356e-01
8.4800000000e+02,3.7300000000e+02,2.0000000000e+01,3.8906127214e-01
8.4800000000e+02,3.7300000000e+02,2.1000000000e+01,3.8933572173e-01
8.4800000000e+02,3.7300000000e+02,2.2000000000e+01,3.8956609368e-01
8.4800000000e+02,3.7300000000e+02,2.3000000000e+01,3.8976353407e-01
8.4800000000e+02,3.7300000000e+02,2.4000000000e+01,3.8993641734e-01
8.4800000000e+02,3.7300000000e+02,2.5000000000e+01,3.9009082317e-01
8.4800000000e+02,3.7300000000e+02,2.6000000000e+01,3.9023146033e-01
8.4800000000e+02,3.7300000000e+02,2.7000000000e+01,3.9036169648e-01
8.4800000000e+02,3.7300000000e+02,2.8000000000e+01,3.9048412442e-01
8.4800000000e+02,3.7300000000e+02,2.9000000000e+01,3.9060065150e-01
8.4800000000e+02,3.7300000000e+02,3.0000000000e+01,3.9071291685e-01
8.4800000000e+02,3.7300000000e+02,3.1000000000e+01,3.9082181454e-01
8.4800000000e+02,5.1800000000e+02,0.0000000000e+00,1.9891264439e+00
8.4800000000e+02,5.1800000000e+02,1.0000000000e+00,5.9045761824e-01
8.4800000000e+02,5.1800000000e+02,2.0000000000e+00,3.2080331445e-01
8.4800000000e+02,5.1800000000e+02,3.0000000000e+00,2.8057777882e-01
8.4800000000e+02,5.1800000000e+02,4.0000000000e+00,2.8017985821e-01
8.4800000000e+02,5.1800000000e+02,5.0000000000e+00,2.8790909052e-01
8.4800000000e+02,5.1800000000e+02,6.0000000000e+00,2.9700145125e-01
8.4800000000e+02,5.1800000000e+02,7.0000000000e+00,3.0609831214e-01
8.4800000000e+02,5.1800000000e+02,8.0000000000e+00,3.1508398056e-01
8.4800000000e+02,5.1800000000e+02,9.0000000000e+00,3.2408040762e-01
8.4800000000e+02,5.1800000000e+02,1.0000000000e+01,3.3320799470e-01
8.4800000000e+02,5.1800000000e+02,1.1000000000e+01,3.4254300594e-01
8.4800000000e+02,5.1800000000e+02,1.2000000000e+01,3.5212245584e-01
8.4800000000e+02,5.1800000000e+02,1.3000000000e+01,3.6195668578e-01
8.4800000000e+02,5.1800000000e+02,1.4000000000e+01,3.7204030156e-01
8.4800000000e+02,5.1800000000e+02,1.5000000000e+01,3.8235956430e-01
8.4800000000e+02,5.1800000000e+02,1.6000000000e+01,3.9289700985e-01
8.4800000000e+02,5.1800000000e+02,1.7000000000e+01,4.0363436937e-01
8.4800000000e+02,5.1800000000e+02,1.8000000000e+01,4.1455382109e-01
8.4800000000e+02,5.1800000000e+02,1.9000000000e+01,4.2563873529e-01
8.4800000000e+02,5.1800000000e+02,2.0000000000e+01,4.3687435985e-01
8.4800000000e+02,5.1800000000e+02,2.1000000000e+01,4.4824704528e-01
8.4800000000e+02,5.1800000000e+02,2.2000000000e+01,4.5974481106e-01
8.4800000000e+02,5.1800000000e+02,2.3000000000e+01,4.7135677934e-01
8.4800000000e+02,5.1800000000e+02,2.4000000000e+01,4.8307317495e-01
8.4800000000e+02,5.1800000000e+02,2.5000000000e+01,4.9488487840e-01
8.4800000000e+02,5.1800000000e+02,2.6000000000e+01,5.0678336620e-01
8.4800000000e+02,5.1800000000e+02,2.7000000000e+01,5.1876080036e-01
8.4800000000e+02,5.1800000000e+02,2.8000000000e+01,5.3080934286e-01
8.4800000000e+02,5.1800000000e+02,2.9000000000e+01,5.4292154312e-01
8.4800000000e+02,5.1800000000e+02,3.0000000000e+01,5.5509001017e-01
8.4800000000e+02,5.1800000000e+02,3.1000000000e+01,5.6730747223e-01
8.4800000000e+02,7.2000000000e+02,0.0000000000e+00,2.0099399090e+00
8.4800000000e+02,7.2000000000e+02,1.0000000000e+00,4.9428856373e-01
8.4800000000e+02,7.2000000000e+02,2.0000000000e+00,2.3643676937e-01
8.4800000000e+02,7.2000000000e+02,3.0000000000e+00,2.0797511935e-01
8.4800000000e+02,7.2000000000e+02,4.0000000000e+00,2.1408189833e-01
8.4800000000e+02,7.2000000000e+02,5.0000000000e+00,2.2424694896e-01
8.4800000000e+02,7.2000000000e+02,6.0000000000e+00,2.3279638588e-01
8.4800000000e+02,7.2000000000e+02,7.0000000000e+00,2.3906636238e-01
8.4800000000e+02,7.2000000000e+02,8.0000000000e+00,2.4343670905e-01
8.4800000000e+02,7.2000000000e+02,9.0000000000e+00,2.4641110003e-01
8.4800000000e+02,7.2000000000e+02,1.0000000000e+01,2.4841119349e-01
8.4800000000e+02,7.2000000000e+02,1.1000000000e+01,2.4974949658e-01
8.4800000000e+02,7.2000000000e+02,1.2000000000e+01,2.5064596534e-01
8.4800000000e+02,7.2000000000e+02,1.3000000000e+01,2.5125131011e-01
8.4800000000e+02,7.2000000000e+02,1.4000000000e+01,2.5166663527e-01
8.4800000000e+02,7.2000000000e+02,1.5000000000e+01,2.5195944309e-01
8.4800000000e+02,7.2000000000e+02,1.6000000000e+01,2.5217378139e-01
8.4800000000e+02,7.2000000000e+02,1.7000000000e+01,2.5233849883e-01
8.4800000000e+02,7.2000000000e+02,1.8000000000e+01,2.5247213244e-01
8.4800000000e+02,7.2000000000e+02,1.9000000000e+01,2.5258657336e-01
8.4800000000e+02,7.2000000000e+02,2.0000000000e+01,2.5268939137e-01
8.4800000000e+02,7.2000000000e+02,2.1000000000e+01,2.5278523564e-01
8.4800000000e+02,7.2000000000e+02,2.2000000000e+01,2.5287702680e-01
8.4800000000e+02,7.2000000000e+02,2.3000000000e+01,2.5296661258e-01
8.4800000000e+02,7.2000000000e+02,2.4000000000e+01,2.5305500627e-01
8.4800000000e+02,7.2000000000e+02,2.5000000000e+01,2.5314283371e-01
8.4800000000e+02,7.2000000000e+02,2.6000000000e+01,2.5323054194e-01
8.4800000000e+02,7.2000000000e+02,2.7000000000e+01,2.5331822038e-01
8.4800000000e+02,7.2000000000e+02,2.8000000000e+01,2.5340598822e-01
8.4800000000e+02,7.2000000000e+02,2.9000000000e+01,2.5349396467e-01
8.4800000000e+02,7.2000000000e+02,3.0000000000e+01,2.5358209014e-01
8.4800000000e+02,7.2000000000e+02,3.1000000000e+01,2.5367039442e-01
8.4800000000e+02,1.0000000000e+03,0.0000000000e+00,2.0030074120e+00
8.4800000000e+02,1.0000000000e+03,1.0000000000e+00,4.4930106401e-01
8.4800000000e+02,1.0000000000e+03,2.0000000000e+00,2.2698853910e-01
8.4800000000e+02,1.0000000000e+03,3.0000000000e+00,2.1104358137e-01
8.4800000000e+02,1.0000000000e+03,4.0000000000e+00,2.1943688393e-01
8.4800000000e+02,1.0000000000e+03,5.0000000000e+00,2.2907695174e-01
8.4800000000e+02,1.0000000000e+03,6.0000000000e+00,2.3668523133e-01
8.4800000000e+02,1.0000000000e+03,7.0000000000e+00,2.4219483137e-01
8.4800000000e+02,1.0000000000e+03,8.0000000000e+00,2.4604013562e-01
8.4800000000e+02,1.0000000000e+03,9.0000000000e+00,2.4865648150e-01
8.4800000000e+02,1.0000000000e+03,1.0000000000e+01,2.5039541721e-01
8.4800000000e+02,1.0000000000e+03,1.1000000000e+01,2.5152289867e-01
8.4800000000e+02,1.0000000000e+03,1.2000000000e+01,2.5223374367e-01
8.4800000000e+02,1.0000000000e+03,1.3000000000e+01,2.5266718864e-01
8.4800000000e+02,1.0000000000e+03,1.4000000000e+01,2.5292062759e-01
8.4800000000e+02,1.0000000000e+03,1.5000000000e+01,2.5306072831e-01
8.4800000000e+02,1.0000000000e+03,1.6000000000e+01,2.5313222408e-01
8.4800000000e+02,1.0000000000e+03,1.7000000000e+01,2.5316423178e-01
8.4800000000e+02,1.0000000000e+03,1.8000000000e+01,2.5317525864e-01
8.4800000000e+02,1.0000000000e+03,1.9000000000e+01,2.5317665935e-01
8.4800000000e+02,1.0000000000e+03,2.0000000000e+01,2.5317510962e-01
8.4800000000e+02,1.0000000000e+03,2.1000000000e+01,2.5317415595e-01
8.4800000000e+02,1.0000000000e+03,2.2000000000e+01,2.5317564607e-01
8.4800000000e+02,1.0000000000e+03,2.3000000000e+01,2.5318014622e-01
8.4800000000e+02,1.0000000000e+03,2.4000000000e+01,2.5318765640e-01
8.4800000000e+02,1.0000000000e+03,2.5000000000e+01,2.5319796801e-01
8.4800000000e+02,1.0000000000e+03,2.6000000000e+01,2.5321066380e-01
8.4800000000e+02,1.0000000000e+03,2.7000000000e+01,2.5322529674e-01
8.4800000000e+02,1.0000000000e+03,2.8000000000e+01,2.5324141979e-01
8.4800000000e+02,1.0000000000e+03,2.9000000000e+01,2.5325873494e-01
8.4800000000e+02,1.0000000000e+03,3.0000000000e+01,2.5327691436e-01
8.4800000000e+02,1.0000000000e+03,3.1000000000e+01,2.5329574943e-01
1.3890000000e+03,1.0000000000e+01,0.0000000000e+00,1.9979956150e+00
1.3890000000e+03,1.0000000000e+01,1.0000000000e+00,1.8964533806e+00
1.3890000000e+03,1.0000000000e+01,2.0000000000e+00,1.9650107622e+00
1.3890000000e+03,1.0000000000e+01,3.0000000000e+00,2.0941190720e+00
1.3890000000e+03,1.0000000000e+01,4.0000000000e+00,2.2298026085e+00
1.3890000000e+03,1.0000000000e+01,5.0000000000e+00,2.3571591377e+00
1.3890000000e+03,1.0000000000e+01,6.0000000000e+00,2.4738790989e+00
1.3890000000e+03,1.0000000000e+01,7.0000000000e+00,2.5813498497e+00
1.3890000000e+03,1.0000000000e+01,8.0000000000e+00,2.6816725731e+00
1.3890000000e+03,1.0000000000e+01,9.0000000000e+00,2.7767996788e+00
1.3890000000e+03,1.0000000000e+01,1.0000000000e+01,2.8683502674e+00
1.3890000000e+03,1.0000000000e+01,1.1000000000e+01,2.9576189518e+00
1.3890000000e+03,1.0000000000e+01,1.2000000000e+01,3.0456328392e+00
1.3890000000e+03,1.0000000000e+01,1.3000000000e+01,3.1332080364e+00
1.3890000000e+03,1.0000000000e+01,1.4000000000e+01,3.2209987640e+00
1.3890000000e+03,1.0000000000e+01,1.5000000000e+01,3.3095326424e+00
1.3890000000e+03,1.0000000000e+01,1.6000000000e+01,3.3992407322e+00
1.3890000000e+03,1.0000000000e+01,1.7000000000e+01,3.4904775620e+00
1.3890000000e+03,1.0000000000e+01,1.8000000000e+01,3.5835390091e+00
1.3890000000e+03,1.0000000000e+01,1.9000000000e+01,3.6786711216e+00
1.3890000000e+03,1.0000000000e+01,2.0000000000e+01,3.7760825157e+00
1.3890000000e+03,1.0000000000e+01,2.1000000000e+01,3.8759505749e+00
1.3890000000e+03,1.0000000000e+01,2.2000000000e+01,3.9784271717e+00
1.3890000000e+03,1.0000000000e+01,2.3000000000e+01,4.0836429596e+00
1.3890000000e+03,1.0000000000e+01,2.4000000000e+01,4.1917109489e+00
1.3890000000e+03,1.0000000000e+01,2.5000000000e+01,4.3027305603e+00
1.3890000000e+03,1.0000000000e+01,2.6000000000e+01,4.4167871475e+00
1.3890000000e+03,1.0000000000e+01,2.7000000000e+01,4.5339560509e+00
1.3890000000e+03,1.0000000000e+01,2.8000000000e+01,4.6543049812e+00
1.3890000000e+03,1.0000000000e+01,2.9000000000e+01,4.7778925896e+00
1.3890000000e+03,1.0000000000e+01,3.0000000000e+01,4.9047713280e+00
1.3890000000e+03,1.0000000000e+01,3.1000000000e+01,5.0349879265e+00
1.3890000000e+03,1.4000000000e+01,0.0000000000e+00,1.9977158308e+00
1.3890000000e+03,1.4000000000e+01,1.0000000000e+00,1.8501045704e+00
1.3890000000e+03,1.4000000000e+01,2.0000000000e+00,1.9180902243e+00
1.3890000000e+03,1.4000000000e+01,3.0000000000e+00,2.0782320499e+00
1.3890000000e+03,1.4000000000e+01,4.0000000000e+00,2.2656855583e+00
1.3890000000e+03,1.4000000000e+01,5.0000000000e+00,2.4539899826e+00
1.3890000000e+03,1.4000000000e+01,6.0000000000e+00,2.6334686279e+00
1.3890000000e+03,1.4000000000e+01,7.0000000000e+00,2.8018808365e+00
1.3890000000e+03,1.4000000000e+01,8.0000000000e+00,2.9598965645e+00
1.3890000000e+03,1.4000000000e+01,9.0000000000e+00,3.1091260910e+00
1.3890000000e+03,1.4000000000e+01,1.0000000000e+01,3.2513313293e+00
1.3890000000e+03,1.4000000000e+01,1.1000000000e+01,3.3881392479e+00
1.3890000000e+03,1.4000000000e+01,1.2000000000e+01,3.5209641457e+00
1.3890000000e+03,1.4000000000e+01,1.3000000000e+01,3.6510004997e+00
1.3890000000e+03,1.4000000000e+01,1.4000000000e+01,3.7792513371e+00
1.3890000000e+03,1.4000000000e+01,1.5000000000e+01,3.9065544605e+00
1.3890000000e+03,1.4000000000e+01,1.6000000000e+01,4.0336127281e+00
1.3890000000e+03,1.4000000000e+01,1.7000000000e+01,4.1610164642e+00
1.3890000000e+03,1.4000000000e+01,1.8000000000e+01,4.2892656326e+00
1.3890000000e+03,1.4000000000e+01,1.9000000000e+01,4.4187850952e+00
1.3890000000e+03,1.4000000000e+01,2.0000000000e+01,4.5499391556e+00
1.3890000000e+03,1.4000000000e+01,2.1000000000e+01,4.6830396652e+00
1.3890000000e+03,1.4000000000e+01,2.2000000000e+01,4.8183569908e+00
1.3890000000e+03,1.4000000000e+01,2.3000000000e+01,4.9561252594e+00
1.3890000000e+03,1.4000000000e+01,2.4000000000e+01,5.0965485573e+00
1.3890000000e+03,1.4000000000e+01,2.5000000000e+01,5.2398071289e+00
1.3890000000e+03,1.4000000000e+01,2.6000000000e+01,5.3860592842e+00
1.3890000000e+03,1.4000000000e+01,2.7000000000e+01,5.5354442596e+00
1.3890000000e+03,1.4000000000e+01,2.8000000000e+01,5.6880846024e+00
1.3890000000e+03,1.4000000000e+01,2.9000000000e+01,5.8440928459e+00
1.3890000000e+03,1.4000000000e+01,3.0000000000e+01,6.0035653114e+00
1.3890000000e+03,1.4000000000e+01,3.1000000000e+01,6.1665911674e+00
1.3890000000e+03,1.9000000000e+01,0.0000000000e+00,1.9912508726e+00
1.3890000000e+03,1.9000000000e+01,1.0000000000e+00,1.7755172253e+00
1.3890000000e+03,1.9000000000e+01,2.0000000000e+00,1.8332422972e+00
1.3890000000e+03,1.9000000000e+01,3.0000000000e+00,2.0239999294e+00
1.3890000000e+03,1.9000000000e+01,4.0000000000e+00,2.2701189518e+00
1.3890000000e+03,1.9000000000e+01,5.0000000000e+00,2.5352416039e+00
1.3890000000e+03,1.9000000000e+01,6.0000000000e+00,2.8010916710e+00
1.3890000000e+03,1.9000000000e+01,7.0000000000e+00,3.0596163273e+00
1.3890000000e+03,1.9000000000e+01,8.0000000000e+00,3.3081507683e+00
1.3890000000e+03,1.9000000000e+01,9.0000000000e+00,3.5466446877e+00
1.3890000000e+03,1.9000000000e+01,1.0000000000e+01,3.7761917114e+00
1.3890000000e+03,1.9000000000e+01,1.1000000000e+01,3.9982948303e+00
1.3890000000e+03,1.9000000000e+01,1.2000000000e+01,4.2145175934e+00
1.3890000000e+03,1.9000000000e+01,1.3000000000e+01,4.4263343811e+00
1.3890000000e+03,1.9000000000e+01,1.4000000000e+01,4.6350736618e+00
1.3890000000e+03,1.9000000000e+01,1.5000000000e+01,4.8419060707e+00
1.3890000000e+03,1.9000000000e+01,1.6000000000e+01,5.0478515625e+00
1.3890000000e+03,1.9000000000e+01,1.7000000000e+01,5.2537946701e+00
1.3890000000e+03,1.9000000000e+01,1.8000000000e+01,5.4605002403e+00
1.3890000000e+03,1.9000000000e+01,1.9000000000e+01,5.6686344147e+00
1.3890000000e+03,1.9000000000e+01,2.0000000000e+01,5.8787717819e+00
1.3890000000e+03,1.9000000000e+01,2.1000000000e+01,6.0914149284e+00
1.3890000000e+03,1.9000000000e+01,2.2000000000e+01,6.3070039749e+00
1.3890000000e+03,1.9000000000e+01,2.3000000000e+01,6.5259218216e+00
1.3890000000e+03,1.9000000000e+01,2.4000000000e+01,6.7485070229e+00
1.3890000000e+03,1.9000000000e+01,2.5000000000e+01,6.9750580788e+00
1.3890000000e+03,1.9000000000e+01,2.6000000000e+01,7.2058386803e+00
1.3890000000e+03,1.9000000000e+01,2.7000000000e+01,7.4410834312e+00
1.3890000000e+03,1.9000000000e+01,2.8000000000e+01,7.6810011864e+00
1.3890000000e+03,1.9000000000e+01,2.9000000000e+01,7.9257760048e+00
1.3890000000e+03,1.9000000000e+01,3.0000000000e+01,8.1755781174e+00
1.3890000000e+03,1.9000000000e+01,3.1000000000e+01,8.4305543900e+00
1.3890000000e+03,2.7000000000e+01,0.0000000000e+00,2.0088641644e+00
1.3890000000e+03,2.7000000000e+01,1.0000000000e+00,1.7005602121e+00
1.3890000000e+03,2.7000000000e+01,2.0000000000e+00,1.7369517088e+00
1.3890000000e+03,2.7000000000e+01,3.0000000000e+00,1.9416086674e+00
1.3890000000e+03,2.7000000000e+01,4.0000000000e+00,2.2293658257e+00
1.3890000000e+03,2.7000000000e+01,5.0000000000e+00,2.5597968102e+00
1.3890000000e+03,2.7000000000e+01,6.0000000000e+00,2.9086666107e+00
1.3890000000e+03,2.7000000000e+01,7.0000000000e+00,3.2613554001e+00
1.3890000000e+03,2.7000000000e+01,8.0000000000e+00,3.6095914841e+00
1.3890000000e+03,2.7000000000e+01,9.0000000000e+00,3.9491593838e+00
1.3890000000e+03,2.7000000000e+01,1.0000000000e+01,4.2783288956e+00
1.3890000000e+03,2.7000000000e+01,1.1000000000e+01,4.5968151093e+00
1.3890000000e+03,2.7000000000e+01,1.2000000000e+01,4.9051318169e+00
1.3890000000e+03,2.7000000000e+01,1.3000000000e+01,5.2041964531e+00
1.3890000000e+03,2.7000000000e+01,1.4000000000e+01,5.4951062202e+00
1.3890000000e+03,2.7000000000e+01,1.5000000000e+01,5.7790002823e+00
1.3890000000e+03,2.7000000000e+01,1.6000000000e+01,6.0569911003e+00
1.3890000000e+03,2.7000000000e+01,1.7000000000e+01,6.3301305771e+00
1.3890000000e+03,2.7000000000e+01,1.8000000000e+01,6.5993857384e+00
1.3890000000e+03,2.7000000000e+01,1.9000000000e+01,6.8656439781e+00
1.3890000000e+03,2.7000000000e+01,2.0000000000e+01,7.1297073364e+00
1.3890000000e+03,2.7000000000e+01,2.1000000000e+01,7.3923001289e+00
1.3890000000e+03,2.7000000000e+01,2.2000000000e+01,7.6540737152e+00
1.3890000000e+03,2.7000000000e+01,2.3000000000e+01,7.9156150818e+00
1.3890000000e+03,2.7000000000e+01,2.4000000000e+01,8.1774501801e+00
1.3890000000e+03,2.7000000000e+01,2.5000000000e+01,8.4400548935e+00
1.3890000000e+03,2.7000000000e+01,2.6000000000e+01,8.7038574219e+00
1.3890000000e+03,2.7000000000e+01,2.7000000000e+01,8.9692430496e+00
1.3890000000e+03,2.7000000000e+01,2.8000000000e+01,9.2365589142e+00
1.3890000000e+03,2.7000000000e+01,2.9000000000e+01,9.5061235428e+00
1.3890000000e+03,2.7000000000e+01,3.0000000000e+01,9.7782211304e+00
1.3890000000e+03,2.7000000000e+01,3.1000000000e+01,1.0053112984e+01
1.3890000000e+03,3.7000000000e+01,0.0000000000e+00,1.9942300320e+00
1.3890000000e+03,3.7000000000e+01,1.0000000000e+00,1.5913983583e+00
1.3890000000e+03,3.7000000000e+01,2.0000000000e+00,1.6115826368e+00
1.3890000000e+03,3.7000000000e+01,3.0000000000e+00,1.8330404758e+00
1.3890000000e+03,3.7000000000e+01,4.0000000000e+00,2.1578774452e+00
1.3890000000e+03,3.7000000000e+01,5.0000000000e+00,2.5449528694e+00
1.3890000000e+03,3.7000000000e+01,6.0000000000e+00,2.9686493874e+00
1.3890000000e+03,3.7000000000e+01,7.0000000000e+00,3.4117305279e+00
1.3890000000e+03,3.7000000000e+01,8.0000000000e+00,3.8623707294e+00
1.3890000000e+03,3.7000000000e+01,9.0000000000e+00,4.3126769066e+00
1.3890000000e+03,3.7000000000e+01,1.0000000000e+01,4.7575860023e+00
1.3890000000e+03,3.7000000000e+01,1.1000000000e+01,5.1940445900e+00
1.3890000000e+03,3.7000000000e+01,1.2000000000e+01,5.6203861237e+00
1.3890000000e+03,3.7000000000e+01,1.3000000000e+01,6.0358867645e+00
1.3890000000e+03,3.7000000000e+01,1.4000000000e+01,6.4404411316e+00
1.3890000000e+03,3.7000000000e+01,1.5000000000e+01,6.8343396187e+00
1.3890000000e+03,3.7000000000e+01,1.6000000000e+01,7.2181167603e+00
1.3890000000e+03,3.7000000000e+01,1.7000000000e+01,7.5924501419e+00
1.3890000000e+03,3.7000000000e+01,1.8000000000e+01,7.9580836296e+00
1.3890000000e+03,3.7000000000e+01,1.9000000000e+01,8.3157939911e+00
1.3890000000e+03,3.7000000000e+01,2.0000000000e+01,8.6663484573e+00
1.3890000000e+03,3.7000000000e+01,2.1000000000e+01,9.0104970932e+00
1.3890000000e+03,3.7000000000e+01,2.2000000000e+01,9.3489561081e+00
1.3890000000e+03,3.7000000000e+01,2.3000000000e+01,9.6824016571e+00
1.3890000000e+03,3.7000000000e+01,2.4000000000e+01,1.0011470795e+01
1.3890000000e+03,3.7000000000e+01,2.5000000000e+01,1.0336760521e+01
1.3890000000e+03,3.7000000000e+01,2.6000000000e+01,1.0658825874e+01
1.3890000000e+03,3.7000000000e+01,2.7000000000e+01,1.0978178978e+01
1.3890000000e+03,3.7000000000e+01,2.8000000000e+01,1.1295300484e+01
1.3890000000e+03,3.7000000000e+01,2.9000000000e+01,1.1610630035e+01
1.3890000000e+03,3.7000000000e+01,3.0000000000e+01,1.1924581528e+01
1.3890000000e+03,3.7000000000e+01,3.1000000000e+01,1.2237531662e+01
1.3890000000e+03,5.2000000000e+01,0.0000000000e+00,2.0051496029e+00
1.3890000000e+03,5.2000000000e+01,1.0000000000e+00,1.4791785479e+00
1.3890000000e+03,5.2000000000e+01,2.0000000000e+00,1.4586399794e+00
1.3890000000e+03,5.2000000000e+01,3.0000000000e+00,1.6602228880e+00
1.3890000000e+03,5.2000000000e+01,4.0000000000e+00,1.9708430767e+00
1.3890000000e+03,5.2000000000e+01,5.0000000000e+00,2.3503668308e+00
1.3890000000e+03,5.2000000000e+01,6.0000000000e+00,2.7762207985e+00
1.3890000000e+03,5.2000000000e+01,7.0000000000e+00,3.2337059975e+00
1.3890000000e+03,5.2000000000e+01,8.0000000000e+00,3.7122395039e+00
1.3890000000e+03,5.2000000000e+01,9.0000000000e+00,4.2039942741e+00
1.3890000000e+03,5.2000000000e+01,1.0000000000e+01,4.7030982971e+00
1.3890000000e+03,5.2000000000e+01,1.1000000000e+01,5.2051529884e+00
1.3890000000e+03,5.2000000000e+01,1.2000000000e+01,5.7068958282e+00
1.3890000000e+03,5.2000000000e+01,1.3000000000e+01,6.2059426308e+00
1.3890000000e+03,5.2000000000e+01,1.4000000000e+01,6.7005891800e+00
1.3890000000e+03,5.2000000000e+01,1.5000000000e+01,7.1896576881e+00
1.3890000000e+03,5.2000000000e+01,1.6000000000e+01,7.6723713875e+00
1.3890000000e+03,5.2000000000e+01,1.7000000000e+01,8.1482610703e+00
1.3890000000e+03,5.2000000000e+01,1.8000000000e+01,8.6170873642e+00
1.3890000000e+03,5.2000000000e+01,1.9000000000e+01,9.0787916183e+00
1.3890000000e+03,5.2000000000e+01,2.0000000000e+01,9.5334377289e+00
1.3890000000e+03,5.2000000000e+01,2.1000000000e+01,9.9811859131e+00
1.3890000000e+03,5.2000000000e+01,2.2000000000e+01,1.0422266006e+01
1.3890000000e+03,5.2000000000e+01,2.3000000000e+01,1.0856954575e+01
1.3890000000e+03,5.2000000000e+01,2.4000000000e+01,1.1285561562e+01
1.3890000000e+03,5.2000000000e+01,2.5000000000e+01,1.1708415031e+01
1.3890000000e+03,5.2000000000e+01,2.6000000000e+01,1.2125852585e+01
1.3890000000e+03,5.2000000000e+01,2.7000000000e+01,1.2538221359e+01
1.3890000000e+03,5.2000000000e+01,2.8000000000e+01,1.2945864677e+01
1.3890000000e+03,5.2000000000e+01,2.9000000000e+01,1.3349118233e+01
1.3890000000e+03,5.2000000000e+01,3.0000000000e+01,1.3748316765e+01
1.3890000000e+03,5.2000000000e+01,3.1000000000e+01,1.4143785477e+01
1.3890000000e+03,7.2000000000e+01,0.0000000000e+00,1.9934749603e+00
1.3890000000e+03,7.2000000000e+01,1.0000000000e+00,1.3266494274e+00
1.3890000000e+03,7.2000000000e+01,2.0000000000e+00,1.2535668612e+00
1.3890000000e+03,7.2000000000e+01,3.0000000000e+00,1.4142723083e+00
1.3890000000e+03,7.2000000000e+01,4.0000000000e+00,1.6772615910e+00
1.3890000000e+03,7.2000000000e+01,5.0000000000e+00,2.0012412071e+00
1.3890000000e+03,7.2000000000e+01,6.0000000000e+00,2.3653452396e+00
1.3890000000e+03,7.2000000000e+01,7.0000000000e+00,2.7577586174e+00
1.3890000000e+03,7.2000000000e+01,8.0000000000e+00,3.1705069542e+00
1.3890000000e+03,7.2000000000e+01,9.0000000000e+00,3.5980532169e+00
1.3890000000e+03,7.2000000000e+01,1.0000000000e+01,4.0362420082e+00
1.3890000000e+03,7.2000000000e+01,1.1000000000e+01,4.4819259644e+00
1.3890000000e+03,7.2000000000e+01,1.2000000000e+01,4.9326419830e+00
1.3890000000e+03,7.2000000000e+01,1.3000000000e+01,5.3864493370e+00
1.3890000000e+03,7.2000000000e+01,1.4000000000e+01,5.8418073654e+00
1.3890000000e+03,7.2000000000e+01,1.5000000000e+01,6.2974877357e+00
1.3890000000e+03,7.2000000000e+01,1.6000000000e+01,6.7525105476e+00
1.3890000000e+03,7.2000000000e+01,1.7000000000e+01,7.2060976028e+00
1.3890000000e+03,7.2000000000e+01,1.8000000000e+01,7.6576352119e+00
1.3890000000e+03,7.2000000000e+01,1.9000000000e+01,8.1066408157e+00
1.3890000000e+03,7.2000000000e+01,2.0000000000e+01,8.5527439117e+00
1.3890000000e+03,7.2000000000e+01,2.1000000000e+01,8.9956598282e+00
1.3890000000e+03,7.2000000000e+01,2.2000000000e+01,9.4351835251e+00
1.3890000000e+03,7.2000000000e+01,2.3000000000e+01,9.8711690903e+00
1.3890000000e+03,7.2000000000e+01,2.4000000000e+01,1.0303520203e+01
1.3890000000e+03,7.2000000000e+01,2.5000000000e+01,1.0732181549e+01
1.3890000000e+03,7.2000000000e+01,2.6000000000e+01,1.1157136917e+01
1.3890000000e+03,7.2000000000e+01,2.7000000000e+01,1.1578389168e+01
1.3890000000e+03,7.2000000000e+01,2.8000000000e+01,1.1995974541e+01
1.3890000000e+03,7.2000000000e+01,2.9000000000e+01,1.2409939766e+01
1.3890000000e+03,7.2000000000e+01,3.0000000000e+01,1.2820350647e+01
1.3890000000e+03,7.2000000000e+01,3.1000000000e+01,1.3227282524e+01
1.3890000000e+03,1.0000000000e+02,0.0000000000e+00,2.0034279823e+00
1.3890000000e+03,1.0000000000e+02,1.0000000000e+00,1.1926578283e+00
1.3890000000e+03,1.0000000000e+02,2.0000000000e+00,1.0449603796e+00
1.3890000000e+03,1.0000000000e+02,3.0000000000e+00,1.1394804716e+00
1.3890000000e+03,1.0000000000e+02,4.0000000000e+00,1.3202049732e+00
1.3890000000e+03,1.0000000000e+02,5.0000000000e+00,1.5446231365e+00
1.3890000000e+03,1.0000000000e+02,6.0000000000e+00,1.7930636406e+00
1.3890000000e+03,1.0000000000e+02,7.0000000000e+00,2.0555758476e+00
1.3890000000e+03,1.0000000000e+02,8.0000000000e+00,2.3263580799e+00
1.3890000000e+03,1.0000000000e+02,9.0000000000e+00,2.6018233299e+00
1.3890000000e+03,1.0000000000e+02,1.0000000000e+01,2.8796429634e+00
1.3890000000e+03,1.0000000000e+02,1.1000000000e+01,3.1582260132e+00
1.3890000000e+03,1.0000000000e+02,1.2000000000e+01,3.4364902973e+00
1.3890000000e+03,1.0000000000e+02,1.3000000000e+01,3.7136487961e+00
1.3890000000e+03,1.0000000000e+02,1.4000000000e+01,3.9891667366e+00
1.3890000000e+03,1.0000000000e+02,1.5000000000e+01,4.2626371384e+00
1.3890000000e+03,1.0000000000e+02,1.6000000000e+01,4.5337963104e+00
1.3890000000e+03,1.0000000000e+02,1.7000000000e+01,4.8024339676e+00
1.3890000000e+03,1.0000000000e+02,1.8000000000e+01,5.0684356689e+00
1.3890000000e+03,1.0000000000e+02,1.9000000000e+01,5.3316993713e+00
1.3890000000e+03,1.0000000000e+02,2.0000000000e+01,5.5921945572e+00
1.3890000000e+03,1.0000000000e+02,2.1000000000e+01,5.8498830795e+00
1.3890000000e+03,1.0000000000e+02,2.2000000000e+01,6.1047816277e+00
1.3890000000e+03,1.0000000000e+02,2.3000000000e+01,6.3568916321e+00
1.3890000000e+03,1.0000000000e+02,2.4000000000e+01,6.6062550545e+00
1.3890000000e+03,1.0000000000e+02,2.5000000000e+01,6.8529005051e+00
1.3890000000e+03,1.0000000000e+02,2.6000000000e+01,7.0968847275e+00
1.3890000000e+03,1.0000000000e+02,2.7000000000e+01,7.3382487297e+00
1.3890000000e+03,1.0000000000e+02,2.8000000000e+01,7.5770592690e+00
1.3890000000e+03,1.0000000000e+02,2.9000000000e+01,7.8133659363e+00
1.3890000000e+03,1.0000000000e+02,3.0000000000e+01,8.0472383499e+00
1.3890000000e+03,1.0000000000e+02,3.1000000000e+01,8.2787313461e+00
1.3890000000e+03,1.3900000000e+02,0.0000000000e+00,2.0053369999e+00
1.3890000000e+03,1.3900000000e+02,1.0000000000e+00,1.0334547758e+00
1.3890000000e+03,1.3900000000e+02,2.0000000000e+00,8.2106792927e-01
1.3890000000e+03,1.3900000000e+02,3.0000000000e+00,8.4965324402e-01
1.3890000000e+03,1.3900000000e+02,4.0000000000e+00,9.4833517075e-01
1.3890000000e+03,1.3900000000e+02,5.0000000000e+00,1.0745642185e+00
1.3890000000e+03,1.3900000000e+02,6.0000000000e+00,1.2108107805e+00
1.3890000000e+03,1.3900000000e+02,7.0000000000e+00,1.3493306637e+00
1.3890000000e+03,1.3900000000e+02,8.0000000000e+00,1.4861912727e+00
1.3890000000e+03,1.3900000000e+02,9.0000000000e+00,1.6194210052e+00
1.3890000000e+03,1.3900000000e+02,1.0000000000e+01,1.7480190992e+00
1.3890000000e+03,1.3900000000e+02,1.1000000000e+01,1.8715372086e+00
1.3890000000e+03,1.3900000000e+02,1.2000000000e+01,1.9898276329e+00
1.3890000000e+03,1.3900000000e+02,1.3000000000e+01,2.1029224396e+00
1.3890000000e+03,1.3900000000e+02,1.4000000000e+01,2.2109532356e+00
1.3890000000e+03,1.3900000000e+02,1.5000000000e+01,2.3141093254e+00
1.3890000000e+03,1.3900000000e+02,1.6000000000e+01,2.4126079082e+00
1.3890000000e+03,1.3900000000e+02,1.7000000000e+01,2.5066814423e+00
1.3890000000e+03,1.3900000000e+02,1.8000000000e+01,2.5965628624e+00
1.3890000000e+03,1.3900000000e+02,1.9000000000e+01,2.6824836731e+00
1.3890000000e+03,1.3900000000e+02,2.0000000000e+01,2.7646663189e+00
1.3890000000e+03,1.3900000000e+02,2.1000000000e+01,2.8433251381e+00
1.3890000000e+03,1.3900000000e+02,2.2000000000e+01,2.9186627865e+00
1.3890000000e+03,1.3900000000e+02,2.3000000000e+01,2.9908714294e+00
1.3890000000e+03,1.3900000000e+02,2.4000000000e+01,3.0601320267e+00
1.3890000000e+03,1.3900000000e+02,2.5000000000e+01,3.1266140938e+00
1.3890000000e+03,1.3900000000e+02,2.6000000000e+01,3.1904778481e+00
1.3890000000e+03,1.3900000000e+02,2.7000000000e+01,3.2518718243e+00
1.3890000000e+03,1.3900000000e+02,2.8000000000e+01,3.3109359741e+00
1.3890000000e+03,1.3900000000e+02,2.9000000000e+01,3.3678009510e+00
1.3890000000e+03,1.3900000000e+02,3.0000000000e+01,3.4225902557e+00
1.3890000000e+03,1.3900000000e+02,3.1000000000e+01,3.4754178524e+00
1.3890000000e+03,1.9300000000e+02,0.0000000000e+00,1.9963107109e+00
1.3890000000e+03,1.9300000000e+02,1.0000000000e+00,8.8467216492e-01
1.3890000000e+03,1.9300000000e+02,2.0000000000e+00,6.2117636204e-01
1.3890000000e+03,1.9300000000e+02,3.0000000000e+00,5.9973317385e-01
1.3890000000e+03,1.9300000000e+02,4.0000000000e+00,6.3993644714e-01
1.3890000000e+03,1.9300000000e+02,5.0000000000e+00,6.9920575619e-01
1.3890000000e+03,1.9300000000e+02,6.0000000000e+00,7.6234215498e-01
1.3890000000e+03,1.9300000000e+02,7.0000000000e+00,8.2352972031e-01
1.3890000000e+03,1.9300000000e+02,8.0000000000e+00,8.8047206402e-01
1.3890000000e+03,1.9300000000e+02,9.0000000000e+00,9.3242710829e-01
1.3890000000e+03,1.9300000000e+02,1.0000000000e+01,9.7933906317e-01
1.3890000000e+03,1.9300000000e+02,1.1000000000e+01,1.0214604139e+00
1.3890000000e+03,1.9300000000e+02,1.2000000000e+01,1.0591704845e+00
1.3890000000e+03,1.9300000000e+02,1.3000000000e+01,1.0928866863e+00
1.3890000000e+03,1.9300000000e+02,1.4000000000e+01,1.1230226755e+00
1.3890000000e+03,1.9300000000e+02,1.5000000000e+01,1.1499674320e+00
1.3890000000e+03,1.9300000000e+02,1.6000000000e+01,1.1740771532e+00
1.3890000000e+03,1.9300000000e+02,1.7000000000e+01,1.1956728697e+00
1.3890000000e+03,1.9300000000e+02,1.8000000000e+01,1.2150411606e+00
1.3890000000e+03,1.9300000000e+02,1.9000000000e+01,1.2324362993e+00
1.3890000000e+03,1.9300000000e+02,2.0000000000e+01,1.2480834723e+00
1.3890000000e+03,1.9300000000e+02,2.1000000000e+01,1.2621810436e+00
1.3890000000e+03,1.9300000000e+02,2.2000000000e+01,1.2749041319e+00
1.3890000000e+03,1.9300000000e+02,2.3000000000e+01,1.2864069939e+00
1.3890000000e+03,1.9300000000e+02,2.4000000000e+01,1.2968254089e+00
1.3890000000e+03,1.9300000000e+02,2.5000000000e+01,1.3062794209e+00
1.3890000000e+03,1.9300000000e+02,2.6000000000e+01,1.3148748875e+00
1.3890000000e+03,1.9300000000e+02,2.7000000000e+01,1.3227047920e+00
1.3890000000e+03,1.9300000000e+02,2.8000000000e+01,1.3298521042e+00
1.3890000000e+03,1.9300000000e+02,2.9000000000e+01,1.3363895416e+00
1.3890000000e+03,1.9300000000e+02,3.0000000000e+01,1.3423815966e+00
1.3890000000e+03,1.9300000000e+02,3.1000000000e+01,1.3478858471e+00
1.3890000000e+03,2.6800000000e+02,0.0000000000e+00,2.0140538216e+00
1.3890000000e+03,2.6800000000e+02,1.0000000000e+00,7.6660370827e-01
1.3890000000e+03,2.6800000000e+02,2.0000000000e+00,4.6449768543e-01
1.3890000000e+03,2.6800000000e+02,3.0000000000e+00,4.1299015284e-01
1.3890000000e+03,2.6800000000e+02,4.0000000000e+00,4.1994169354e-01
1.3890000000e+03,2.6800000000e+02,5.0000000000e+00,4.4286996126e-01
1.3890000000e+03,2.6800000000e+02,6.0000000000e+00,4.6845179796e-01
1.3890000000e+03,2.6800000000e+02,7.0000000000e+00,4.9231499434e-01
1.3890000000e+03,2.6800000000e+02,8.0000000000e+00,5.1315331459e-01
1.3890000000e+03,2.6800000000e+02,9.0000000000e+00,5.3081727028e-01
1.3890000000e+03,2.6800000000e+02,1.0000000000e+01,5.4557073116e-01
1.3890000000e+03,2.6800000000e+02,1.1000000000e+01,5.5780327320e-01
1.3890000000e+03,2.6800000000e+02,1.2000000000e+01,5.6791174412e-01
1.3890000000e+03,2.6800000000e+02,1.3000000000e+01,5.7625746727e-01
1.3890000000e+03,2.6800000000e+02,1.4000000000e+01,5.8315205574e-01
1.3890000000e+03,2.6800000000e+02,1.5000000000e+01,5.8885741234e-01
1.3890000000e+03,2.6800000000e+02,1.6000000000e+01,5.9359014034e-01
1.3890000000e+03,2.6800000000e+02,1.7000000000e+01,5.9752839804e-01
1.3890000000e+03,2.6800000000e+02,1.8000000000e+01,6.0081750154e-01
1.3890000000e+03,2.6800000000e+02,1.9000000000e+01,6.0357576609e-01
1.3890000000e+03,2.6800000000e+02,2.0000000000e+01,6.0589975119e-01
1.3890000000e+03,2.6800000000e+02,2.1000000000e+01,6.0786783695e-01
1.3890000000e+03,2.6800000000e+02,2.2000000000e+01,6.0954397917e-01
1.3890000000e+03,2.6800000000e+02,2.3000000000e+01,6.1098033190e-01
1.3890000000e+03,2.6800000000e+02,2.4000000000e+01,6.1221933365e-01
1.3890000000e+03,2.6800000000e+02,2.5000000000e+01,6.1329567432e-01
1.3890000000e+03,2.6800000000e+02,2.6000000000e+01,6.1423796415e-01
1.3890000000e+03,2.6800000000e+02,2.7000000000e+01,6.1506927013e-01
1.3890000000e+03,2.6800000000e+02,2.8000000000e+01,6.1580896378e-01
1.3890000000e+03,2.6800000000e+02,2.9000000000e+01,6.1647260189e-01
1.3890000000e+03,2.6800000000e+02,3.0000000000e+01,6.1707323790e-01
1.3890000000e+03,2.6800000000e+02,3.1000000000e+01,6.1762148142e-01
1.3890000000e+03,3.7300000000e+02,0.0000000000e+00,2.0029296875e+00
1.3890000000e+03,3.7300000000e+02,1.0000000000e+00,6.9516205788e-01
1.3890000000e+03,3.7300000000e+02,2.0000000000e+00,4.0952670574e-01
1.3890000000e+03,3.7300000000e+02,3.0000000000e+00,3.6249911785e-01
1.3890000000e+03,3.7300000000e+02,4.0000000000e+00,3.6470872164e-01
1.3890000000e+03,3.7300000000e+02,5.0000000000e+00,3.7795850635e-01
1.3890000000e+03,3.7300000000e+02,6.0000000000e+00,3.9207190275e-01
1.3890000000e+03,3.7300000000e+02,7.0000000000e+00,4.0429767966e-01
1.3890000000e+03,3.7300000000e+02,8.0000000000e+00,4.1416105628e-01
1.3890000000e+03,3.7300000000e+02,9.0000000000e+00,4.2187362909e-01
1.3890000000e+03,3.7300000000e+02,1.0000000000e+01,4.2781427503e-01
1.3890000000e+03,3.7300000000e+02,1.1000000000e+01,4.3235656619e-01
1.3890000000e+03,3.7300000000e+02,1.2000000000e+01,4.3581891060e-01
1.3890000000e+03,3.7300000000e+02,1.3000000000e+01,4.3845674396e-01
1.3890000000e+03,3.7300000000e+02,1.4000000000e+01,4.4046884775e-01
1.3890000000e+03,3.7300000000e+02,1.5000000000e+01,4.4200801849e-01
1.3890000000e+03,3.7300000000e+02,1.6000000000e+01,4.4319027662e-01
1.3890000000e+03,3.7300000000e+02,1.7000000000e+01,4.4410338998e-01
1.3890000000e+03,3.7300000000e+02,1.8000000000e+01,4.4481381774e-01
1.3890000000e+03,3.7300000000e+02,1.9000000000e+01,4.4537141919e-01
1.3890000000e+03,3.7300000000e+02,2.0000000000e+01,4.4581401348e-01
1.3890000000e+03,3.7300000000e+02,2.1000000000e+01,4.4616976380e-01
1.3890000000e+03,3.7300000000e+02,2.2000000000e+01,4.4646009803e-01
1.3890000000e+03,3.7300000000e+02,2.3000000000e+01,4.4670113921e-01
1.3890000000e+03,3.7300000000e+02,2.4000000000e+01,4.4690495729e-01
1.3890000000e+03,3.7300000000e+02,2.5000000000e+01,4.4708076119e-01
1.3890000000e+03,3.7300000000e+02,2.6000000000e+01,4.4723543525e-01
1.3890000000e+03,3.7300000000e+02,2.7000000000e+01,4.4737416506e-01
1.3890000000e+03,3.7300000000e+02,2.8000000000e+01,4.4750088453e-01
1.3890000000e+03,3.7300000000e+02,2.9000000000e+01,4.4761866331e-01
1.3890000000e+03,3.7300000000e+02,3.0000000000e+01,4.4772964716e-01
1.3890000000e+03,3.7300000000e+02,3.1000000000e+01,4.4783562422e-01
1.3890000000e+03,5.1800000000e+02,0.0000000000e+00,2.0060884953e+00
1.3890000000e+03,5.1800000000e+02,1.0000000000e+00,5.4762899876e-01
1.3890000000e+03,5.1800000000e+02,2.0000000000e+00,2.4743640423e-01
1.3890000000e+03,5.1800000000e+02,3.0000000000e+00,1.9351316988e-01
1.3890000000e+03,5.1800000000e+02,4.0000000000e+00,1.8627035618e-01
1.3890000000e+03,5.1800000000e+02,5.0000000000e+00,1.8912753463e-01
1.3890000000e+03,5.1800000000e+02,6.0000000000e+00,1.9349145889e-01
1.3890000000e+03,5.1800000000e+02,7.0000000000e+00,1.9732180238e-01
1.3890000000e+03,5.1800000000e+02,8.0000000000e+00,2.0028755069e-01
1.3890000000e+03,5.1800000000e+02,9.0000000000e+00,2.0248740911e-01
1.3890000000e+03,5.1800000000e+02,1.0000000000e+01,2.0409569144e-01
1.3890000000e+03,5.1800000000e+02,1.1000000000e+01,2.0526912808e-01
1.3890000000e+03,5.1800000000e+02,1.2000000000e+01,2.0612893999e-01
1.3890000000e+03,5.1800000000e+02,1.3000000000e+01,2.0676395297e-01
1.3890000000e+03,5.1800000000e+02,1.4000000000e+01,2.0723801851e-01
1.3890000000e+03,5.1800000000e+02,1.5000000000e+01,2.0759648085e-01
1.3890000000e+03,5.1800000000e+02,1.6000000000e+01,2.0787154138e-01
1.3890000000e+03,5.1800000000e+02,1.7000000000e+01,2.0808619261e-01
1.3890000000e+03,5.1800000000e+02,1.8000000000e+01,2.0825684071e-01
1.3890000000e+03,5.1800000000e+02,1.9000000000e+01,2.0839534700e-01
1.3890000000e+03,5.1800000000e+02,2.0000000000e+01,2.0851017535e-01
1.3890000000e+03,5.1800000000e+02,2.1000000000e+01,2.0860755444e-01
1.3890000000e+03,5.1800000000e+02,2.2000000000e+01,2.0869198442e-01
1.3890000000e+03,5.1800000000e+02,2.3000000000e+01,2.0876680315e-01
1.3890000000e+03,5.1800000000e+02,2.4000000000e+01,2.0883443952e-01
1.3890000000e+03,5.1800000000e+02,2.5000000000e+01,2.0889675617e-01
1.3890000000e+03,5.1800000000e+02,2.6000000000e+01,2.0895501971e-01
1.3890000000e+03,5.1800000000e+02,2.7000000000e+01,2.0901030302e-01
1.3890000000e+03,5.1800000000e+02,2.8000000000e+01,2.0906332135e-01
1.3890000000e+03,5.1800000000e+02,2.9000000000e+01,2.0911464095e-01
1.3890000000e+03,5.1800000000e+02,3.0000000000e+01,2.0916473866e-01
1.3890000000e+03,5.1800000000e+02,3.1000000000e+01,2.0921388268e-01
1.3890000000e+03,7.2000000000e+02,0.0000000000e+00,2.0108063221e+00
1.3890000000e+03,7.2000000000e+02,1.0000000000e+00,6.9985955954e-01
1.3890000000e+03,7.2000000000e+02,2.0000000000e+00,4.9953845143e-01
1.3890000000e+03,7.2000000000e+02,3.0000000000e+00,4.8965814710e-01
1.3890000000e+03,7.2000000000e+02,4.0000000000e+00,5.0593405962e-01
1.3890000000e+03,7.2000000000e+02,5.0000000000e+00,5.2270531654e-01
1.3890000000e+03,7.2000000000e+02,6.0000000000e+00,5.3598749638e-01
1.3890000000e+03,7.2000000000e+02,7.0000000000e+00,5.4580974579e-01
1.3890000000e+03,7.2000000000e+02,8.0000000000e+00,5.5290645361e-01
1.3890000000e+03,7.2000000000e+02,9.0000000000e+00,5.5798870325e-01
1.3890000000e+03,7.2000000000e+02,1.0000000000e+01,5.6161636114e-01
1.3890000000e+03,7.2000000000e+02,1.1000000000e+01,5.6420391798e-01
1.3890000000e+03,7.2000000000e+02,1.2000000000e+01,5.6605064869e-01
1.3890000000e+03,7.2000000000e+02,1.3000000000e+01,5.6737095118e-01
1.3890000000e+03,7.2000000000e+02,1.4000000000e+01,5.6831741333e-01
1.3890000000e+03,7.2000000000e+02,1.5000000000e+01,5.6899857521e-01
1.3890000000e+03,7.2000000000e+02,1.6000000000e+01,5.6949180365e-01
1.3890000000e+03,7.2000000000e+02,1.7000000000e+01,5.6985169649e-01
1.3890000000e+03,7.2000000000e+02,1.8000000000e+01,5.7011717558e-01
1.3890000000e+03,7.2000000000e+02,1.9000000000e+01,5.7031577826e-01
1.3890000000e+03,7.2000000000e+02,2.0000000000e+01,5.7046711445e-01
1.3890000000e+03,7.2000000000e+02,2.1000000000e+01,5.7058507204e-01
1.3890000000e+03,7.2000000000e+02,2.2000000000e+01,5.7067948580e-01
1.3890000000e+03,7.2000000000e+02,2.3000000000e+01,5.7075721025e-01
1.3890000000e+03,7.2000000000e+02,2.4000000000e+01,5.7082319260e-01
1.3890000000e+03,7.2000000000e+02,2.5000000000e+01,5.7088094950e-01
1.3890000000e+03,7.2000000000e+02,2.6000000000e+01,5.7093292475e-01
1.3890000000e+03,7.2000000000e+02,2.7000000000e+01,5.7098078728e-01
1.3890000000e+03,7.2000000000e+02,2.8000000000e+01,5.7102602720e-01
1.3890000000e+03,7.2000000000e+02,2.9000000000e+01,5.7106912136e-01
1.3890000000e+03,7.2000000000e+02,3.0000000000e+01,5.7111108303e-01
1.3890000000e+03,7.2000000000e+02,3.1000000000e+01,5.7115197182e-01
1.3890000000e+03,1.0000000000e+03,0.0000000000e+00,2.0007901192e+00
1.3890000000e+03,1.0000000000e+03,1.0000000000e+00,4.1491627693e-01
1.3890000000e+03,1.0000000000e+03,2.0000000000e+00,1.7867076397e-01
1.3890000000e+03,1.0000000000e+03,3.0000000000e+00,1.5418064594e-01
1.3890000000e+03,1.0000000000e+03,4.0000000000e+00,1.5639734268e-01
1.3890000000e+03,1.0000000000e+03,5.0000000000e+00,1.6234244406e-01
1.3890000000e+03,1.0000000000e+03,6.0000000000e+00,1.6886736453e-01
1.3890000000e+03,1.0000000000e+03,7.0000000000e+00,1.7575946450e-01
1.3890000000e+03,1.0000000000e+03,8.0000000000e+00,1.8314762414e-01
1.3890000000e+03,1.0000000000e+03,9.0000000000e+00,1.9111698866e-01
1.3890000000e+03,1.0000000000e+03,1.0000000000e+01,1.9968831539e-01
1.3890000000e+03,1.0000000000e+03,1.1000000000e+01,2.0884251595e-01
1.3890000000e+03,1.0000000000e+03,1.2000000000e+01,2.1854069829e-01
1.3890000000e+03,1.0000000000e+03,1.3000000000e+01,2.2873580456e-01
1.3890000000e+03,1.0000000000e+03,1.4000000000e+01,2.3937848210e-01
1.3890000000e+03,1.0000000000e+03,1.5000000000e+01,2.5042015314e-01
1.3890000000e+03,1.0000000000e+03,1.6000000000e+01,2.6181438565e-01
1.3890000000e+03,1.0000000000e+03,1.7000000000e+01,2.7351748943e-01
1.3890000000e+03,1.0000000000e+03,1.8000000000e+01,2.8548860550e-01
1.3890000000e+03,1.0000000000e+03,1.9000000000e+01,2.9768985510e-01
1.3890000000e+03,1.0000000000e+03,2.0000000000e+01,3.1008607149e-01
1.3890000000e+03,1.0000000000e+03,2.1000000000e+01,3.2264488935e-01
1.3890000000e+03,1.0000000000e+03,2.2000000000e+01,3.3533629775e-01
1.3890000000e+03,1.0000000000e+03,2.3000000000e+01,3.4813269973e-01
1.3890000000e+03,1.0000000000e+03,2.4000000000e+01,3.6100864410e-01
1.3890000000e+03,1.0000000000e+03,2.5000000000e+01,3.7394073606e-01
1.3890000000e+03,1.0000000000e+03,2.6000000000e+01,3.8690754771e-01
1.3890000000e+03,1.0000000000e+03,2.7000000000e+01,3.9988932014e-01
1.3890000000e+03,1.0000000000e+03,2.8000000000e+01,4.1286802292e-01
1.3890000000e+03,1.0000000000e+03,2.9000000000e+01,4.2582723498e-01
1.3890000000e+03,1.0000000000e+03,3.0000000000e+01,4.3875169754e-01
1.3890000000e+03,1.0000000000e+03,3.1000000000e+01,4.5162782073e-01
2.2760000000e+03,1.0000000000e+01,0.0000000000e+00,1.9915874004e+00
2.2760000000e+03,1.0000000000e+01,1.0000000000e+00,1.8775928020e+00
2.2760000000e+03,1.0000000000e+01,2.0000000000e+00,1.9279671907e+00
2.2760000000e+03,1.0000000000e+01,3.0000000000e+00,2.0363211632e+00
2.2760000000e+03,1.0000000000e+01,4.0000000000e+00,2.1515192986e+00
2.2760000000e+03,1.0000000000e+01,5.0000000000e+00,2.2589776516e+00
2.2760000000e+03,1.0000000000e+01,6.0000000000e+00,2.3561282158e+00
2.2760000000e+03,1.0000000000e+01,7.0000000000e+00,2.4440224171e+00
2.2760000000e+03,1.0000000000e+01,8.0000000000e+00,2.5244603157e+00
2.2760000000e+03,1.0000000000e+01,9.0000000000e+00,2.5991518497e+00
2.2760000000e+03,1.0000000000e+01,1.0000000000e+01,2.6695225239e+00
2.2760000000e+03,1.0000000000e+01,1.1000000000e+01,2.7367153168e+00
2.2760000000e+03,1.0000000000e+01,1.2000000000e+01,2.8016357422e+00
2.2760000000e+03,1.0000000000e+01,1.3000000000e+01,2.8650043011e+00
2.2760000000e+03,1.0000000000e+01,1.4000000000e+01,2.9273967743e+00
2.2760000000e+03,1.0000000000e+01,1.5000000000e+01,2.9892787933e+00
2.2760000000e+03,1.0000000000e+01,1.6000000000e+01,3.0510292053e+00
2.2760000000e+03,1.0000000000e+01,1.7000000000e+01,3.1129601002e+00
2.2760000000e+03,1.0000000000e+01,1.8000000000e+01,3.1753301620e+00
2.2760000000e+03,1.0000000000e+01,1.9000000000e+01,3.2383568287e+00
2.2760000000e+03,1.0000000000e+01,2.0000000000e+01,3.3022236824e+00
2.2760000000e+03,1.0000000000e+01,2.1000000000e+01,3.3670861721e+00
2.2760000000e+03,1.0000000000e+01,2.2000000000e+01,3.4330785275e+00
2.2760000000e+03,1.0000000000e+01,2.3000000000e+01,3.5003156662e+00
2.2760000000e+03,1.0000000000e+01,2.4000000000e+01,3.5688967705e+00
2.2760000000e+03,1.0000000000e+01,2.5000000000e+01,3.6389093399e+00
2.2760000000e+03,1.0000000000e+01,2.6000000000e+01,3.7104303837e+00
2.2760000000e+03,1.0000000000e+01,2.7000000000e+01,3.7835266590e+00
2.2760000000e+03,1.0000000000e+01,2.8000000000e+01,3.8582572937e+00
2.2760000000e+03,1.0000000000e+01,2.9000000000e+01,3.9346745014e+00
2.2760000000e+03,1.0000000000e+01,3.0000000000e+01,4.0128264427e+00
2.2760000000e+03,1.0000000000e+01,3.1000000000e+01,4.0927538872e+00
2.2760000000e+03,1.4000000000e+01,0.0000000000e+00,1.9976125956e+00
2.2760000000e+03,1.4000000000e+01,1.0000000000e+00,1.8266077042e+00
2.2760000000e+03,1.4000000000e+01,2.0000000000e+00,1.8704569340e+00
2.2760000000e+03,1.4000000000e+01,3.0000000000e+00,2.0070998669e+00
2.2760000000e+03,1.4000000000e+01,4.0000000000e+00,2.1703610420e+00
2.2760000000e+03,1.4000000000e+01,5.0000000000e+00,2.3337166309e+00
2.2760000000e+03,1.4000000000e+01,6.0000000000e+00,2.4875636101e+00
2.2760000000e+03,1.4000000000e+01,7.0000000000e+00,2.6296329498e+00
2.2760000000e+03,1.4000000000e+01,8.0000000000e+00,2.7604899406e+00
2.2760000000e+03,1.4000000000e+01,9.0000000000e+00,2.8816051483e+00
2.2760000000e+03,1.4000000000e+01,1.0000000000e+01,2.9945924282e+00
2.2760000000e+03,1.4000000000e+01,1.1000000000e+01,3.1009416580e+00
2.2760000000e+03,1.4000000000e+01,1.2000000000e+01,3.2019400597e+00
2.2760000000e+03,1.4000000000e+01,1.3000000000e+01,3.2986726761e+00
2.2760000000e+03,1.4000000000e+01,1.4000000000e+01,3.3920452595e+00
2.2760000000e+03,1.4000000000e+01,1.5000000000e+01,3.4828140736e+00
2.2760000000e+03,1.4000000000e+01,1.6000000000e+01,3.5716085434e+00
2.2760000000e+03,1.4000000000e+01,1.7000000000e+01,3.6589593887e+00
2.2760000000e+03,1.4000000000e+01,1.8000000000e+01,3.7453119755e+00
2.2760000000e+03,1.4000000000e+01,1.9000000000e+01,3.8310461044e+00
2.2760000000e+03,1.4000000000e+01,2.0000000000e+01,3.9164850712e+00
2.2760000000e+03,1.4000000000e+01,2.1000000000e+01,4.0019063950e+00
2.2760000000e+03,1.4000000000e+01,2.2000000000e+01,4.0875496864e+00
2.2760000000e+03,1.4000000000e+01,2.3000000000e+01,4.1736226082e+00
2.2760000000e+03,1.4000000000e+01,2.4000000000e+01,4.2603077888e+00
2.2760000000e+03,1.4000000000e+01,2.5000000000e+01,4.3477635384e+00
2.2760000000e+03,1.4000000000e+01,2.6000000000e+01,4.4361295700e+00
2.2760000000e+03,1.4000000000e+01,2.7000000000e+01,4.5255298615e+00
2.2760000000e+03,1.4000000000e+01,2.8000000000e+01,4.6160740852e+00
2.2760000000e+03,1.4000000000e+01,2.9000000000e+01,4.7078609467e+00
2.2760000000e+03,1.4000000000e+01,3.0000000000e+01,4.8009767532e+00
2.2760000000e+03,1.4000000000e+01,3.1000000000e+01,4.8955011368e+00
2.2760000000e+03,1.9000000000e+01,0.0000000000e+00,2.0011141300e+00
2.2760000000e+03,1.9000000000e+01,1.0000000000e+00,1.7651693821e+00
2.2760000000e+03,1.9000000000e+01,2.0000000000e+00,1.8005036116e+00
2.2760000000e+03,1.9000000000e+01,3.0000000000e+00,1.9636914730e+00
2.2760000000e+03,1.9000000000e+01,4.0000000000e+00,2.1794204712e+00
2.2760000000e+03,1.9000000000e+01,5.0000000000e+00,2.4121570587e+00
2.2760000000e+03,1.9000000000e+01,6.0000000000e+00,2.6439704895e+00
2.2760000000e+03,1.9000000000e+01,7.0000000000e+00,2.8668785095e+00
2.2760000000e+03,1.9000000000e+01,8.0000000000e+00,3.0781686306e+00
2.2760000000e+03,1.9000000000e+01,9.0000000000e+00,3.2776904106e+00
2.2760000000e+03,1.9000000000e+01,1.0000000000e+01,3.4664115906e+00
2.2760000000e+03,1.9000000000e+01,1.1000000000e+01,3.6457014084e+00
2.2760000000e+03,1.9000000000e+01,1.2000000000e+01,3.8169949055e+00
2.2760000000e+03,1.9000000000e+01,1.3000000000e+01,3.9816465378e+00
2.2760000000e+03,1.9000000000e+01,1.4000000000e+01,4.1408753395e+00
2.2760000000e+03,1.9000000000e+01,1.5000000000e+01,4.2957553864e+00
2.2760000000e+03,1.9000000000e+01,1.6000000000e+01,4.4472198486e+00
2.2760000000e+03,1.9000000000e+01,1.7000000000e+01,4.5960779190e+00
2.2760000000e+03,1.9000000000e+01,1.8000000000e+01,4.7430300713e+00
2.2760000000e+03,1.9000000000e+01,1.9000000000e+01,4.8886823654e+00
2.2760000000e+03,1.9000000000e+01,2.0000000000e+01,5.0335597992e+00
2.2760000000e+03,1.9000000000e+01,2.1000000000e+01,5.1781215668e+00
2.2760000000e+03,1.9000000000e+01,2.2000000000e+01,5.3227667809e+00
2.2760000000e+03,1.9000000000e+01,2.3000000000e+01,5.4678463936e+00
2.2760000000e+03,1.9000000000e+01,2.4000000000e+01,5.6136684418e+00
2.2760000000e+03,1.9000000000e+01,2.5000000000e+01,5.7605061531e+00
2.2760000000e+03,1.9000000000e+01,2.6000000000e+01,5.9086003304e+00
2.2760000000e+03,1.9000000000e+01,2.7000000000e+01,6.0581645966e+00
2.2760000000e+03,1.9000000000e+01,2.8000000000e+01,6.2093906403e+00
2.2760000000e+03,1.9000000000e+01,2.9000000000e+01,6.3624491692e+00
2.2760000000e+03,1.9000000000e+01,3.0000000000e+01,6.5174927711e+00
2.2760000000e+03,1.9000000000e+01,3.1000000000e+01,6.6746616364e+00
2.2760000000e+03,2.7000000000e+01,0.0000000000e+00,2.0014233589e+00
2.2760000000e+03,2.7000000000e+01,1.0000000000e+00,1.6886503696e+00
2.2760000000e+03,2.7000000000e+01,2.0000000000e+00,1.7210590839e+00
2.2760000000e+03,2.7000000000e+01,3.0000000000e+00,1.9196569920e+00
2.2760000000e+03,2.7000000000e+01,4.0000000000e+00,2.1982841492e+00
2.2760000000e+03,2.7000000000e+01,5.0000000000e+00,2.5164723396e+00
2.2760000000e+03,2.7000000000e+01,6.0000000000e+00,2.8497068882e+00
2.2760000000e+03,2.7000000000e+01,7.0000000000e+00,3.1833758354e+00
2.2760000000e+03,2.7000000000e+01,8.0000000000e+00,3.5093159676e+00
2.2760000000e+03,2.7000000000e+01,9.0000000000e+00,3.8234627247e+00
2.2760000000e+03,2.7000000000e+01,1.0000000000e+01,4.1242232323e+00
2.2760000000e+03,2.7000000000e+01,1.1000000000e+01,4.4114198685e+00
2.2760000000e+03,2.7000000000e+01,1.2000000000e+01,4.6856408119e+00
2.2760000000e+03,2.7000000000e+01,1.3000000000e+01,4.9478530884e+00
2.2760000000e+03,2.7000000000e+01,1.4000000000e+01,5.1991786957e+00
2.2760000000e+03,2.7000000000e+01,1.5000000000e+01,5.4407677650e+00
2.2760000000e+03,2.7000000000e+01,1.6000000000e+01,5.6737351418e+00
2.2760000000e+03,2.7000000000e+01,1.7000000000e+01,5.8991250992e+00
2.2760000000e+03,2.7000000000e+01,1.8000000000e+01,6.1178975105e+00
2.2760000000e+03,2.7000000000e+01,1.9000000000e+01,6.3309240341e+00
2.2760000000e+03,2.7000000000e+01,2.0000000000e+01,6.5389938354e+00
2.2760000000e+03,2.7000000000e+01,2.1000000000e+01,6.7428169250e+00
2.2760000000e+03,2.7000000000e+01,2.2000000000e+01,6.9430313110e+00
2.2760000000e+03,2.7000000000e+01,2.3000000000e+01,7.1402077675e+00
2.2760000000e+03,2.7000000000e+01,2.4000000000e+01,7.3348631859e+00
2.2760000000e+03,2.7000000000e+01,2.5000000000e+01,7.5274572372e+00
2.2760000000e+03,2.7000000000e+01,2.6000000000e+01,7.7184095383e+00
2.2760000000e+03,2.7000000000e+01,2.7000000000e+01,7.9080939293e+00
2.2760000000e+03,2.7000000000e+01,2.8000000000e+01,8.0968503952e+00
2.2760000000e+03,2.7000000000e+01,2.9000000000e+01,8.2849874496e+00
2.2760000000e+03,2.7000000000e+01,3.0000000000e+01,8.4727830887e+00
2.2760000000e+03,2.7000000000e+01,3.1000000000e+01,8.6604900360e+00
2.2760000000e+03,3.7000000000e+01,0.0000000000e+00,2.0154256821e+00
2.2760000000e+03,3.7000000000e+01,1.0000000000e+00,1.6029243469e+00
2.2760000000e+03,3.7000000000e+01,2.0000000000e+00,1.6062860489e+00
2.2760000000e+03,3.7000000000e+01,3.0000000000e+00,1.8062331676e+00
2.2760000000e+03,3.7000000000e+01,4.0000000000e+00,2.1067085266e+00
2.2760000000e+03,3.7000000000e+01,5.0000000000e+00,2.4668381214e+00
2.2760000000e+03,3.7000000000e+01,6.0000000000e+00,2.8613908291e+00
2.2760000000e+03,3.7000000000e+01,7.0000000000e+00,3.2734100819e+00
2.2760000000e+03,3.7000000000e+01,8.0000000000e+00,3.6913278103e+00
2.2760000000e+03,3.7000000000e+01,9.0000000000e+00,4.1074376106e+00
2.2760000000e+03,3.7000000000e+01,1.0000000000e+01,4.5168080330e+00
2.2760000000e+03,3.7000000000e+01,1.1000000000e+01,4.9164648056e+00
2.2760000000e+03,3.7000000000e+01,1.2000000000e+01,5.3047842979e+00
2.2760000000e+03,3.7000000000e+01,1.3000000000e+01,5.6810512543e+00
2.2760000000e+03,3.7000000000e+01,1.4000000000e+01,6.0451498032e+00
2.2760000000e+03,3.7000000000e+01,1.5000000000e+01,6.3973464966e+00
2.2760000000e+03,3.7000000000e+01,1.6000000000e+01,6.7381448746e+00
2.2760000000e+03,3.7000000000e+01,1.7000000000e+01,7.0681762695e+00
2.2760000000e+03,3.7000000000e+01,1.8000000000e+01,7.3881487846e+00
2.2760000000e+03,3.7000000000e+01,1.9000000000e+01,7.6987919807e+00
2.2760000000e+03,3.7000000000e+01,2.0000000000e+01,8.0008316040e+00
2.2760000000e+03,3.7000000000e+01,2.1000000000e+01,8.2949714661e+00
2.2760000000e+03,3.7000000000e+01,2.2000000000e+01,8.5818929672e+00
2.2760000000e+03,3.7000000000e+01,2.3000000000e+01,8.8622303009e+00
2.2760000000e+03,3.7000000000e+01,2.4000000000e+01,9.1365852356e+00
2.2760000000e+03,3.7000000000e+01,2.5000000000e+01,9.4055204391e+00
2.2760000000e+03,3.7000000000e+01,2.6000000000e+01,9.6695585251e+00
2.2760000000e+03,3.7000000000e+01,2.7000000000e+01,9.9291820526e+00
2.2760000000e+03,3.7000000000e+01,2.8000000000e+01,1.0184845924e+01
2.2760000000e+03,3.7000000000e+01,2.9000000000e+01,1.0436963081e+01
2.2760000000e+03,3.7000000000e+01,3.0000000000e+01,1.0685924530e+01
2.2760000000e+03,3.7000000000e+01,3.1000000000e+01,1.0932084084e+01
2.2760000000e+03,5.2000000000e+01,0.0000000000e+00,1.9927550554e+00
2.2760000000e+03,5.2000000000e+01,1.0000000000e+00,1.4596184492e+00
2.2760000000e+03,5.2000000000e+01,2.0000000000e+00,1.4322239161e+00
2.2760000000e+03,5.2000000000e+01,3.0000000000e+00,1.6277488470e+00
2.2760000000e+03,5.2000000000e+01,4.0000000000e+00,1.9325888157e+00
2.2760000000e+03,5.2000000000e+01,5.0000000000e+00,2.3060541153e+00
2.2760000000e+03,5.2000000000e+01,6.0000000000e+00,2.7252368927e+00
2.2760000000e+03,5.2000000000e+01,7.0000000000e+00,3.1752429008e+00
2.2760000000e+03,5.2000000000e+01,8.0000000000e+00,3.6453671455e+00
2.2760000000e+03,5.2000000000e+01,9.0000000000e+00,4.1277008057e+00
2.2760000000e+03,5.2000000000e+01,1.0000000000e+01,4.6163201332e+00
2.2760000000e+03,5.2000000000e+01,1.1000000000e+01,5.1068005562e+00
2.2760000000e+03,5.2000000000e+01,1.2000000000e+01,5.5958657265e+00
2.2760000000e+03,5.2000000000e+01,1.3000000000e+01,6.0811295509e+00
2.2760000000e+03,5.2000000000e+01,1.4000000000e+01,6.5608887672e+00
2.2760000000e+03,5.2000000000e+01,1.5000000000e+01,7.0339727402e+00
2.2760000000e+03,5.2000000000e+01,1.6000000000e+01,7.4996118546e+00
2.2760000000e+03,5.2000000000e+01,1.7000000000e+01,7.9573421478e+00
2.2760000000e+03,5.2000000000e+01,1.8000000000e+01,8.4069366455e+00
2.2760000000e+03,5.2000000000e+01,1.9000000000e+01,8.8483409882e+00
2.2760000000e+03,5.2000000000e+01,2.0000000000e+01,9.2816247940e+00
2.2760000000e+03,5.2000000000e+01,2.1000000000e+01,9.7069568634e+00
2.2760000000e+03,5.2000000000e+01,2.2000000000e+01,1.0124569893e+01
2.2760000000e+03,5.2000000000e+01,2.3000000000e+01,1.0534745216e+01
2.2760000000e+03,5.2000000000e+01,2.4000000000e+01,1.0937794685e+01
2.2760000000e+03,5.2000000000e+01,2.5000000000e+01,1.1334047318e+01
2.2760000000e+03,5.2000000000e+01,2.6000000000e+01,1.1723848343e+01
2.2760000000e+03,5.2000000000e+01,2.7000000000e+01,1.2107539177e+01
2.2760000000e+03,5.2000000000e+01,2.8000000000e+01,1.2485466957e+01
2.2760000000e+03,5.2000000000e+01,2.9000000000e+01,1.2857968330e+01
2.2760000000e+03,5.2000000000e+01,3.0000000000e+01,1.3225377083e+01
2.2760000000e+03,5.2000000000e+01,3.1000000000e+01,1.3588017464e+01
2.2760000000e+03,7.2000000000e+01,0.0000000000e+00,2.0075969696e+00
2.2760000000e+03,7.2000000000e+01,1.0000000000e+00,1.3327503204e+00
2.2760000000e+03,7.2000000000e+01,2.0000000000e+00,1.2474222183e+00
2.2760000000e+03,7.2000000000e+01,3.0000000000e+00,1.3986847401e+00
2.2760000000e+03,7.2000000000e+01,4.0000000000e+00,1.6526110172e+00
2.2760000000e+03,7.2000000000e+01,5.0000000000e+00,1.9673168659e+00
2.2760000000e+03,7.2000000000e+01,6.0000000000e+00,2.3217329979e+00
2.2760000000e+03,7.2000000000e+01,7.0000000000e+00,2.7039046288e+00
2.2760000000e+03,7.2000000000e+01,8.0000000000e+00,3.1058397293e+00
2.2760000000e+03,7.2000000000e+01,9.0000000000e+00,3.5219407082e+00
2.2760000000e+03,7.2000000000e+01,1.0000000000e+01,3.9480619431e+00
2.2760000000e+03,7.2000000000e+01,1.1000000000e+01,4.3810319901e+00
2.2760000000e+03,7.2000000000e+01,1.2000000000e+01,4.8183884621e+00
2.2760000000e+03,7.2000000000e+01,1.3000000000e+01,5.2581839561e+00
2.2760000000e+03,7.2000000000e+01,1.4000000000e+01,5.6988739967e+00
2.2760000000e+03,7.2000000000e+01,1.5000000000e+01,6.1392250061e+00
2.2760000000e+03,7.2000000000e+01,1.6000000000e+01,6.5782546997e+00
2.2760000000e+03,7.2000000000e+01,1.7000000000e+01,7.0151805878e+00
2.2760000000e+03,7.2000000000e+01,1.8000000000e+01,7.4493851662e+00
2.2760000000e+03,7.2000000000e+01,1.9000000000e+01,7.8803844452e+00
2.2760000000e+03,7.2000000000e+01,2.0000000000e+01,8.3078012466e+00
2.2760000000e+03,7.2000000000e+01,2.1000000000e+01,8.7313537598e+00
2.2760000000e+03,7.2000000000e+01,2.2000000000e+01,9.1508293152e+00
2.2760000000e+03,7.2000000000e+01,2.3000000000e+01,9.5660781860e+00
2.2760000000e+03,7.2000000000e+01,2.4000000000e+01,9.9770030975e+00
2.2760000000e+03,7.2000000000e+01,2.5000000000e+01,1.0383544922e+01
2.2760000000e+03,7.2000000000e+01,2.6000000000e+01,1.0785680771e+01
2.2760000000e+03,7.2000000000e+01,2.7000000000e+01,1.1183415413e+01
2.2760000000e+03,7.2000000000e+01,2.8000000000e+01,1.1576777458e+01
2.2760000000e+03,7.2000000000e+01,2.9000000000e+01,1.1965810776e+01
2.2760000000e+03,7.2000000000e+01,3.0000000000e+01,1.2350578308e+01
2.2760000000e+03,7.2000000000e+01,3.1000000000e+01,1.2731150627e+01
2.2760000000e+03,1.0000000000e+02,0.0000000000e+00,1.9980342388e+00
2.2760000000e+03,1.0000000000e+02,1.0000000000e+00,1.1725713015e+00
2.2760000000e+03,1.0000000000e+02,2.0000000000e+00,1.0257781744e+00
2.2760000000e+03,1.0000000000e+02,3.0000000000e+00,1.1157944202e+00
2.2760000000e+03,1.0000000000e+02,4.0000000000e+00,1.2912621498e+00
2.2760000000e+03,1.0000000000e+02,5.0000000000e+00,1.5097042322e+00
2.2760000000e+03,1.0000000000e+02,6.0000000000e+00,1.7515473366e+00
2.2760000000e+03,1.0000000000e+02,7.0000000000e+00,2.0070016384e+00
2.2760000000e+03,1.0000000000e+02,8.0000000000e+00,2.2702684402e+00
2.2760000000e+03,1.0000000000e+02,9.0000000000e+00,2.5378010273e+00
2.2760000000e+03,1.0000000000e+02,1.0000000000e+01,2.8072810173e+00
2.2760000000e+03,1.0000000000e+02,1.1000000000e+01,3.0771412849e+00
2.2760000000e+03,1.0000000000e+02,1.2000000000e+01,3.3463044167e+00
2.2760000000e+03,1.0000000000e+02,1.3000000000e+01,3.6140074730e+00
2.2760000000e+03,1.0000000000e+02,1.4000000000e+01,3.8797116280e+00
2.2760000000e+03,1.0000000000e+02,1.5000000000e+01,4.1430320740e+00
2.2760000000e+03,1.0000000000e+02,1.6000000000e+01,4.4036979675e+00
2.2760000000e+03,1.0000000000e+02,1.7000000000e+01,4.6615195274e+00
2.2760000000e+03,1.0000000000e+02,1.8000000000e+01,4.9163694382e+00
2.2760000000e+03,1.0000000000e+02,1.9000000000e+01,5.1681685448e+00
2.2760000000e+03,1.0000000000e+02,2.0000000000e+01,5.4168696404e+00
2.2760000000e+03,1.0000000000e+02,2.1000000000e+01,5.6624536514e+00
2.2760000000e+03,1.0000000000e+02,2.2000000000e+01,5.9049229622e+00
2.2760000000e+03,1.0000000000e+02,2.3000000000e+01,6.1442956924e+00
2.2760000000e+03,1.0000000000e+02,2.4000000000e+01,6.3806018829e+00
2.2760000000e+03,1.0000000000e+02,2.5000000000e+01,6.6138815880e+00
2.2760000000e+03,1.0000000000e+02,2.6000000000e+01,6.8441801071e+00
2.2760000000e+03,1.0000000000e+02,2.7000000000e+01,7.0715513229e+00
2.2760000000e+03,1.0000000000e+02,2.8000000000e+01,7.2960500717e+00
2.2760000000e+03,1.0000000000e+02,2.9000000000e+01,7.5177350044e+00
2.2760000000e+03,1.0000000000e+02,3.0000000000e+01,7.7366676331e+00
2.2760000000e+03,1.0000000000e+02,3.1000000000e+01,7.9529104233e+00
2.2760000000e+03,1.3900000000e+02,0.0000000000e+00,1.9914855957e+00
2.2760000000e+03,1.3900000000e+02,1.0000000000e+00,1.0237915516e+00
2.2760000000e+03,1.3900000000e+02,2.0000000000e+00,8.0794346333e-01
2.2760000000e+03,1.3900000000e+02,3.0000000000e+00,8.3046776056e-01
2.2760000000e+03,1.3900000000e+02,4.0000000000e+00,9.2440450191e-01
2.2760000000e+03,1.3900000000e+02,5.0000000000e+00,1.0460630655e+00
2.2760000000e+03,1.3900000000e+02,6.0000000000e+00,1.1779823303e+00
2.2760000000e+03,1.3900000000e+02,7.0000000000e+00,1.3123558760e+00
2.2760000000e+03,1.3900000000e+02,8.0000000000e+00,1.4452207088e+00
2.2760000000e+03,1.3900000000e+02,9.0000000000e+00,1.5745843649e+00
2.2760000000e+03,1.3900000000e+02,1.0000000000e+01,1.6994260550e+00
2.2760000000e+03,1.3900000000e+02,1.1000000000e+01,1.8192876577e+00
2.2760000000e+03,1.3900000000e+02,1.2000000000e+01,1.9340108633e+00
2.2760000000e+03,1.3900000000e+02,1.3000000000e+01,2.0436217785e+00
2.2760000000e+03,1.3900000000e+02,1.4000000000e+01,2.1482439041e+00
2.2760000000e+03,1.3900000000e+02,1.5000000000e+01,2.2480618954e+00
2.2760000000e+03,1.3900000000e+02,1.6000000000e+01,2.3432884216e+00
2.2760000000e+03,1.3900000000e+02,1.7000000000e+01,2.4341492653e+00
2.2760000000e+03,1.3900000000e+02,1.8000000000e+01,2.5208747387e+00
2.2760000000e+03,1.3900000000e+02,1.9000000000e+01,2.6036903858e+00
2.2760000000e+03,1.3900000000e+02,2.0000000000e+01,2.6828157902e+00
2.2760000000e+03,1.3900000000e+02,2.1000000000e+01,2.7584607601e+00
2.2760000000e+03,1.3900000000e+02,2.2000000000e+01,2.8308243752e+00
2.2760000000e+03,1.3900000000e+02,2.3000000000e+01,2.9000957012e+00
2.2760000000e+03,1.3900000000e+02,2.4000000000e+01,2.9664525986e+00
2.2760000000e+03,1.3900000000e+02,2.5000000000e+01,3.0300612450e+00
2.2760000000e+03,1.3900000000e+02,2.6000000000e+01,3.0910794735e+00
2.2760000000e+03,1.3900000000e+02,2.7000000000e+01,3.1496529579e+00
2.2760000000e+03,1.3900000000e+02,2.8000000000e+01,3.2059195042e+00
2.2760000000e+03,1.3900000000e+02,2.9000000000e+01,3.2600080967e+00
2.2760000000e+03,1.3900000000e+02,3.0000000000e+01,3.3120384216e+00
2.2760000000e+03,1.3900000000e+02,3.1000000000e+01,3.3621239662e+00
2.2760000000e+03,1.9300000000e+02,0.0000000000e+00,2.0068657398e+00
2.2760000000e+03,1.9300000000e+02,1.0000000000e+00,8.8587236404e-01
2.2760000000e+03,1.9300000000e+02,2.0000000000e+00,6.1397016048e-01
2.2760000000e+03,1.9300000000e+02,3.0000000000e+00,5.8669477701e-01
2.2760000000e+03,1.9300000000e+02,4.0000000000e+00,6.2222194672e-01
2.2760000000e+03,1.9300000000e+02,5.0000000000e+00,6.7758083344e-01
2.2760000000e+03,1.9300000000e+02,6.0000000000e+00,7.3728203773e-01
2.2760000000e+03,1.9300000000e+02,7.0000000000e+00,7.9541176558e-01
2.2760000000e+03,1.9300000000e+02,8.0000000000e+00,8.4959286451e-01
2.2760000000e+03,1.9300000000e+02,9.0000000000e+00,8.9904284477e-01
2.2760000000e+03,1.9300000000e+02,1.0000000000e+01,9.4366919994e-01
2.2760000000e+03,1.9300000000e+02,1.1000000000e+01,9.8369830847e-01
2.2760000000e+03,1.9300000000e+02,1.2000000000e+01,1.0194863081e+00
2.2760000000e+03,1.9300000000e+02,1.3000000000e+01,1.0514318943e+00
2.2760000000e+03,1.9300000000e+02,1.4000000000e+01,1.0799318552e+00
2.2760000000e+03,1.9300000000e+02,1.5000000000e+01,1.1053605080e+00
2.2760000000e+03,1.9300000000e+02,1.6000000000e+01,1.1280615330e+00
2.2760000000e+03,1.9300000000e+02,1.7000000000e+01,1.1483445168e+00
2.2760000000e+03,1.9300000000e+02,1.8000000000e+01,1.1664865017e+00
2.2760000000e+03,1.9300000000e+02,1.9000000000e+01,1.1827325821e+00
2.2760000000e+03,1.9300000000e+02,2.0000000000e+01,1.1972999573e+00
2.2760000000e+03,1.9300000000e+02,2.1000000000e+01,1.2103803158e+00
2.2760000000e+03,1.9300000000e+02,2.2000000000e+01,1.2221419811e+00
2.2760000000e+03,1.9300000000e+02,2.3000000000e+01,1.2327339649e+00
2.2760000000e+03,1.9300000000e+02,2.4000000000e+01,1.2422868013e+00
2.2760000000e+03,1.9300000000e+02,2.5000000000e+01,1.2509160042e+00
2.2760000000e+03,1.9300000000e+02,2.6000000000e+01,1.2587234974e+00
2.2760000000e+03,1.9300000000e+02,2.7000000000e+01,1.2657986879e+00
2.2760000000e+03,1.9300000000e+02,2.8000000000e+01,1.2722207308e+00
2.2760000000e+03,1.9300000000e+02,2.9000000000e+01,1.2780597210e+00
2.2760000000e+03,1.9300000000e+02,3.0000000000e+01,1.2833776474e+00
2.2760000000e+03,1.9300000000e+02,3.1000000000e+01,1.2882294655e+00
2.2760000000e+03,2.6800000000e+02,0.0000000000e+00,2.0030355453e+00
2.2760000000e+03,2.6800000000e+02,1.0000000000e+00,7.5209581852e-01
2.2760000000e+03,2.6800000000e+02,2.0000000000e+00,4.5060768723e-01
2.2760000000e+03,2.6800000000e+02,3.0000000000e+00,3.9897513390e-01
2.2760000000e+03,2.6800000000e+02,4.0000000000e+00,4.0513405204e-01
2.2760000000e+03,2.6800000000e+02,5.0000000000e+00,4.2699384689e-01
2.2760000000e+03,2.6800000000e+02,6.0000000000e+00,4.5139148831e-01
2.2760000000e+03,2.6800000000e+02,7.0000000000e+00,4.7406244278e-01
2.2760000000e+03,2.6800000000e+02,8.0000000000e+00,4.9376207590e-01
2.2760000000e+03,2.6800000000e+02,9.0000000000e+00,5.1036977768e-01
2.2760000000e+03,2.6800000000e+02,1.0000000000e+01,5.2416127920e-01
2.2760000000e+03,2.6800000000e+02,1.1000000000e+01,5.3552740812e-01
2.2760000000e+03,2.6800000000e+02,1.2000000000e+01,5.4486131668e-01
2.2760000000e+03,2.6800000000e+02,1.3000000000e+01,5.5251741409e-01
2.2760000000e+03,2.6800000000e+02,1.4000000000e+01,5.5879914761e-01
2.2760000000e+03,2.6800000000e+02,1.5000000000e+01,5.6396007538e-01
2.2760000000e+03,2.6800000000e+02,1.6000000000e+01,5.6820893288e-01
2.2760000000e+03,2.6800000000e+02,1.7000000000e+01,5.7171595097e-01
2.2760000000e+03,2.6800000000e+02,1.8000000000e+01,5.7461971045e-01
2.2760000000e+03,2.6800000000e+02,1.9000000000e+01,5.7703256607e-01
2.2760000000e+03,2.6800000000e+02,2.0000000000e+01,5.7904541492e-01
2.2760000000e+03,2.6800000000e+02,2.1000000000e+01,5.8073198795e-01
2.2760000000e+03,2.6800000000e+02,2.2000000000e+01,5.8215194941e-01
2.2760000000e+03,2.6800000000e+02,2.3000000000e+01,5.8335399628e-01
2.2760000000e+03,2.6800000000e+02,2.4000000000e+01,5.8437740803e-01
2.2760000000e+03,2.6800000000e+02,2.5000000000e+01,5.8525413275e-01
2.2760000000e+03,2.6800000000e+02,2.6000000000e+01,5.8601039648e-01
2.2760000000e+03,2.6800000000e+02,2.7000000000e+01,5.8666753769e-01
2.2760000000e+03,2.6800000000e+02,2.8000000000e+01,5.8724296093e-01
2.2760000000e+03,2.6800000000e+02,2.9000000000e+01,5.8775085211e-01
2.2760000000e+03,2.6800000000e+02,3.0000000000e+01,5.8820307255e-01
2.2760000000e+03,2.6800000000e+02,3.1000000000e+01,5.8860915899e-01
2.2760000000e+03,3.7300000000e+02,0.0000000000e+00,1.9842264652e+00
2.2760000000e+03,3.7300000000e+02,1.0000000000e+00,6.3622510433e-01
2.2760000000e+03,3.7300000000e+02,2.0000000000e+00,3.3067348599e-01
2.2760000000e+03,3.7300000000e+02,3.0000000000e+00,2.7309107780e-01
2.2760000000e+03,3.7300000000e+02,4.0000000000e+00,2.6769372821e-01
2.2760000000e+03,3.7300000000e+02,5.0000000000e+00,2.7497136593e-01
2.2760000000e+03,3.7300000000e+02,6.0000000000e+00,2.8416442871e-01
2.2760000000e+03,3.7300000000e+02,7.0000000000e+00,2.9234319925e-01
2.2760000000e+03,3.7300000000e+02,8.0000000000e+00,2.9890298843e-01
2.2760000000e+03,3.7300000000e+02,9.0000000000e+00,3.0394494534e-01
2.2760000000e+03,3.7300000000e+02,1.0000000000e+01,3.0774489045e-01
2.2760000000e+03,3.7300000000e+02,1.1000000000e+01,3.1058323383e-01
2.2760000000e+03,3.7300000000e+02,1.2000000000e+01,3.1269630790e-01
2.2760000000e+03,3.7300000000e+02,1.3000000000e+01,3.1426948309e-01
2.2760000000e+03,3.7300000000e+02,1.4000000000e+01,3.1544348598e-01
2.2760000000e+03,3.7300000000e+02,1.5000000000e+01,3.1632304192e-01
2.2760000000e+03,3.7300000000e+02,1.6000000000e+01,3.1698566675e-01
2.2760000000e+03,3.7300000000e+02,1.7000000000e+01,3.1748834252e-01
2.2760000000e+03,3.7300000000e+02,1.8000000000e+01,3.1787285209e-01
2.2760000000e+03,3.7300000000e+02,1.9000000000e+01,3.1817004085e-01
2.2760000000e+03,3.7300000000e+02,2.0000000000e+01,3.1840246916e-01
2.2760000000e+03,3.7300000000e+02,2.1000000000e+01,3.1858685613e-01
2.2760000000e+03,3.7300000000e+02,2.2000000000e+01,3.1873539090e-01
2.2760000000e+03,3.7300000000e+02,2.3000000000e+01,3.1885728240e-01
2.2760000000e+03,3.7300000000e+02,2.4000000000e+01,3.1895923615e-01
2.2760000000e+03,3.7300000000e+02,2.5000000000e+01,3.1904625893e-01
2.2760000000e+03,3.7300000000e+02,2.6000000000e+01,3.1912204623e-01
2.2760000000e+03,3.7300000000e+02,2.7000000000e+01,3.1918939948e-01
2.2760000000e+03,3.7300000000e+02,2.8000000000e+01,3.1925049424e-01
2.2760000000e+03,3.7300000000e+02,2.9000000000e+01,3.1930679083e-01
2.2760000000e+03,3.7300000000e+02,3.0000000000e+01,3.1935951114e-01
2.2760000000e+03,3.7300000000e+02,3.1000000000e+01,3.1940957904e-01
2.2760000000e+03,5.1800000000e+02,0.0000000000e+00,1.9870157242e+00
2.2760000000e+03,5.1800000000e+02,1.0000000000e+00,5.5104804039e-01
2.2760000000e+03,5.1800000000e+02,2.0000000000e+00,2.5327065587e-01
2.2760000000e+03,5.1800000000e+02,3.0000000000e+00,2.0132365823e-01
2.2760000000e+03,5.1800000000e+02,4.0000000000e+00,1.9529917836e-01
2.2760000000e+03,5.1800000000e+02,5.0000000000e+00,1.9856116176e-01
2.2760000000e+03,5.1800000000e+02,6.0000000000e+00,2.0282001793e-01
2.2760000000e+03,5.1800000000e+02,7.0000000000e+00,2.0628224313e-01
2.2760000000e+03,5.1800000000e+02,8.0000000000e+00,2.0877727866e-01
2.2760000000e+03,5.1800000000e+02,9.0000000000e+00,2.1049535275e-01
2.2760000000e+03,5.1800000000e+02,1.0000000000e+01,2.1165710688e-01
2.2760000000e+03,5.1800000000e+02,1.1000000000e+01,2.1243849397e-01
2.2760000000e+03,5.1800000000e+02,1.2000000000e+01,2.1296519041e-01
2.2760000000e+03,5.1800000000e+02,1.3000000000e+01,2.1332293749e-01
2.2760000000e+03,5.1800000000e+02,1.4000000000e+01,2.1356900036e-01
2.2760000000e+03,5.1800000000e+02,1.5000000000e+01,2.1374122798e-01
2.2760000000e+03,5.1800000000e+02,1.6000000000e+01,2.1386463940e-01
2.2760000000e+03,5.1800000000e+02,1.7000000000e+01,2.1395570040e-01
2.2760000000e+03,5.1800000000e+02,1.8000000000e+01,2.1402518451e-01
2.2760000000e+03,5.1800000000e+02,1.9000000000e+01,2.1408036351e-01
2.2760000000e+03,5.1800000000e+02,2.0000000000e+01,2.1412596107e-01
2.2760000000e+03,5.1800000000e+02,2.1000000000e+01,2.1416512132e-01
2.2760000000e+03,5.1800000000e+02,2.2000000000e+01,2.1419997513e-01
2.2760000000e+03,5.1800000000e+02,2.3000000000e+01,2.1423192322e-01
2.2760000000e+03,5.1800000000e+02,2.4000000000e+01,2.1426197886e-01
2.2760000000e+03,5.1800000000e+02,2.5000000000e+01,2.1429066360e-01
2.2760000000e+03,5.1800000000e+02,2.6000000000e+01,2.1431852877e-01
2.2760000000e+03,5.1800000000e+02,2.7000000000e+01,2.1434581280e-01
2.2760000000e+03,5.1800000000e+02,2.8000000000e+01,2.1437270939e-01
2.2760000000e+03,5.1800000000e+02,2.9000000000e+01,2.1439936757e-01
2.2760000000e+03,5.1800000000e+02,3.0000000000e+01,2.1442590654e-01
2.2760000000e+03,5.1800000000e+02,3.1000000000e+01,2.1445234120e-01
2.2760000000e+03,7.2000000000e+02,0.0000000000e+00,2.0032682419e+00
2.2760000000e+03,7.2000000000e+02,1.0000000000e+00,4.6417379379e-01
2.2760000000e+03,7.2000000000e+02,2.0000000000e+00,1.8216246367e-01
2.2760000000e+03,7.2000000000e+02,3.0000000000e+00,1.3943894207e-01
2.2760000000e+03,7.2000000000e+02,4.0000000000e+00,1.3473103940e-01
2.2760000000e+03,7.2000000000e+02,5.0000000000e+00,1.3643082976e-01
2.2760000000e+03,7.2000000000e+02,6.0000000000e+00,1.3852016628e-01
2.2760000000e+03,7.2000000000e+02,7.0000000000e+00,1.4003105462e-01
2.2760000000e+03,7.2000000000e+02,8.0000000000e+00,1.4099605381e-01
2.2760000000e+03,7.2000000000e+02,9.0000000000e+00,1.4158670604e-01
2.2760000000e+03,7.2000000000e+02,1.0000000000e+01,1.4194369316e-01
2.2760000000e+03,7.2000000000e+02,1.1000000000e+01,1.4216001332e-01
2.2760000000e+03,7.2000000000e+02,1.2000000000e+01,1.4229300618e-01
2.2760000000e+03,7.2000000000e+02,1.3000000000e+01,1.4237684011e-01
2.2760000000e+03,7.2000000000e+02,1.4000000000e+01,1.4243170619e-01
2.2760000000e+03,7.2000000000e+02,1.5000000000e+01,1.4246949553e-01
2.2760000000e+03,7.2000000000e+02,1.6000000000e+01,1.4249718189e-01
2.2760000000e+03,7.2000000000e+02,1.7000000000e+01,1.4251884818e-01
2.2760000000e+03,7.2000000000e+02,1.8000000000e+01,1.4253696799e-01
2.2760000000e+03,7.2000000000e+02,1.9000000000e+01,1.4255294204e-01
2.2760000000e+03,7.2000000000e+02,2.0000000000e+01,1.4256764948e-01
2.2760000000e+03,7.2000000000e+02,2.1000000000e+01,1.4258161187e-01
2.2760000000e+03,7.2000000000e+02,2.2000000000e+01,1.4259512722e-01
2.2760000000e+03,7.2000000000e+02,2.3000000000e+01,1.4260835946e-01
2.2760000000e+03,7.2000000000e+02,2.4000000000e+01,1.4262147248e-01
2.2760000000e+03,7.2000000000e+02,2.5000000000e+01,1.4263448119e-01
2.2760000000e+03,7.2000000000e+02,2.6000000000e+01,1.4264746010e-01
2.2760000000e+03,7.2000000000e+02,2.7000000000e+01,1.4266040921e-01
2.2760000000e+03,7.2000000000e+02,2.8000000000e+01,1.4267338812e-01
2.2760000000e+03,7.2000000000e+02,2.9000000000e+01,1.4268636703e-01
2.2760000000e+03,7.2000000000e+02,3.0000000000e+01,1.4269934595e-01
2.2760000000e+03,7.2000000000e+02,3.1000000000e+01,1.4271235466e-01
2.2760000000e+03,1.0000000000e+03,0.0000000000e+00,1.9912868738e+00
2.2760000000e+03,1.0000000000e+03,1.0000000000e+00,4.2131599784e-01
2.2760000000e+03,1.0000000000e+03,2.0000000000e+00,1.8147441745e-01
2.2760000000e+03,1.0000000000e+03,3.0000000000e+00,1.5543168783e-01
2.2760000000e+03,1.0000000000e+03,4.0000000000e+00,1.5522721410e-01
2.2760000000e+03,1.0000000000e+03,5.0000000000e+00,1.5789380670e-01
2.2760000000e+03,1.0000000000e+03,6.0000000000e+00,1.6035465896e-01
2.2760000000e+03,1.0000000000e+03,7.0000000000e+00,1.6243743896e-01
2.2760000000e+03,1.0000000000e+03,8.0000000000e+00,1.6431450844e-01
2.2760000000e+03,1.0000000000e+03,9.0000000000e+00,1.6612127423e-01
2.2760000000e+03,1.0000000000e+03,1.0000000000e+01,1.6793215275e-01
2.2760000000e+03,1.0000000000e+03,1.1000000000e+01,1.6978226602e-01
2.2760000000e+03,1.0000000000e+03,1.2000000000e+01,1.7168535292e-01
2.2760000000e+03,1.0000000000e+03,1.3000000000e+01,1.7364433408e-01
2.2760000000e+03,1.0000000000e+03,1.4000000000e+01,1.7565691471e-01
2.2760000000e+03,1.0000000000e+03,1.5000000000e+01,1.7771835625e-01
2.2760000000e+03,1.0000000000e+03,1.6000000000e+01,1.7982305586e-01
2.2760000000e+03,1.0000000000e+03,1.7000000000e+01,1.8196512759e-01
2.2760000000e+03,1.0000000000e+03,1.8000000000e+01,1.8413886428e-01
2.2760000000e+03,1.0000000000e+03,1.9000000000e+01,1.8633872271e-01
2.2760000000e+03,1.0000000000e+03,2.0000000000e+01,1.8855956197e-01
2.2760000000e+03,1.0000000000e+03,2.1000000000e+01,1.9079656899e-01
2.2760000000e+03,1.0000000000e+03,2.2000000000e+01,1.9304530323e-01
2.2760000000e+03,1.0000000000e+03,2.3000000000e+01,1.9530168176e-01
2.2760000000e+03,1.0000000000e+03,2.4000000000e+01,1.9756188989e-01
2.2760000000e+03,1.0000000000e+03,2.5000000000e+01,1.9982242584e-01
2.2760000000e+03,1.0000000000e+03,2.6000000000e+01,2.0208019018e-01
2.2760000000e+03,1.0000000000e+03,2.7000000000e+01,2.0433217287e-01
2.2760000000e+03,1.0000000000e+03,2.8000000000e+01,2.0657575130e-01
2.2760000000e+03,1.0000000000e+03,2.9000000000e+01,2.0880849659e-01
2.2760000000e+03,1.0000000000e+03,3.0000000000e+01,2.1102820337e-01
2.2760000000e+03,1.0000000000e+03,3.1000000000e+01,2.1323283017e-01
3.7280000000e+03,1.0000000000e+01,0.0000000000e+00,2.0100431442e+00
3.7280000000e+03,1.0000000000e+01,1.0000000000e+00,1.8827702999e+00
3.7280000000e+03,1.0000000000e+01,2.0000000000e+00,1.9197391272e+00
3.7280000000e+03,1.0000000000e+01,3.0000000000e+00,2.0153186321e+00
3.7280000000e+03,1.0000000000e+01,4.0000000000e+00,2.1192655563e+00
3.7280000000e+03,1.0000000000e+01,5.0000000000e+00,2.2166357040e+00
3.7280000000e+03,1.0000000000e+01,6.0000000000e+00,2.3044886589e+00
3.7280000000e+03,1.0000000000e+01,7.0000000000e+00,2.3835878372e+00
3.7280000000e+03,1.0000000000e+01,8.0000000000e+00,2.4555256367e+00
3.7280000000e+03,1.0000000000e+01,9.0000000000e+00,2.5218567848e+00
3.7280000000e+03,1.0000000000e+01,1.0000000000e+01,2.5838894844e+00
3.7280000000e+03,1.0000000000e+01,1.1000000000e+01,2.6426751614e+00
3.7280000000e+03,1.0000000000e+01,1.2000000000e+01,2.6990494728e+00
3.7280000000e+03,1.0000000000e+01,1.3000000000e+01,2.7536759377e+00
3.7280000000e+03,1.0000000000e+01,1.4000000000e+01,2.8070857525e+00
3.7280000000e+03,1.0000000000e+01,1.5000000000e+01,2.8597080708e+00
3.7280000000e+03,1.0000000000e+01,1.6000000000e+01,2.9118916988e+00
3.7280000000e+03,1.0000000000e+01,1.7000000000e+01,2.9639241695e+00
3.7280000000e+03,1.0000000000e+01,1.8000000000e+01,3.0160443783e+00
3.7280000000e+03,1.0000000000e+01,1.9000000000e+01,3.0684521198e+00
3.7280000000e+03,1.0000000000e+01,2.0000000000e+01,3.1213157177e+00
3.7280000000e+03,1.0000000000e+01,2.1000000000e+01,3.1747791767e+00
3.7280000000e+03,1.0000000000e+01,2.2000000000e+01,3.2289652824e+00
3.7280000000e+03,1.0000000000e+01,2.3000000000e+01,3.2839794159e+00
3.7280000000e+03,1.0000000000e+01,2.4000000000e+01,3.3399133682e+00
3.7280000000e+03,1.0000000000e+01,2.5000000000e+01,3.3968484402e+00
3.7280000000e+03,1.0000000000e+01,2.6000000000e+01,3.4548537731e+00
3.7280000000e+03,1.0000000000e+01,2.7000000000e+01,3.5139906406e+00
3.7280000000e+03,1.0000000000e+01,2.8000000000e+01,3.5743145943e+00
3.7280000000e+03,1.0000000000e+01,2.9000000000e+01,3.6358735561e+00
3.7280000000e+03,1.0000000000e+01,3.0000000000e+01,3.6987106800e+00
3.7280000000e+03,1.0000000000e+01,3.1000000000e+01,3.7628645897e+00
3.7280000000e+03,1.4000000000e+01,0.0000000000e+00,1.9983541965e+00
3.7280000000e+03,1.4000000000e+01,1.0000000000e+00,1.8234002590e+00
3.7280000000e+03,1.4000000000e+01,2.0000000000e+00,1.8628413677e+00
3.7280000000e+03,1.4000000000e+01,3.0000000000e+00,1.9945467710e+00
3.7280000000e+03,1.4000000000e+01,4.0000000000e+00,2.1531028748e+00
3.7280000000e+03,1.4000000000e+01,5.0000000000e+00,2.3122534752e+00
3.7280000000e+03,1.4000000000e+01,6.0000000000e+00,2.4625220299e+00
3.7280000000e+03,1.4000000000e+01,7.0000000000e+00,2.6017656326e+00
3.7280000000e+03,1.4000000000e+01,8.0000000000e+00,2.7306323051e+00
3.7280000000e+03,1.4000000000e+01,9.0000000000e+00,2.8506321907e+00
3.7280000000e+03,1.4000000000e+01,1.0000000000e+01,2.9633898735e+00
3.7280000000e+03,1.4000000000e+01,1.1000000000e+01,3.0703854561e+00
3.7280000000e+03,1.4000000000e+01,1.2000000000e+01,3.1728873253e+00
3.7280000000e+03,1.4000000000e+01,1.3000000000e+01,3.2719593048e+00
3.7280000000e+03,1.4000000000e+01,1.4000000000e+01,3.3684837818e+00
3.7280000000e+03,1.4000000000e+01,1.5000000000e+01,3.4631938934e+00
3.7280000000e+03,1.4000000000e+01,1.6000000000e+01,3.5567002296e+00
3.7280000000e+03,1.4000000000e+01,1.7000000000e+01,3.6495132446e+00
3.7280000000e+03,1.4000000000e+01,1.8000000000e+01,3.7420623302e+00
3.7280000000e+03,1.4000000000e+01,1.9000000000e+01,3.8347110748e+00
3.7280000000e+03,1.4000000000e+01,2.0000000000e+01,3.9277698994e+00
3.7280000000e+03,1.4000000000e+01,2.1000000000e+01,4.0215039253e+00
3.7280000000e+03,1.4000000000e+01,2.2000000000e+01,4.1161422729e+00
3.7280000000e+03,1.4000000000e+01,2.3000000000e+01,4.2118835449e+00
3.7280000000e+03,1.4000000000e+01,2.4000000000e+01,4.3088994026e+00
3.7280000000e+03,1.4000000000e+01,2.5000000000e+01,4.4073419571e+00
3.7280000000e+03,1.4000000000e+01,2.6000000000e+01,4.5073437691e+00
3.7280000000e+03,1.4000000000e+01,2.7000000000e+01,4.6090221405e+00
3.7280000000e+03,1.4000000000e+01,2.8000000000e+01,4.7124814987e+00
3.7280000000e+03,1.4000000000e+01,2.9000000000e+01,4.8178143501e+00
3.7280000000e+03,1.4000000000e+01,3.0000000000e+01,4.9251022339e+00
3.7280000000e+03,1.4000000000e+01,3.1000000000e+01,5.0344204903e+00
3.7280000000e+03,1.9000000000e+01,0.0000000000e+00,1.9941521883e+00
3.7280000000e+03,1.9000000000e+01,1.0000000000e+00,1.7591700554e+00
3.7280000000e+03,1.9000000000e+01,2.0000000000e+00,1.7887073755e+00
3.7280000000e+03,1.9000000000e+01,3.0000000000e+00,1.9409890175e+00
3.7280000000e+03,1.9000000000e+01,4.0000000000e+00,2.1428747177e+00
3.7280000000e+03,1.9000000000e+01,5.0000000000e+00,2.3597383499e+00
3.7280000000e+03,1.9000000000e+01,6.0000000000e+00,2.5742845535e+00
3.7280000000e+03,1.9000000000e+01,7.0000000000e+00,2.7788863182e+00
3.7280000000e+03,1.9000000000e+01,8.0000000000e+00,2.9709761143e+00
3.7280000000e+03,1.9000000000e+01,9.0000000000e+00,3.1504211426e+00
3.7280000000e+03,1.9000000000e+01,1.0000000000e+01,3.3181438446e+00
3.7280000000e+03,1.9000000000e+01,1.1000000000e+01,3.4754443169e+00
3.7280000000e+03,1.9000000000e+01,1.2000000000e+01,3.6236798763e+00
3.7280000000e+03,1.9000000000e+01,1.3000000000e+01,3.7641303539e+00
3.7280000000e+03,1.9000000000e+01,1.4000000000e+01,3.8979482651e+00
3.7280000000e+03,1.9000000000e+01,1.5000000000e+01,4.0261473656e+00
3.7280000000e+03,1.9000000000e+01,1.6000000000e+01,4.1496090889e+00
3.7280000000e+03,1.9000000000e+01,1.7000000000e+01,4.2690958977e+00
3.7280000000e+03,1.9000000000e+01,1.8000000000e+01,4.3852686882e+00
3.7280000000e+03,1.9000000000e+01,1.9000000000e+01,4.4986991882e+00
3.7280000000e+03,1.9000000000e+01,2.0000000000e+01,4.6098837852e+00
3.7280000000e+03,1.9000000000e+01,2.1000000000e+01,4.7192540169e+00
3.7280000000e+03,1.9000000000e+01,2.2000000000e+01,4.8271875381e+00
3.7280000000e+03,1.9000000000e+01,2.3000000000e+01,4.9340152740e+00
3.7280000000e+03,1.9000000000e+01,2.4000000000e+01,5.0400276184e+00
3.7280000000e+03,1.9000000000e+01,2.5000000000e+01,5.1454834938e+00
3.7280000000e+03,1.9000000000e+01,2.6000000000e+01,5.2506093979e+00
3.7280000000e+03,1.9000000000e+01,2.7000000000e+01,5.3556089401e+00
3.7280000000e+03,1.9000000000e+01,2.8000000000e+01,5.4606637955e+00
3.7280000000e+03,1.9000000000e+01,2.9000000000e+01,5.5659337044e+00
3.7280000000e+03,1.9000000000e+01,3.0000000000e+01,5.6715669632e+00
3.7280000000e+03,1.9000000000e+01,3.1000000000e+01,5.7776937485e+00
3.7280000000e+03,2.7000000000e+01,0.0000000000e+00,2.0041944981e+00
3.7280000000e+03,2.7000000000e+01,1.0000000000e+00,1.6782510281e+00
3.7280000000e+03,2.7000000000e+01,2.0000000000e+00,1.6962997913e+00
3.7280000000e+03,2.7000000000e+01,3.0000000000e+00,1.8794524670e+00
3.7280000000e+03,2.7000000000e+01,4.0000000000e+00,2.1420834064e+00
3.7280000000e+03,2.7000000000e+01,5.0000000000e+00,2.4435853958e+00
3.7280000000e+03,2.7000000000e+01,6.0000000000e+00,2.7594957352e+00
3.7280000000e+03,2.7000000000e+01,7.0000000000e+00,3.0752394199e+00
3.7280000000e+03,2.7000000000e+01,8.0000000000e+00,3.3826861382e+00
3.7280000000e+03,2.7000000000e+01,9.0000000000e+00,3.6777882576e+00
3.7280000000e+03,2.7000000000e+01,1.0000000000e+01,3.9589505196e+00
3.7280000000e+03,2.7000000000e+01,1.1000000000e+01,4.2259759903e+00
3.7280000000e+03,2.7000000000e+01,1.2000000000e+01,4.4794216156e+00
3.7280000000e+03,2.7000000000e+01,1.3000000000e+01,4.7202177048e+00
3.7280000000e+03,2.7000000000e+01,1.4000000000e+01,4.9494419098e+00
3.7280000000e+03,2.7000000000e+01,1.5000000000e+01,5.1682038307e+00
3.7280000000e+03,2.7000000000e+01,1.6000000000e+01,5.3775768280e+00
3.7280000000e+03,2.7000000000e+01,1.7000000000e+01,5.5785632133e+00
3.7280000000e+03,2.7000000000e+01,1.8000000000e+01,5.7720880508e+00
3.7280000000e+03,2.7000000000e+01,1.9000000000e+01,5.9589877129e+00
3.7280000000e+03,2.7000000000e+01,2.0000000000e+01,6.1400208473e+00
3.7280000000e+03,2.7000000000e+01,2.1000000000e+01,6.3158674240e+00
3.7280000000e+03,2.7000000000e+01,2.2000000000e+01,6.4871397018e+00
3.7280000000e+03,2.7000000000e+01,2.3000000000e+01,6.6543846130e+00
3.7280000000e+03,2.7000000000e+01,2.4000000000e+01,6.8180980682e+00
3.7280000000e+03,2.7000000000e+01,2.5000000000e+01,6.9787220955e+00
3.7280000000e+03,2.7000000000e+01,2.6000000000e+01,7.1366558075e+00
3.7280000000e+03,2.7000000000e+01,2.7000000000e+01,7.2922606468e+00
3.7280000000e+03,2.7000000000e+01,2.8000000000e+01,7.4458589554e+00
3.7280000000e+03,2.7000000000e+01,2.9000000000e+01,7.5977487564e+00
3.7280000000e+03,2.7000000000e+01,3.0000000000e+01,7.7481966019e+00
3.7280000000e+03,2.7000000000e+01,3.1000000000e+01,7.8974447250e+00
3.7280000000e+03,3.7000000000e+01,0.0000000000e+00,1.9937803745e+00
3.7280000000e+03,3.7000000000e+01,1.0000000000e+00,1.5928866863e+00
3.7280000000e+03,3.7000000000e+01,2.0000000000e+00,1.5721062422e+00
3.7280000000e+03,3.7000000000e+01,3.0000000000e+00,1.7311002016e+00
3.7280000000e+03,3.7000000000e+01,4.0000000000e+00,1.9814913273e+00
3.7280000000e+03,3.7000000000e+01,5.0000000000e+00,2.2859215736e+00
3.7280000000e+03,3.7000000000e+01,6.0000000000e+00,2.6218435764e+00
3.7280000000e+03,3.7000000000e+01,7.0000000000e+00,2.9741597176e+00
3.7280000000e+03,3.7000000000e+01,8.0000000000e+00,3.3325469494e+00
3.7280000000e+03,3.7000000000e+01,9.0000000000e+00,3.6900570393e+00
3.7280000000e+03,3.7000000000e+01,1.0000000000e+01,4.0421581268e+00
3.7280000000e+03,3.7000000000e+01,1.1000000000e+01,4.3860344887e+00
3.7280000000e+03,3.7000000000e+01,1.2000000000e+01,4.7200651169e+00
3.7280000000e+03,3.7000000000e+01,1.3000000000e+01,5.0434465408e+00
3.7280000000e+03,3.7000000000e+01,1.4000000000e+01,5.3559193611e+00
3.7280000000e+03,3.7000000000e+01,1.5000000000e+01,5.6575851440e+00
3.7280000000e+03,3.7000000000e+01,1.6000000000e+01,5.9487700462e+00
3.7280000000e+03,3.7000000000e+01,1.7000000000e+01,6.2299375534e+00
3.7280000000e+03,3.7000000000e+01,1.8000000000e+01,6.5016274452e+00
3.7280000000e+03,3.7000000000e+01,1.9000000000e+01,6.7644138336e+00
3.7280000000e+03,3.7000000000e+01,2.0000000000e+01,7.0188813210e+00
3.7280000000e+03,3.7000000000e+01,2.1000000000e+01,7.2656073570e+00
3.7280000000e+03,3.7000000000e+01,2.2000000000e+01,7.5051465034e+00
3.7280000000e+03,3.7000000000e+01,2.3000000000e+01,7.7380304337e+00
3.7280000000e+03,3.7000000000e+01,2.4000000000e+01,7.9647626877e+00
3.7280000000e+03,3.7000000000e+01,2.5000000000e+01,8.1858158112e+00
3.7280000000e+03,3.7000000000e+01,2.6000000000e+01,8.4016323090e+00
3.7280000000e+03,3.7000000000e+01,2.7000000000e+01,8.6126232147e+00
3.7280000000e+03,3.7000000000e+01,2.8000000000e+01,8.8191738129e+00
3.7280000000e+03,3.7000000000e+01,2.9000000000e+01,9.0216426849e+00
3.7280000000e+03,3.7000000000e+01,3.0000000000e+01,9.2203626633e+00
3.7280000000e+03,3.7000000000e+01,3.1000000000e+01,9.4156408310e+00
3.7280000000e+03,5.2000000000e+01,0.0000000000e+00,1.9983487129e+00
3.7280000000e+03,5.2000000000e+01,1.0000000000e+00,1.4571380615e+00
3.7280000000e+03,5.2000000000e+01,2.0000000000e+00,1.4246698618e+00
3.7280000000e+03,5.2000000000e+01,3.0000000000e+00,1.6135575771e+00
3.7280000000e+03,5.2000000000e+01,4.0000000000e+00,1.9103686810e+00
3.7280000000e+03,5.2000000000e+01,5.0000000000e+00,2.2747759819e+00
3.7280000000e+03,5.2000000000e+01,6.0000000000e+00,2.6840200424e+00
3.7280000000e+03,5.2000000000e+01,7.0000000000e+00,3.1234769821e+00
3.7280000000e+03,5.2000000000e+01,8.0000000000e+00,3.5825397968e+00
3.7280000000e+03,5.2000000000e+01,9.0000000000e+00,4.0534248352e+00
3.7280000000e+03,5.2000000000e+01,1.0000000000e+01,4.5302529335e+00
3.7280000000e+03,5.2000000000e+01,1.1000000000e+01,5.0086426735e+00
3.7280000000e+03,5.2000000000e+01,1.2000000000e+01,5.4853296280e+00
3.7280000000e+03,5.2000000000e+01,1.3000000000e+01,5.9579334259e+00
3.7280000000e+03,5.2000000000e+01,1.4000000000e+01,6.4247498512e+00
3.7280000000e+03,5.2000000000e+01,1.5000000000e+01,6.8845982552e+00
3.7280000000e+03,5.2000000000e+01,1.6000000000e+01,7.3366994858e+00
3.7280000000e+03,5.2000000000e+01,1.7000000000e+01,7.7805809975e+00
3.7280000000e+03,5.2000000000e+01,1.8000000000e+01,8.2160005569e+00
3.7280000000e+03,5.2000000000e+01,1.9000000000e+01,8.6428909302e+00
3.7280000000e+03,5.2000000000e+01,2.0000000000e+01,9.0613107681e+00
3.7280000000e+03,5.2000000000e+01,2.1000000000e+01,9.4714174271e+00
3.7280000000e+03,5.2000000000e+01,2.2000000000e+01,9.8734312057e+00
3.7280000000e+03,5.2000000000e+01,2.3000000000e+01,1.0267621994e+01
3.7280000000e+03,5.2000000000e+01,2.4000000000e+01,1.0654291153e+01
3.7280000000e+03,5.2000000000e+01,2.5000000000e+01,1.1033758163e+01
3.7280000000e+03,5.2000000000e+01,2.6000000000e+01,1.1406356812e+01
3.7280000000e+03,5.2000000000e+01,2.7000000000e+01,1.1772421837e+01
3.7280000000e+03,5.2000000000e+01,2.8000000000e+01,1.2132289886e+01
3.7280000000e+03,5.2000000000e+01,2.9000000000e+01,1.2486289978e+01
3.7280000000e+03,5.2000000000e+01,3.0000000000e+01,1.2834747314e+01
3.7280000000e+03,5.2000000000e+01,3.1000000000e+01,1.3177976608e+01
3.7280000000e+03,7.2000000000e+01,0.0000000000e+00,2.0022430420e+00
3.7280000000e+03,7.2000000000e+01,1.0000000000e+00,1.3214856386e+00
3.7280000000e+03,7.2000000000e+01,2.0000000000e+00,1.2296948433e+00
3.7280000000e+03,7.2000000000e+01,3.0000000000e+00,1.3731738329e+00
3.7280000000e+03,7.2000000000e+01,4.0000000000e+00,1.6186022758e+00
3.7280000000e+03,7.2000000000e+01,5.0000000000e+00,1.9241828918e+00
3.7280000000e+03,7.2000000000e+01,6.0000000000e+00,2.2689197063e+00
3.7280000000e+03,7.2000000000e+01,7.0000000000e+00,2.6408448219e+00
3.7280000000e+03,7.2000000000e+01,8.0000000000e+00,3.0319771767e+00
3.7280000000e+03,7.2000000000e+01,9.0000000000e+00,3.4367454052e+00
3.7280000000e+03,7.2000000000e+01,1.0000000000e+01,3.8510031700e+00
3.7280000000e+03,7.2000000000e+01,1.1000000000e+01,4.2716059685e+00
3.7280000000e+03,7.2000000000e+01,1.2000000000e+01,4.6960954666e+00
3.7280000000e+03,7.2000000000e+01,1.3000000000e+01,5.1225380898e+00
3.7280000000e+03,7.2000000000e+01,1.4000000000e+01,5.5493960381e+00
3.7280000000e+03,7.2000000000e+01,1.5000000000e+01,5.9754438400e+00
3.7280000000e+03,7.2000000000e+01,1.6000000000e+01,6.3997020721e+00
3.7280000000e+03,7.2000000000e+01,1.7000000000e+01,6.8213930130e+00
3.7280000000e+03,7.2000000000e+01,1.8000000000e+01,7.2399001122e+00
3.7280000000e+03,7.2000000000e+01,1.9000000000e+01,7.6547408104e+00
3.7280000000e+03,7.2000000000e+01,2.0000000000e+01,8.0655384064e+00
3.7280000000e+03,7.2000000000e+01,2.1000000000e+01,8.4720077515e+00
3.7280000000e+03,7.2000000000e+01,2.2000000000e+01,8.8739376068e+00
3.7280000000e+03,7.2000000000e+01,2.3000000000e+01,9.2711772919e+00
3.7280000000e+03,7.2000000000e+01,2.4000000000e+01,9.6636238098e+00
3.7280000000e+03,7.2000000000e+01,2.5000000000e+01,1.0051218033e+01
3.7280000000e+03,7.2000000000e+01,2.6000000000e+01,1.0433935165e+01
3.7280000000e+03,7.2000000000e+01,2.7000000000e+01,1.0811774254e+01
3.7280000000e+03,7.2000000000e+01,2.8000000000e+01,1.1184761047e+01
3.7280000000e+03,7.2000000000e+01,2.9000000000e+01,1.1552939415e+01
3.7280000000e+03,7.2000000000e+01,3.0000000000e+01,1.1916364670e+01
3.7280000000e+03,7.2000000000e+01,3.1000000000e+01,1.2275108337e+01
3.7280000000e+03,1.0000000000e+02,0.0000000000e+00,2.0105769634e+00
3.7280000000e+03,1.0000000000e+02,1.0000000000e+00,1.1812644005e+00
3.7280000000e+03,1.0000000000e+02,2.0000000000e+00,1.0231187344e+00
3.7280000000e+03,1.0000000000e+02,3.0000000000e+00,1.1023129225e+00
3.7280000000e+03,1.0000000000e+02,4.0000000000e+00,1.2672936916e+00
3.7280000000e+03,1.0000000000e+02,5.0000000000e+00,1.4752407074e+00
3.7280000000e+03,1.0000000000e+02,6.0000000000e+00,1.7066851854e+00
3.7280000000e+03,1.0000000000e+02,7.0000000000e+00,1.9518752098e+00
3.7280000000e+03,1.0000000000e+02,8.0000000000e+00,2.2049727440e+00
3.7280000000e+03,1.0000000000e+02,9.0000000000e+00,2.4624338150e+00
3.7280000000e+03,1.0000000000e+02,1.0000000000e+01,2.7219023705e+00
3.7280000000e+03,1.0000000000e+02,1.1000000000e+01,2.9818122387e+00
3.7280000000e+03,1.0000000000e+02,1.2000000000e+01,3.2410607338e+00
3.7280000000e+03,1.0000000000e+02,1.3000000000e+01,3.4988832474e+00
3.7280000000e+03,1.0000000000e+02,1.4000000000e+01,3.7547273636e+00
3.7280000000e+03,1.0000000000e+02,1.5000000000e+01,4.0082049370e+00
3.7280000000e+03,1.0000000000e+02,1.6000000000e+01,4.2590374947e+00
3.7280000000e+03,1.0000000000e+02,1.7000000000e+01,4.5070309639e+00
3.7280000000e+03,1.0000000000e+02,1.8000000000e+01,4.7520537376e+00
3.7280000000e+03,1.0000000000e+02,1.9000000000e+01,4.9940204620e+00
3.7280000000e+03,1.0000000000e+02,2.0000000000e+01,5.2328824997e+00
3.7280000000e+03,1.0000000000e+02,2.1000000000e+01,5.4686164856e+00
3.7280000000e+03,1.0000000000e+02,2.2000000000e+01,5.7012214661e+00
3.7280000000e+03,1.0000000000e+02,2.3000000000e+01,5.9307126999e+00
3.7280000000e+03,1.0000000000e+02,2.4000000000e+01,6.1571149826e+00
3.7280000000e+03,1.0000000000e+02,2.5000000000e+01,6.3804674149e+00
3.7280000000e+03,1.0000000000e+02,2.6000000000e+01,6.6008124352e+00
3.7280000000e+03,1.0000000000e+02,2.7000000000e+01,6.8181996346e+00
3.7280000000e+03,1.0000000000e+02,2.8000000000e+01,7.0326814651e+00
3.7280000000e+03,1.0000000000e+02,2.9000000000e+01,7.2443141937e+00
3.7280000000e+03,1.0000000000e+02,3.0000000000e+01,7.4531569481e+00
3.7280000000e+03,1.0000000000e+02,3.1000000000e+01,7.6592674255e+00
3.7280000000e+03,1.3900000000e+02,0.0000000000e+00,2.0044641495e+00
3.7280000000e+03,1.3900000000e+02,1.0000000000e+00,1.0404951572e+00
3.7280000000e+03,1.3900000000e+02,2.0000000000e+00,8.0574166775e-01
3.7280000000e+03,1.3900000000e+02,3.0000000000e+00,8.0750375986e-01
3.7280000000e+03,1.3900000000e+02,4.0000000000e+00,8.8220751286e-01
3.7280000000e+03,1.3900000000e+02,5.0000000000e+00,9.8633843660e-01
3.7280000000e+03,1.3900000000e+02,6.0000000000e+00,1.1022132635e+00
3.7280000000e+03,1.3900000000e+02,7.0000000000e+00,1.2217940092e+00
3.7280000000e+03,1.3900000000e+02,8.0000000000e+00,1.3409804106e+00
3.7280000000e+03,1.3900000000e+02,9.0000000000e+00,1.4576475620e+00
3.7280000000e+03,1.3900000000e+02,1.0000000000e+01,1.5706813335e+00
3.7280000000e+03,1.3900000000e+02,1.1000000000e+01,1.6795278788e+00
3.7280000000e+03,1.3900000000e+02,1.2000000000e+01,1.7839555740e+00
3.7280000000e+03,1.3900000000e+02,1.3000000000e+01,1.8839178085e+00
3.7280000000e+03,1.3900000000e+02,1.4000000000e+01,1.9794796705e+00
3.7280000000e+03,1.3900000000e+02,1.5000000000e+01,2.0707693100e+00
3.7280000000e+03,1.3900000000e+02,1.6000000000e+01,2.1579518318e+00
3.7280000000e+03,1.3900000000e+02,1.7000000000e+01,2.2412099838e+00
3.7280000000e+03,1.3900000000e+02,1.8000000000e+01,2.3207349777e+00
3.7280000000e+03,1.3900000000e+02,1.9000000000e+01,2.3967185020e+00
3.7280000000e+03,1.3900000000e+02,2.0000000000e+01,2.4693481922e+00
3.7280000000e+03,1.3900000000e+02,2.1000000000e+01,2.5388062000e+00
3.7280000000e+03,1.3900000000e+02,2.2000000000e+01,2.6052670479e+00
3.7280000000e+03,1.3900000000e+02,2.3000000000e+01,2.6688959599e+00
3.7280000000e+03,1.3900000000e+02,2.4000000000e+01,2.7298502922e+00
3.7280000000e+03,1.3900000000e+02,2.5000000000e+01,2.7882776260e+00
3.7280000000e+03,1.3900000000e+02,2.6000000000e+01,2.8443183899e+00
3.7280000000e+03,1.3900000000e+02,2.7000000000e+01,2.8981029987e+00
3.7280000000e+03,1.3900000000e+02,2.8000000000e+01,2.9497551918e+00
3.7280000000e+03,1.3900000000e+02,2.9000000000e+01,2.9993898869e+00
3.7280000000e+03,1.3900000000e+02,3.0000000000e+01,3.0471158028e+00
3.7280000000e+03,1.3900000000e+02,3.1000000000e+01,3.0930352211e+00
3.7280000000e+03,1.9300000000e+02,0.0000000000e+00,1.9977167845e+00
3.7280000000e+03,1.9300000000e+02,1.0000000000e+00,8.7921178341e-01
3.7280000000e+03,1.9300000000e+02,2.0000000000e+00,6.0487389565e-01
3.7280000000e+03,1.9300000000e+02,3.0000000000e+00,5.7410448790e-01
3.7280000000e+03,1.9300000000e+02,4.0000000000e+00,6.0595852137e-01
3.7280000000e+03,1.9300000000e+02,5.0000000000e+00,6.5782648325e-01
3.7280000000e+03,1.9300000000e+02,6.0000000000e+00,7.1435165405e-01
3.7280000000e+03,1.9300000000e+02,7.0000000000e+00,7.6963198185e-01
3.7280000000e+03,1.9300000000e+02,8.0000000000e+00,8.2126569748e-01
3.7280000000e+03,1.9300000000e+02,9.0000000000e+00,8.6843943596e-01
3.7280000000e+03,1.9300000000e+02,1.0000000000e+01,9.1102659702e-01
3.7280000000e+03,1.9300000000e+02,1.1000000000e+01,9.4922447205e-01
3.7280000000e+03,1.9300000000e+02,1.2000000000e+01,9.8336255550e-01
3.7280000000e+03,1.9300000000e+02,1.3000000000e+01,1.0138171911e+00
3.7280000000e+03,1.9300000000e+02,1.4000000000e+01,1.0409655571e+00
3.7280000000e+03,1.9300000000e+02,1.5000000000e+01,1.0651659966e+00
3.7280000000e+03,1.9300000000e+02,1.6000000000e+01,1.0867474079e+00
3.7280000000e+03,1.9300000000e+02,1.7000000000e+01,1.1060075760e+00
3.7280000000e+03,1.9300000000e+02,1.8000000000e+01,1.1232124567e+00
3.7280000000e+03,1.9300000000e+02,1.9000000000e+01,1.1385982037e+00
3.7280000000e+03,1.9300000000e+02,2.0000000000e+01,1.1523735523e+00
3.7280000000e+03,1.9300000000e+02,2.1000000000e+01,1.1647232771e+00
3.7280000000e+03,1.9300000000e+02,2.2000000000e+01,1.1758099794e+00
3.7280000000e+03,1.9300000000e+02,2.3000000000e+01,1.1857759953e+00
3.7280000000e+03,1.9300000000e+02,2.4000000000e+01,1.1947479248e+00
3.7280000000e+03,1.9300000000e+02,2.5000000000e+01,1.2028365135e+00
3.7280000000e+03,1.9300000000e+02,2.6000000000e+01,1.2101393938e+00
3.7280000000e+03,1.9300000000e+02,2.7000000000e+01,1.2167431116e+00
3.7280000000e+03,1.9300000000e+02,2.8000000000e+01,1.2227234840e+00
3.7280000000e+03,1.9300000000e+02,2.9000000000e+01,1.2281478643e+00
3.7280000000e+03,1.9300000000e+02,3.0000000000e+01,1.2330757380e+00
3.7280000000e+03,1.9300000000e+02,3.1000000000e+01,1.2375595570e+00
3.7280000000e+03,2.6800000000e+02,0.0000000000e+00,2.0037512779e+00
3.7280000000e+03,2.6800000000e+02,1.0000000000e+00,7.4530440569e-01
3.7280000000e+03,2.6800000000e+02,2.0000000000e+00,4.4343438745e-01
3.7280000000e+03,2.6800000000e+02,3.0000000000e+00,3.8866373897e-01
3.7280000000e+03,2.6800000000e+02,4.0000000000e+00,3.9192757010e-01
3.7280000000e+03,2.6800000000e+02,5.0000000000e+00,4.1142970324e-01
3.7280000000e+03,2.6800000000e+02,6.0000000000e+00,4.3395718932e-01
3.7280000000e+03,2.6800000000e+02,7.0000000000e+00,4.5513483882e-01
3.7280000000e+03,2.6800000000e+02,8.0000000000e+00,4.7363004088e-01
3.7280000000e+03,2.6800000000e+02,9.0000000000e+00,4.8925778270e-01
3.7280000000e+03,2.6800000000e+02,1.0000000000e+01,5.0224578381e-01
3.7280000000e+03,2.6800000000e+02,1.1000000000e+01,5.1294827461e-01
3.7280000000e+03,2.6800000000e+02,1.2000000000e+01,5.2173000574e-01
3.7280000000e+03,2.6800000000e+02,1.3000000000e+01,5.2892321348e-01
3.7280000000e+03,2.6800000000e+02,1.4000000000e+01,5.3481394053e-01
3.7280000000e+03,2.6800000000e+02,1.5000000000e+01,5.3964167833e-01
3.7280000000e+03,2.6800000000e+02,1.6000000000e+01,5.4360401630e-01
3.7280000000e+03,2.6800000000e+02,1.7000000000e+01,5.4686242342e-01
3.7280000000e+03,2.6800000000e+02,1.8000000000e+01,5.4954814911e-01
3.7280000000e+03,2.6800000000e+02,1.9000000000e+01,5.5176788568e-01
3.7280000000e+03,2.6800000000e+02,2.0000000000e+01,5.5360776186e-01
3.7280000000e+03,2.6800000000e+02,2.1000000000e+01,5.5513769388e-01
3.7280000000e+03,2.6800000000e+02,2.2000000000e+01,5.5641448498e-01
3.7280000000e+03,2.6800000000e+02,2.3000000000e+01,5.5748409033e-01
3.7280000000e+03,2.6800000000e+02,2.4000000000e+01,5.5838382244e-01
3.7280000000e+03,2.6800000000e+02,2.5000000000e+01,5.5914419889e-01
3.7280000000e+03,2.6800000000e+02,2.6000000000e+01,5.5978995562e-01
3.7280000000e+03,2.6800000000e+02,2.7000000000e+01,5.6034111977e-01
3.7280000000e+03,2.6800000000e+02,2.8000000000e+01,5.6081455946e-01
3.7280000000e+03,2.6800000000e+02,2.9000000000e+01,5.6122356653e-01
3.7280000000e+03,2.6800000000e+02,3.0000000000e+01,5.6157928705e-01
3.7280000000e+03,2.6800000000e+02,3.1000000000e+01,5.6189090014e-01
3.7280000000e+03,3.7300000000e+02,0.0000000000e+00,2.0045175552e+00
3.7280000000e+03,3.7300000000e+02,1.0000000000e+00,6.2842994928e-01
3.7280000000e+03,3.7300000000e+02,2.0000000000e+00,3.1368914247e-01
3.7280000000e+03,3.7300000000e+02,3.0000000000e+00,2.5454026461e-01
3.7280000000e+03,3.7300000000e+02,4.0000000000e+00,2.4814215302e-01
3.7280000000e+03,3.7300000000e+02,5.0000000000e+00,2.5468111038e-01
3.7280000000e+03,3.7300000000e+02,6.0000000000e+00,2.6333510876e-01
3.7280000000e+03,3.7300000000e+02,7.0000000000e+00,2.7111107111e-01
3.7280000000e+03,3.7300000000e+02,8.0000000000e+00,2.7736943960e-01
3.7280000000e+03,3.7300000000e+02,9.0000000000e+00,2.8218528628e-01
3.7280000000e+03,3.7300000000e+02,1.0000000000e+01,2.8581520915e-01
3.7280000000e+03,3.7300000000e+02,1.1000000000e+01,2.8852513433e-01
3.7280000000e+03,3.7300000000e+02,1.2000000000e+01,2.9054069519e-01
3.7280000000e+03,3.7300000000e+02,1.3000000000e+01,2.9203921556e-01
3.7280000000e+03,3.7300000000e+02,1.4000000000e+01,2.9315537214e-01
3.7280000000e+03,3.7300000000e+02,1.5000000000e+01,2.9398950934e-01
3.7280000000e+03,3.7300000000e+02,1.6000000000e+01,2.9461580515e-01
3.7280000000e+03,3.7300000000e+02,1.7000000000e+01,2.9508891702e-01
3.7280000000e+03,3.7300000000e+02,1.8000000000e+01,2.9544889927e-01
3.7280000000e+03,3.7300000000e+02,1.9000000000e+01,2.9572516680e-01
3.7280000000e+03,3.7300000000e+02,2.0000000000e+01,2.9593938589e-01
3.7280000000e+03,3.7300000000e+02,2.1000000000e+01,2.9610753059e-01
3.7280000000e+03,3.7300000000e+02,2.2000000000e+01,2.9624134302e-01
3.7280000000e+03,3.7300000000e+02,2.3000000000e+01,2.9634958506e-01
3.7280000000e+03,3.7300000000e+02,2.4000000000e+01,2.9643857479e-01
3.7280000000e+03,3.7300000000e+02,2.5000000000e+01,2.9651325941e-01
3.7280000000e+03,3.7300000000e+02,2.6000000000e+01,2.9657721519e-01
3.7280000000e+03,3.7300000000e+02,2.7000000000e+01,2.9663300514e-01
3.7280000000e+03,3.7300000000e+02,2.8000000000e+01,2.9668271542e-01
3.7280000000e+03,3.7300000000e+02,2.9000000000e+01,2.9672783613e-01
3.7280000000e+03,3.7300000000e+02,3.0000000000e+01,2.9676952958e-01
3.7280000000e+03,3.7300000000e+02,3.1000000000e+01,2.9680854082e-01
3.7280000000e+03,5.1800000000e+02,0.0000000000e+00,2.0046143532e+00
3.7280000000e+03,5.1800000000e+02,1.0000000000e+00,5.3678369522e-01
3.7280000000e+03,5.1800000000e+02,2.0000000000e+00,2.2950565815e-01
3.7280000000e+03,5.1800000000e+02,3.0000000000e+00,1.7389273643e-01
3.7280000000e+03,5.1800000000e+02,4.0000000000e+00,1.6549840569e-01
3.7280000000e+03,5.1800000000e+02,5.0000000000e+00,1.6735045612e-01
3.7280000000e+03,5.1800000000e+02,6.0000000000e+00,1.7072540522e-01
3.7280000000e+03,5.1800000000e+02,7.0000000000e+00,1.7362307012e-01
3.7280000000e+03,5.1800000000e+02,8.0000000000e+00,1.7575186491e-01
3.7280000000e+03,5.1800000000e+02,9.0000000000e+00,1.7722924054e-01
3.7280000000e+03,5.1800000000e+02,1.0000000000e+01,1.7823047936e-01
3.7280000000e+03,5.1800000000e+02,1.1000000000e+01,1.7890286446e-01
3.7280000000e+03,5.1800000000e+02,1.2000000000e+01,1.7935381830e-01
3.7280000000e+03,5.1800000000e+02,1.3000000000e+01,1.7965735495e-01
3.7280000000e+03,5.1800000000e+02,1.4000000000e+01,1.7986324430e-01
3.7280000000e+03,5.1800000000e+02,1.5000000000e+01,1.8000444770e-01
3.7280000000e+03,5.1800000000e+02,1.6000000000e+01,1.8010279536e-01
3.7280000000e+03,5.1800000000e+02,1.7000000000e+01,1.8017274141e-01
3.7280000000e+03,5.1800000000e+02,1.8000000000e+01,1.8022370338e-01
3.7280000000e+03,5.1800000000e+02,1.9000000000e+01,1.8026205897e-01
3.7280000000e+03,5.1800000000e+02,2.0000000000e+01,1.8029195070e-01
3.7280000000e+03,5.1800000000e+02,2.1000000000e+01,1.8031616509e-01
3.7280000000e+03,5.1800000000e+02,2.2000000000e+01,1.8033656478e-01
3.7280000000e+03,5.1800000000e+02,2.3000000000e+01,1.8035437167e-01
3.7280000000e+03,5.1800000000e+02,2.4000000000e+01,1.8037045002e-01
3.7280000000e+03,5.1800000000e+02,2.5000000000e+01,1.8038535118e-01
3.7280000000e+03,5.1800000000e+02,2.6000000000e+01,1.8039947748e-01
3.7280000000e+03,5.1800000000e+02,2.7000000000e+01,1.8041306734e-01
3.7280000000e+03,5.1800000000e+02,2.8000000000e+01,1.8042628467e-01
3.7280000000e+03,5.1800000000e+02,2.9000000000e+01,1.8043927848e-01
3.7280000000e+03,5.1800000000e+02,3.0000000000e+01,1.8045210838e-01
3.7280000000e+03,5.1800000000e+02,3.1000000000e+01,1.8046484888e-01
3.7280000000e+03,7.2000000000e+02,0.0000000000e+00,1.9982594252e+00
3.7280000000e+03,7.2000000000e+02,1.0000000000e+00,4.5505887270e-01
3.7280000000e+03,7.2000000000e+02,2.0000000000e+00,1.6867673397e-01
3.7280000000e+03,7.2000000000e+02,3.0000000000e+00,1.2448620796e-01
3.7280000000e+03,7.2000000000e+02,4.0000000000e+00,1.2014207244e-01
3.7280000000e+03,7.2000000000e+02,5.0000000000e+00,1.2311700732e-01
3.7280000000e+03,7.2000000000e+02,6.0000000000e+00,1.2668332458e-01
3.7280000000e+03,7.2000000000e+02,7.0000000000e+00,1.2952823937e-01
3.7280000000e+03,7.2000000000e+02,8.0000000000e+00,1.3157041371e-01
3.7280000000e+03,7.2000000000e+02,9.0000000000e+00,1.3297811151e-01
3.7280000000e+03,7.2000000000e+02,1.0000000000e+01,1.3393132389e-01
3.7280000000e+03,7.2000000000e+02,1.1000000000e+01,1.3457183540e-01
3.7280000000e+03,7.2000000000e+02,1.2000000000e+01,1.3500139117e-01
3.7280000000e+03,7.2000000000e+02,1.3000000000e+01,1.3529007137e-01
3.7280000000e+03,7.2000000000e+02,1.4000000000e+01,1.3548533618e-01
3.7280000000e+03,7.2000000000e+02,1.5000000000e+01,1.3561892509e-01
3.7280000000e+03,7.2000000000e+02,1.6000000000e+01,1.3571187854e-01
3.7280000000e+03,7.2000000000e+02,1.7000000000e+01,1.3577817380e-01
3.7280000000e+03,7.2000000000e+02,1.8000000000e+01,1.3582700491e-01
3.7280000000e+03,7.2000000000e+02,1.9000000000e+01,1.3586440682e-01
3.7280000000e+03,7.2000000000e+02,2.0000000000e+01,1.3589435816e-01
3.7280000000e+03,7.2000000000e+02,2.1000000000e+01,1.3591948152e-01
3.7280000000e+03,7.2000000000e+02,2.2000000000e+01,1.3594146073e-01
3.7280000000e+03,7.2000000000e+02,2.3000000000e+01,1.3596142828e-01
3.7280000000e+03,7.2000000000e+02,2.4000000000e+01,1.3598008454e-01
3.7280000000e+03,7.2000000000e+02,2.5000000000e+01,1.3599792123e-01
3.7280000000e+03,7.2000000000e+02,2.6000000000e+01,1.3601523638e-01
3.7280000000e+03,7.2000000000e+02,2.7000000000e+01,1.3603222370e-01
3.7280000000e+03,7.2000000000e+02,2.8000000000e+01,1.3604900241e-01
3.7280000000e+03,7.2000000000e+02,2.9000000000e+01,1.3606566191e-01
3.7280000000e+03,7.2000000000e+02,3.0000000000e+01,1.3608224690e-01
3.7280000000e+03,7.2000000000e+02,3.1000000000e+01,1.3609880209e-01
3.7280000000e+03,1.0000000000e+03,0.0000000000e+00,1.9976212978e+00
3.7280000000e+03,1.0000000000e+03,1.0000000000e+00,4.3289300799e-01
3.7280000000e+03,1.0000000000e+03,2.0000000000e+00,1.9536463916e-01
3.7280000000e+03,1.0000000000e+03,3.0000000000e+00,1.6646635532e-01
3.7280000000e+03,1.0000000000e+03,4.0000000000e+00,1.6647939384e-01
3.7280000000e+03,1.0000000000e+03,5.0000000000e+00,1.7082071304e-01
3.7280000000e+03,1.0000000000e+03,6.0000000000e+00,1.7544820905e-01
3.7280000000e+03,1.0000000000e+03,7.0000000000e+00,1.8022802472e-01
3.7280000000e+03,1.0000000000e+03,8.0000000000e+00,1.8560186028e-01
3.7280000000e+03,1.0000000000e+03,9.0000000000e+00,1.9197583199e-01
3.7280000000e+03,1.0000000000e+03,1.0000000000e+01,1.9964376092e-01
3.7280000000e+03,1.0000000000e+03,1.1000000000e+01,2.0880839229e-01
3.7280000000e+03,1.0000000000e+03,1.2000000000e+01,2.1961227059e-01
3.7280000000e+03,1.0000000000e+03,1.3000000000e+01,2.3216167092e-01
3.7280000000e+03,1.0000000000e+03,1.4000000000e+01,2.4654242396e-01
3.7280000000e+03,1.0000000000e+03,1.5000000000e+01,2.6282960176e-01
3.7280000000e+03,1.0000000000e+03,1.6000000000e+01,2.8109353781e-01
3.7280000000e+03,1.0000000000e+03,1.7000000000e+01,3.0140268803e-01
3.7280000000e+03,1.0000000000e+03,1.8000000000e+01,3.2382595539e-01
3.7280000000e+03,1.0000000000e+03,1.9000000000e+01,3.4843313694e-01
3.7280000000e+03,1.0000000000e+03,2.0000000000e+01,3.7529581785e-01
3.7280000000e+03,1.0000000000e+03,2.1000000000e+01,4.0448719263e-01
3.7280000000e+03,1.0000000000e+03,2.2000000000e+01,4.3608257174e-01
3.7280000000e+03,1.0000000000e+03,2.3000000000e+01,4.7015932202e-01
3.7280000000e+03,1.0000000000e+03,2.4000000000e+01,5.0679659843e-01
3.7280000000e+03,1.0000000000e+03,2.5000000000e+01,5.4607582092e-01
3.7280000000e+03,1.0000000000e+03,2.6000000000e+01,5.8808052540e-01
3.7280000000e+03,1.0000000000e+03,2.7000000000e+01,6.3289636374e-01
3.7280000000e+03,1.0000000000e+03,2.8000000000e+01,6.8061119318e-01
3.7280000000e+03,1.0000000000e+03,2.9000000000e+01,7.3131501675e-01
3.7280000000e+03,1.0000000000e+03,3.0000000000e+01,7.8510010242e-01
3.7280000000e+03,1.0000000000e+03,3.1000000000e+01,8.4206128120e-01
6.1050000000e+03,1.0000000000e+01,0.0000000000e+00,2.0036737919e+00
6.1050000000e+03,1.0000000000e+01,1.0000000000e+00,1.8768514395e+00
6.1050000000e+03,1.0000000000e+01,2.0000000000e+00,1.9105577469e+00
6.1050000000e+03,1.0000000000e+01,3.0000000000e+00,1.9994730949e+00
6.1050000000e+03,1.0000000000e+01,4.0000000000e+00,2.0960030556e+00
6.1050000000e+03,1.0000000000e+01,5.0000000000e+00,2.1859319210e+00
6.1050000000e+03,1.0000000000e+01,6.0000000000e+00,2.2665622234e+00
6.1050000000e+03,1.0000000000e+01,7.0000000000e+00,2.3386683464e+00
6.1050000000e+03,1.0000000000e+01,8.0000000000e+00,2.4037733078e+00
6.1050000000e+03,1.0000000000e+01,9.0000000000e+00,2.4633443356e+00
6.1050000000e+03,1.0000000000e+01,1.0000000000e+01,2.5186095238e+00
6.1050000000e+03,1.0000000000e+01,1.1000000000e+01,2.5705525875e+00
6.1050000000e+03,1.0000000000e+01,1.2000000000e+01,2.6199510098e+00
6.1050000000e+03,1.0000000000e+01,1.3000000000e+01,2.6674232483e+00
6.1050000000e+03,1.0000000000e+01,1.4000000000e+01,2.7134616375e+00
6.1050000000e+03,1.0000000000e+01,1.5000000000e+01,2.7584638596e+00
6.1050000000e+03,1.0000000000e+01,1.6000000000e+01,2.8027544022e+00
6.1050000000e+03,1.0000000000e+01,1.7000000000e+01,2.8465986252e+00
6.1050000000e+03,1.0000000000e+01,1.8000000000e+01,2.8902173042e+00
6.1050000000e+03,1.0000000000e+01,1.9000000000e+01,2.9337954521e+00
6.1050000000e+03,1.0000000000e+01,2.0000000000e+01,2.9774889946e+00
6.1050000000e+03,1.0000000000e+01,2.1000000000e+01,3.0214304924e+00
6.1050000000e+03,1.0000000000e+01,2.2000000000e+01,3.0657334328e+00
6.1050000000e+03,1.0000000000e+01,2.3000000000e+01,3.1104960442e+00
6.1050000000e+03,1.0000000000e+01,2.4000000000e+01,3.1558027267e+00
6.1050000000e+03,1.0000000000e+01,2.5000000000e+01,3.2017283440e+00
6.1050000000e+03,1.0000000000e+01,2.6000000000e+01,3.2483372688e+00
6.1050000000e+03,1.0000000000e+01,2.7000000000e+01,3.2956864834e+00
6.1050000000e+03,1.0000000000e+01,2.8000000000e+01,3.3438272476e+00
6.1050000000e+03,1.0000000000e+01,2.9000000000e+01,3.3928046227e+00
6.1050000000e+03,1.0000000000e+01,3.0000000000e+01,3.4426577091e+00
6.1050000000e+03,1.0000000000e+01,3.1000000000e+01,3.4934234619e+00
6.1050000000e+03,1.4000000000e+01,0.0000000000e+00,1.9982044697e+00
6.1050000000e+03,1.4000000000e+01,1.0000000000e+00,1.8136430979e+00
6.1050000000e+03,1.4000000000e+01,2.0000000000e+00,1.8441798687e+00
6.1050000000e+03,1.4000000000e+01,3.0000000000e+00,1.9644147158e+00
6.1050000000e+03,1.4000000000e+01,4.0000000000e+00,2.1109569073e+00
6.1050000000e+03,1.4000000000e+01,5.0000000000e+00,2.2577519417e+00
6.1050000000e+03,1.4000000000e+01,6.0000000000e+00,2.3951551914e+00
6.1050000000e+03,1.4000000000e+01,7.0000000000e+00,2.5207934380e+00
6.1050000000e+03,1.4000000000e+01,8.0000000000e+00,2.6351256371e+00
6.1050000000e+03,1.4000000000e+01,9.0000000000e+00,2.7395133972e+00
6.1050000000e+03,1.4000000000e+01,1.0000000000e+01,2.8354678154e+00
6.1050000000e+03,1.4000000000e+01,1.1000000000e+01,2.9243776798e+00
6.1050000000e+03,1.4000000000e+01,1.2000000000e+01,3.0074417591e+00
6.1050000000e+03,1.4000000000e+01,1.3000000000e+01,3.0856673717e+00
6.1050000000e+03,1.4000000000e+01,1.4000000000e+01,3.1598911285e+00
6.1050000000e+03,1.4000000000e+01,1.5000000000e+01,3.2308087349e+00
6.1050000000e+03,1.4000000000e+01,1.6000000000e+01,3.2989993095e+00
6.1050000000e+03,1.4000000000e+01,1.7000000000e+01,3.3649492264e+00
6.1050000000e+03,1.4000000000e+01,1.8000000000e+01,3.4290661812e+00
6.1050000000e+03,1.4000000000e+01,1.9000000000e+01,3.4916958809e+00
6.1050000000e+03,1.4000000000e+01,2.0000000000e+01,3.5531330109e+00
6.1050000000e+03,1.4000000000e+01,2.1000000000e+01,3.6136312485e+00
6.1050000000e+03,1.4000000000e+01,2.2000000000e+01,3.6734075546e+00
6.1050000000e+03,1.4000000000e+01,2.3000000000e+01,3.7326507568e+00
6.1050000000e+03,1.4000000000e+01,2.4000000000e+01,3.7915263176e+00
6.1050000000e+03,1.4000000000e+01,2.5000000000e+01,3.8501784801e+00
6.1050000000e+03,1.4000000000e+01,2.6000000000e+01,3.9087336063e+00
6.1050000000e+03,1.4000000000e+01,2.7000000000e+01,3.9673047066e+00
6.1050000000e+03,1.4000000000e+01,2.8000000000e+01,4.0259909630e+00
6.1050000000e+03,1.4000000000e+01,2.9000000000e+01,4.0848813057e+00
6.1050000000e+03,1.4000000000e+01,3.0000000000e+01,4.1440553665e+00
6.1050000000e+03,1.4000000000e+01,3.1000000000e+01,4.2035846710e+00
6.1050000000e+03,1.9000000000e+01,0.0000000000e+00,1.9962199926e+00
6.1050000000e+03,1.9000000000e+01,1.0000000000e+00,1.7529689074e+00
6.1050000000e+03,1.9000000000e+01,2.0000000000e+00,1.7749900818e+00
6.1050000000e+03,1.9000000000e+01,3.0000000000e+00,1.9197587967e+00
6.1050000000e+03,1.9000000000e+01,4.0000000000e+00,2.1138408184e+00
6.1050000000e+03,1.9000000000e+01,5.0000000000e+00,2.3227019310e+00
6.1050000000e+03,1.9000000000e+01,6.0000000000e+00,2.5288953781e+00
6.1050000000e+03,1.9000000000e+01,7.0000000000e+00,2.7246701717e+00
6.1050000000e+03,1.9000000000e+01,8.0000000000e+00,2.9073891640e+00
6.1050000000e+03,1.9000000000e+01,9.0000000000e+00,3.0768842697e+00
6.1050000000e+03,1.9000000000e+01,1.0000000000e+01,3.2340540886e+00
6.1050000000e+03,1.9000000000e+01,1.1000000000e+01,3.3801779747e+00
6.1050000000e+03,1.9000000000e+01,1.2000000000e+01,3.5165953636e+00
6.1050000000e+03,1.9000000000e+01,1.3000000000e+01,3.6445691586e+00
6.1050000000e+03,1.9000000000e+01,1.4000000000e+01,3.7652342319e+00
6.1050000000e+03,1.9000000000e+01,1.5000000000e+01,3.8795871735e+00
6.1050000000e+03,1.9000000000e+01,1.6000000000e+01,3.9884941578e+00
6.1050000000e+03,1.9000000000e+01,1.7000000000e+01,4.0927038193e+00
6.1050000000e+03,1.9000000000e+01,1.8000000000e+01,4.1928639412e+00
6.1050000000e+03,1.9000000000e+01,1.9000000000e+01,4.2895340919e+00
6.1050000000e+03,1.9000000000e+01,2.0000000000e+01,4.3831992149e+00
6.1050000000e+03,1.9000000000e+01,2.1000000000e+01,4.4742822647e+00
6.1050000000e+03,1.9000000000e+01,2.2000000000e+01,4.5631513596e+00
6.1050000000e+03,1.9000000000e+01,2.3000000000e+01,4.6501293182e+00
6.1050000000e+03,1.9000000000e+01,2.4000000000e+01,4.7355008125e+00
6.1050000000e+03,1.9000000000e+01,2.5000000000e+01,4.8195161819e+00
6.1050000000e+03,1.9000000000e+01,2.6000000000e+01,4.9023981094e+00
6.1050000000e+03,1.9000000000e+01,2.7000000000e+01,4.9843444824e+00
6.1050000000e+03,1.9000000000e+01,2.8000000000e+01,5.0655307770e+00
6.1050000000e+03,1.9000000000e+01,2.9000000000e+01,5.1461153030e+00
6.1050000000e+03,1.9000000000e+01,3.0000000000e+01,5.2262396812e+00
6.1050000000e+03,1.9000000000e+01,3.1000000000e+01,5.3060326576e+00
6.1050000000e+03,2.7000000000e+01,0.0000000000e+00,1.9915527105e+00
6.1050000000e+03,2.7000000000e+01,1.0000000000e+00,1.6590545177e+00
6.1050000000e+03,2.7000000000e+01,2.0000000000e+00,1.6722776890e+00
6.1050000000e+03,2.7000000000e+01,3.0000000000e+00,1.8487763405e+00
6.1050000000e+03,2.7000000000e+01,4.0000000000e+00,2.1039509773e+00
6.1050000000e+03,2.7000000000e+01,5.0000000000e+00,2.3972158432e+00
6.1050000000e+03,2.7000000000e+01,6.0000000000e+00,2.7043163776e+00
6.1050000000e+03,2.7000000000e+01,7.0000000000e+00,3.0107793808e+00
6.1050000000e+03,2.7000000000e+01,8.0000000000e+00,3.3085374832e+00
6.1050000000e+03,2.7000000000e+01,9.0000000000e+00,3.5935685635e+00
6.1050000000e+03,2.7000000000e+01,1.0000000000e+01,3.8642799854e+00
6.1050000000e+03,2.7000000000e+01,1.1000000000e+01,4.1204690933e+00
6.1050000000e+03,2.7000000000e+01,1.2000000000e+01,4.3626813889e+00
6.1050000000e+03,2.7000000000e+01,1.3000000000e+01,4.5918302536e+00
6.1050000000e+03,2.7000000000e+01,1.4000000000e+01,4.8089766502e+00
6.1050000000e+03,2.7000000000e+01,1.5000000000e+01,5.0152139664e+00
6.1050000000e+03,2.7000000000e+01,1.6000000000e+01,5.2115964890e+00
6.1050000000e+03,2.7000000000e+01,1.7000000000e+01,5.3991112709e+00
6.1050000000e+03,2.7000000000e+01,1.8000000000e+01,5.5786657333e+00
6.1050000000e+03,2.7000000000e+01,1.9000000000e+01,5.7510824203e+00
6.1050000000e+03,2.7000000000e+01,2.0000000000e+01,5.9171047211e+00
6.1050000000e+03,2.7000000000e+01,2.1000000000e+01,6.0774002075e+00
6.1050000000e+03,2.7000000000e+01,2.2000000000e+01,6.2325673103e+00
6.1050000000e+03,2.7000000000e+01,2.3000000000e+01,6.3831439018e+00
6.1050000000e+03,2.7000000000e+01,2.4000000000e+01,6.5296130180e+00
6.1050000000e+03,2.7000000000e+01,2.5000000000e+01,6.6724085808e+00
6.1050000000e+03,2.7000000000e+01,2.6000000000e+01,6.8119201660e+00
6.1050000000e+03,2.7000000000e+01,2.7000000000e+01,6.9484987259e+00
6.1050000000e+03,2.7000000000e+01,2.8000000000e+01,7.0824651718e+00
6.1050000000e+03,2.7000000000e+01,2.9000000000e+01,7.2141046524e+00
6.1050000000e+03,2.7000000000e+01,3.0000000000e+01,7.3436779976e+00
6.1050000000e+03,2.7000000000e+01,3.1000000000e+01,7.4714255333e+00
6.1050000000e+03,3.7000000000e+01,0.0000000000e+00,2.0062010288e+00
6.1050000000e+03,3.7000000000e+01,1.0000000000e+00,1.5778092146e+00
6.1050000000e+03,3.7000000000e+01,2.0000000000e+00,1.5721762180e+00
6.1050000000e+03,3.7000000000e+01,3.0000000000e+00,1.7615891695e+00
6.1050000000e+03,3.7000000000e+01,4.0000000000e+00,2.0502581596e+00
6.1050000000e+03,3.7000000000e+01,5.0000000000e+00,2.3971388340e+00
6.1050000000e+03,3.7000000000e+01,6.0000000000e+00,2.7769360542e+00
6.1050000000e+03,3.7000000000e+01,7.0000000000e+00,3.1727063656e+00
6.1050000000e+03,3.7000000000e+01,8.0000000000e+00,3.5729258060e+00
6.1050000000e+03,3.7000000000e+01,9.0000000000e+00,3.9699416161e+00
6.1050000000e+03,3.7000000000e+01,1.0000000000e+01,4.3588671684e+00
6.1050000000e+03,3.7000000000e+01,1.1000000000e+01,4.7367610931e+00
6.1050000000e+03,3.7000000000e+01,1.2000000000e+01,5.1020154953e+00
6.1050000000e+03,3.7000000000e+01,1.3000000000e+01,5.4539265633e+00
6.1050000000e+03,3.7000000000e+01,1.4000000000e+01,5.7923746109e+00
6.1050000000e+03,3.7000000000e+01,1.5000000000e+01,6.1176180840e+00
6.1050000000e+03,3.7000000000e+01,1.6000000000e+01,6.4301452637e+00
6.1050000000e+03,3.7000000000e+01,1.7000000000e+01,6.7305774689e+00
6.1050000000e+03,3.7000000000e+01,1.8000000000e+01,7.0195999146e+00
6.1050000000e+03,3.7000000000e+01,1.9000000000e+01,7.2979249954e+00
6.1050000000e+03,3.7000000000e+01,2.0000000000e+01,7.5662598610e+00
6.1050000000e+03,3.7000000000e+01,2.1000000000e+01,7.8252916336e+00
6.1050000000e+03,3.7000000000e+01,2.2000000000e+01,8.0756769180e+00
6.1050000000e+03,3.7000000000e+01,2.3000000000e+01,8.3180398941e+00
6.1050000000e+03,3.7000000000e+01,2.4000000000e+01,8.5529613495e+00
6.1050000000e+03,3.7000000000e+01,2.5000000000e+01,8.7809867859e+00
6.1050000000e+03,3.7000000000e+01,2.6000000000e+01,9.0026235580e+00
6.1050000000e+03,3.7000000000e+01,2.7000000000e+01,9.2183427811e+00
6.1050000000e+03,3.7000000000e+01,2.8000000000e+01,9.4285812378e+00
6.1050000000e+03,3.7000000000e+01,2.9000000000e+01,9.6337432861e+00
6.1050000000e+03,3.7000000000e+01,3.0000000000e+01,9.8342037201e+00
6.1050000000e+03,3.7000000000e+01,3.1000000000e+01,1.0030308723e+01
6.1050000000e+03,5.2000000000e+01,0.0000000000e+00,1.9935439825e+00
6.1050000000e+03,5.2000000000e+01,1.0000000000e+00,1.4502671957e+00
6.1050000000e+03,5.2000000000e+01,2.0000000000e+00,1.4141243696e+00
6.1050000000e+03,5.2000000000e+01,3.0000000000e+00,1.5973156691e+00
6.1050000000e+03,5.2000000000e+01,4.0000000000e+00,1.8881430626e+00
6.1050000000e+03,5.2000000000e+01,5.0000000000e+00,2.2459156513e+00
6.1050000000e+03,5.2000000000e+01,6.0000000000e+00,2.6475915909e+00
6.1050000000e+03,5.2000000000e+01,7.0000000000e+00,3.0782542229e+00
6.1050000000e+03,5.2000000000e+01,8.0000000000e+00,3.5271530151e+00
6.1050000000e+03,5.2000000000e+01,9.0000000000e+00,3.9863841534e+00
6.1050000000e+03,5.2000000000e+01,1.0000000000e+01,4.4500174522e+00
6.1050000000e+03,5.2000000000e+01,1.1000000000e+01,4.9136319160e+00
6.1050000000e+03,5.2000000000e+01,1.2000000000e+01,5.3739538193e+00
6.1050000000e+03,5.2000000000e+01,1.3000000000e+01,5.8286008835e+00
6.1050000000e+03,5.2000000000e+01,1.4000000000e+01,6.2758731842e+00
6.1050000000e+03,5.2000000000e+01,1.5000000000e+01,6.7146000862e+00
6.1050000000e+03,5.2000000000e+01,1.6000000000e+01,7.1440114975e+00
6.1050000000e+03,5.2000000000e+01,1.7000000000e+01,7.5636439323e+00
6.1050000000e+03,5.2000000000e+01,1.8000000000e+01,7.9732646942e+00
6.1050000000e+03,5.2000000000e+01,1.9000000000e+01,8.3728122711e+00
6.1050000000e+03,5.2000000000e+01,2.0000000000e+01,8.7623519897e+00
6.1050000000e+03,5.2000000000e+01,2.1000000000e+01,9.1420402527e+00
6.1050000000e+03,5.2000000000e+01,2.2000000000e+01,9.5121021271e+00
6.1050000000e+03,5.2000000000e+01,2.3000000000e+01,9.8728065491e+00
6.1050000000e+03,5.2000000000e+01,2.4000000000e+01,1.0224454880e+01
6.1050000000e+03,5.2000000000e+01,2.5000000000e+01,1.0567362785e+01
6.1050000000e+03,5.2000000000e+01,2.6000000000e+01,1.0901863098e+01
6.1050000000e+03,5.2000000000e+01,2.7000000000e+01,1.1228284836e+01
6.1050000000e+03,5.2000000000e+01,2.8000000000e+01,1.1546959877e+01
6.1050000000e+03,5.2000000000e+01,2.9000000000e+01,1.1858218193e+01
6.1050000000e+03,5.2000000000e+01,3.0000000000e+01,1.2162375450e+01
6.1050000000e+03,5.2000000000e+01,3.1000000000e+01,1.2459744453e+01
6.1050000000e+03,7.2000000000e+01,0.0000000000e+00,2.0029919147e+00
6.1050000000e+03,7.2000000000e+01,1.0000000000e+00,1.3207635880e+00
6.1050000000e+03,7.2000000000e+01,2.0000000000e+00,1.2280708551e+00
6.1050000000e+03,7.2000000000e+01,3.0000000000e+00,1.3690112829e+00
6.1050000000e+03,7.2000000000e+01,4.0000000000e+00,1.6114422083e+00
6.1050000000e+03,7.2000000000e+01,5.0000000000e+00,1.9137026072e+00
6.1050000000e+03,7.2000000000e+01,6.0000000000e+00,2.2548789978e+00
6.1050000000e+03,7.2000000000e+01,7.0000000000e+00,2.6230363846e+00
6.1050000000e+03,7.2000000000e+01,8.0000000000e+00,3.0102047920e+00
6.1050000000e+03,7.2000000000e+01,9.0000000000e+00,3.4108476639e+00
6.1050000000e+03,7.2000000000e+01,1.0000000000e+01,3.8208363056e+00
6.1050000000e+03,7.2000000000e+01,1.1000000000e+01,4.2370457649e+00
6.1050000000e+03,7.2000000000e+01,1.2000000000e+01,4.6570301056e+00
6.1050000000e+03,7.2000000000e+01,1.3000000000e+01,5.0788712502e+00
6.1050000000e+03,7.2000000000e+01,1.4000000000e+01,5.5010390282e+00
6.1050000000e+03,7.2000000000e+01,1.5000000000e+01,5.9223179817e+00
6.1050000000e+03,7.2000000000e+01,1.6000000000e+01,6.3417382240e+00
6.1050000000e+03,7.2000000000e+01,1.7000000000e+01,6.7585277557e+00
6.1050000000e+03,7.2000000000e+01,1.8000000000e+01,7.1720767021e+00
6.1050000000e+03,7.2000000000e+01,1.9000000000e+01,7.5819082260e+00
6.1050000000e+03,7.2000000000e+01,2.0000000000e+01,7.9876499176e+00
6.1050000000e+03,7.2000000000e+01,2.1000000000e+01,8.3890209198e+00
6.1050000000e+03,7.2000000000e+01,2.2000000000e+01,8.7858095169e+00
6.1050000000e+03,7.2000000000e+01,2.3000000000e+01,9.1778717041e+00
6.1050000000e+03,7.2000000000e+01,2.4000000000e+01,9.5651044846e+00
6.1050000000e+03,7.2000000000e+01,2.5000000000e+01,9.9474496841e+00
6.1050000000e+03,7.2000000000e+01,2.6000000000e+01,1.0324882507e+01
6.1050000000e+03,7.2000000000e+01,2.7000000000e+01,1.0697404861e+01
6.1050000000e+03,7.2000000000e+01,2.8000000000e+01,1.1065038681e+01
6.1050000000e+03,7.2000000000e+01,2.9000000000e+01,1.1427830696e+01
6.1050000000e+03,7.2000000000e+01,3.0000000000e+01,1.1785833359e+01
6.1050000000e+03,7.2000000000e+01,3.1000000000e+01,1.2139121056e+01
6.1050000000e+03,1.0000000000e+02,0.0000000000e+00,2.0006108284e+00
6.1050000000e+03,1.0000000000e+02,1.0000000000e+00,1.2120912075e+00
6.1050000000e+03,1.0000000000e+02,2.0000000000e+00,1.0267715454e+00
6.1050000000e+03,1.0000000000e+02,3.0000000000e+00,1.0593004227e+00
6.1050000000e+03,1.0000000000e+02,4.0000000000e+00,1.1736873388e+00
6.1050000000e+03,1.0000000000e+02,5.0000000000e+00,1.3295534849e+00
6.1050000000e+03,1.0000000000e+02,6.0000000000e+00,1.5086760521e+00
6.1050000000e+03,1.0000000000e+02,7.0000000000e+00,1.7016465664e+00
6.1050000000e+03,1.0000000000e+02,8.0000000000e+00,1.9029649496e+00
6.1050000000e+03,1.0000000000e+02,9.0000000000e+00,2.1092455387e+00
6.1050000000e+03,1.0000000000e+02,1.0000000000e+01,2.3182549477e+00
6.1050000000e+03,1.0000000000e+02,1.1000000000e+01,2.5284967422e+00
6.1050000000e+03,1.0000000000e+02,1.2000000000e+01,2.7389152050e+00
6.1050000000e+03,1.0000000000e+02,1.3000000000e+01,2.9487714767e+00
6.1050000000e+03,1.0000000000e+02,1.4000000000e+01,3.1575250626e+00
6.1050000000e+03,1.0000000000e+02,1.5000000000e+01,3.3647911549e+00
6.1050000000e+03,1.0000000000e+02,1.6000000000e+01,3.5702865124e+00
6.1050000000e+03,1.0000000000e+02,1.7000000000e+01,3.7738080025e+00
6.1050000000e+03,1.0000000000e+02,1.8000000000e+01,3.9752097130e+00
6.1050000000e+03,1.0000000000e+02,1.9000000000e+01,4.1743917465e+00
6.1050000000e+03,1.0000000000e+02,2.0000000000e+01,4.3712859154e+00
6.1050000000e+03,1.0000000000e+02,2.1000000000e+01,4.5658512115e+00
6.1050000000e+03,1.0000000000e+02,2.2000000000e+01,4.7580661774e+00
6.1050000000e+03,1.0000000000e+02,2.3000000000e+01,4.9479255676e+00
6.1050000000e+03,1.0000000000e+02,2.4000000000e+01,5.1354351044e+00
6.1050000000e+03,1.0000000000e+02,2.5000000000e+01,5.3206119537e+00
6.1050000000e+03,1.0000000000e+02,2.6000000000e+01,5.5034790039e+00
6.1050000000e+03,1.0000000000e+02,2.7000000000e+01,5.6840653419e+00
6.1050000000e+03,1.0000000000e+02,2.8000000000e+01,5.8624057770e+00
6.1050000000e+03,1.0000000000e+02,2.9000000000e+01,6.0385360718e+00
6.1050000000e+03,1.0000000000e+02,3.0000000000e+01,6.2124967575e+00
6.1050000000e+03,1.0000000000e+02,3.1000000000e+01,6.3843283653e+00
6.1050000000e+03,1.3900000000e+02,0.0000000000e+00,2.0052425861e+00
6.1050000000e+03,1.3900000000e+02,1.0000000000e+00,1.0196700096e+00
6.1050000000e+03,1.3900000000e+02,2.0000000000e+00,7.9990506172e-01
6.1050000000e+03,1.3900000000e+02,3.0000000000e+00,8.1696784496e-01
6.1050000000e+03,1.3900000000e+02,4.0000000000e+00,9.0510898829e-01
6.1050000000e+03,1.3900000000e+02,5.0000000000e+00,1.0213260651e+00
6.1050000000e+03,1.3900000000e+02,6.0000000000e+00,1.1479693651e+00
6.1050000000e+03,1.3900000000e+02,7.0000000000e+00,1.2772126198e+00
6.1050000000e+03,1.3900000000e+02,8.0000000000e+00,1.4050673246e+00
6.1050000000e+03,1.3900000000e+02,9.0000000000e+00,1.5295314789e+00
6.1050000000e+03,1.3900000000e+02,1.0000000000e+01,1.6495780945e+00
6.1050000000e+03,1.3900000000e+02,1.1000000000e+01,1.7647417784e+00
6.1050000000e+03,1.3900000000e+02,1.2000000000e+01,1.8748576641e+00
6.1050000000e+03,1.3900000000e+02,1.3000000000e+01,1.9799461365e+00
6.1050000000e+03,1.3900000000e+02,1.4000000000e+01,2.0801248550e+00
6.1050000000e+03,1.3900000000e+02,1.5000000000e+01,2.1755738258e+00
6.1050000000e+03,1.3900000000e+02,1.6000000000e+01,2.2664990425e+00
6.1050000000e+03,1.3900000000e+02,1.7000000000e+01,2.3531241417e+00
6.1050000000e+03,1.3900000000e+02,1.8000000000e+01,2.4356729984e+00
6.1050000000e+03,1.3900000000e+02,1.9000000000e+01,2.5143690109e+00
6.1050000000e+03,1.3900000000e+02,2.0000000000e+01,2.5894269943e+00
6.1050000000e+03,1.3900000000e+02,2.1000000000e+01,2.6610536575e+00
6.1050000000e+03,1.3900000000e+02,2.2000000000e+01,2.7294447422e+00
6.1050000000e+03,1.3900000000e+02,2.3000000000e+01,2.7947862148e+00
6.1050000000e+03,1.3900000000e+02,2.4000000000e+01,2.8572530746e+00
6.1050000000e+03,1.3900000000e+02,2.5000000000e+01,2.9170093536e+00
6.1050000000e+03,1.3900000000e+02,2.6000000000e+01,2.9742090702e+00
6.1050000000e+03,1.3900000000e+02,2.7000000000e+01,3.0289967060e+00
6.1050000000e+03,1.3900000000e+02,2.8000000000e+01,3.0815076828e+00
6.1050000000e+03,1.3900000000e+02,2.9000000000e+01,3.1318681240e+00
6.1050000000e+03,1.3900000000e+02,3.0000000000e+01,3.1801965237e+00
6.1050000000e+03,1.3900000000e+02,3.1000000000e+01,3.2266037464e+00
6.1050000000e+03,1.9300000000e+02,0.0000000000e+00,2.0084805489e+00
6.1050000000e+03,1.9300000000e+02,1.0000000000e+00,8.8491404057e-01
6.1050000000e+03,1.9300000000e+02,2.0000000000e+00,6.0464459658e-01
6.1050000000e+03,1.9300000000e+02,3.0000000000e+00,5.7002556324e-01
6.1050000000e+03,1.9300000000e+02,4.0000000000e+00,6.0033357143e-01
6.1050000000e+03,1.9300000000e+02,5.0000000000e+00,6.5174663067e-01
6.1050000000e+03,1.9300000000e+02,6.0000000000e+00,7.0830398798e-01
6.1050000000e+03,1.9300000000e+02,7.0000000000e+00,7.6377815008e-01
6.1050000000e+03,1.9300000000e+02,8.0000000000e+00,8.1568115950e-01
6.1050000000e+03,1.9300000000e+02,9.0000000000e+00,8.6312967539e-01
6.1050000000e+03,1.9300000000e+02,1.0000000000e+01,9.0597814322e-01
6.1050000000e+03,1.9300000000e+02,1.1000000000e+01,9.4440943003e-01
6.1050000000e+03,1.9300000000e+02,1.2000000000e+01,9.7875040770e-01
6.1050000000e+03,1.9300000000e+02,1.3000000000e+01,1.0093767643e+00
6.1050000000e+03,1.9300000000e+02,1.4000000000e+01,1.0366677046e+00
6.1050000000e+03,1.9300000000e+02,1.5000000000e+01,1.0609831810e+00
6.1050000000e+03,1.9300000000e+02,1.6000000000e+01,1.0826553106e+00
6.1050000000e+03,1.9300000000e+02,1.7000000000e+01,1.1019837856e+00
6.1050000000e+03,1.9300000000e+02,1.8000000000e+01,1.1192373037e+00
6.1050000000e+03,1.9300000000e+02,1.9000000000e+01,1.1346536875e+00
6.1050000000e+03,1.9300000000e+02,2.0000000000e+01,1.1484441757e+00
6.1050000000e+03,1.9300000000e+02,2.1000000000e+01,1.1607943773e+00
6.1050000000e+03,1.9300000000e+02,2.2000000000e+01,1.1718686819e+00
6.1050000000e+03,1.9300000000e+02,2.3000000000e+01,1.1818112135e+00
6.1050000000e+03,1.9300000000e+02,2.4000000000e+01,1.1907490492e+00
6.1050000000e+03,1.9300000000e+02,2.5000000000e+01,1.1987943649e+00
6.1050000000e+03,1.9300000000e+02,2.6000000000e+01,1.2060453892e+00
6.1050000000e+03,1.9300000000e+02,2.7000000000e+01,1.2125895023e+00
6.1050000000e+03,1.9300000000e+02,2.8000000000e+01,1.2185033560e+00
6.1050000000e+03,1.9300000000e+02,2.9000000000e+01,1.2238548994e+00
6.1050000000e+03,1.9300000000e+02,3.0000000000e+01,1.2287038565e+00
6.1050000000e+03,1.9300000000e+02,3.1000000000e+01,1.2331036329e+00
6.1050000000e+03,2.6800000000e+02,0.0000000000e+00,2.0070290565e+00
6.1050000000e+03,2.6800000000e+02,1.0000000000e+00,7.4618291855e-01
6.1050000000e+03,2.6800000000e+02,2.0000000000e+00,4.3867549300e-01
6.1050000000e+03,2.6800000000e+02,3.0000000000e+00,3.8145333529e-01
6.1050000000e+03,2.6800000000e+02,4.0000000000e+00,3.8353735209e-01
6.1050000000e+03,2.6800000000e+02,5.0000000000e+00,4.0224167705e-01
6.1050000000e+03,2.6800000000e+02,6.0000000000e+00,4.2417302728e-01
6.1050000000e+03,2.6800000000e+02,7.0000000000e+00,4.4489404559e-01
6.1050000000e+03,2.6800000000e+02,8.0000000000e+00,4.6303364635e-01
6.1050000000e+03,2.6800000000e+02,9.0000000000e+00,4.7838085890e-01
6.1050000000e+03,2.6800000000e+02,1.0000000000e+01,4.9114421010e-01
6.1050000000e+03,2.6800000000e+02,1.1000000000e+01,5.0166422129e-01
6.1050000000e+03,2.6800000000e+02,1.2000000000e+01,5.1029551029e-01
6.1050000000e+03,2.6800000000e+02,1.3000000000e+01,5.1736259460e-01
6.1050000000e+03,2.6800000000e+02,1.4000000000e+01,5.2314579487e-01
6.1050000000e+03,2.6800000000e+02,1.5000000000e+01,5.2788043022e-01
6.1050000000e+03,2.6800000000e+02,1.6000000000e+01,5.3176063299e-01
6.1050000000e+03,2.6800000000e+02,1.7000000000e+01,5.3494548798e-01
6.1050000000e+03,2.6800000000e+02,1.8000000000e+01,5.3756439686e-01
6.1050000000e+03,2.6800000000e+02,1.9000000000e+01,5.3972226381e-01
6.1050000000e+03,2.6800000000e+02,2.0000000000e+01,5.4150426388e-01
6.1050000000e+03,2.6800000000e+02,2.1000000000e+01,5.4297953844e-01
6.1050000000e+03,2.6800000000e+02,2.2000000000e+01,5.4420399666e-01
6.1050000000e+03,2.6800000000e+02,2.3000000000e+01,5.4522311687e-01
6.1050000000e+03,2.6800000000e+02,2.4000000000e+01,5.4607373476e-01
6.1050000000e+03,2.6800000000e+02,2.5000000000e+01,5.4678606987e-01
6.1050000000e+03,2.6800000000e+02,2.6000000000e+01,5.4738444090e-01
6.1050000000e+03,2.6800000000e+02,2.7000000000e+01,5.4788893461e-01
6.1050000000e+03,2.6800000000e+02,2.8000000000e+01,5.4831600189e-01
6.1050000000e+03,2.6800000000e+02,2.9000000000e+01,5.4867887497e-01
6.1050000000e+03,2.6800000000e+02,3.0000000000e+01,5.4898864031e-01
6.1050000000e+03,2.6800000000e+02,3.1000000000e+01,5.4925441742e-01
6.1050000000e+03,3.7300000000e+02,0.0000000000e+00,2.0056688786e+00
6.1050000000e+03,3.7300000000e+02,1.0000000000e+00,6.3406854868e-01
6.1050000000e+03,3.7300000000e+02,2.0000000000e+00,3.1965968013e-01
6.1050000000e+03,3.7300000000e+02,3.0000000000e+00,2.5614103675e-01
6.1050000000e+03,3.7300000000e+02,4.0000000000e+00,2.4634210765e-01
6.1050000000e+03,3.7300000000e+02,5.0000000000e+00,2.5117662549e-01
6.1050000000e+03,3.7300000000e+02,6.0000000000e+00,2.5894933939e-01
6.1050000000e+03,3.7300000000e+02,7.0000000000e+00,2.6620104909e-01
6.1050000000e+03,3.7300000000e+02,8.0000000000e+00,2.7212667465e-01
6.1050000000e+03,3.7300000000e+02,9.0000000000e+00,2.7672109008e-01
6.1050000000e+03,3.7300000000e+02,1.0000000000e+01,2.8019747138e-01
6.1050000000e+03,3.7300000000e+02,1.1000000000e+01,2.8279730678e-01
6.1050000000e+03,3.7300000000e+02,1.2000000000e+01,2.8473150730e-01
6.1050000000e+03,3.7300000000e+02,1.3000000000e+01,2.8616833687e-01
6.1050000000e+03,3.7300000000e+02,1.4000000000e+01,2.8723648190e-01
6.1050000000e+03,3.7300000000e+02,1.5000000000e+01,2.8803238273e-01
6.1050000000e+03,3.7300000000e+02,1.6000000000e+01,2.8862747550e-01
6.1050000000e+03,3.7300000000e+02,1.7000000000e+01,2.8907451034e-01
6.1050000000e+03,3.7300000000e+02,1.8000000000e+01,2.8941208124e-01
6.1050000000e+03,3.7300000000e+02,1.9000000000e+01,2.8966879845e-01
6.1050000000e+03,3.7300000000e+02,2.0000000000e+01,2.8986546397e-01
6.1050000000e+03,3.7300000000e+02,2.1000000000e+01,2.9001763463e-01
6.1050000000e+03,3.7300000000e+02,2.2000000000e+01,2.9013663530e-01
6.1050000000e+03,3.7300000000e+02,2.3000000000e+01,2.9023092985e-01
6.1050000000e+03,3.7300000000e+02,2.4000000000e+01,2.9030665755e-01
6.1050000000e+03,3.7300000000e+02,2.5000000000e+01,2.9036855698e-01
6.1050000000e+03,3.7300000000e+02,2.6000000000e+01,2.9041999578e-01
6.1050000000e+03,3.7300000000e+02,2.7000000000e+01,2.9046362638e-01
6.1050000000e+03,3.7300000000e+02,2.8000000000e+01,2.9050138593e-01
6.1050000000e+03,3.7300000000e+02,2.9000000000e+01,2.9053467512e-01
6.1050000000e+03,3.7300000000e+02,3.0000000000e+01,2.9056456685e-01
6.1050000000e+03,3.7300000000e+02,3.1000000000e+01,2.9059195518e-01
6.1050000000e+03,5.1800000000e+02,0.0000000000e+00,1.9945101738e+00
6.1050000000e+03,5.1800000000e+02,1.0000000000e+00,5.3592771292e-01
6.1050000000e+03,5.1800000000e+02,2.0000000000e+00,2.2667428851e-01
6.1050000000e+03,5.1800000000e+02,3.0000000000e+00,1.7081065476e-01
6.1050000000e+03,5.1800000000e+02,4.0000000000e+00,1.6140690446e-01
6.1050000000e+03,5.1800000000e+02,5.0000000000e+00,1.6294722259e-01
6.1050000000e+03,5.1800000000e+02,6.0000000000e+00,1.6633141041e-01
6.1050000000e+03,5.1800000000e+02,7.0000000000e+00,1.6932924092e-01
6.1050000000e+03,5.1800000000e+02,8.0000000000e+00,1.7157450318e-01
6.1050000000e+03,5.1800000000e+02,9.0000000000e+00,1.7315755785e-01
6.1050000000e+03,5.1800000000e+02,1.0000000000e+01,1.7424553633e-01
6.1050000000e+03,5.1800000000e+02,1.1000000000e+01,1.7498555779e-01
6.1050000000e+03,5.1800000000e+02,1.2000000000e+01,1.7548765242e-01
6.1050000000e+03,5.1800000000e+02,1.3000000000e+01,1.7582905293e-01
6.1050000000e+03,5.1800000000e+02,1.4000000000e+01,1.7606250942e-01
6.1050000000e+03,5.1800000000e+02,1.5000000000e+01,1.7622348666e-01
6.1050000000e+03,5.1800000000e+02,1.6000000000e+01,1.7633582652e-01
6.1050000000e+03,5.1800000000e+02,1.7000000000e+01,1.7641541362e-01
6.1050000000e+03,5.1800000000e+02,1.8000000000e+01,1.7647291720e-01
6.1050000000e+03,5.1800000000e+02,1.9000000000e+01,1.7651547492e-01
6.1050000000e+03,5.1800000000e+02,2.0000000000e+01,1.7654785514e-01
6.1050000000e+03,5.1800000000e+02,2.1000000000e+01,1.7657333612e-01
6.1050000000e+03,5.1800000000e+02,2.2000000000e+01,1.7659407854e-01
6.1050000000e+03,5.1800000000e+02,2.3000000000e+01,1.7661158741e-01
6.1050000000e+03,5.1800000000e+02,2.4000000000e+01,1.7662686110e-01
6.1050000000e+03,5.1800000000e+02,2.5000000000e+01,1.7664062977e-01
6.1050000000e+03,5.1800000000e+02,2.6000000000e+01,1.7665335536e-01
6.1050000000e+03,5.1800000000e+02,2.7000000000e+01,1.7666535079e-01
6.1050000000e+03,5.1800000000e+02,2.8000000000e+01,1.7667685449e-01
6.1050000000e+03,5.1800000000e+02,2.9000000000e+01,1.7668801546e-01
6.1050000000e+03,5.1800000000e+02,3.0000000000e+01,1.7669895291e-01
6.1050000000e+03,5.1800000000e+02,3.1000000000e+01,1.7670971155e-01
6.1050000000e+03,7.2000000000e+02,0.0000000000e+00,1.9992011786e+00
6.1050000000e+03,7.2000000000e+02,1.0000000000e+00,4.4587838650e-01
6.1050000000e+03,7.2000000000e+02,2.0000000000e+00,1.5600009263e-01
6.1050000000e+03,7.2000000000e+02,3.0000000000e+00,1.1056659371e-01
6.1050000000e+03,7.2000000000e+02,4.0000000000e+00,1.0384476185e-01
6.1050000000e+03,7.2000000000e+02,5.0000000000e+00,1.0416420549e-01
6.1050000000e+03,7.2000000000e+02,6.0000000000e+00,1.0537336022e-01
6.1050000000e+03,7.2000000000e+02,7.0000000000e+00,1.0634338111e-01
6.1050000000e+03,7.2000000000e+02,8.0000000000e+00,1.0698104650e-01
6.1050000000e+03,7.2000000000e+02,9.0000000000e+00,1.0737379640e-01
6.1050000000e+03,7.2000000000e+02,1.0000000000e+01,1.0760997236e-01
6.1050000000e+03,7.2000000000e+02,1.1000000000e+01,1.0775113106e-01
6.1050000000e+03,7.2000000000e+02,1.2000000000e+01,1.0783585906e-01
6.1050000000e+03,7.2000000000e+02,1.3000000000e+01,1.0788729042e-01
6.1050000000e+03,7.2000000000e+02,1.4000000000e+01,1.0791916400e-01
6.1050000000e+03,7.2000000000e+02,1.5000000000e+01,1.0793950409e-01
6.1050000000e+03,7.2000000000e+02,1.6000000000e+01,1.0795303434e-01
6.1050000000e+03,7.2000000000e+02,1.7000000000e+01,1.0796252638e-01
6.1050000000e+03,7.2000000000e+02,1.8000000000e+01,1.0796961933e-01
6.1050000000e+03,7.2000000000e+02,1.9000000000e+01,1.0797528177e-01
6.1050000000e+03,7.2000000000e+02,2.0000000000e+01,1.0798008740e-01
6.1050000000e+03,7.2000000000e+02,2.1000000000e+01,1.0798437893e-01
6.1050000000e+03,7.2000000000e+02,2.2000000000e+01,1.0798837245e-01
6.1050000000e+03,7.2000000000e+02,2.3000000000e+01,1.0799217224e-01
6.1050000000e+03,7.2000000000e+02,2.4000000000e+01,1.0799585283e-01
6.1050000000e+03,7.2000000000e+02,2.5000000000e+01,1.0799949616e-01
6.1050000000e+03,7.2000000000e+02,2.6000000000e+01,1.0800307989e-01
6.1050000000e+03,7.2000000000e+02,2.7000000000e+01,1.0800664872e-01
6.1050000000e+03,7.2000000000e+02,2.8000000000e+01,1.0801020265e-01
6.1050000000e+03,7.2000000000e+02,2.9000000000e+01,1.0801376402e-01
6.1050000000e+03,7.2000000000e+02,3.0000000000e+01,1.0801731795e-01
6.1050000000e+03,7.2000000000e+02,3.1000000000e+01,1.0802088678e-01
6.1050000000e+03,1.0000000000e+03,0.0000000000e+00,2.0008378029e+00
6.1050000000e+03,1.0000000000e+03,1.0000000000e+00,4.1004756093e-01
6.1050000000e+03,1.0000000000e+03,2.0000000000e+00,1.5439733863e-01
6.1050000000e+03,1.0000000000e+03,3.0000000000e+00,1.2092129141e-01
6.1050000000e+03,1.0000000000e+03,4.0000000000e+00,1.1768495291e-01
6.1050000000e+03,1.0000000000e+03,5.0000000000e+00,1.1992247403e-01
6.1050000000e+03,1.0000000000e+03,6.0000000000e+00,1.2403132021e-01
6.1050000000e+03,1.0000000000e+03,7.0000000000e+00,1.2956999242e-01
6.1050000000e+03,1.0000000000e+03,8.0000000000e+00,1.3651230931e-01
6.1050000000e+03,1.0000000000e+03,9.0000000000e+00,1.4482577145e-01
6.1050000000e+03,1.0000000000e+03,1.0000000000e+01,1.5443542600e-01
6.1050000000e+03,1.0000000000e+03,1.1000000000e+01,1.6524077952e-01
6.1050000000e+03,1.0000000000e+03,1.2000000000e+01,1.7713138461e-01
6.1050000000e+03,1.0000000000e+03,1.3000000000e+01,1.8999607861e-01
6.1050000000e+03,1.0000000000e+03,1.4000000000e+01,2.0372748375e-01
6.1050000000e+03,1.0000000000e+03,1.5000000000e+01,2.1822425723e-01
6.1050000000e+03,1.0000000000e+03,1.6000000000e+01,2.3339161277e-01
6.1050000000e+03,1.0000000000e+03,1.7000000000e+01,2.4914169312e-01
6.1050000000e+03,1.0000000000e+03,1.8000000000e+01,2.6539331675e-01
6.1050000000e+03,1.0000000000e+03,1.9000000000e+01,2.8207153082e-01
6.1050000000e+03,1.0000000000e+03,2.0000000000e+01,2.9910746217e-01
6.1050000000e+03,1.0000000000e+03,2.1000000000e+01,3.1643790007e-01
6.1050000000e+03,1.0000000000e+03,2.2000000000e+01,3.3400470018e-01
6.1050000000e+03,1.0000000000e+03,2.3000000000e+01,3.5175457597e-01
6.1050000000e+03,1.0000000000e+03,2.4000000000e+01,3.6963897943e-01
6.1050000000e+03,1.0000000000e+03,2.5000000000e+01,3.8761329651e-01
6.1050000000e+03,1.0000000000e+03,2.6000000000e+01,4.0563696623e-01
6.1050000000e+03,1.0000000000e+03,2.7000000000e+01,4.2367300391e-01
6.1050000000e+03,1.0000000000e+03,2.8000000000e+01,4.4168779254e-01
6.1050000000e+03,1.0000000000e+03,2.9000000000e+01,4.5965072513e-01
6.1050000000e+03,1.0000000000e+03,3.0000000000e+01,4.7753432393e-01
6.1050000000e+03,1.0000000000e+03,3.1000000000e+01,4.9531340599e-01
1.0000000000e+04,1.0000000000e+01,0.0000000000e+00,1.9918569326e+00
1.0000000000e+04,1.0000000000e+01,1.0000000000e+00,1.8590430021e+00
1.0000000000e+04,1.0000000000e+01,2.0000000000e+00,1.8867467642e+00
1.0000000000e+04,1.0000000000e+01,3.0000000000e+00,1.9710397720e+00
1.0000000000e+04,1.0000000000e+01,4.0000000000e+00,2.0635700226e+00
1.0000000000e+04,1.0000000000e+01,5.0000000000e+00,2.1497058868e+00
1.0000000000e+04,1.0000000000e+01,6.0000000000e+00,2.2264962196e+00
1.0000000000e+04,1.0000000000e+01,7.0000000000e+00,2.2945833206e+00
1.0000000000e+04,1.0000000000e+01,8.0000000000e+00,2.3554091454e+00
1.0000000000e+04,1.0000000000e+01,9.0000000000e+00,2.4103875160e+00
1.0000000000e+04,1.0000000000e+01,1.0000000000e+01,2.4607081413e+00
1.0000000000e+04,1.0000000000e+01,1.1000000000e+01,2.5073246956e+00
1.0000000000e+04,1.0000000000e+01,1.2000000000e+01,2.5509946346e+00
1.0000000000e+04,1.0000000000e+01,1.3000000000e+01,2.5923182964e+00
1.0000000000e+04,1.0000000000e+01,1.4000000000e+01,2.6317758560e+00
1.0000000000e+04,1.0000000000e+01,1.5000000000e+01,2.6697540283e+00
1.0000000000e+04,1.0000000000e+01,1.6000000000e+01,2.7065677643e+00
1.0000000000e+04,1.0000000000e+01,1.7000000000e+01,2.7424764633e+00
1.0000000000e+04,1.0000000000e+01,1.8000000000e+01,2.7776942253e+00
1.0000000000e+04,1.0000000000e+01,1.9000000000e+01,2.8124022484e+00
1.0000000000e+04,1.0000000000e+01,2.0000000000e+01,2.8467516899e+00
1.0000000000e+04,1.0000000000e+01,2.1000000000e+01,2.8808712959e+00
1.0000000000e+04,1.0000000000e+01,2.2000000000e+01,2.9148721695e+00
1.0000000000e+04,1.0000000000e+01,2.3000000000e+01,2.9488496780e+00
1.0000000000e+04,1.0000000000e+01,2.4000000000e+01,2.9828863144e+00
1.0000000000e+04,1.0000000000e+01,2.5000000000e+01,3.0170550346e+00
1.0000000000e+04,1.0000000000e+01,2.6000000000e+01,3.0514178276e+00
1.0000000000e+04,1.0000000000e+01,2.7000000000e+01,3.0860319138e+00
1.0000000000e+04,1.0000000000e+01,2.8000000000e+01,3.1209454536e+00
1.0000000000e+04,1.0000000000e+01,2.9000000000e+01,3.1562032700e+00
1.0000000000e+04,1.0000000000e+01,3.0000000000e+01,3.1918437481e+00
1.0000000000e+04,1.0000000000e+01,3.1000000000e+01,3.2279026508e+00
1.0000000000e+04,1.4000000000e+01,0.0000000000e+00,2.0026867390e+00
1.0000000000e+04,1.4000000000e+01,1.0000000000e+00,1.8121709824e+00
1.0000000000e+04,1.4000000000e+01,2.0000000000e+00,1.8360526562e+00
1.0000000000e+04,1.4000000000e+01,3.0000000000e+00,1.9496417046e+00
1.0000000000e+04,1.4000000000e+01,4.0000000000e+00,2.0898685455e+00
1.0000000000e+04,1.4000000000e+01,5.0000000000e+00,2.2305998802e+00
1.0000000000e+04,1.4000000000e+01,6.0000000000e+00,2.3620133400e+00
1.0000000000e+04,1.4000000000e+01,7.0000000000e+00,2.4816021919e+00
1.0000000000e+04,1.4000000000e+01,8.0000000000e+00,2.5897214413e+00
1.0000000000e+04,1.4000000000e+01,9.0000000000e+00,2.6876544952e+00
1.0000000000e+04,1.4000000000e+01,1.0000000000e+01,2.7768490314e+00
1.0000000000e+04,1.4000000000e+01,1.1000000000e+01,2.8586478233e+00
1.0000000000e+04,1.4000000000e+01,1.2000000000e+01,2.9342126846e+00
1.0000000000e+04,1.4000000000e+01,1.3000000000e+01,3.0045206547e+00
1.0000000000e+04,1.4000000000e+01,1.4000000000e+01,3.0703861713e+00
1.0000000000e+04,1.4000000000e+01,1.5000000000e+01,3.1324858665e+00
1.0000000000e+04,1.4000000000e+01,1.6000000000e+01,3.1913843155e+00
1.0000000000e+04,1.4000000000e+01,1.7000000000e+01,3.2475543022e+00
1.0000000000e+04,1.4000000000e+01,1.8000000000e+01,3.3013930321e+00
1.0000000000e+04,1.4000000000e+01,1.9000000000e+01,3.3532388210e+00
1.0000000000e+04,1.4000000000e+01,2.0000000000e+01,3.4033780098e+00
1.0000000000e+04,1.4000000000e+01,2.1000000000e+01,3.4520576000e+00
1.0000000000e+04,1.4000000000e+01,2.2000000000e+01,3.4994900227e+00
1.0000000000e+04,1.4000000000e+01,2.3000000000e+01,3.5458590984e+00
1.0000000000e+04,1.4000000000e+01,2.4000000000e+01,3.5913262367e+00
1.0000000000e+04,1.4000000000e+01,2.5000000000e+01,3.6360316277e+00
1.0000000000e+04,1.4000000000e+01,2.6000000000e+01,3.6800994873e+00
1.0000000000e+04,1.4000000000e+01,2.7000000000e+01,3.7236392498e+00
1.0000000000e+04,1.4000000000e+01,2.8000000000e+01,3.7667479515e+00
1.0000000000e+04,1.4000000000e+01,2.9000000000e+01,3.8095130920e+00
1.0000000000e+04,1.4000000000e+01,3.0000000000e+01,3.8520116806e+00
1.0000000000e+04,1.4000000000e+01,3.1000000000e+01,3.8943130970e+00
1.0000000000e+04,1.9000000000e+01,0.0000000000e+00,1.9961386919e+00
1.0000000000e+04,1.9000000000e+01,1.0000000000e+00,1.7489738464e+00
1.0000000000e+04,1.9000000000e+01,2.0000000000e+00,1.7683643103e+00
1.0000000000e+04,1.9000000000e+01,3.0000000000e+00,1.9103099108e+00
1.0000000000e+04,1.9000000000e+01,4.0000000000e+00,2.1015956402e+00
1.0000000000e+04,1.9000000000e+01,5.0000000000e+00,2.3073062897e+00
1.0000000000e+04,1.9000000000e+01,6.0000000000e+00,2.5098690987e+00
1.0000000000e+04,1.9000000000e+01,7.0000000000e+00,2.7014548779e+00
1.0000000000e+04,1.9000000000e+01,8.0000000000e+00,2.8794023991e+00
1.0000000000e+04,1.9000000000e+01,9.0000000000e+00,3.0435380936e+00
1.0000000000e+04,1.9000000000e+01,1.0000000000e+01,3.1947607994e+00
1.0000000000e+04,1.9000000000e+01,1.1000000000e+01,3.3343513012e+00
1.0000000000e+04,1.9000000000e+01,1.2000000000e+01,3.4636478424e+00
1.0000000000e+04,1.9000000000e+01,1.3000000000e+01,3.5839097500e+00
1.0000000000e+04,1.9000000000e+01,1.4000000000e+01,3.6962680817e+00
1.0000000000e+04,1.9000000000e+01,1.5000000000e+01,3.8017134666e+00
1.0000000000e+04,1.9000000000e+01,1.6000000000e+01,3.9011082649e+00
1.0000000000e+04,1.9000000000e+01,1.7000000000e+01,3.9951949120e+00
1.0000000000e+04,1.9000000000e+01,1.8000000000e+01,4.0846166611e+00
1.0000000000e+04,1.9000000000e+01,1.9000000000e+01,4.1699280739e+00
1.0000000000e+04,1.9000000000e+01,2.0000000000e+01,4.2516093254e+00
1.0000000000e+04,1.9000000000e+01,2.1000000000e+01,4.3300790787e+00
1.0000000000e+04,1.9000000000e+01,2.2000000000e+01,4.4057035446e+00
1.0000000000e+04,1.9000000000e+01,2.3000000000e+01,4.4787988663e+00
1.0000000000e+04,1.9000000000e+01,2.4000000000e+01,4.5496497154e+00
1.0000000000e+04,1.9000000000e+01,2.5000000000e+01,4.6185011864e+00
1.0000000000e+04,1.9000000000e+01,2.6000000000e+01,4.6855750084e+00
1.0000000000e+04,1.9000000000e+01,2.7000000000e+01,4.7510647774e+00
1.0000000000e+04,1.9000000000e+01,2.8000000000e+01,4.8151459694e+00
1.0000000000e+04,1.9000000000e+01,2.9000000000e+01,4.8779740334e+00
1.0000000000e+04,1.9000000000e+01,3.0000000000e+01,4.9396896362e+00
1.0000000000e+04,1.9000000000e+01,3.1000000000e+01,5.0004186630e+00
1.0000000000e+04,2.7000000000e+01,0.0000000000e+00,1.9952652454e+00
1.0000000000e+04,2.7000000000e+01,1.0000000000e+00,1.6638612747e+00
1.0000000000e+04,2.7000000000e+01,2.0000000000e+00,1.6743609905e+00
1.0000000000e+04,2.7000000000e+01,3.0000000000e+00,1.8460421562e+00
1.0000000000e+04,2.7000000000e+01,4.0000000000e+00,2.0951137543e+00
1.0000000000e+04,2.7000000000e+01,5.0000000000e+00,2.3812921047e+00
1.0000000000e+04,2.7000000000e+01,6.0000000000e+00,2.6804649830e+00
1.0000000000e+04,2.7000000000e+01,7.0000000000e+00,2.9783058167e+00
1.0000000000e+04,2.7000000000e+01,8.0000000000e+00,3.2668409348e+00
1.0000000000e+04,2.7000000000e+01,9.0000000000e+00,3.5421028137e+00
1.0000000000e+04,2.7000000000e+01,1.0000000000e+01,3.8025188446e+00
1.0000000000e+04,2.7000000000e+01,1.1000000000e+01,4.0478887558e+00
1.0000000000e+04,2.7000000000e+01,1.2000000000e+01,4.2787466049e+00
1.0000000000e+04,2.7000000000e+01,1.3000000000e+01,4.4959878922e+00
1.0000000000e+04,2.7000000000e+01,1.4000000000e+01,4.7006530762e+00
1.0000000000e+04,2.7000000000e+01,1.5000000000e+01,4.8938140869e+00
1.0000000000e+04,2.7000000000e+01,1.6000000000e+01,5.0765056610e+00
1.0000000000e+04,2.7000000000e+01,1.7000000000e+01,5.2496933937e+00
1.0000000000e+04,2.7000000000e+01,1.8000000000e+01,5.4142670631e+00
1.0000000000e+04,2.7000000000e+01,1.9000000000e+01,5.5710325241e+00
1.0000000000e+04,2.7000000000e+01,2.0000000000e+01,5.7207155228e+00
1.0000000000e+04,2.7000000000e+01,2.1000000000e+01,5.8639726639e+00
1.0000000000e+04,2.7000000000e+01,2.2000000000e+01,6.0013885498e+00
1.0000000000e+04,2.7000000000e+01,2.3000000000e+01,6.1334886551e+00
1.0000000000e+04,2.7000000000e+01,2.4000000000e+01,6.2607479095e+00
1.0000000000e+04,2.7000000000e+01,2.5000000000e+01,6.3835873604e+00
1.0000000000e+04,2.7000000000e+01,2.6000000000e+01,6.5023913383e+00
1.0000000000e+04,2.7000000000e+01,2.7000000000e+01,6.6175022125e+00
1.0000000000e+04,2.7000000000e+01,2.8000000000e+01,6.7292332649e+00
1.0000000000e+04,2.7000000000e+01,2.9000000000e+01,6.8378639221e+00
1.0000000000e+04,2.7000000000e+01,3.0000000000e+01,6.9436507225e+00
1.0000000000e+04,2.7000000000e+01,3.1000000000e+01,7.0468244553e+00
1.0000000000e+04,3.7000000000e+01,0.0000000000e+00,1.9879239798e+00
1.0000000000e+04,3.7000000000e+01,1.0000000000e+00,1.5626032352e+00
1.0000000000e+04,3.7000000000e+01,2.0000000000e+00,1.5564109087e+00
1.0000000000e+04,3.7000000000e+01,3.0000000000e+00,1.7443408966e+00
1.0000000000e+04,3.7000000000e+01,4.0000000000e+00,2.0313043594e+00
1.0000000000e+04,3.7000000000e+01,5.0000000000e+00,2.3762223721e+00
1.0000000000e+04,3.7000000000e+01,6.0000000000e+00,2.7537672520e+00
1.0000000000e+04,3.7000000000e+01,7.0000000000e+00,3.1469349861e+00
1.0000000000e+04,3.7000000000e+01,8.0000000000e+00,3.5441334248e+00
1.0000000000e+04,3.7000000000e+01,9.0000000000e+00,3.9376864433e+00
1.0000000000e+04,3.7000000000e+01,1.0000000000e+01,4.3227014542e+00
1.0000000000e+04,3.7000000000e+01,1.1000000000e+01,4.6962499619e+00
1.0000000000e+04,3.7000000000e+01,1.2000000000e+01,5.0567493439e+00
1.0000000000e+04,3.7000000000e+01,1.3000000000e+01,5.4035201073e+00
1.0000000000e+04,3.7000000000e+01,1.4000000000e+01,5.7364697456e+00
1.0000000000e+04,3.7000000000e+01,1.5000000000e+01,6.0558819771e+00
1.0000000000e+04,3.7000000000e+01,1.6000000000e+01,6.3622665405e+00
1.0000000000e+04,3.7000000000e+01,1.7000000000e+01,6.6562628746e+00
1.0000000000e+04,3.7000000000e+01,1.8000000000e+01,6.9385700226e+00
1.0000000000e+04,3.7000000000e+01,1.9000000000e+01,7.2099123001e+00
1.0000000000e+04,3.7000000000e+01,2.0000000000e+01,7.4710068703e+00
1.0000000000e+04,3.7000000000e+01,2.1000000000e+01,7.7225484848e+00
1.0000000000e+04,3.7000000000e+01,2.2000000000e+01,7.9651985168e+00
1.0000000000e+04,3.7000000000e+01,2.3000000000e+01,8.1995840073e+00
1.0000000000e+04,3.7000000000e+01,2.4000000000e+01,8.4262914658e+00
1.0000000000e+04,3.7000000000e+01,2.5000000000e+01,8.6458635330e+00
1.0000000000e+04,3.7000000000e+01,2.6000000000e+01,8.8588113785e+00
1.0000000000e+04,3.7000000000e+01,2.7000000000e+01,9.0656061172e+00
1.0000000000e+04,3.7000000000e+01,2.8000000000e+01,9.2666835785e+00
1.0000000000e+04,3.7000000000e+01,2.9000000000e+01,9.4624471664e+00
1.0000000000e+04,3.7000000000e+01,3.0000000000e+01,9.6532707214e+00
1.0000000000e+04,3.7000000000e+01,3.1000000000e+01,9.8395013809e+00
1.0000000000e+04,5.2000000000e+01,0.0000000000e+00,1.9976921082e+00
1.0000000000e+04,5.2000000000e+01,1.0000000000e+00,1.4495997429e+00
1.0000000000e+04,5.2000000000e+01,2.0000000000e+00,1.4104309082e+00
1.0000000000e+04,5.2000000000e+01,3.0000000000e+00,1.5900449753e+00
1.0000000000e+04,5.2000000000e+01,4.0000000000e+00,1.8767139912e+00
1.0000000000e+04,5.2000000000e+01,5.0000000000e+00,2.2299859524e+00
1.0000000000e+04,5.2000000000e+01,6.0000000000e+00,2.6271169186e+00
1.0000000000e+04,5.2000000000e+01,7.0000000000e+00,3.0532476902e+00
1.0000000000e+04,5.2000000000e+01,8.0000000000e+00,3.4977099895e+00
1.0000000000e+04,5.2000000000e+01,9.0000000000e+00,3.9526166916e+00
1.0000000000e+04,5.2000000000e+01,1.0000000000e+01,4.4120573997e+00
1.0000000000e+04,5.2000000000e+01,1.1000000000e+01,4.8716106415e+00
1.0000000000e+04,5.2000000000e+01,1.2000000000e+01,5.3279991150e+00
1.0000000000e+04,5.2000000000e+01,1.3000000000e+01,5.7788286209e+00
1.0000000000e+04,5.2000000000e+01,1.4000000000e+01,6.2223877907e+00
1.0000000000e+04,5.2000000000e+01,1.5000000000e+01,6.6574921608e+00
1.0000000000e+04,5.2000000000e+01,1.6000000000e+01,7.0833549500e+00
1.0000000000e+04,5.2000000000e+01,1.7000000000e+01,7.4995002747e+00
1.0000000000e+04,5.2000000000e+01,1.8000000000e+01,7.9056787491e+00
1.0000000000e+04,5.2000000000e+01,1.9000000000e+01,8.3018169403e+00
1.0000000000e+04,5.2000000000e+01,2.0000000000e+01,8.6879663467e+00
1.0000000000e+04,5.2000000000e+01,2.1000000000e+01,9.0642738342e+00
1.0000000000e+04,5.2000000000e+01,2.2000000000e+01,9.4309539795e+00
1.0000000000e+04,5.2000000000e+01,2.3000000000e+01,9.7882652283e+00
1.0000000000e+04,5.2000000000e+01,2.4000000000e+01,1.0136500359e+01
1.0000000000e+04,5.2000000000e+01,2.5000000000e+01,1.0475971222e+01
1.0000000000e+04,5.2000000000e+01,2.6000000000e+01,1.0806998253e+01
1.0000000000e+04,5.2000000000e+01,2.7000000000e+01,1.1129909515e+01
1.0000000000e+04,5.2000000000e+01,2.8000000000e+01,1.1445028305e+01
1.0000000000e+04,5.2000000000e+01,2.9000000000e+01,1.1752679825e+01
1.0000000000e+04,5.2000000000e+01,3.0000000000e+01,1.2053176880e+01
1.0000000000e+04,5.2000000000e+01,3.1000000000e+01,1.2346823692e+01
1.0000000000e+04,7.2000000000e+01,0.0000000000e+00,2.0060553551e+00
1.0000000000e+04,7.2000000000e+01,1.0000000000e+00,1.3220605850e+00
1.0000000000e+04,7.2000000000e+01,2.0000000000e+00,1.2258964777e+00
1.0000000000e+04,7.2000000000e+01,3.0000000000e+00,1.3616926670e+00
1.0000000000e+04,7.2000000000e+01,4.0000000000e+00,1.5983006954e+00
1.0000000000e+04,7.2000000000e+01,5.0000000000e+00,1.8939619064e+00
1.0000000000e+04,7.2000000000e+01,6.0000000000e+00,2.2278871536e+00
1.0000000000e+04,7.2000000000e+01,7.0000000000e+00,2.5881848335e+00
1.0000000000e+04,7.2000000000e+01,8.0000000000e+00,2.9670011997e+00
1.0000000000e+04,7.2000000000e+01,9.0000000000e+00,3.3588299751e+00
1.0000000000e+04,7.2000000000e+01,1.0000000000e+01,3.7596225739e+00
1.0000000000e+04,7.2000000000e+01,1.1000000000e+01,4.1662845612e+00
1.0000000000e+04,7.2000000000e+01,1.2000000000e+01,4.5764236450e+00
1.0000000000e+04,7.2000000000e+01,1.3000000000e+01,4.9881467819e+00
1.0000000000e+04,7.2000000000e+01,1.4000000000e+01,5.3999557495e+00
1.0000000000e+04,7.2000000000e+01,1.5000000000e+01,5.8106575012e+00
1.0000000000e+04,7.2000000000e+01,1.6000000000e+01,6.2192974091e+00
1.0000000000e+04,7.2000000000e+01,1.7000000000e+01,6.6251182556e+00
1.0000000000e+04,7.2000000000e+01,1.8000000000e+01,7.0275211334e+00
1.0000000000e+04,7.2000000000e+01,1.9000000000e+01,7.4260349274e+00
1.0000000000e+04,7.2000000000e+01,2.0000000000e+01,7.8202953339e+00
1.0000000000e+04,7.2000000000e+01,2.1000000000e+01,8.2100238800e+00
1.0000000000e+04,7.2000000000e+01,2.2000000000e+01,8.5950145721e+00
1.0000000000e+04,7.2000000000e+01,2.3000000000e+01,8.9751186371e+00
1.0000000000e+04,7.2000000000e+01,2.4000000000e+01,9.3502378464e+00
1.0000000000e+04,7.2000000000e+01,2.5000000000e+01,9.7203121185e+00
1.0000000000e+04,7.2000000000e+01,2.6000000000e+01,1.0085317612e+01
1.0000000000e+04,7.2000000000e+01,2.7000000000e+01,1.0445250511e+01
1.0000000000e+04,7.2000000000e+01,2.8000000000e+01,1.0800133705e+01
1.0000000000e+04,7.2000000000e+01,2.9000000000e+01,1.1150011063e+01
1.0000000000e+04,7.2000000000e+01,3.0000000000e+01,1.1494933128e+01
1.0000000000e+04,7.2000000000e+01,3.1000000000e+01,1.1834966660e+01
1.0000000000e+04,1.0000000000e+02,0.0000000000e+00,2.0030095577e+00
1.0000000000e+04,1.0000000000e+02,1.0000000000e+00,1.1759374142e+00
1.0000000000e+04,1.0000000000e+02,2.0000000000e+00,1.0134806633e+00
1.0000000000e+04,1.0000000000e+02,3.0000000000e+00,1.0882430077e+00
1.0000000000e+04,1.0000000000e+02,4.0000000000e+00,1.2499002218e+00
1.0000000000e+04,1.0000000000e+02,5.0000000000e+00,1.4549376965e+00
1.0000000000e+04,1.0000000000e+02,6.0000000000e+00,1.6836440563e+00
1.0000000000e+04,1.0000000000e+02,7.0000000000e+00,1.9261599779e+00
1.0000000000e+04,1.0000000000e+02,8.0000000000e+00,2.1766216755e+00
1.0000000000e+04,1.0000000000e+02,9.0000000000e+00,2.4314746857e+00
1.0000000000e+04,1.0000000000e+02,1.0000000000e+01,2.6883502007e+00
1.0000000000e+04,1.0000000000e+02,1.1000000000e+01,2.9456717968e+00
1.0000000000e+04,1.0000000000e+02,1.2000000000e+01,3.2023296356e+00
1.0000000000e+04,1.0000000000e+02,1.3000000000e+01,3.4575488567e+00
1.0000000000e+04,1.0000000000e+02,1.4000000000e+01,3.7107713223e+00
1.0000000000e+04,1.0000000000e+02,1.5000000000e+01,3.9616017342e+00
1.0000000000e+04,1.0000000000e+02,1.6000000000e+01,4.2097539902e+00
1.0000000000e+04,1.0000000000e+02,1.7000000000e+01,4.4550299644e+00
1.0000000000e+04,1.0000000000e+02,1.8000000000e+01,4.6972913742e+00
1.0000000000e+04,1.0000000000e+02,1.9000000000e+01,4.9364480972e+00
1.0000000000e+04,1.0000000000e+02,2.0000000000e+01,5.1724467278e+00
1.0000000000e+04,1.0000000000e+02,2.1000000000e+01,5.4052591324e+00
1.0000000000e+04,1.0000000000e+02,2.2000000000e+01,5.6348810196e+00
1.0000000000e+04,1.0000000000e+02,2.3000000000e+01,5.8613224030e+00
1.0000000000e+04,1.0000000000e+02,2.4000000000e+01,6.0846080780e+00
1.0000000000e+04,1.0000000000e+02,2.5000000000e+01,6.3047685623e+00
1.0000000000e+04,1.0000000000e+02,2.6000000000e+01,6.5218472481e+00
1.0000000000e+04,1.0000000000e+02,2.7000000000e+01,6.7358894348e+00
1.0000000000e+04,1.0000000000e+02,2.8000000000e+01,6.9469456673e+00
1.0000000000e+04,1.0000000000e+02,2.9000000000e+01,7.1550693512e+00
1.0000000000e+04,1.0000000000e+02,3.0000000000e+01,7.3603167534e+00
1.0000000000e+04,1.0000000000e+02,3.1000000000e+01,7.5627455711e+00
1.0000000000e+04,1.3900000000e+02,0.0000000000e+00,2.0084953308e+00
1.0000000000e+04,1.3900000000e+02,1.0000000000e+00,1.0266679525e+00
1.0000000000e+04,1.3900000000e+02,2.0000000000e+00,8.0123275518e-01
1.0000000000e+04,1.3900000000e+02,3.0000000000e+00,8.1480634212e-01
1.0000000000e+04,1.3900000000e+02,4.0000000000e+00,9.0129393339e-01
1.0000000000e+04,1.3900000000e+02,5.0000000000e+00,1.0164817572e+00
1.0000000000e+04,1.3900000000e+02,6.0000000000e+00,1.1425127983e+00
1.0000000000e+04,1.3900000000e+02,7.0000000000e+00,1.2713123560e+00
1.0000000000e+04,1.3900000000e+02,8.0000000000e+00,1.3988015652e+00
1.0000000000e+04,1.3900000000e+02,9.0000000000e+00,1.5229177475e+00
1.0000000000e+04,1.3900000000e+02,1.0000000000e+01,1.6426055431e+00
1.0000000000e+04,1.3900000000e+02,1.1000000000e+01,1.7573847771e+00
1.0000000000e+04,1.3900000000e+02,1.2000000000e+01,1.8670854568e+00
1.0000000000e+04,1.3900000000e+02,1.3000000000e+01,1.9717248678e+00
1.0000000000e+04,1.3900000000e+02,1.4000000000e+01,2.0714228153e+00
1.0000000000e+04,1.3900000000e+02,1.5000000000e+01,2.1663594246e+00
1.0000000000e+04,1.3900000000e+02,1.6000000000e+01,2.2567446232e+00
1.0000000000e+04,1.3900000000e+02,1.7000000000e+01,2.3428030014e+00
1.0000000000e+04,1.3900000000e+02,1.8000000000e+01,2.4247622490e+00
1.0000000000e+04,1.3900000000e+02,1.9000000000e+01,2.5028474331e+00
1.0000000000e+04,1.3900000000e+02,2.0000000000e+01,2.5772750378e+00
1.0000000000e+04,1.3900000000e+02,2.1000000000e+01,2.6482546329e+00
1.0000000000e+04,1.3900000000e+02,2.2000000000e+01,2.7159838676e+00
1.0000000000e+04,1.3900000000e+02,2.3000000000e+01,2.7806496620e+00
1.0000000000e+04,1.3900000000e+02,2.4000000000e+01,2.8424286842e+00
1.0000000000e+04,1.3900000000e+02,2.5000000000e+01,2.9014863968e+00
1.0000000000e+04,1.3900000000e+02,2.6000000000e+01,2.9579782486e+00
1.0000000000e+04,1.3900000000e+02,2.7000000000e+01,3.0120491982e+00
1.0000000000e+04,1.3900000000e+02,2.8000000000e+01,3.0638358593e+00
1.0000000000e+04,1.3900000000e+02,2.9000000000e+01,3.1134650707e+00
1.0000000000e+04,1.3900000000e+02,3.0000000000e+01,3.1610562801e+00
1.0000000000e+04,1.3900000000e+02,3.1000000000e+01,3.2067203522e+00
1.0000000000e+04,1.9300000000e+02,0.0000000000e+00,2.0021951199e+00
1.0000000000e+04,1.9300000000e+02,1.0000000000e+00,8.6984843016e-01
1.0000000000e+04,1.9300000000e+02,2.0000000000e+00,5.9649676085e-01
1.0000000000e+04,1.9300000000e+02,3.0000000000e+00,5.6430113316e-01
1.0000000000e+04,1.9300000000e+02,4.0000000000e+00,5.9500646591e-01
1.0000000000e+04,1.9300000000e+02,5.0000000000e+00,6.4591079950e-01
1.0000000000e+04,1.9300000000e+02,6.0000000000e+00,7.0165079832e-01
1.0000000000e+04,1.9300000000e+02,7.0000000000e+00,7.5625962019e-01
1.0000000000e+04,1.9300000000e+02,8.0000000000e+00,8.0730473995e-01
1.0000000000e+04,1.9300000000e+02,9.0000000000e+00,8.5394722223e-01
1.0000000000e+04,1.9300000000e+02,1.0000000000e+01,8.9604681730e-01
1.0000000000e+04,1.9300000000e+02,1.1000000000e+01,9.3379104137e-01
1.0000000000e+04,1.9300000000e+02,1.2000000000e+01,9.6750283241e-01
1.0000000000e+04,1.9300000000e+02,1.3000000000e+01,9.9755370617e-01
1.0000000000e+04,1.9300000000e+02,1.4000000000e+01,1.0243173838e+00
1.0000000000e+04,1.9300000000e+02,1.5000000000e+01,1.0481492281e+00
1.0000000000e+04,1.9300000000e+02,1.6000000000e+01,1.0693761110e+00
1.0000000000e+04,1.9300000000e+02,1.7000000000e+01,1.0882936716e+00
1.0000000000e+04,1.9300000000e+02,1.8000000000e+01,1.1051667929e+00
1.0000000000e+04,1.9300000000e+02,1.9000000000e+01,1.1202299595e+00
1.0000000000e+04,1.9300000000e+02,2.0000000000e+01,1.1336914301e+00
1.0000000000e+04,1.9300000000e+02,2.1000000000e+01,1.1457345486e+00
1.0000000000e+04,1.9300000000e+02,2.2000000000e+01,1.1565210819e+00
1.0000000000e+04,1.9300000000e+02,2.3000000000e+01,1.1661932468e+00
1.0000000000e+04,1.9300000000e+02,2.4000000000e+01,1.1748765707e+00
1.0000000000e+04,1.9300000000e+02,2.5000000000e+01,1.1826813221e+00
1.0000000000e+04,1.9300000000e+02,2.6000000000e+01,1.1897048950e+00
1.0000000000e+04,1.9300000000e+02,2.7000000000e+01,1.1960332394e+00
1.0000000000e+04,1.9300000000e+02,2.8000000000e+01,1.2017419338e+00
1.0000000000e+04,1.9300000000e+02,2.9000000000e+01,1.2068977356e+00
1.0000000000e+04,1.9300000000e+02,3.0000000000e+01,1.2115601301e+00
1.0000000000e+04,1.9300000000e+02,3.1000000000e+01,1.2157812119e+00
1.0000000000e+04,2.6800000000e+02,0.0000000000e+00,2.0095486641e+00
1.0000000000e+04,2.6800000000e+02,1.0000000000e+00,7.4337399006e-01
1.0000000000e+04,2.6800000000e+02,2.0000000000e+00,4.3544912338e-01
1.0000000000e+04,2.6800000000e+02,3.0000000000e+00,3.7830641866e-01
1.0000000000e+04,2.6800000000e+02,4.0000000000e+00,3.8045978546e-01
1.0000000000e+04,2.6800000000e+02,5.0000000000e+00,3.9913088083e-01
1.0000000000e+04,2.6800000000e+02,6.0000000000e+00,4.2099767923e-01
1.0000000000e+04,2.6800000000e+02,7.0000000000e+00,4.4163805246e-01
1.0000000000e+04,2.6800000000e+02,8.0000000000e+00,4.5969611406e-01
1.0000000000e+04,2.6800000000e+02,9.0000000000e+00,4.7496742010e-01
1.0000000000e+04,2.6800000000e+02,1.0000000000e+01,4.8766323924e-01
1.0000000000e+04,2.6800000000e+02,1.1000000000e+01,4.9812465906e-01
1.0000000000e+04,2.6800000000e+02,1.2000000000e+01,5.0670570135e-01
1.0000000000e+04,2.6800000000e+02,1.3000000000e+01,5.1372981071e-01
1.0000000000e+04,2.6800000000e+02,1.4000000000e+01,5.1947623491e-01
1.0000000000e+04,2.6800000000e+02,1.5000000000e+01,5.2417922020e-01
1.0000000000e+04,2.6800000000e+02,1.6000000000e+01,5.2803200483e-01
1.0000000000e+04,2.6800000000e+02,1.7000000000e+01,5.3119277954e-01
1.0000000000e+04,2.6800000000e+02,1.8000000000e+01,5.3379034996e-01
1.0000000000e+04,2.6800000000e+02,1.9000000000e+01,5.3592926264e-01
1.0000000000e+04,2.6800000000e+02,2.0000000000e+01,5.3769415617e-01
1.0000000000e+04,2.6800000000e+02,2.1000000000e+01,5.3915381432e-01
1.0000000000e+04,2.6800000000e+02,2.2000000000e+01,5.4036390781e-01
1.0000000000e+04,2.6800000000e+02,2.3000000000e+01,5.4136961699e-01
1.0000000000e+04,2.6800000000e+02,2.4000000000e+01,5.4220789671e-01
1.0000000000e+04,2.6800000000e+02,2.5000000000e+01,5.4290854931e-01
1.0000000000e+04,2.6800000000e+02,2.6000000000e+01,5.4349589348e-01
1.0000000000e+04,2.6800000000e+02,2.7000000000e+01,5.4399013519e-01
1.0000000000e+04,2.6800000000e+02,2.8000000000e+01,5.4440730810e-01
1.0000000000e+04,2.6800000000e+02,2.9000000000e+01,5.4476076365e-01
1.0000000000e+04,2.6800000000e+02,3.0000000000e+01,5.4506152868e-01
1.0000000000e+04,2.6800000000e+02,3.1000000000e+01,5.4531860352e-01
1.0000000000e+04,3.7300000000e+02,0.0000000000e+00,2.0030272007e+00
1.0000000000e+04,3.7300000000e+02,1.0000000000e+00,6.3054758310e-01
1.0000000000e+04,3.7300000000e+02,2.0000000000e+00,3.1215482950e-01
1.0000000000e+04,3.7300000000e+02,3.0000000000e+00,2.4918662012e-01
1.0000000000e+04,3.7300000000e+02,4.0000000000e+00,2.4076755345e-01
1.0000000000e+04,3.7300000000e+02,5.0000000000e+00,2.4610440433e-01
1.0000000000e+04,3.7300000000e+02,6.0000000000e+00,2.5397536159e-01
1.0000000000e+04,3.7300000000e+02,7.0000000000e+00,2.6121929288e-01
1.0000000000e+04,3.7300000000e+02,8.0000000000e+00,2.6710373163e-01
1.0000000000e+04,3.7300000000e+02,9.0000000000e+00,2.7164971828e-01
1.0000000000e+04,3.7300000000e+02,1.0000000000e+01,2.7508020401e-01
1.0000000000e+04,3.7300000000e+02,1.1000000000e+01,2.7763956785e-01
1.0000000000e+04,3.7300000000e+02,1.2000000000e+01,2.7953901887e-01
1.0000000000e+04,3.7300000000e+02,1.3000000000e+01,2.8094616532e-01
1.0000000000e+04,3.7300000000e+02,1.4000000000e+01,2.8198885918e-01
1.0000000000e+04,3.7300000000e+02,1.5000000000e+01,2.8276276588e-01
1.0000000000e+04,3.7300000000e+02,1.6000000000e+01,2.8333854675e-01
1.0000000000e+04,3.7300000000e+02,1.7000000000e+01,2.8376832604e-01
1.0000000000e+04,3.7300000000e+02,1.8000000000e+01,2.8409036994e-01
1.0000000000e+04,3.7300000000e+02,1.9000000000e+01,2.8433272243e-01
1.0000000000e+04,3.7300000000e+02,2.0000000000e+01,2.8451609612e-01
1.0000000000e+04,3.7300000000e+02,2.1000000000e+01,2.8465566039e-01
1.0000000000e+04,3.7300000000e+02,2.2000000000e+01,2.8476259112e-01
1.0000000000e+04,3.7300000000e+02,2.3000000000e+01,2.8484523296e-01
1.0000000000e+04,3.7300000000e+02,2.4000000000e+01,2.8490966558e-01
1.0000000000e+04,3.7300000000e+02,2.5000000000e+01,2.8496047854e-01
1.0000000000e+04,3.7300000000e+02,2.6000000000e+01,2.8500103951e-01
1.0000000000e+04,3.7300000000e+02,2.7000000000e+01,2.8503391147e-01
1.0000000000e+04,3.7300000000e+02,2.8000000000e+01,2.8506100178e-01
1.0000000000e+04,3.7300000000e+02,2.9000000000e+01,2.8508368134e-01
1.0000000000e+04,3.7300000000e+02,3.0000000000e+01,2.8510299325e-01
1.0000000000e+04,3.7300000000e+02,3.1000000000e+01,2.8511986136e-01
1.0000000000e+04,5.1800000000e+02,0.0000000000e+00,1.9981532097e+00
1.0000000000e+04,5.1800000000e+02,1.0000000000e+00,5.2982926369e-01
1.0000000000e+04,5.1800000000e+02,2.0000000000e+00,2.1939441562e-01
1.0000000000e+04,5.1800000000e+02,3.0000000000e+00,1.6078026593e-01
1.0000000000e+04,5.1800000000e+02,4.0000000000e+00,1.5039841831e-01
1.0000000000e+04,5.1800000000e+02,5.0000000000e+00,1.5099349618e-01
1.0000000000e+04,5.1800000000e+02,6.0000000000e+00,1.5359562635e-01
1.0000000000e+04,5.1800000000e+02,7.0000000000e+00,1.5601584315e-01
1.0000000000e+04,5.1800000000e+02,8.0000000000e+00,1.5784682333e-01
1.0000000000e+04,5.1800000000e+02,9.0000000000e+00,1.5913556516e-01
1.0000000000e+04,5.1800000000e+02,1.0000000000e+01,1.6001503170e-01
1.0000000000e+04,5.1800000000e+02,1.1000000000e+01,1.6060709953e-01
1.0000000000e+04,5.1800000000e+02,1.2000000000e+01,1.6100354493e-01
1.0000000000e+04,5.1800000000e+02,1.3000000000e+01,1.6126884520e-01
1.0000000000e+04,5.1800000000e+02,1.4000000000e+01,1.6144680977e-01
1.0000000000e+04,5.1800000000e+02,1.5000000000e+01,1.6156674922e-01
1.0000000000e+04,5.1800000000e+02,1.6000000000e+01,1.6164806485e-01
1.0000000000e+04,5.1800000000e+02,1.7000000000e+01,1.6170370579e-01
1.0000000000e+04,5.1800000000e+02,1.8000000000e+01,1.6174218059e-01
1.0000000000e+04,5.1800000000e+02,1.9000000000e+01,1.6176919639e-01
1.0000000000e+04,5.1800000000e+02,2.0000000000e+01,1.6178849339e-01
1.0000000000e+04,5.1800000000e+02,2.1000000000e+01,1.6180263460e-01
1.0000000000e+04,5.1800000000e+02,2.2000000000e+01,1.6181325912e-01
1.0000000000e+04,5.1800000000e+02,2.3000000000e+01,1.6182152927e-01
1.0000000000e+04,5.1800000000e+02,2.4000000000e+01,1.6182820499e-01
1.0000000000e+04,5.1800000000e+02,2.5000000000e+01,1.6183376312e-01
1.0000000000e+04,5.1800000000e+02,2.6000000000e+01,1.6183859110e-01
1.0000000000e+04,5.1800000000e+02,2.7000000000e+01,1.6184291244e-01
1.0000000000e+04,5.1800000000e+02,2.8000000000e+01,1.6184689105e-01
1.0000000000e+04,5.1800000000e+02,2.9000000000e+01,1.6185064614e-01
1.0000000000e+04,5.1800000000e+02,3.0000000000e+01,1.6185422242e-01
1.0000000000e+04,5.1800000000e+02,3.1000000000e+01,1.6185770929e-01
1.0000000000e+04,7.2000000000e+02,0.0000000000e+00,2.0016047955e+00
1.0000000000e+04,7.2000000000e+02,1.0000000000e+00,4.4294536114e-01
1.0000000000e+04,7.2000000000e+02,2.0000000000e+00,1.5500557423e-01
1.0000000000e+04,7.2000000000e+02,3.0000000000e+00,1.0917858779e-01
1.0000000000e+04,7.2000000000e+02,4.0000000000e+00,1.0237518698e-01
1.0000000000e+04,7.2000000000e+02,5.0000000000e+00,1.0274070501e-01
1.0000000000e+04,7.2000000000e+02,6.0000000000e+00,1.0401922464e-01
1.0000000000e+04,7.2000000000e+02,7.0000000000e+00,1.0504738241e-01
1.0000000000e+04,7.2000000000e+02,8.0000000000e+00,1.0572656244e-01
1.0000000000e+04,7.2000000000e+02,9.0000000000e+00,1.0614690930e-01
1.0000000000e+04,7.2000000000e+02,1.0000000000e+01,1.0640065372e-01
1.0000000000e+04,7.2000000000e+02,1.1000000000e+01,1.0655263066e-01
1.0000000000e+04,7.2000000000e+02,1.2000000000e+01,1.0664374381e-01
1.0000000000e+04,7.2000000000e+02,1.3000000000e+01,1.0669874400e-01
1.0000000000e+04,7.2000000000e+02,1.4000000000e+01,1.0673236847e-01
1.0000000000e+04,7.2000000000e+02,1.5000000000e+01,1.0675331950e-01
1.0000000000e+04,7.2000000000e+02,1.6000000000e+01,1.0676673800e-01
1.0000000000e+04,7.2000000000e+02,1.7000000000e+01,1.0677565634e-01
1.0000000000e+04,7.2000000000e+02,1.8000000000e+01,1.0678188503e-01
1.0000000000e+04,7.2000000000e+02,1.9000000000e+01,1.0678648949e-01
1.0000000000e+04,7.2000000000e+02,2.0000000000e+01,1.0679011792e-01
1.0000000000e+04,7.2000000000e+02,2.1000000000e+01,1.0679315031e-01
1.0000000000e+04,7.2000000000e+02,2.2000000000e+01,1.0679583251e-01
1.0000000000e+04,7.2000000000e+02,2.3000000000e+01,1.0679829866e-01
1.0000000000e+04,7.2000000000e+02,2.4000000000e+01,1.0680063069e-01
1.0000000000e+04,7.2000000000e+02,2.5000000000e+01,1.0680288076e-01
1.0000000000e+04,7.2000000000e+02,2.6000000000e+01,1.0680508614e-01
1.0000000000e+04,7.2000000000e+02,2.7000000000e+01,1.0680726171e-01
1.0000000000e+04,7.2000000000e+02,2.8000000000e+01,1.0680942237e-01
1.0000000000e+04,7.2000000000e+02,2.9000000000e+01,1.0681158304e-01
1.0000000000e+04,7.2000000000e+02,3.0000000000e+01,1.0681372881e-01
1.0000000000e+04,7.2000000000e+02,3.1000000000e+01,1.0681588948e-01
1.0000000000e+04,1.0000000000e+03,0.0000000000e+00,2.0070588589e+00
1.0000000000e+04,1.0000000000e+03,1.0000000000e+00,3.7958416343e-01
1.0000000000e+04,1.0000000000e+03,2.0000000000e+00,1.1065825075e-01
1.0000000000e+04,1.0000000000e+03,3.0000000000e+00,7.3973663151e-02
1.0000000000e+04,1.0000000000e+03,4.0000000000e+00,6.8688303232e-02
1.0000000000e+04,1.0000000000e+03,5.0000000000e+00,6.8597458303e-02
1.0000000000e+04,1.0000000000e+03,6.0000000000e+00,6.9100067019e-02
1.0000000000e+04,1.0000000000e+03,7.0000000000e+00,6.9484069943e-02
1.0000000000e+04,1.0000000000e+03,8.0000000000e+00,6.9713309407e-02
1.0000000000e+04,1.0000000000e+03,9.0000000000e+00,6.9840639830e-02
1.0000000000e+04,1.0000000000e+03,1.0000000000e+01,6.9909788668e-02
1.0000000000e+04,1.0000000000e+03,1.1000000000e+01,6.9947294891e-02
1.0000000000e+04,1.0000000000e+03,1.2000000000e+01,6.9967888296e-02
1.0000000000e+04,1.0000000000e+03,1.3000000000e+01,6.9979496300e-02
1.0000000000e+04,1.0000000000e+03,1.4000000000e+01,6.9986306131e-02
1.0000000000e+04,1.0000000000e+03,1.5000000000e+01,6.9990575314e-02
1.0000000000e+04,1.0000000000e+03,1.6000000000e+01,6.9993466139e-02
1.0000000000e+04,1.0000000000e+03,1.7000000000e+01,6.9995611906e-02
1.0000000000e+04,1.0000000000e+03,1.8000000000e+01,6.9997370243e-02
1.0000000000e+04,1.0000000000e+03,1.9000000000e+01,6.9998905063e-02
1.0000000000e+04,1.0000000000e+03,2.0000000000e+01,7.0000328124e-02
1.0000000000e+04,1.0000000000e+03,2.1000000000e+01,7.0001691580e-02
1.0000000000e+04,1.0000000000e+03,2.2000000000e+01,7.0003017783e-02
1.0000000000e+04,1.0000000000e+03,2.3000000000e+01,7.0004321635e-02
1.0000000000e+04,1.0000000000e+03,2.4000000000e+01,7.0005618036e-02
1.0000000000e+04,1.0000000000e+03,2.5000000000e+01,7.0006914437e-02
1.0000000000e+04,1.0000000000e+03,2.6000000000e+01,7.0008210838e-02
1.0000000000e+04,1.0000000000e+03,2.7000000000e+01,7.0009492338e-02
1.0000000000e+04,1.0000000000e+03,2.8000000000e+01,7.0010788739e-02
1.0000000000e+04,1.0000000000e+03,2.9000000000e+01,7.0012085140e-02
1.0000000000e+04,1.0000000000e+03,3.0000000000e+01,7.0013381541e-02
1.0000000000e+04,1.0000000000e+03,3.1000000000e+01,7.0014685392e-02
