1.0000000000e+01,1.0000000000e+01,0.0000000000e+00,1.9984153509e+00
1.0000000000e+01,1.0000000000e+01,1.0000000000e+00,2.6952452660e+00
1.0000000000e+01,1.0000000000e+01,2.0000000000e+00,2.8728196621e+00
1.0000000000e+01,1.0000000000e+01,3.0000000000e+00,7.5441350937e+00
1.0000000000e+01,1.0000000000e+01,4.0000000000e+00,3.1969989777e+01
1.0000000000e+01,1.0000000000e+01,5.0000000000e+00,2.4122381592e+02
1.0000000000e+01,1.0000000000e+01,6.0000000000e+00,2.0489062500e+03
1.0000000000e+01,1.0000000000e+01,7.0000000000e+00,1.9205013672e+04
1.0000000000e+01,1.0000000000e+01,8.0000000000e+00,1.8944981250e+05
1.0000000000e+01,1.0000000000e+01,9.0000000000e+00,1.9475998750e+06
1.0000000000e+01,1.0000000000e+01,1.0000000000e+01,2.0660060000e+07
1.0000000000e+01,1.0000000000e+01,1.1000000000e+01,2.2500083200e+08
1.0000000000e+01,1.0000000000e+01,1.2000000000e+01,2.5065431040e+09
1.0000000000e+01,1.0000000000e+01,1.3000000000e+01,2.8493522944e+10
1.0000000000e+01,1.0000000000e+01,1.4000000000e+01,3.2991300813e+11
1.0000000000e+01,1.0000000000e+01,1.5000000000e+01,3.8850267709e+12
1.0000000000e+01,1.0000000000e+01,1.6000000000e+01,4.6469658706e+13
1.0000000000e+01,1.0000000000e+01,1.7000000000e+01,5.6390377171e+14
1.0000000000e+01,1.0000000000e+01,1.8000000000e+01,6.9342193307e+15
1.0000000000e+01,1.0000000000e+01,1.9000000000e+01,8.6308527454e+16
1.0000000000e+01,1.0000000000e+01,2.0000000000e+01,1.0861464455e+18
1.0000000000e+01,1.0000000000e+01,2.1000000000e+01,1.3804777505e+19
1.0000000000e+01,1.0000000000e+01,2.2000000000e+01,1.7701998229e+20
1.0000000000e+01,1.0000000000e+01,2.3000000000e+01,2.2878999646e+21
1.0000000000e+01,1.0000000000e+01,2.4000000000e+01,2.9776379850e+22
1.0000000000e+01,1.0000000000e+01,2.5000000000e+01,3.8990382148e+23
1.0000000000e+01,1.0000000000e+01,2.6000000000e+01,5.1328457378e+24
1.0000000000e+01,1.0000000000e+01,2.7000000000e+01,6.7884797566e+25
1.0000000000e+01,1.0000000000e+01,2.8000000000e+01,9.0143047561e+26
1.0000000000e+01,1.0000000000e+01,2.9000000000e+01,1.2011597699e+28
1.0000000000e+01,1.0000000000e+01,3.0000000000e+01,1.6053548854e+29
1.0000000000e+01,1.0000000000e+01,3.1000000000e+01,2.1511091085e+30
1.0000000000e+01,3.8000000000e+01,0.0000000000e+00,1.9955447912e+00
1.0000000000e+01,3.8000000000e+01,1.0000000000e+00,2.7919006348e+00
1.0000000000e+01,3.8000000000e+01,2.0000000000e+00,2.7138910294e+00
1.0000000000e+01,3.8000000000e+01,3.0000000000e+00,6.9454693794e+00
1.0000000000e+01,3.8000000000e+01,4.0000000000e+00,1.8916187286e+01
1.0000000000e+01,3.8000000000e+01,5.0000000000e+00,9.4595222473e+01
1.0000000000e+01,3.8000000000e+01,6.0000000000e+00,5.1512097168e+02
1.0000000000e+01,3.8000000000e+01,7.0000000000e+00,3.3707446289e+03
1.0000000000e+01,3.8000000000e+01,8.0000000000e+00,2.4521234375e+04
1.0000000000e+01,3.8000000000e+01,9.0000000000e+00,1.9849028125e+05
1.0000000000e+01,3.8000000000e+01,1.0000000000e+01,1.7420780000e+06
1.0000000000e+01,3.8000000000e+01,1.1000000000e+01,1.6262694000e+07
1.0000000000e+01,3.8000000000e+01,1.2000000000e+01,1.5860382400e+08
1.0000000000e+01,3.8000000000e+01,1.3000000000e+01,1.5949175040e+09
1.0000000000e+01,3.8000000000e+01,1.4000000000e+01,1.6384897024e+10
1.0000000000e+01,3.8000000000e+01,1.5000000000e+01,1.7089447526e+11
1.0000000000e+01,3.8000000000e+01,1.6000000000e+01,1.8021479875e+12
1.0000000000e+01,3.8000000000e+01,1.7000000000e+01,1.9161507955e+13
1.0000000000e+01,3.8000000000e+01,1.8000000000e+01,2.0503757796e+14
1.0000000000e+01,3.8000000000e+01,1.9000000000e+01,2.2051729776e+15
1.0000000000e+01,3.8000000000e+01,2.0000000000e+01,2.3815709620e+16
1.0000000000e+01,3.8000000000e+01,2.1000000000e+01,2.5811446061e+17
1.0000000000e+01,3.8000000000e+01,2.2000000000e+01,2.8059476268e+18
1.0000000000e+01,3.8000000000e+01,2.3000000000e+01,3.0584870858e+19
1.0000000000e+01,3.8000000000e+01,2.4000000000e+01,3.3417300333e+20
1.0000000000e+01,3.8000000000e+01,2.5000000000e+01,3.6591192467e+21
1.0000000000e+01,3.8000000000e+01,2.6000000000e+01,4.0146176949e+22
1.0000000000e+01,3.8000000000e+01,2.7000000000e+01,4.4127573391e+23
1.0000000000e+01,3.8000000000e+01,2.8000000000e+01,4.8586988743e+24
1.0000000000e+01,3.8000000000e+01,2.9000000000e+01,5.3583147566e+25
1.0000000000e+01,3.8000000000e+01,3.0000000000e+01,5.9182696390e+26
1.0000000000e+01,3.8000000000e+01,3.1000000000e+01,6.5461273000e+27
1.0000000000e+01,6.6000000000e+01,0.0000000000e+00,2.0036792755e+00
1.0000000000e+01,6.6000000000e+01,1.0000000000e+00,2.4293994904e+00
1.0000000000e+01,6.6000000000e+01,2.0000000000e+00,2.0446512699e+00
1.0000000000e+01,6.6000000000e+01,3.0000000000e+00,3.0480508804e+00
1.0000000000e+01,6.6000000000e+01,4.0000000000e+00,3.4139022827e+00
1.0000000000e+01,6.6000000000e+01,5.0000000000e+00,6.9175100327e+00
1.0000000000e+01,6.6000000000e+01,6.0000000000e+00,1.3339920044e+01
1.0000000000e+01,6.6000000000e+01,7.0000000000e+00,3.8259418488e+01
1.0000000000e+01,6.6000000000e+01,8.0000000000e+00,1.1125586700e+02
1.0000000000e+01,6.6000000000e+01,9.0000000000e+00,3.7398190308e+02
1.0000000000e+01,6.6000000000e+01,1.0000000000e+01,1.2975031738e+03
1.0000000000e+01,6.6000000000e+01,1.1000000000e+01,4.7917910156e+03
1.0000000000e+01,6.6000000000e+01,1.2000000000e+01,1.8326349609e+04
1.0000000000e+01,6.6000000000e+01,1.3000000000e+01,7.2791148438e+04
1.0000000000e+01,6.6000000000e+01,1.4000000000e+01,2.9754531250e+05
1.0000000000e+01,6.6000000000e+01,1.5000000000e+01,1.2479295000e+06
1.0000000000e+01,6.6000000000e+01,1.6000000000e+01,5.3443695000e+06
1.0000000000e+01,6.6000000000e+01,1.7000000000e+01,2.3294456000e+07
1.0000000000e+01,6.6000000000e+01,1.8000000000e+01,1.0301357600e+08
1.0000000000e+01,6.6000000000e+01,1.9000000000e+01,4.6105043200e+08
1.0000000000e+01,6.6000000000e+01,2.0000000000e+01,2.0840117760e+09
1.0000000000e+01,6.6000000000e+01,2.1000000000e+01,9.4975180800e+09
1.0000000000e+01,6.6000000000e+01,2.2000000000e+01,4.3578212352e+10
1.0000000000e+01,6.6000000000e+01,2.3000000000e+01,2.0108633702e+11
1.0000000000e+01,6.6000000000e+01,2.4000000000e+01,9.3227587994e+11
1.0000000000e+01,6.6000000000e+01,2.5000000000e+01,4.3393430323e+12
1.0000000000e+01,6.6000000000e+01,2.6000000000e+01,2.0265153069e+13
1.0000000000e+01,6.6000000000e+01,2.7000000000e+01,9.4907125465e+13
1.0000000000e+01,6.6000000000e+01,2.8000000000e+01,4.4554011017e+14
1.0000000000e+01,6.6000000000e+01,2.9000000000e+01,2.0958554567e+15
1.0000000000e+01,6.6000000000e+01,3.0000000000e+01,9.8763352792e+15
1.0000000000e+01,6.6000000000e+01,3.1000000000e+01,4.6610634364e+16
1.0000000000e+01,9.4000000000e+01,0.0000000000e+00,1.9983086586e+00
1.0000000000e+01,9.4000000000e+01,1.0000000000e+00,2.4326248169e+00
1.0000000000e+01,9.4000000000e+01,2.0000000000e+00,1.9084767103e+00
1.0000000000e+01,9.4000000000e+01,3.0000000000e+00,2.6059236526e+00
1.0000000000e+01,9.4000000000e+01,4.0000000000e+00,2.3713874817e+00
1.0000000000e+01,9.4000000000e+01,5.0000000000e+00,3.4331274033e+00
1.0000000000e+01,9.4000000000e+01,6.0000000000e+00,3.7251284122e+00
1.0000000000e+01,9.4000000000e+01,7.0000000000e+00,6.5239400864e+00
1.0000000000e+01,9.4000000000e+01,8.0000000000e+00,9.8869028091e+00
1.0000000000e+01,9.4000000000e+01,9.0000000000e+00,2.1267953873e+01
1.0000000000e+01,9.4000000000e+01,1.0000000000e+01,4.3371025085e+01
1.0000000000e+01,9.4000000000e+01,1.1000000000e+01,1.0395752716e+02
1.0000000000e+01,9.4000000000e+01,1.2000000000e+01,2.4612097168e+02
1.0000000000e+01,9.4000000000e+01,1.3000000000e+01,6.2164880371e+02
1.0000000000e+01,9.4000000000e+01,1.4000000000e+01,1.5782702637e+03
1.0000000000e+01,9.4000000000e+01,1.5000000000e+01,4.1270195312e+03
1.0000000000e+01,9.4000000000e+01,1.6000000000e+01,1.0899401367e+04
1.0000000000e+01,9.4000000000e+01,1.7000000000e+01,2.9265574219e+04
1.0000000000e+01,9.4000000000e+01,1.8000000000e+01,7.9345843750e+04
1.0000000000e+01,9.4000000000e+01,1.9000000000e+01,2.1749059375e+05
1.0000000000e+01,9.4000000000e+01,2.0000000000e+01,6.0105793750e+05
1.0000000000e+01,9.4000000000e+01,2.1000000000e+01,1.6744176250e+06
1.0000000000e+01,9.4000000000e+01,2.2000000000e+01,4.6958345000e+06
1.0000000000e+01,9.4000000000e+01,2.3000000000e+01,1.3251217000e+07
1.0000000000e+01,9.4000000000e+01,2.4000000000e+01,3.7598172000e+07
1.0000000000e+01,9.4000000000e+01,2.5000000000e+01,1.0721370400e+08
1.0000000000e+01,9.4000000000e+01,2.6000000000e+01,3.0710988800e+08
1.0000000000e+01,9.4000000000e+01,2.7000000000e+01,8.8336300800e+08
1.0000000000e+01,9.4000000000e+01,2.8000000000e+01,2.5505625600e+09
1.0000000000e+01,9.4000000000e+01,2.9000000000e+01,7.3902781440e+09
1.0000000000e+01,9.4000000000e+01,3.0000000000e+01,2.1483329536e+10
1.0000000000e+01,9.4000000000e+01,3.1000000000e+01,6.2641520640e+10
1.0000000000e+01,1.2100000000e+02,0.0000000000e+00,2.0021286011e+00
1.0000000000e+01,1.2100000000e+02,1.0000000000e+00,2.2700915337e+00
1.0000000000e+01,1.2100000000e+02,2.0000000000e+00,1.8616511822e+00
1.0000000000e+01,1.2100000000e+02,3.0000000000e+00,2.3483784199e+00
1.0000000000e+01,1.2100000000e+02,4.0000000000e+00,2.1687498093e+00
1.0000000000e+01,1.2100000000e+02,5.0000000000e+00,2.6600103378e+00
1.0000000000e+01,1.2100000000e+02,6.0000000000e+00,2.5754041672e+00
1.0000000000e+01,1.2100000000e+02,7.0000000000e+00,3.3333530426e+00
1.0000000000e+01,1.2100000000e+02,8.0000000000e+00,3.6263062954e+00
1.0000000000e+01,1.2100000000e+02,9.0000000000e+00,5.4505319595e+00
1.0000000000e+01,1.2100000000e+02,1.0000000000e+01,7.5855779648e+00
1.0000000000e+01,1.2100000000e+02,1.1000000000e+01,1.3959746361e+01
1.0000000000e+01,1.2100000000e+02,1.2000000000e+01,2.5375362396e+01
1.0000000000e+01,1.2100000000e+02,1.3000000000e+01,5.3808750153e+01
1.0000000000e+01,1.2100000000e+02,1.4000000000e+01,1.1464750671e+02
1.0000000000e+01,1.2100000000e+02,1.5000000000e+01,2.6115057373e+02
1.0000000000e+01,1.2100000000e+02,1.6000000000e+01,6.0071966553e+02
1.0000000000e+01,1.2100000000e+02,1.7000000000e+01,1.4245881348e+03
1.0000000000e+01,1.2100000000e+02,1.8000000000e+01,3.4141103516e+03
1.0000000000e+01,1.2100000000e+02,1.9000000000e+01,8.3175400391e+03
1.0000000000e+01,1.2100000000e+02,2.0000000000e+01,2.0448142578e+04
1.0000000000e+01,1.2100000000e+02,2.1000000000e+01,5.0783937500e+04
1.0000000000e+01,1.2100000000e+02,2.2000000000e+01,1.2702183594e+05
1.0000000000e+01,1.2100000000e+02,2.3000000000e+01,3.1988568750e+05
1.0000000000e+01,1.2100000000e+02,2.4000000000e+01,8.0987581250e+05
1.0000000000e+01,1.2100000000e+02,2.5000000000e+01,2.0602578750e+06
1.0000000000e+01,1.2100000000e+02,2.6000000000e+01,5.2617420000e+06
1.0000000000e+01,1.2100000000e+02,2.7000000000e+01,1.3484463000e+07
1.0000000000e+01,1.2100000000e+02,2.8000000000e+01,3.4657520000e+07
1.0000000000e+01,1.2100000000e+02,2.9000000000e+01,8.9301032000e+07
1.0000000000e+01,1.2100000000e+02,3.0000000000e+01,2.3059600000e+08
1.0000000000e+01,1.2100000000e+02,3.1000000000e+01,5.9656896000e+08
1.0000000000e+01,1.4900000000e+02,0.0000000000e+00,1.9992201328e+00
1.0000000000e+01,1.4900000000e+02,1.0000000000e+00,2.2285180092e+00
1.0000000000e+01,1.4900000000e+02,2.0000000000e+00,1.7158522606e+00
1.0000000000e+01,1.4900000000e+02,3.0000000000e+00,2.1728036404e+00
1.0000000000e+01,1.4900000000e+02,4.0000000000e+00,1.9271490574e+00
1.0000000000e+01,1.4900000000e+02,5.0000000000e+00,2.3064947128e+00
1.0000000000e+01,1.4900000000e+02,6.0000000000e+00,2.1093132496e+00
1.0000000000e+01,1.4900000000e+02,7.0000000000e+00,2.5252261162e+00
1.0000000000e+01,1.4900000000e+02,8.0000000000e+00,2.3871603012e+00
1.0000000000e+01,1.4900000000e+02,9.0000000000e+00,2.9984636307e+00
1.0000000000e+01,1.4900000000e+02,1.0000000000e+01,3.0804274082e+00
1.0000000000e+01,1.4900000000e+02,1.1000000000e+01,4.3067436218e+00
1.0000000000e+01,1.4900000000e+02,1.2000000000e+01,5.2577724457e+00
1.0000000000e+01,1.4900000000e+02,1.3000000000e+01,8.5139856339e+00
1.0000000000e+01,1.4900000000e+02,1.4000000000e+01,1.2879660606e+01
1.0000000000e+01,1.4900000000e+02,1.5000000000e+01,2.3469913483e+01
1.0000000000e+01,1.4900000000e+02,1.6000000000e+01,4.1499706268e+01
1.0000000000e+01,1.4900000000e+02,1.7000000000e+01,8.0612274170e+01
1.0000000000e+01,1.4900000000e+02,1.8000000000e+01,1.5490100098e+02
1.0000000000e+01,1.4900000000e+02,1.9000000000e+01,3.1102142334e+02
1.0000000000e+01,1.4900000000e+02,2.0000000000e+01,6.2385046387e+02
1.0000000000e+01,1.4900000000e+02,2.1000000000e+01,1.2790012207e+03
1.0000000000e+01,1.4900000000e+02,2.2000000000e+01,2.6304975586e+03
1.0000000000e+01,1.4900000000e+02,2.3000000000e+01,5.4773212891e+03
1.0000000000e+01,1.4900000000e+02,2.4000000000e+01,1.1456046875e+04
1.0000000000e+01,1.4900000000e+02,2.5000000000e+01,2.4152078125e+04
1.0000000000e+01,1.4900000000e+02,2.6000000000e+01,5.1147214844e+04
1.0000000000e+01,1.4900000000e+02,2.7000000000e+01,1.0893285156e+05
1.0000000000e+01,1.4900000000e+02,2.8000000000e+01,2.3294846875e+05
1.0000000000e+01,1.4900000000e+02,2.9000000000e+01,5.0033137500e+05
1.0000000000e+01,1.4900000000e+02,3.0000000000e+01,1.0784248750e+06
1.0000000000e+01,1.4900000000e+02,3.1000000000e+01,2.3326272500e+06
1.0000000000e+01,1.7700000000e+02,0.0000000000e+00,1.9984600544e+00
1.0000000000e+01,1.7700000000e+02,1.0000000000e+00,2.1577877998e+00
1.0000000000e+01,1.7700000000e+02,2.0000000000e+00,1.7412422895e+00
1.0000000000e+01,1.7700000000e+02,3.0000000000e+00,2.1070814133e+00
1.0000000000e+01,1.7700000000e+02,4.0000000000e+00,1.9449505806e+00
1.0000000000e+01,1.7700000000e+02,5.0000000000e+00,2.1869380474e+00
1.0000000000e+01,1.7700000000e+02,6.0000000000e+00,2.0632710457e+00
1.0000000000e+01,1.7700000000e+02,7.0000000000e+00,2.2605032921e+00
1.0000000000e+01,1.7700000000e+02,8.0000000000e+00,2.1526436806e+00
1.0000000000e+01,1.7700000000e+02,9.0000000000e+00,2.3480448723e+00
1.0000000000e+01,1.7700000000e+02,1.0000000000e+01,2.2615768909e+00
1.0000000000e+01,1.7700000000e+02,1.1000000000e+01,2.4995880127e+00
1.0000000000e+01,1.7700000000e+02,1.2000000000e+01,2.4690737724e+00
1.0000000000e+01,1.7700000000e+02,1.3000000000e+01,2.8346648216e+00
1.0000000000e+01,1.7700000000e+02,1.4000000000e+01,2.9704504013e+00
1.0000000000e+01,1.7700000000e+02,1.5000000000e+01,3.6820507050e+00
1.0000000000e+01,1.7700000000e+02,1.6000000000e+01,4.3236846924e+00
1.0000000000e+01,1.7700000000e+02,1.7000000000e+01,6.0126419067e+00
1.0000000000e+01,1.7700000000e+02,1.8000000000e+01,8.2196826935e+00
1.0000000000e+01,1.7700000000e+02,1.9000000000e+01,1.2821214676e+01
1.0000000000e+01,1.7700000000e+02,2.0000000000e+01,1.9973495483e+01
1.0000000000e+01,1.7700000000e+02,2.1000000000e+01,3.3648090363e+01
1.0000000000e+01,1.7700000000e+02,2.2000000000e+01,5.6763500214e+01
1.0000000000e+01,1.7700000000e+02,2.3000000000e+01,9.9669090271e+01
1.0000000000e+01,1.7700000000e+02,2.4000000000e+01,1.7536235046e+02
1.0000000000e+01,1.7700000000e+02,2.5000000000e+01,3.1485852051e+02
1.0000000000e+01,1.7700000000e+02,2.6000000000e+01,5.6680670166e+02
1.0000000000e+01,1.7700000000e+02,2.7000000000e+01,1.0317030029e+03
1.0000000000e+01,1.7700000000e+02,2.8000000000e+01,1.8833354492e+03
1.0000000000e+01,1.7700000000e+02,2.9000000000e+01,3.4610080566e+03
1.0000000000e+01,1.7700000000e+02,3.0000000000e+01,6.3781225586e+03
1.0000000000e+01,1.7700000000e+02,3.1000000000e+01,1.1806250000e+04
1.0000000000e+01,2.0500000000e+02,0.0000000000e+00,1.9982923269e+00
1.0000000000e+01,2.0500000000e+02,1.0000000000e+00,1.9798887968e+00
1.0000000000e+01,2.0500000000e+02,2.0000000000e+00,1.6583900452e+00
1.0000000000e+01,2.0500000000e+02,3.0000000000e+00,1.9245774746e+00
1.0000000000e+01,2.0500000000e+02,4.0000000000e+00,1.8225243092e+00
1.0000000000e+01,2.0500000000e+02,5.0000000000e+00,1.9758596420e+00
1.0000000000e+01,2.0500000000e+02,6.0000000000e+00,1.9045363665e+00
1.0000000000e+01,2.0500000000e+02,7.0000000000e+00,2.0082557201e+00
1.0000000000e+01,2.0500000000e+02,8.0000000000e+00,1.9481531382e+00
1.0000000000e+01,2.0500000000e+02,9.0000000000e+00,2.0287959576e+00
1.0000000000e+01,2.0500000000e+02,1.0000000000e+01,1.9757039547e+00
1.0000000000e+01,2.0500000000e+02,1.1000000000e+01,2.0464408398e+00
1.0000000000e+01,2.0500000000e+02,1.2000000000e+01,1.9996055365e+00
1.0000000000e+01,2.0500000000e+02,1.3000000000e+01,2.0691699982e+00
1.0000000000e+01,2.0500000000e+02,1.4000000000e+01,2.0304768085e+00
1.0000000000e+01,2.0500000000e+02,1.5000000000e+01,2.1079897881e+00
1.0000000000e+01,2.0500000000e+02,1.6000000000e+01,2.0841944218e+00
1.0000000000e+01,2.0500000000e+02,1.7000000000e+01,2.1846518517e+00
1.0000000000e+01,2.0500000000e+02,1.8000000000e+01,2.1938424110e+00
1.0000000000e+01,2.0500000000e+02,1.9000000000e+01,2.3491530418e+00
1.0000000000e+01,2.0500000000e+02,2.0000000000e+01,2.4373819828e+00
1.0000000000e+01,2.0500000000e+02,2.1000000000e+01,2.7232513428e+00
1.0000000000e+01,2.0500000000e+02,2.2000000000e+01,3.0072979927e+00
1.0000000000e+01,2.0500000000e+02,2.3000000000e+01,3.6119239330e+00
1.0000000000e+01,2.0500000000e+02,2.4000000000e+01,4.3900117874e+00
1.0000000000e+01,2.0500000000e+02,2.5000000000e+01,5.7923207283e+00
1.0000000000e+01,2.0500000000e+02,2.6000000000e+01,7.8325519562e+00
1.0000000000e+01,2.0500000000e+02,2.7000000000e+01,1.1267841339e+01
1.0000000000e+01,2.0500000000e+02,2.8000000000e+01,1.6563158035e+01
1.0000000000e+01,2.0500000000e+02,2.9000000000e+01,2.5244729996e+01
1.0000000000e+01,2.0500000000e+02,3.0000000000e+01,3.8995697021e+01
1.0000000000e+01,2.0500000000e+02,3.1000000000e+01,6.1328876495e+01
1.0000000000e+01,2.3300000000e+02,0.0000000000e+00,2.0060553551e+00
1.0000000000e+01,2.3300000000e+02,1.0000000000e+00,2.0619428158e+00
1.0000000000e+01,2.3300000000e+02,2.0000000000e+00,1.6992151737e+00
1.0000000000e+01,2.3300000000e+02,3.0000000000e+00,1.9729709625e+00
1.0000000000e+01,2.3300000000e+02,4.0000000000e+00,1.8723521233e+00
1.0000000000e+01,2.3300000000e+02,5.0000000000e+00,2.0078446865e+00
1.0000000000e+01,2.3300000000e+02,6.0000000000e+00,1.9483833313e+00
1.0000000000e+01,2.3300000000e+02,7.0000000000e+00,2.0265934467e+00
1.0000000000e+01,2.3300000000e+02,8.0000000000e+00,1.9834066629e+00
1.0000000000e+01,2.3300000000e+02,9.0000000000e+00,2.0344359875e+00
1.0000000000e+01,2.3300000000e+02,1.0000000000e+01,2.0007505417e+00
1.0000000000e+01,2.3300000000e+02,1.1000000000e+01,2.0374071598e+00
1.0000000000e+01,2.3300000000e+02,1.2000000000e+01,2.0101327896e+00
1.0000000000e+01,2.3300000000e+02,1.3000000000e+01,2.0385589600e+00
1.0000000000e+01,2.3300000000e+02,1.4000000000e+01,2.0158700943e+00
1.0000000000e+01,2.3300000000e+02,1.5000000000e+01,2.0393335819e+00
1.0000000000e+01,2.3300000000e+02,1.6000000000e+01,2.0200378895e+00
1.0000000000e+01,2.3300000000e+02,1.7000000000e+01,2.0404570103e+00
1.0000000000e+01,2.3300000000e+02,1.8000000000e+01,2.0237562656e+00
1.0000000000e+01,2.3300000000e+02,1.9000000000e+01,2.0423889160e+00
1.0000000000e+01,2.3300000000e+02,2.0000000000e+01,2.0277650356e+00
1.0000000000e+01,2.3300000000e+02,2.1000000000e+01,2.0455458164e+00
1.0000000000e+01,2.3300000000e+02,2.2000000000e+01,2.0327060223e+00
1.0000000000e+01,2.3300000000e+02,2.3000000000e+01,2.0504405499e+00
1.0000000000e+01,2.3300000000e+02,2.4000000000e+01,2.0393006802e+00
1.0000000000e+01,2.3300000000e+02,2.5000000000e+01,2.0577974319e+00
1.0000000000e+01,2.3300000000e+02,2.6000000000e+01,2.0484998226e+00
1.0000000000e+01,2.3300000000e+02,2.7000000000e+01,2.0686888695e+00
1.0000000000e+01,2.3300000000e+02,2.8000000000e+01,2.0616564751e+00
1.0000000000e+01,2.3300000000e+02,2.9000000000e+01,2.0847213268e+00
1.0000000000e+01,2.3300000000e+02,3.0000000000e+01,2.0807631016e+00
1.0000000000e+01,2.3300000000e+02,3.1000000000e+01,2.1083154678e+00
1.0000000000e+01,2.6100000000e+02,0.0000000000e+00,1.9993460178e+00
1.0000000000e+01,2.6100000000e+02,1.0000000000e+00,2.0188360214e+00
1.0000000000e+01,2.6100000000e+02,2.0000000000e+00,1.6956751347e+00
1.0000000000e+01,2.6100000000e+02,3.0000000000e+00,1.9547454119e+00
1.0000000000e+01,2.6100000000e+02,4.0000000000e+00,1.8766819239e+00
1.0000000000e+01,2.6100000000e+02,5.0000000000e+00,1.9939935207e+00
1.0000000000e+01,2.6100000000e+02,6.0000000000e+00,1.9507286549e+00
1.0000000000e+01,2.6100000000e+02,7.0000000000e+00,2.0120089054e+00
1.0000000000e+01,2.6100000000e+02,8.0000000000e+00,1.9824187756e+00
1.0000000000e+01,2.6100000000e+02,9.0000000000e+00,2.0184884071e+00
1.0000000000e+01,2.6100000000e+02,1.0000000000e+01,1.9969027042e+00
1.0000000000e+01,2.6100000000e+02,1.1000000000e+01,2.0202722549e+00
1.0000000000e+01,2.6100000000e+02,1.2000000000e+01,2.0039763451e+00
1.0000000000e+01,2.6100000000e+02,1.3000000000e+01,2.0203294754e+00
1.0000000000e+01,2.6100000000e+02,1.4000000000e+01,2.0076768398e+00
1.0000000000e+01,2.6100000000e+02,1.5000000000e+01,2.0198507309e+00
1.0000000000e+01,2.6100000000e+02,1.6000000000e+01,2.0097615719e+00
1.0000000000e+01,2.6100000000e+02,1.7000000000e+01,2.0192925930e+00
1.0000000000e+01,2.6100000000e+02,1.8000000000e+01,2.0110363960e+00
1.0000000000e+01,2.6100000000e+02,1.9000000000e+01,2.0188171864e+00
1.0000000000e+01,2.6100000000e+02,2.0000000000e+01,2.0118896961e+00
1.0000000000e+01,2.6100000000e+02,2.1000000000e+01,2.0184721947e+00
1.0000000000e+01,2.6100000000e+02,2.2000000000e+01,2.0125191212e+00
1.0000000000e+01,2.6100000000e+02,2.3000000000e+01,2.0182638168e+00
1.0000000000e+01,2.6100000000e+02,2.4000000000e+01,2.0130329132e+00
1.0000000000e+01,2.6100000000e+02,2.5000000000e+01,2.0181865692e+00
1.0000000000e+01,2.6100000000e+02,2.6000000000e+01,2.0134949684e+00
1.0000000000e+01,2.6100000000e+02,2.7000000000e+01,2.0182352066e+00
1.0000000000e+01,2.6100000000e+02,2.8000000000e+01,2.0139484406e+00
1.0000000000e+01,2.6100000000e+02,2.9000000000e+01,2.0184078217e+00
1.0000000000e+01,2.6100000000e+02,3.0000000000e+01,2.0144257545e+00
1.0000000000e+01,2.6100000000e+02,3.1000000000e+01,2.0187084675e+00
1.0000000000e+01,2.8900000000e+02,0.0000000000e+00,2.0096216202e+00
1.0000000000e+01,2.8900000000e+02,1.0000000000e+00,2.1013524532e+00
1.0000000000e+01,2.8900000000e+02,2.0000000000e+00,1.8076887131e+00
1.0000000000e+01,2.8900000000e+02,3.0000000000e+00,2.0718834400e+00
1.0000000000e+01,2.8900000000e+02,4.0000000000e+00,2.0059981346e+00
1.0000000000e+01,2.8900000000e+02,5.0000000000e+00,2.1148781776e+00
1.0000000000e+01,2.8900000000e+02,6.0000000000e+00,2.0793893337e+00
1.0000000000e+01,2.8900000000e+02,7.0000000000e+00,2.1315190792e+00
1.0000000000e+01,2.8900000000e+02,8.0000000000e+00,2.1084372997e+00
1.0000000000e+01,2.8900000000e+02,9.0000000000e+00,2.1366653442e+00
1.0000000000e+01,2.8900000000e+02,1.0000000000e+01,2.1208639145e+00
1.0000000000e+01,2.8900000000e+02,1.1000000000e+01,2.1377329826e+00
1.0000000000e+01,2.8900000000e+02,1.2000000000e+01,2.1265959740e+00
1.0000000000e+01,2.8900000000e+02,1.3000000000e+01,2.1375062466e+00
1.0000000000e+01,2.8900000000e+02,1.4000000000e+01,2.1294448376e+00
1.0000000000e+01,2.8900000000e+02,1.5000000000e+01,2.1369657516e+00
1.0000000000e+01,2.8900000000e+02,1.6000000000e+01,2.1309697628e+00
1.0000000000e+01,2.8900000000e+02,1.7000000000e+01,2.1364321709e+00
1.0000000000e+01,2.8900000000e+02,1.8000000000e+01,2.1318473816e+00
1.0000000000e+01,2.8900000000e+02,1.9000000000e+01,2.1359925270e+00
1.0000000000e+01,2.8900000000e+02,2.0000000000e+01,2.1323881149e+00
1.0000000000e+01,2.8900000000e+02,2.1000000000e+01,2.1356546879e+00
1.0000000000e+01,2.8900000000e+02,2.2000000000e+01,2.1327433586e+00
1.0000000000e+01,2.8900000000e+02,2.3000000000e+01,2.1354045868e+00
1.0000000000e+01,2.8900000000e+02,2.4000000000e+01,2.1329894066e+00
1.0000000000e+01,2.8900000000e+02,2.5000000000e+01,2.1352236271e+00
1.0000000000e+01,2.8900000000e+02,2.6000000000e+01,2.1331701279e+00
1.0000000000e+01,2.8900000000e+02,2.7000000000e+01,2.1350965500e+00
1.0000000000e+01,2.8900000000e+02,2.8000000000e+01,2.1333086491e+00
1.0000000000e+01,2.8900000000e+02,2.9000000000e+01,2.1350104809e+00
1.0000000000e+01,2.8900000000e+02,3.0000000000e+01,2.1334204674e+00
1.0000000000e+01,2.8900000000e+02,3.1000000000e+01,2.1349573135e+00
1.0000000000e+01,3.1600000000e+02,0.0000000000e+00,2.0090527534e+00
1.0000000000e+01,3.1600000000e+02,1.0000000000e+00,1.9446061850e+00
1.0000000000e+01,3.1600000000e+02,2.0000000000e+00,1.6469777822e+00
1.0000000000e+01,3.1600000000e+02,3.0000000000e+00,1.8675973415e+00
1.0000000000e+01,3.1600000000e+02,4.0000000000e+00,1.8036694527e+00
1.0000000000e+01,3.1600000000e+02,5.0000000000e+00,1.8915410042e+00
1.0000000000e+01,3.1600000000e+02,6.0000000000e+00,1.8600254059e+00
1.0000000000e+01,3.1600000000e+02,7.0000000000e+00,1.9003840685e+00
1.0000000000e+01,3.1600000000e+02,8.0000000000e+00,1.8814835548e+00
1.0000000000e+01,3.1600000000e+02,9.0000000000e+00,1.9024225473e+00
1.0000000000e+01,3.1600000000e+02,1.0000000000e+01,1.8903722763e+00
1.0000000000e+01,3.1600000000e+02,1.1000000000e+01,1.9023352861e+00
1.0000000000e+01,3.1600000000e+02,1.2000000000e+01,1.8943783045e+00
1.0000000000e+01,3.1600000000e+02,1.3000000000e+01,1.9017508030e+00
1.0000000000e+01,3.1600000000e+02,1.4000000000e+01,1.8963390589e+00
1.0000000000e+01,3.1600000000e+02,1.5000000000e+01,1.9011622667e+00
1.0000000000e+01,3.1600000000e+02,1.6000000000e+01,1.8973783255e+00
1.0000000000e+01,3.1600000000e+02,1.7000000000e+01,1.9006885290e+00
1.0000000000e+01,3.1600000000e+02,1.8000000000e+01,1.8979712725e+00
1.0000000000e+01,3.1600000000e+02,1.9000000000e+01,1.9003338814e+00
1.0000000000e+01,3.1600000000e+02,2.0000000000e+01,1.8983322382e+00
1.0000000000e+01,3.1600000000e+02,2.1000000000e+01,1.9000749588e+00
1.0000000000e+01,3.1600000000e+02,2.2000000000e+01,1.8985642195e+00
1.0000000000e+01,3.1600000000e+02,2.3000000000e+01,1.8998872042e+00
1.0000000000e+01,3.1600000000e+02,2.4000000000e+01,1.8987206221e+00
1.0000000000e+01,3.1600000000e+02,2.5000000000e+01,1.8997502327e+00
1.0000000000e+01,3.1600000000e+02,2.6000000000e+01,1.8988295794e+00
1.0000000000e+01,3.1600000000e+02,2.7000000000e+01,1.8996491432e+00
1.0000000000e+01,3.1600000000e+02,2.8000000000e+01,1.8989077806e+00
1.0000000000e+01,3.1600000000e+02,2.9000000000e+01,1.8995740414e+00
1.0000000000e+01,3.1600000000e+02,3.0000000000e+01,1.8989654779e+00
1.0000000000e+01,3.1600000000e+02,3.1000000000e+01,1.8995171785e+00
1.0000000000e+01,3.4400000000e+02,0.0000000000e+00,2.0021820068e+00
1.0000000000e+01,3.4400000000e+02,1.0000000000e+00,1.9509639740e+00
1.0000000000e+01,3.4400000000e+02,2.0000000000e+00,1.7030062675e+00
1.0000000000e+01,3.4400000000e+02,3.0000000000e+00,1.9089032412e+00
1.0000000000e+01,3.4400000000e+02,4.0000000000e+00,1.8689955473e+00
1.0000000000e+01,3.4400000000e+02,5.0000000000e+00,1.9402363300e+00
1.0000000000e+01,3.4400000000e+02,6.0000000000e+00,1.9231147766e+00
1.0000000000e+01,3.4400000000e+02,7.0000000000e+00,1.9512529373e+00
1.0000000000e+01,3.4400000000e+02,8.0000000000e+00,1.9419299364e+00
1.0000000000e+01,3.4400000000e+02,9.0000000000e+00,1.9543955326e+00
1.0000000000e+01,3.4400000000e+02,1.0000000000e+01,1.9490091801e+00
1.0000000000e+01,3.4400000000e+02,1.1000000000e+01,1.9550814629e+00
1.0000000000e+01,3.4400000000e+02,1.2000000000e+01,1.9518779516e+00
1.0000000000e+01,3.4400000000e+02,1.3000000000e+01,1.9550808668e+00
1.0000000000e+01,3.4400000000e+02,1.4000000000e+01,1.9531257153e+00
1.0000000000e+01,3.4400000000e+02,1.5000000000e+01,1.9549331665e+00
1.0000000000e+01,3.4400000000e+02,1.6000000000e+01,1.9537068605e+00
1.0000000000e+01,3.4400000000e+02,1.7000000000e+01,1.9547877312e+00
1.0000000000e+01,3.4400000000e+02,1.8000000000e+01,1.9539960623e+00
1.0000000000e+01,3.4400000000e+02,1.9000000000e+01,1.9546761513e+00
1.0000000000e+01,3.4400000000e+02,2.0000000000e+01,1.9541491270e+00
1.0000000000e+01,3.4400000000e+02,2.1000000000e+01,1.9545971155e+00
1.0000000000e+01,3.4400000000e+02,2.2000000000e+01,1.9542347193e+00
1.0000000000e+01,3.4400000000e+02,2.3000000000e+01,1.9545425177e+00
1.0000000000e+01,3.4400000000e+02,2.4000000000e+01,1.9542855024e+00
1.0000000000e+01,3.4400000000e+02,2.5000000000e+01,1.9545050859e+00
1.0000000000e+01,3.4400000000e+02,2.6000000000e+01,1.9543166161e+00
1.0000000000e+01,3.4400000000e+02,2.7000000000e+01,1.9544788599e+00
1.0000000000e+01,3.4400000000e+02,2.8000000000e+01,1.9543364048e+00
1.0000000000e+01,3.4400000000e+02,2.9000000000e+01,1.9544606209e+00
1.0000000000e+01,3.4400000000e+02,3.0000000000e+01,1.9543497562e+00
1.0000000000e+01,3.4400000000e+02,3.1000000000e+01,1.9544475079e+00
1.0000000000e+01,3.7200000000e+02,0.0000000000e+00,2.0089793205e+00
1.0000000000e+01,3.7200000000e+02,1.0000000000e+00,1.9113260508e+00
1.0000000000e+01,3.7200000000e+02,2.0000000000e+00,1.6416288614e+00
1.0000000000e+01,3.7200000000e+02,3.0000000000e+00,1.8286452293e+00
1.0000000000e+01,3.7200000000e+02,4.0000000000e+00,1.7827194929e+00
1.0000000000e+01,3.7200000000e+02,5.0000000000e+00,1.8447635174e+00
1.0000000000e+01,3.7200000000e+02,6.0000000000e+00,1.8263455629e+00
1.0000000000e+01,3.7200000000e+02,7.0000000000e+00,1.8500759602e+00
1.0000000000e+01,3.7200000000e+02,8.0000000000e+00,1.8408616781e+00
1.0000000000e+01,3.7200000000e+02,9.0000000000e+00,1.8510985374e+00
1.0000000000e+01,3.7200000000e+02,1.0000000000e+01,1.8461556435e+00
1.0000000000e+01,3.7200000000e+02,1.1000000000e+01,1.8510117531e+00
1.0000000000e+01,3.7200000000e+02,1.2000000000e+01,1.8482608795e+00
1.0000000000e+01,3.7200000000e+02,1.3000000000e+01,1.8507443666e+00
1.0000000000e+01,3.7200000000e+02,1.4000000000e+01,1.8491690159e+00
1.0000000000e+01,3.7200000000e+02,1.5000000000e+01,1.8505176306e+00
1.0000000000e+01,3.7200000000e+02,1.6000000000e+01,1.8495916128e+00
1.0000000000e+01,3.7200000000e+02,1.7000000000e+01,1.8503601551e+00
1.0000000000e+01,3.7200000000e+02,1.8000000000e+01,1.8498021364e+00
1.0000000000e+01,3.7200000000e+02,1.9000000000e+01,1.8502582312e+00
1.0000000000e+01,3.7200000000e+02,2.0000000000e+01,1.8499135971e+00
1.0000000000e+01,3.7200000000e+02,2.1000000000e+01,1.8501937389e+00
1.0000000000e+01,3.7200000000e+02,2.2000000000e+01,1.8499760628e+00
1.0000000000e+01,3.7200000000e+02,2.3000000000e+01,1.8501528502e+00
1.0000000000e+01,3.7200000000e+02,2.4000000000e+01,1.8500120640e+00
1.0000000000e+01,3.7200000000e+02,2.5000000000e+01,1.8501271009e+00
1.0000000000e+01,3.7200000000e+02,2.6000000000e+01,1.8500341177e+00
1.0000000000e+01,3.7200000000e+02,2.7000000000e+01,1.8501105309e+00
1.0000000000e+01,3.7200000000e+02,2.8000000000e+01,1.8500478268e+00
1.0000000000e+01,3.7200000000e+02,2.9000000000e+01,1.8500996828e+00
1.0000000000e+01,3.7200000000e+02,3.0000000000e+01,1.8500567675e+00
1.0000000000e+01,3.7200000000e+02,3.1000000000e+01,1.8500928879e+00
1.0000000000e+01,4.0000000000e+02,0.0000000000e+00,2.0025799274e+00
1.0000000000e+01,4.0000000000e+02,1.0000000000e+00,1.8559651375e+00
1.0000000000e+01,4.0000000000e+02,2.0000000000e+00,1.6003402472e+00
1.0000000000e+01,4.0000000000e+02,3.0000000000e+00,1.7801905870e+00
1.0000000000e+01,4.0000000000e+02,4.0000000000e+00,1.7390142679e+00
1.0000000000e+01,4.0000000000e+02,5.0000000000e+00,1.7962315083e+00
1.0000000000e+01,4.0000000000e+02,6.0000000000e+00,1.7800173759e+00
1.0000000000e+01,4.0000000000e+02,7.0000000000e+00,1.8008744717e+00
1.0000000000e+01,4.0000000000e+02,8.0000000000e+00,1.7930257320e+00
1.0000000000e+01,4.0000000000e+02,9.0000000000e+00,1.8015962839e+00
1.0000000000e+01,4.0000000000e+02,1.0000000000e+01,1.7975564003e+00
1.0000000000e+01,4.0000000000e+02,1.1000000000e+01,1.8014352322e+00
1.0000000000e+01,4.0000000000e+02,1.2000000000e+01,1.7992813587e+00
1.0000000000e+01,4.0000000000e+02,1.3000000000e+01,1.8011792898e+00
1.0000000000e+01,4.0000000000e+02,1.4000000000e+01,1.7999954224e+00
1.0000000000e+01,4.0000000000e+02,1.5000000000e+01,1.8009855747e+00
1.0000000000e+01,4.0000000000e+02,1.6000000000e+01,1.8003147840e+00
1.0000000000e+01,4.0000000000e+02,1.7000000000e+01,1.8008601665e+00
1.0000000000e+01,4.0000000000e+02,1.8000000000e+01,1.8004684448e+00
1.0000000000e+01,4.0000000000e+02,1.9000000000e+01,1.8007826805e+00
1.0000000000e+01,4.0000000000e+02,2.0000000000e+01,1.8005472422e+00
1.0000000000e+01,4.0000000000e+02,2.1000000000e+01,1.8007358313e+00
1.0000000000e+01,4.0000000000e+02,2.2000000000e+01,1.8005899191e+00
1.0000000000e+01,4.0000000000e+02,2.3000000000e+01,1.8007071018e+00
1.0000000000e+01,4.0000000000e+02,2.4000000000e+01,1.8006142378e+00
1.0000000000e+01,4.0000000000e+02,2.5000000000e+01,1.8006896973e+00
1.0000000000e+01,4.0000000000e+02,2.6000000000e+01,1.8006285429e+00
1.0000000000e+01,4.0000000000e+02,2.7000000000e+01,1.8006784916e+00
1.0000000000e+01,4.0000000000e+02,2.8000000000e+01,1.8006374836e+00
1.0000000000e+01,4.0000000000e+02,2.9000000000e+01,1.8006715775e+00
1.0000000000e+01,4.0000000000e+02,3.0000000000e+01,1.8006432056e+00
1.0000000000e+01,4.0000000000e+02,3.1000000000e+01,1.8006669283e+00
3.8000000000e+01,1.0000000000e+01,0.0000000000e+00,2.0022597313e+00
3.8000000000e+01,1.0000000000e+01,1.0000000000e+00,4.2355937958e+00
3.8000000000e+01,1.0000000000e+01,2.0000000000e+00,3.5344476700e+00
3.8000000000e+01,1.0000000000e+01,3.0000000000e+00,5.8169293404e+00
3.8000000000e+01,1.0000000000e+01,4.0000000000e+00,6.9688868523e+00
3.8000000000e+01,1.0000000000e+01,5.0000000000e+00,2.0644073486e+01
3.8000000000e+01,1.0000000000e+01,6.0000000000e+00,8.2618659973e+01
3.8000000000e+01,1.0000000000e+01,7.0000000000e+00,5.1310583496e+02
3.8000000000e+01,1.0000000000e+01,8.0000000000e+00,3.5652248535e+03
3.8000000000e+01,1.0000000000e+01,9.0000000000e+00,2.6951720703e+04
3.8000000000e+01,1.0000000000e+01,1.0000000000e+01,2.1239196875e+05
3.8000000000e+01,1.0000000000e+01,1.1000000000e+01,1.7247281250e+06
3.8000000000e+01,1.0000000000e+01,1.2000000000e+01,1.4302916000e+07
3.8000000000e+01,1.0000000000e+01,1.3000000000e+01,1.2056118400e+08
3.8000000000e+01,1.0000000000e+01,1.4000000000e+01,1.0294993280e+09
3.8000000000e+01,1.0000000000e+01,1.5000000000e+01,8.8855080960e+09
3.8000000000e+01,1.0000000000e+01,1.6000000000e+01,7.7377298432e+10
3.8000000000e+01,1.0000000000e+01,1.7000000000e+01,6.7892340326e+11
3.8000000000e+01,1.0000000000e+01,1.8000000000e+01,5.9953958093e+12
3.8000000000e+01,1.0000000000e+01,1.9000000000e+01,5.3235842810e+13
3.8000000000e+01,1.0000000000e+01,2.0000000000e+01,4.7494815390e+14
3.8000000000e+01,1.0000000000e+01,2.1000000000e+01,4.2546630545e+15
3.8000000000e+01,1.0000000000e+01,2.2000000000e+01,3.8249625823e+16
3.8000000000e+01,1.0000000000e+01,2.3000000000e+01,3.4493342775e+17
3.8000000000e+01,1.0000000000e+01,2.4000000000e+01,3.1190577520e+18
3.8000000000e+01,1.0000000000e+01,2.5000000000e+01,2.8271652325e+19
3.8000000000e+01,1.0000000000e+01,2.6000000000e+01,2.5680256910e+20
3.8000000000e+01,1.0000000000e+01,2.7000000000e+01,2.3370411327e+21
3.8000000000e+01,1.0000000000e+01,2.8000000000e+01,2.1304196972e+22
3.8000000000e+01,1.0000000000e+01,2.9000000000e+01,1.9450070410e+23
3.8000000000e+01,1.0000000000e+01,3.0000000000e+01,1.7781519895e+24
3.8000000000e+01,1.0000000000e+01,3.1000000000e+01,1.6276173345e+25
3.8000000000e+01,3.8000000000e+01,0.0000000000e+00,2.0053389072e+00
3.8000000000e+01,3.8000000000e+01,1.0000000000e+00,2.7958977222e+00
3.8000000000e+01,3.8000000000e+01,2.0000000000e+00,2.2722580433e+00
3.8000000000e+01,3.8000000000e+01,3.0000000000e+00,2.9711029530e+00
3.8000000000e+01,3.8000000000e+01,4.0000000000e+00,2.7391939163e+00
3.8000000000e+01,3.8000000000e+01,5.0000000000e+00,3.4591252804e+00
3.8000000000e+01,3.8000000000e+01,6.0000000000e+00,3.4234709740e+00
3.8000000000e+01,3.8000000000e+01,7.0000000000e+00,4.7068438530e+00
3.8000000000e+01,3.8000000000e+01,8.0000000000e+00,5.6551017761e+00
3.8000000000e+01,3.8000000000e+01,9.0000000000e+00,9.7459106445e+00
3.8000000000e+01,3.8000000000e+01,1.0000000000e+01,1.6679132462e+01
3.8000000000e+01,3.8000000000e+01,1.1000000000e+01,3.6763374329e+01
3.8000000000e+01,3.8000000000e+01,1.2000000000e+01,8.3046684265e+01
3.8000000000e+01,3.8000000000e+01,1.3000000000e+01,2.0901597595e+02
3.8000000000e+01,3.8000000000e+01,1.4000000000e+01,5.3748388672e+02
3.8000000000e+01,3.8000000000e+01,1.5000000000e+01,1.4452821045e+03
3.8000000000e+01,3.8000000000e+01,1.6000000000e+01,3.9590541992e+03
3.8000000000e+01,3.8000000000e+01,1.7000000000e+01,1.1101102539e+04
3.8000000000e+01,3.8000000000e+01,1.8000000000e+01,3.1594564453e+04
3.8000000000e+01,3.8000000000e+01,1.9000000000e+01,9.1253070312e+04
3.8000000000e+01,3.8000000000e+01,2.0000000000e+01,2.6654693750e+05
3.8000000000e+01,3.8000000000e+01,2.1000000000e+01,7.8648275000e+05
3.8000000000e+01,3.8000000000e+01,2.2000000000e+01,2.3399302500e+06
3.8000000000e+01,3.8000000000e+01,2.3000000000e+01,7.0119820000e+06
3.8000000000e+01,3.8000000000e+01,2.4000000000e+01,2.1140184000e+07
3.8000000000e+01,3.8000000000e+01,2.5000000000e+01,6.4067656000e+07
3.8000000000e+01,3.8000000000e+01,2.6000000000e+01,1.9502747200e+08
3.8000000000e+01,3.8000000000e+01,2.7000000000e+01,5.9594892800e+08
3.8000000000e+01,3.8000000000e+01,2.8000000000e+01,1.8270160640e+09
3.8000000000e+01,3.8000000000e+01,2.9000000000e+01,5.6169292800e+09
3.8000000000e+01,3.8000000000e+01,3.0000000000e+01,1.7310507008e+10
3.8000000000e+01,3.8000000000e+01,3.1000000000e+01,5.3460303872e+10
3.8000000000e+01,6.6000000000e+01,0.0000000000e+00,2.0049631596e+00
3.8000000000e+01,6.6000000000e+01,1.0000000000e+00,2.2276544571e+00
3.8000000000e+01,6.6000000000e+01,2.0000000000e+00,1.7053520679e+00
3.8000000000e+01,6.6000000000e+01,3.0000000000e+00,2.0993793011e+00
3.8000000000e+01,6.6000000000e+01,4.0000000000e+00,1.9024986029e+00
3.8000000000e+01,6.6000000000e+01,5.0000000000e+00,2.2102355957e+00
3.8000000000e+01,6.6000000000e+01,6.0000000000e+00,2.0846395493e+00
3.8000000000e+01,6.6000000000e+01,7.0000000000e+00,2.4012835026e+00
3.8000000000e+01,6.6000000000e+01,8.0000000000e+00,2.3414754868e+00
3.8000000000e+01,6.6000000000e+01,9.0000000000e+00,2.7768592834e+00
3.8000000000e+01,6.6000000000e+01,1.0000000000e+01,2.8933100700e+00
3.8000000000e+01,6.6000000000e+01,1.1000000000e+01,3.7186169624e+00
3.8000000000e+01,6.6000000000e+01,1.2000000000e+01,4.4367389679e+00
3.8000000000e+01,6.6000000000e+01,1.3000000000e+01,6.5186004639e+00
3.8000000000e+01,6.6000000000e+01,1.4000000000e+01,9.3808526993e+00
3.8000000000e+01,6.6000000000e+01,1.5000000000e+01,1.5759548187e+01
3.8000000000e+01,6.6000000000e+01,1.6000000000e+01,2.6477134705e+01
3.8000000000e+01,6.6000000000e+01,1.7000000000e+01,4.8393836975e+01
3.8000000000e+01,6.6000000000e+01,1.8000000000e+01,8.8740348816e+01
3.8000000000e+01,6.6000000000e+01,1.9000000000e+01,1.6939367676e+02
3.8000000000e+01,6.6000000000e+01,2.0000000000e+01,3.2481225586e+02
3.8000000000e+01,6.6000000000e+01,2.1000000000e+01,6.3559008789e+02
3.8000000000e+01,6.6000000000e+01,2.2000000000e+01,1.2506234131e+03
3.8000000000e+01,6.6000000000e+01,2.3000000000e+01,2.4907424316e+03
3.8000000000e+01,6.6000000000e+01,2.4000000000e+01,4.9903784180e+03
3.8000000000e+01,6.6000000000e+01,2.5000000000e+01,1.0084884766e+04
3.8000000000e+01,6.6000000000e+01,2.6000000000e+01,2.0502167969e+04
3.8000000000e+01,6.6000000000e+01,2.7000000000e+01,4.1968378906e+04
3.8000000000e+01,6.6000000000e+01,2.8000000000e+01,8.6397664062e+04
3.8000000000e+01,6.6000000000e+01,2.9000000000e+01,1.7890985938e+05
3.8000000000e+01,6.6000000000e+01,3.0000000000e+01,3.7241503125e+05
3.8000000000e+01,6.6000000000e+01,3.1000000000e+01,7.7919812500e+05
3.8000000000e+01,9.4000000000e+01,0.0000000000e+00,1.9993274212e+00
3.8000000000e+01,9.4000000000e+01,1.0000000000e+00,2.0180022717e+00
3.8000000000e+01,9.4000000000e+01,2.0000000000e+00,1.6151171923e+00
3.8000000000e+01,9.4000000000e+01,3.0000000000e+00,1.8820480108e+00
3.8000000000e+01,9.4000000000e+01,4.0000000000e+00,1.7897999287e+00
3.8000000000e+01,9.4000000000e+01,5.0000000000e+00,1.9657208920e+00
3.8000000000e+01,9.4000000000e+01,6.0000000000e+00,1.9234579802e+00
3.8000000000e+01,9.4000000000e+01,7.0000000000e+00,2.0619120598e+00
3.8000000000e+01,9.4000000000e+01,8.0000000000e+00,2.0364737511e+00
3.8000000000e+01,9.4000000000e+01,9.0000000000e+00,2.1631114483e+00
3.8000000000e+01,9.4000000000e+01,1.0000000000e+01,2.1513338089e+00
3.8000000000e+01,9.4000000000e+01,1.1000000000e+01,2.2886765003e+00
3.8000000000e+01,9.4000000000e+01,1.2000000000e+01,2.3038039207e+00
3.8000000000e+01,9.4000000000e+01,1.3000000000e+01,2.4879317284e+00
3.8000000000e+01,9.4000000000e+01,1.4000000000e+01,2.5722358227e+00
3.8000000000e+01,9.4000000000e+01,1.5000000000e+01,2.8829438686e+00
3.8000000000e+01,9.4000000000e+01,1.6000000000e+01,3.1519169807e+00
3.8000000000e+01,9.4000000000e+01,1.7000000000e+01,3.7894928455e+00
3.8000000000e+01,9.4000000000e+01,1.8000000000e+01,4.5565290451e+00
3.8000000000e+01,9.4000000000e+01,1.9000000000e+01,6.0519657135e+00
3.8000000000e+01,9.4000000000e+01,2.0000000000e+01,8.1781749725e+00
3.8000000000e+01,9.4000000000e+01,2.1000000000e+01,1.1982923508e+01
3.8000000000e+01,9.4000000000e+01,2.2000000000e+01,1.7868919373e+01
3.8000000000e+01,9.4000000000e+01,2.3000000000e+01,2.8033487320e+01
3.8000000000e+01,9.4000000000e+01,2.4000000000e+01,4.4461265564e+01
3.8000000000e+01,9.4000000000e+01,2.5000000000e+01,7.2465026855e+01
3.8000000000e+01,9.4000000000e+01,2.6000000000e+01,1.1881565857e+02
3.8000000000e+01,9.4000000000e+01,2.7000000000e+01,1.9758438110e+02
3.8000000000e+01,9.4000000000e+01,2.8000000000e+01,3.2978079224e+02
3.8000000000e+01,9.4000000000e+01,2.9000000000e+01,5.5465686035e+02
3.8000000000e+01,9.4000000000e+01,3.0000000000e+01,9.3535949707e+02
3.8000000000e+01,9.4000000000e+01,3.1000000000e+01,1.5845380859e+03
3.8000000000e+01,1.2100000000e+02,0.0000000000e+00,1.9942990541e+00
3.8000000000e+01,1.2100000000e+02,1.0000000000e+00,1.6466016769e+00
3.8000000000e+01,1.2100000000e+02,2.0000000000e+00,1.2321776152e+00
3.8000000000e+01,1.2100000000e+02,3.0000000000e+00,1.4005929232e+00
3.8000000000e+01,1.2100000000e+02,4.0000000000e+00,1.3050767183e+00
3.8000000000e+01,1.2100000000e+02,5.0000000000e+00,1.4139571190e+00
3.8000000000e+01,1.2100000000e+02,6.0000000000e+00,1.3702881336e+00
3.8000000000e+01,1.2100000000e+02,7.0000000000e+00,1.4487832785e+00
3.8000000000e+01,1.2100000000e+02,8.0000000000e+00,1.4208798409e+00
3.8000000000e+01,1.2100000000e+02,9.0000000000e+00,1.4833922386e+00
3.8000000000e+01,1.2100000000e+02,1.0000000000e+01,1.4623363018e+00
3.8000000000e+01,1.2100000000e+02,1.1000000000e+01,1.5172617435e+00
3.8000000000e+01,1.2100000000e+02,1.2000000000e+01,1.5012179613e+00
3.8000000000e+01,1.2100000000e+02,1.3000000000e+01,1.5553452969e+00
3.8000000000e+01,1.2100000000e+02,1.4000000000e+01,1.5462130308e+00
3.8000000000e+01,1.2100000000e+02,1.5000000000e+01,1.6076469421e+00
3.8000000000e+01,1.2100000000e+02,1.6000000000e+01,1.6118574142e+00
3.8000000000e+01,1.2100000000e+02,1.7000000000e+01,1.6937776804e+00
3.8000000000e+01,1.2100000000e+02,1.8000000000e+01,1.7263020277e+00
3.8000000000e+01,1.2100000000e+02,1.9000000000e+01,1.8539882898e+00
3.8000000000e+01,1.2100000000e+02,2.0000000000e+01,1.9478812218e+00
3.8000000000e+01,1.2100000000e+02,2.1000000000e+01,2.1734747887e+00
3.8000000000e+01,1.2100000000e+02,2.2000000000e+01,2.4011621475e+00
3.8000000000e+01,1.2100000000e+02,2.3000000000e+01,2.8357551098e+00
3.8000000000e+01,1.2100000000e+02,2.4000000000e+01,3.3561558723e+00
3.8000000000e+01,1.2100000000e+02,2.5000000000e+01,4.2404098511e+00
3.8000000000e+01,1.2100000000e+02,2.6000000000e+01,5.4034376144e+00
3.8000000000e+01,1.2100000000e+02,2.7000000000e+01,7.2639966011e+00
3.8000000000e+01,1.2100000000e+02,2.8000000000e+01,9.8430356979e+00
3.8000000000e+01,1.2100000000e+02,2.9000000000e+01,1.3840556145e+01
3.8000000000e+01,1.2100000000e+02,3.0000000000e+01,1.9551376343e+01
3.8000000000e+01,1.2100000000e+02,3.1000000000e+01,2.8257953644e+01
3.8000000000e+01,1.4900000000e+02,0.0000000000e+00,1.9922337532e+00
3.8000000000e+01,1.4900000000e+02,1.0000000000e+00,1.4826130867e+00
3.8000000000e+01,1.4900000000e+02,2.0000000000e+00,1.0850226879e+00
3.8000000000e+01,1.4900000000e+02,3.0000000000e+00,1.2107452154e+00
3.8000000000e+01,1.4900000000e+02,4.0000000000e+00,1.1366107464e+00
3.8000000000e+01,1.4900000000e+02,5.0000000000e+00,1.2151720524e+00
3.8000000000e+01,1.4900000000e+02,6.0000000000e+00,1.1882641315e+00
3.8000000000e+01,1.4900000000e+02,7.0000000000e+00,1.2394568920e+00
3.8000000000e+01,1.4900000000e+02,8.0000000000e+00,1.2248096466e+00
3.8000000000e+01,1.4900000000e+02,9.0000000000e+00,1.2603921890e+00
3.8000000000e+01,1.4900000000e+02,1.0000000000e+01,1.2497845888e+00
3.8000000000e+01,1.4900000000e+02,1.1000000000e+01,1.2761681080e+00
3.8000000000e+01,1.4900000000e+02,1.2000000000e+01,1.2671377659e+00
3.8000000000e+01,1.4900000000e+02,1.3000000000e+01,1.2881126404e+00
3.8000000000e+01,1.4900000000e+02,1.4000000000e+01,1.2798566818e+00
3.8000000000e+01,1.4900000000e+02,1.5000000000e+01,1.2979066372e+00
3.8000000000e+01,1.4900000000e+02,1.6000000000e+01,1.2902394533e+00
3.8000000000e+01,1.4900000000e+02,1.7000000000e+01,1.3072531223e+00
3.8000000000e+01,1.4900000000e+02,1.8000000000e+01,1.3003581762e+00
3.8000000000e+01,1.4900000000e+02,1.9000000000e+01,1.3181102276e+00
3.8000000000e+01,1.4900000000e+02,2.0000000000e+01,1.3125975132e+00
3.8000000000e+01,1.4900000000e+02,2.1000000000e+01,1.3332034349e+00
3.8000000000e+01,1.4900000000e+02,2.2000000000e+01,1.3303899765e+00
3.8000000000e+01,1.4900000000e+02,2.3000000000e+01,1.3569021225e+00
3.8000000000e+01,1.4900000000e+02,2.4000000000e+01,1.3594012260e+00
3.8000000000e+01,1.4900000000e+02,2.5000000000e+01,1.3967587948e+00
3.8000000000e+01,1.4900000000e+02,2.6000000000e+01,1.4095975161e+00
3.8000000000e+01,1.4900000000e+02,2.7000000000e+01,1.4662841558e+00
3.8000000000e+01,1.4900000000e+02,2.8000000000e+01,1.4989919662e+00
3.8000000000e+01,1.4900000000e+02,2.9000000000e+01,1.5900255442e+00
3.8000000000e+01,1.4900000000e+02,3.0000000000e+01,1.6605181694e+00
3.8000000000e+01,1.4900000000e+02,3.1000000000e+01,1.8129122257e+00
3.8000000000e+01,1.7700000000e+02,0.0000000000e+00,2.0034534931e+00
3.8000000000e+01,1.7700000000e+02,1.0000000000e+00,1.4120180607e+00
3.8000000000e+01,1.7700000000e+02,2.0000000000e+00,1.0535379648e+00
3.8000000000e+01,1.7700000000e+02,3.0000000000e+00,1.1671422720e+00
3.8000000000e+01,1.7700000000e+02,4.0000000000e+00,1.1144754887e+00
3.8000000000e+01,1.7700000000e+02,5.0000000000e+00,1.1794817448e+00
3.8000000000e+01,1.7700000000e+02,6.0000000000e+00,1.1639595032e+00
3.8000000000e+01,1.7700000000e+02,7.0000000000e+00,1.2016721964e+00
3.8000000000e+01,1.7700000000e+02,8.0000000000e+00,1.1942819357e+00
3.8000000000e+01,1.7700000000e+02,9.0000000000e+00,1.2173780203e+00
3.8000000000e+01,1.7700000000e+02,1.0000000000e+01,1.2124015093e+00
3.8000000000e+01,1.7700000000e+02,1.1000000000e+01,1.2273422480e+00
3.8000000000e+01,1.7700000000e+02,1.2000000000e+01,1.2233515978e+00
3.8000000000e+01,1.7700000000e+02,1.3000000000e+01,1.2335731983e+00
3.8000000000e+01,1.7700000000e+02,1.4000000000e+01,1.2301492691e+00
3.8000000000e+01,1.7700000000e+02,1.5000000000e+01,1.2375730276e+00
3.8000000000e+01,1.7700000000e+02,1.6000000000e+01,1.2345645428e+00
3.8000000000e+01,1.7700000000e+02,1.7000000000e+01,1.2403200865e+00
3.8000000000e+01,1.7700000000e+02,1.8000000000e+01,1.2376574278e+00
3.8000000000e+01,1.7700000000e+02,1.9000000000e+01,1.2424473763e+00
3.8000000000e+01,1.7700000000e+02,2.0000000000e+01,1.2400938272e+00
3.8000000000e+01,1.7700000000e+02,2.1000000000e+01,1.2443883419e+00
3.8000000000e+01,1.7700000000e+02,2.2000000000e+01,1.2423323393e+00
3.8000000000e+01,1.7700000000e+02,2.3000000000e+01,1.2464804649e+00
3.8000000000e+01,1.7700000000e+02,2.4000000000e+01,1.2447375059e+00
3.8000000000e+01,1.7700000000e+02,2.5000000000e+01,1.2490348816e+00
3.8000000000e+01,1.7700000000e+02,2.6000000000e+01,1.2476568222e+00
3.8000000000e+01,1.7700000000e+02,2.7000000000e+01,1.2523936033e+00
3.8000000000e+01,1.7700000000e+02,2.8000000000e+01,1.2514829636e+00
3.8000000000e+01,1.7700000000e+02,2.9000000000e+01,1.2569838762e+00
3.8000000000e+01,1.7700000000e+02,3.0000000000e+01,1.2567139864e+00
3.8000000000e+01,1.7700000000e+02,3.1000000000e+01,1.2633796930e+00
3.8000000000e+01,2.0500000000e+02,0.0000000000e+00,1.9990520477e+00
3.8000000000e+01,2.0500000000e+02,1.0000000000e+00,1.2645548582e+00
3.8000000000e+01,2.0500000000e+02,2.0000000000e+00,9.6075856686e-01
3.8000000000e+01,2.0500000000e+02,3.0000000000e+00,1.0370655060e+00
3.8000000000e+01,2.0500000000e+02,4.0000000000e+00,1.0045449734e+00
3.8000000000e+01,2.0500000000e+02,5.0000000000e+00,1.0467460155e+00
3.8000000000e+01,2.0500000000e+02,6.0000000000e+00,1.0409144163e+00
3.8000000000e+01,2.0500000000e+02,7.0000000000e+00,1.0629694462e+00
3.8000000000e+01,2.0500000000e+02,8.0000000000e+00,1.0613131523e+00
3.8000000000e+01,2.0500000000e+02,9.0000000000e+00,1.0732470751e+00
3.8000000000e+01,2.0500000000e+02,1.0000000000e+01,1.0722985268e+00
3.8000000000e+01,2.0500000000e+02,1.1000000000e+01,1.0790404081e+00
3.8000000000e+01,2.0500000000e+02,1.2000000000e+01,1.0782341957e+00
3.8000000000e+01,2.0500000000e+02,1.3000000000e+01,1.0822145939e+00
3.8000000000e+01,2.0500000000e+02,1.4000000000e+01,1.0814865828e+00
3.8000000000e+01,2.0500000000e+02,1.5000000000e+01,1.0839424133e+00
3.8000000000e+01,2.0500000000e+02,1.6000000000e+01,1.0832991600e+00
3.8000000000e+01,2.0500000000e+02,1.7000000000e+01,1.0848824978e+00
3.8000000000e+01,2.0500000000e+02,1.8000000000e+01,1.0843274593e+00
3.8000000000e+01,2.0500000000e+02,1.9000000000e+01,1.0853931904e+00
3.8000000000e+01,2.0500000000e+02,2.0000000000e+01,1.0849213600e+00
3.8000000000e+01,2.0500000000e+02,2.1000000000e+01,1.0856695175e+00
3.8000000000e+01,2.0500000000e+02,2.2000000000e+01,1.0852705240e+00
3.8000000000e+01,2.0500000000e+02,2.3000000000e+01,1.0858170986e+00
3.8000000000e+01,2.0500000000e+02,2.4000000000e+01,1.0854798555e+00
3.8000000000e+01,2.0500000000e+02,2.5000000000e+01,1.0858941078e+00
3.8000000000e+01,2.0500000000e+02,2.6000000000e+01,1.0856074095e+00
3.8000000000e+01,2.0500000000e+02,2.7000000000e+01,1.0859324932e+00
3.8000000000e+01,2.0500000000e+02,2.8000000000e+01,1.0856872797e+00
3.8000000000e+01,2.0500000000e+02,2.9000000000e+01,1.0859498978e+00
3.8000000000e+01,2.0500000000e+02,3.0000000000e+01,1.0857380629e+00
3.8000000000e+01,2.0500000000e+02,3.1000000000e+01,1.0859560966e+00
3.8000000000e+01,2.3300000000e+02,0.0000000000e+00,1.9928159714e+00
3.8000000000e+01,2.3300000000e+02,1.0000000000e+00,1.2729368210e+00
3.8000000000e+01,2.3300000000e+02,2.0000000000e+00,9.7635835409e-01
3.8000000000e+01,2.3300000000e+02,3.0000000000e+00,1.0614025593e+00
3.8000000000e+01,2.3300000000e+02,4.0000000000e+00,1.0346468687e+00
3.8000000000e+01,2.3300000000e+02,5.0000000000e+00,1.0765000582e+00
3.8000000000e+01,2.3300000000e+02,6.0000000000e+00,1.0726156235e+00
3.8000000000e+01,2.3300000000e+02,7.0000000000e+00,1.0924516916e+00
3.8000000000e+01,2.3300000000e+02,8.0000000000e+00,1.0915567875e+00
3.8000000000e+01,2.3300000000e+02,9.0000000000e+00,1.1013234854e+00
3.8000000000e+01,2.3300000000e+02,1.0000000000e+01,1.1008274555e+00
3.8000000000e+01,2.3300000000e+02,1.1000000000e+01,1.1058465242e+00
3.8000000000e+01,2.3300000000e+02,1.2000000000e+01,1.1054234505e+00
3.8000000000e+01,2.3300000000e+02,1.3000000000e+01,1.1081120968e+00
3.8000000000e+01,2.3300000000e+02,1.4000000000e+01,1.1077468395e+00
3.8000000000e+01,2.3300000000e+02,1.5000000000e+01,1.1092463732e+00
3.8000000000e+01,2.3300000000e+02,1.6000000000e+01,1.1089459658e+00
3.8000000000e+01,2.3300000000e+02,1.7000000000e+01,1.1098160744e+00
3.8000000000e+01,2.3300000000e+02,1.8000000000e+01,1.1095775366e+00
3.8000000000e+01,2.3300000000e+02,1.9000000000e+01,1.1101031303e+00
3.8000000000e+01,2.3300000000e+02,2.0000000000e+01,1.1099165678e+00
3.8000000000e+01,2.3300000000e+02,2.1000000000e+01,1.1102476120e+00
3.8000000000e+01,2.3300000000e+02,2.2000000000e+01,1.1101025343e+00
3.8000000000e+01,2.3300000000e+02,2.3000000000e+01,1.1103200912e+00
3.8000000000e+01,2.3300000000e+02,2.4000000000e+01,1.1102061272e+00
3.8000000000e+01,2.3300000000e+02,2.5000000000e+01,1.1103558540e+00
3.8000000000e+01,2.3300000000e+02,2.6000000000e+01,1.1102652550e+00
3.8000000000e+01,2.3300000000e+02,2.7000000000e+01,1.1103733778e+00
3.8000000000e+01,2.3300000000e+02,2.8000000000e+01,1.1102998257e+00
3.8000000000e+01,2.3300000000e+02,2.9000000000e+01,1.1103816032e+00
3.8000000000e+01,2.3300000000e+02,3.0000000000e+01,1.1103203297e+00
3.8000000000e+01,2.3300000000e+02,3.1000000000e+01,1.1103855371e+00
3.8000000000e+01,2.6100000000e+02,0.0000000000e+00,2.0023238659e+00
3.8000000000e+01,2.6100000000e+02,1.0000000000e+00,1.2568145990e+00
3.8000000000e+01,2.6100000000e+02,2.0000000000e+00,9.6932268143e-01
3.8000000000e+01,2.6100000000e+02,3.0000000000e+00,1.0654321909e+00
3.8000000000e+01,2.6100000000e+02,4.0000000000e+00,1.0407044888e+00
3.8000000000e+01,2.6100000000e+02,5.0000000000e+00,1.0831068754e+00
3.8000000000e+01,2.6100000000e+02,6.0000000000e+00,1.0794261694e+00
3.8000000000e+01,2.6100000000e+02,7.0000000000e+00,1.0976818800e+00
3.8000000000e+01,2.6100000000e+02,8.0000000000e+00,1.0967072248e+00
3.8000000000e+01,2.6100000000e+02,9.0000000000e+00,1.1049342155e+00
3.8000000000e+01,2.6100000000e+02,1.0000000000e+01,1.1044065952e+00
3.8000000000e+01,2.6100000000e+02,1.1000000000e+01,1.1082987785e+00
3.8000000000e+01,2.6100000000e+02,1.2000000000e+01,1.1079127789e+00
3.8000000000e+01,2.6100000000e+02,1.3000000000e+01,1.1098419428e+00
3.8000000000e+01,2.6100000000e+02,1.4000000000e+01,1.1095509529e+00
3.8000000000e+01,2.6100000000e+02,1.5000000000e+01,1.1105507612e+00
3.8000000000e+01,2.6100000000e+02,1.6000000000e+01,1.1103355885e+00
3.8000000000e+01,2.6100000000e+02,1.7000000000e+01,1.1108767986e+00
3.8000000000e+01,2.6100000000e+02,1.8000000000e+01,1.1107208729e+00
3.8000000000e+01,2.6100000000e+02,1.9000000000e+01,1.1110266447e+00
3.8000000000e+01,2.6100000000e+02,2.0000000000e+01,1.1109145880e+00
3.8000000000e+01,2.6100000000e+02,2.1000000000e+01,1.1110944748e+00
3.8000000000e+01,2.6100000000e+02,2.2000000000e+01,1.1110143661e+00
3.8000000000e+01,2.6100000000e+02,2.3000000000e+01,1.1111245155e+00
3.8000000000e+01,2.6100000000e+02,2.4000000000e+01,1.1110668182e+00
3.8000000000e+01,2.6100000000e+02,2.5000000000e+01,1.1111370325e+00
3.8000000000e+01,2.6100000000e+02,2.6000000000e+01,1.1110954285e+00
3.8000000000e+01,2.6100000000e+02,2.7000000000e+01,1.1111415625e+00
3.8000000000e+01,2.6100000000e+02,2.8000000000e+01,1.1111114025e+00
3.8000000000e+01,2.6100000000e+02,2.9000000000e+01,1.1111426353e+00
3.8000000000e+01,2.6100000000e+02,3.0000000000e+01,1.1111204624e+00
3.8000000000e+01,2.6100000000e+02,3.1000000000e+01,1.1111423969e+00
3.8000000000e+01,2.8900000000e+02,0.0000000000e+00,2.0058062077e+00
3.8000000000e+01,2.8900000000e+02,1.0000000000e+00,1.1682771444e+00
3.8000000000e+01,2.8900000000e+02,2.0000000000e+00,8.8842540979e-01
3.8000000000e+01,2.8900000000e+02,3.0000000000e+00,9.6890008450e-01
3.8000000000e+01,2.8900000000e+02,4.0000000000e+00,9.4419747591e-01
3.8000000000e+01,2.8900000000e+02,5.0000000000e+00,9.7731220722e-01
3.8000000000e+01,2.8900000000e+02,6.0000000000e+00,9.7267460823e-01
3.8000000000e+01,2.8900000000e+02,7.0000000000e+00,9.8589640856e-01
3.8000000000e+01,2.8900000000e+02,8.0000000000e+00,9.8432719707e-01
3.8000000000e+01,2.8900000000e+02,9.0000000000e+00,9.8988837004e-01
3.8000000000e+01,2.8900000000e+02,1.0000000000e+01,9.8910504580e-01
3.8000000000e+01,2.8900000000e+02,1.1000000000e+01,9.9157559872e-01
3.8000000000e+01,2.8900000000e+02,1.2000000000e+01,9.9111878872e-01
3.8000000000e+01,2.8900000000e+02,1.3000000000e+01,9.9227392673e-01
3.8000000000e+01,2.8900000000e+02,1.4000000000e+01,9.9199420214e-01
3.8000000000e+01,2.8900000000e+02,1.5000000000e+01,9.9256086349e-01
3.8000000000e+01,2.8900000000e+02,1.6000000000e+01,9.9238657951e-01
3.8000000000e+01,2.8900000000e+02,1.7000000000e+01,9.9267756939e-01
3.8000000000e+01,2.8900000000e+02,1.8000000000e+01,9.9256771803e-01
3.8000000000e+01,2.8900000000e+02,1.9000000000e+01,9.9272400141e-01
3.8000000000e+01,2.8900000000e+02,2.0000000000e+01,9.9265366793e-01
3.8000000000e+01,2.8900000000e+02,2.1000000000e+01,9.9274134636e-01
3.8000000000e+01,2.8900000000e+02,2.2000000000e+01,9.9269574881e-01
3.8000000000e+01,2.8900000000e+02,2.3000000000e+01,9.9274706841e-01
3.8000000000e+01,2.8900000000e+02,2.4000000000e+01,9.9271696806e-01
3.8000000000e+01,2.8900000000e+02,2.5000000000e+01,9.9274826050e-01
3.8000000000e+01,2.8900000000e+02,2.6000000000e+01,9.9272811413e-01
3.8000000000e+01,2.8900000000e+02,2.7000000000e+01,9.9274784327e-01
3.8000000000e+01,2.8900000000e+02,2.8000000000e+01,9.9273419380e-01
3.8000000000e+01,2.8900000000e+02,2.9000000000e+01,9.9274694920e-01
3.8000000000e+01,2.8900000000e+02,3.0000000000e+01,9.9273747206e-01
3.8000000000e+01,2.8900000000e+02,3.1000000000e+01,9.9274617434e-01
3.8000000000e+01,3.1600000000e+02,0.0000000000e+00,2.0050773621e+00
3.8000000000e+01,3.1600000000e+02,1.0000000000e+00,1.1080418825e+00
3.8000000000e+01,3.1600000000e+02,2.0000000000e+00,8.6160290241e-01
3.8000000000e+01,3.1600000000e+02,3.0000000000e+00,9.2890155315e-01
3.8000000000e+01,3.1600000000e+02,4.0000000000e+00,9.1615396738e-01
3.8000000000e+01,3.1600000000e+02,5.0000000000e+00,9.4371110201e-01
3.8000000000e+01,3.1600000000e+02,6.0000000000e+00,9.4339358807e-01
3.8000000000e+01,3.1600000000e+02,7.0000000000e+00,9.5376002789e-01
3.8000000000e+01,3.1600000000e+02,8.0000000000e+00,9.5397800207e-01
3.8000000000e+01,3.1600000000e+02,9.0000000000e+00,9.5801055431e-01
3.8000000000e+01,3.1600000000e+02,1.0000000000e+01,9.5806568861e-01
3.8000000000e+01,3.1600000000e+02,1.1000000000e+01,9.5970511436e-01
3.8000000000e+01,3.1600000000e+02,1.2000000000e+01,9.5968198776e-01
3.8000000000e+01,3.1600000000e+02,1.3000000000e+01,9.6037840843e-01
3.8000000000e+01,3.1600000000e+02,1.4000000000e+01,9.6033924818e-01
3.8000000000e+01,3.1600000000e+02,1.5000000000e+01,9.6064805984e-01
3.8000000000e+01,3.1600000000e+02,1.6000000000e+01,9.6061396599e-01
3.8000000000e+01,3.1600000000e+02,1.7000000000e+01,9.6075677872e-01
3.8000000000e+01,3.1600000000e+02,1.8000000000e+01,9.6073174477e-01
3.8000000000e+01,3.1600000000e+02,1.9000000000e+01,9.6080082655e-01
3.8000000000e+01,3.1600000000e+02,2.0000000000e+01,9.6078360081e-01
3.8000000000e+01,3.1600000000e+02,2.1000000000e+01,9.6081852913e-01
3.8000000000e+01,3.1600000000e+02,2.2000000000e+01,9.6080696583e-01
3.8000000000e+01,3.1600000000e+02,2.3000000000e+01,9.6082562208e-01
3.8000000000e+01,3.1600000000e+02,2.4000000000e+01,9.6081781387e-01
3.8000000000e+01,3.1600000000e+02,2.5000000000e+01,9.6082818508e-01
3.8000000000e+01,3.1600000000e+02,2.6000000000e+01,9.6082293987e-01
3.8000000000e+01,3.1600000000e+02,2.7000000000e+01,9.6082901955e-01
3.8000000000e+01,3.1600000000e+02,2.8000000000e+01,9.6082556248e-01
3.8000000000e+01,3.1600000000e+02,2.9000000000e+01,9.6082931757e-01
3.8000000000e+01,3.1600000000e+02,3.0000000000e+01,9.6082681417e-01
3.8000000000e+01,3.1600000000e+02,3.1000000000e+01,9.6082925797e-01
3.8000000000e+01,3.4400000000e+02,0.0000000000e+00,1.9945988655e+00
3.8000000000e+01,3.4400000000e+02,1.0000000000e+00,1.0974657536e+00
3.8000000000e+01,3.4400000000e+02,2.0000000000e+00,8.6328732967e-01
3.8000000000e+01,3.4400000000e+02,3.0000000000e+00,9.3393063545e-01
3.8000000000e+01,3.4400000000e+02,4.0000000000e+00,9.2388182878e-01
3.8000000000e+01,3.4400000000e+02,5.0000000000e+00,9.5053869486e-01
3.8000000000e+01,3.4400000000e+02,6.0000000000e+00,9.5055806637e-01
3.8000000000e+01,3.4400000000e+02,7.0000000000e+00,9.5991265774e-01
3.8000000000e+01,3.4400000000e+02,8.0000000000e+00,9.6011811495e-01
3.8000000000e+01,3.4400000000e+02,9.0000000000e+00,9.6352827549e-01
3.8000000000e+01,3.4400000000e+02,1.0000000000e+01,9.6356034279e-01
3.8000000000e+01,3.4400000000e+02,1.1000000000e+01,9.6486216784e-01
3.8000000000e+01,3.4400000000e+02,1.2000000000e+01,9.6483647823e-01
3.8000000000e+01,3.4400000000e+02,1.3000000000e+01,9.6535533667e-01
3.8000000000e+01,3.4400000000e+02,1.4000000000e+01,9.6532475948e-01
3.8000000000e+01,3.4400000000e+02,1.5000000000e+01,9.6553963423e-01
3.8000000000e+01,3.4400000000e+02,1.6000000000e+01,9.6551692486e-01
3.8000000000e+01,3.4400000000e+02,1.7000000000e+01,9.6560919285e-01
3.8000000000e+01,3.4400000000e+02,1.8000000000e+01,9.6559458971e-01
3.8000000000e+01,3.4400000000e+02,1.9000000000e+01,9.6563541889e-01
3.8000000000e+01,3.4400000000e+02,2.0000000000e+01,9.6562671661e-01
3.8000000000e+01,3.4400000000e+02,2.1000000000e+01,9.6564543247e-01
3.8000000000e+01,3.4400000000e+02,2.2000000000e+01,9.6564036608e-01
3.8000000000e+01,3.4400000000e+02,2.3000000000e+01,9.6564912796e-01
3.8000000000e+01,3.4400000000e+02,2.4000000000e+01,9.6564620733e-01
3.8000000000e+01,3.4400000000e+02,2.5000000000e+01,9.6565049887e-01
3.8000000000e+01,3.4400000000e+02,2.6000000000e+01,9.6564882994e-01
3.8000000000e+01,3.4400000000e+02,2.7000000000e+01,9.6565091610e-01
3.8000000000e+01,3.4400000000e+02,2.8000000000e+01,9.6565002203e-01
3.8000000000e+01,3.4400000000e+02,2.9000000000e+01,9.6565115452e-01
3.8000000000e+01,3.4400000000e+02,3.0000000000e+01,9.6565055847e-01
3.8000000000e+01,3.4400000000e+02,3.1000000000e+01,9.6565115452e-01
3.8000000000e+01,3.7200000000e+02,0.0000000000e+00,2.0122811794e+00
3.8000000000e+01,3.7200000000e+02,1.0000000000e+00,9.9840480089e-01
3.8000000000e+01,3.7200000000e+02,2.0000000000e+00,7.7449792624e-01
3.8000000000e+01,3.7200000000e+02,3.0000000000e+00,8.2971310616e-01
3.8000000000e+01,3.7200000000e+02,4.0000000000e+00,8.1951761246e-01
3.8000000000e+01,3.7200000000e+02,5.0000000000e+00,8.4015733004e-01
3.8000000000e+01,3.7200000000e+02,6.0000000000e+00,8.3959645033e-01
3.8000000000e+01,3.7200000000e+02,7.0000000000e+00,8.4649413824e-01
3.8000000000e+01,3.7200000000e+02,8.0000000000e+00,8.4641677141e-01
3.8000000000e+01,3.7200000000e+02,9.0000000000e+00,8.4880810976e-01
3.8000000000e+01,3.7200000000e+02,1.0000000000e+01,8.4873402119e-01
3.8000000000e+01,3.7200000000e+02,1.1000000000e+01,8.4960454702e-01
3.8000000000e+01,3.7200000000e+02,1.2000000000e+01,8.4954553843e-01
3.8000000000e+01,3.7200000000e+02,1.3000000000e+01,8.4987771511e-01
3.8000000000e+01,3.7200000000e+02,1.4000000000e+01,8.4983950853e-01
3.8000000000e+01,3.7200000000e+02,1.5000000000e+01,8.4997200966e-01
3.8000000000e+01,3.7200000000e+02,1.6000000000e+01,8.4994941950e-01
3.8000000000e+01,3.7200000000e+02,1.7000000000e+01,8.5000443459e-01
3.8000000000e+01,3.7200000000e+02,1.8000000000e+01,8.4999173880e-01
3.8000000000e+01,3.7200000000e+02,1.9000000000e+01,8.5001546144e-01
3.8000000000e+01,3.7200000000e+02,2.0000000000e+01,8.5000848770e-01
3.8000000000e+01,3.7200000000e+02,2.1000000000e+01,8.5001927614e-01
3.8000000000e+01,3.7200000000e+02,2.2000000000e+01,8.5001540184e-01
3.8000000000e+01,3.7200000000e+02,2.3000000000e+01,8.5002034903e-01
3.8000000000e+01,3.7200000000e+02,2.4000000000e+01,8.5001826286e-01
3.8000000000e+01,3.7200000000e+02,2.5000000000e+01,8.5002064705e-01
3.8000000000e+01,3.7200000000e+02,2.6000000000e+01,8.5001945496e-01
3.8000000000e+01,3.7200000000e+02,2.7000000000e+01,8.5002076626e-01
3.8000000000e+01,3.7200000000e+02,2.8000000000e+01,8.5002005100e-01
3.8000000000e+01,3.7200000000e+02,2.9000000000e+01,8.5002076626e-01
3.8000000000e+01,3.7200000000e+02,3.0000000000e+01,8.5002028942e-01
3.8000000000e+01,3.7200000000e+02,3.1000000000e+01,8.5002064705e-01
3.8000000000e+01,4.0000000000e+02,0.0000000000e+00,1.9956232309e+00
3.8000000000e+01,4.0000000000e+02,1.0000000000e+00,1.0311772823e+00
3.8000000000e+01,4.0000000000e+02,2.0000000000e+00,8.3055979013e-01
3.8000000000e+01,4.0000000000e+02,3.0000000000e+00,8.8788169622e-01
3.8000000000e+01,4.0000000000e+02,4.0000000000e+00,8.8158607483e-01
3.8000000000e+01,4.0000000000e+02,5.0000000000e+00,9.0032118559e-01
3.8000000000e+01,4.0000000000e+02,6.0000000000e+00,9.0056914091e-01
3.8000000000e+01,4.0000000000e+02,7.0000000000e+00,9.0629339218e-01
3.8000000000e+01,4.0000000000e+02,8.0000000000e+00,9.0645802021e-01
3.8000000000e+01,4.0000000000e+02,9.0000000000e+00,9.0829586983e-01
3.8000000000e+01,4.0000000000e+02,1.0000000000e+01,9.0831965208e-01
3.8000000000e+01,4.0000000000e+02,1.1000000000e+01,9.0894383192e-01
3.8000000000e+01,4.0000000000e+02,1.2000000000e+01,9.0893143415e-01
3.8000000000e+01,4.0000000000e+02,1.3000000000e+01,9.0915465355e-01
3.8000000000e+01,4.0000000000e+02,1.4000000000e+01,9.0914022923e-01
3.8000000000e+01,4.0000000000e+02,1.5000000000e+01,9.0922397375e-01
3.8000000000e+01,4.0000000000e+02,1.6000000000e+01,9.0921407938e-01
3.8000000000e+01,4.0000000000e+02,1.7000000000e+01,9.0924692154e-01
3.8000000000e+01,4.0000000000e+02,1.8000000000e+01,9.0924096107e-01
3.8000000000e+01,4.0000000000e+02,1.9000000000e+01,9.0925437212e-01
3.8000000000e+01,4.0000000000e+02,2.0000000000e+01,9.0925103426e-01
3.8000000000e+01,4.0000000000e+02,2.1000000000e+01,9.0925681591e-01
3.8000000000e+01,4.0000000000e+02,2.2000000000e+01,9.0925496817e-01
3.8000000000e+01,4.0000000000e+02,2.3000000000e+01,9.0925747156e-01
3.8000000000e+01,4.0000000000e+02,2.4000000000e+01,9.0925651789e-01
3.8000000000e+01,4.0000000000e+02,2.5000000000e+01,9.0925765038e-01
3.8000000000e+01,4.0000000000e+02,2.6000000000e+01,9.0925717354e-01
3.8000000000e+01,4.0000000000e+02,2.7000000000e+01,9.0925776958e-01
3.8000000000e+01,4.0000000000e+02,2.8000000000e+01,9.0925741196e-01
3.8000000000e+01,4.0000000000e+02,2.9000000000e+01,9.0925776958e-01
3.8000000000e+01,4.0000000000e+02,3.0000000000e+01,9.0925765038e-01
3.8000000000e+01,4.0000000000e+02,3.1000000000e+01,9.0925770998e-01
6.6000000000e+01,1.0000000000e+01,0.0000000000e+00,1.9933962822e+00
6.6000000000e+01,1.0000000000e+01,1.0000000000e+00,4.4370069504e+00
6.6000000000e+01,1.0000000000e+01,2.0000000000e+00,4.1749429703e+00
6.6000000000e+01,1.0000000000e+01,3.0000000000e+00,5.8556423187e+00
6.6000000000e+01,1.0000000000e+01,4.0000000000e+00,6.0552945137e+00
6.6000000000e+01,1.0000000000e+01,5.0000000000e+00,9.1802330017e+00
6.6000000000e+01,1.0000000000e+01,6.0000000000e+00,1.4526451111e+01
6.6000000000e+01,1.0000000000e+01,7.0000000000e+00,4.0227260590e+01
6.6000000000e+01,1.0000000000e+01,8.0000000000e+00,1.3168037415e+02
6.6000000000e+01,1.0000000000e+01,9.0000000000e+00,5.2238818359e+02
6.6000000000e+01,1.0000000000e+01,1.0000000000e+01,2.1463005371e+03
6.6000000000e+01,1.0000000000e+01,1.1000000000e+01,9.2047294922e+03
6.6000000000e+01,1.0000000000e+01,1.2000000000e+01,4.0166664062e+04
6.6000000000e+01,1.0000000000e+01,1.3000000000e+01,1.7873589062e+05
6.6000000000e+01,1.0000000000e+01,1.4000000000e+01,8.0708756250e+05
6.6000000000e+01,1.0000000000e+01,1.5000000000e+01,3.6980617500e+06
6.6000000000e+01,1.0000000000e+01,1.6000000000e+01,1.7170550000e+07
6.6000000000e+01,1.0000000000e+01,1.7000000000e+01,8.0753168000e+07
6.6000000000e+01,1.0000000000e+01,1.8000000000e+01,3.8440409600e+08
6.6000000000e+01,1.0000000000e+01,1.9000000000e+01,1.8510072320e+09
6.6000000000e+01,1.0000000000e+01,2.0000000000e+01,9.0096588800e+09
6.6000000000e+01,1.0000000000e+01,2.1000000000e+01,4.4295798784e+10
6.6000000000e+01,1.0000000000e+01,2.2000000000e+01,2.1979496448e+11
6.6000000000e+01,1.0000000000e+01,2.3000000000e+01,1.0997915976e+12
6.6000000000e+01,1.0000000000e+01,2.4000000000e+01,5.5446339584e+12
6.6000000000e+01,1.0000000000e+01,2.5000000000e+01,2.8141380698e+13
6.6000000000e+01,1.0000000000e+01,2.6000000000e+01,1.4367574930e+14
6.6000000000e+01,1.0000000000e+01,2.7000000000e+01,7.3733481955e+14
6.6000000000e+01,1.0000000000e+01,2.8000000000e+01,3.8009606945e+15
6.6000000000e+01,1.0000000000e+01,2.9000000000e+01,1.9669900096e+16
6.6000000000e+01,1.0000000000e+01,3.0000000000e+01,1.0212977822e+17
6.6000000000e+01,1.0000000000e+01,3.1000000000e+01,5.3178305938e+17
6.6000000000e+01,3.8000000000e+01,0.0000000000e+00,1.9932549000e+00
6.6000000000e+01,3.8000000000e+01,1.0000000000e+00,2.3678736687e+00
6.6000000000e+01,3.8000000000e+01,2.0000000000e+00,1.9907824993e+00
6.6000000000e+01,3.8000000000e+01,3.0000000000e+00,2.4454360008e+00
6.6000000000e+01,3.8000000000e+01,4.0000000000e+00,2.3394348621e+00
6.6000000000e+01,3.8000000000e+01,5.0000000000e+00,2.7299842834e+00
6.6000000000e+01,3.8000000000e+01,6.0000000000e+00,2.7008547783e+00
6.6000000000e+01,3.8000000000e+01,7.0000000000e+00,3.2017168999e+00
6.6000000000e+01,3.8000000000e+01,8.0000000000e+00,3.3984510899e+00
6.6000000000e+01,3.8000000000e+01,9.0000000000e+00,4.5025858879e+00
6.6000000000e+01,3.8000000000e+01,1.0000000000e+01,5.8684759140e+00
6.6000000000e+01,3.8000000000e+01,1.1000000000e+01,9.9038219452e+00
6.6000000000e+01,3.8000000000e+01,1.2000000000e+01,1.7655269623e+01
6.6000000000e+01,3.8000000000e+01,1.3000000000e+01,3.7248363495e+01
6.6000000000e+01,3.8000000000e+01,1.4000000000e+01,8.1292930603e+01
6.6000000000e+01,3.8000000000e+01,1.5000000000e+01,1.8940466309e+02
6.6000000000e+01,3.8000000000e+01,1.6000000000e+01,4.4725070190e+02
6.6000000000e+01,3.8000000000e+01,1.7000000000e+01,1.0814215088e+03
6.6000000000e+01,3.8000000000e+01,1.8000000000e+01,2.6336142578e+03
6.6000000000e+01,3.8000000000e+01,1.9000000000e+01,6.4800209961e+03
6.6000000000e+01,3.8000000000e+01,2.0000000000e+01,1.6021017578e+04
6.6000000000e+01,3.8000000000e+01,2.1000000000e+01,3.9826171875e+04
6.6000000000e+01,3.8000000000e+01,2.2000000000e+01,9.9337328125e+04
6.6000000000e+01,3.8000000000e+01,2.3000000000e+01,2.4858865625e+05
6.6000000000e+01,3.8000000000e+01,2.4000000000e+01,6.2355731250e+05
6.6000000000e+01,3.8000000000e+01,2.5000000000e+01,1.5674551250e+06
6.6000000000e+01,3.8000000000e+01,2.6000000000e+01,3.9466910000e+06
6.6000000000e+01,3.8000000000e+01,2.7000000000e+01,9.9516760000e+06
6.6000000000e+01,3.8000000000e+01,2.8000000000e+01,2.5122716000e+07
6.6000000000e+01,3.8000000000e+01,2.9000000000e+01,6.3485124000e+07
6.6000000000e+01,3.8000000000e+01,3.0000000000e+01,1.6056056000e+08
6.6000000000e+01,3.8000000000e+01,3.1000000000e+01,4.0636396800e+08
6.6000000000e+01,6.6000000000e+01,0.0000000000e+00,1.9953471422e+00
6.6000000000e+01,6.6000000000e+01,1.0000000000e+00,1.5843905210e+00
6.6000000000e+01,6.6000000000e+01,2.0000000000e+00,1.1658198833e+00
6.6000000000e+01,6.6000000000e+01,3.0000000000e+00,1.2832999229e+00
6.6000000000e+01,6.6000000000e+01,4.0000000000e+00,1.1467299461e+00
6.6000000000e+01,6.6000000000e+01,5.0000000000e+00,1.2453081608e+00
6.6000000000e+01,6.6000000000e+01,6.0000000000e+00,1.1665015221e+00
6.6000000000e+01,6.6000000000e+01,7.0000000000e+00,1.2608435154e+00
6.6000000000e+01,6.6000000000e+01,8.0000000000e+00,1.2079211473e+00
6.6000000000e+01,6.6000000000e+01,9.0000000000e+00,1.3147063255e+00
6.6000000000e+01,6.6000000000e+01,1.0000000000e+01,1.2873702049e+00
6.6000000000e+01,6.6000000000e+01,1.1000000000e+01,1.4337958097e+00
6.6000000000e+01,6.6000000000e+01,1.2000000000e+01,1.4581263065e+00
6.6000000000e+01,6.6000000000e+01,1.3000000000e+01,1.7062792778e+00
6.6000000000e+01,6.6000000000e+01,1.4000000000e+01,1.8690305948e+00
6.6000000000e+01,6.6000000000e+01,1.5000000000e+01,2.3850526810e+00
6.6000000000e+01,6.6000000000e+01,1.6000000000e+01,2.9516565800e+00
6.6000000000e+01,6.6000000000e+01,1.7000000000e+01,4.2209744453e+00
6.6000000000e+01,6.6000000000e+01,1.8000000000e+01,6.0193729401e+00
6.6000000000e+01,6.6000000000e+01,1.9000000000e+01,9.5472021103e+00
6.6000000000e+01,6.6000000000e+01,2.0000000000e+01,1.5243492126e+01
6.6000000000e+01,6.6000000000e+01,2.1000000000e+01,2.5904882431e+01
6.6000000000e+01,6.6000000000e+01,2.2000000000e+01,4.4341354370e+01
6.6000000000e+01,6.6000000000e+01,2.3000000000e+01,7.8443954468e+01
6.6000000000e+01,6.6000000000e+01,2.4000000000e+01,1.3966612244e+02
6.6000000000e+01,6.6000000000e+01,2.5000000000e+01,2.5308078003e+02
6.6000000000e+01,6.6000000000e+01,2.6000000000e+01,4.6113272095e+02
6.6000000000e+01,6.6000000000e+01,2.7000000000e+01,8.4867846680e+02
6.6000000000e+01,6.6000000000e+01,2.8000000000e+01,1.5690878906e+03
6.6000000000e+01,6.6000000000e+01,2.9000000000e+01,2.9189663086e+03
6.6000000000e+01,6.6000000000e+01,3.0000000000e+01,5.4499208984e+03
6.6000000000e+01,6.6000000000e+01,3.1000000000e+01,1.0216669922e+04
6.6000000000e+01,9.4000000000e+01,0.0000000000e+00,2.0058856010e+00
6.6000000000e+01,9.4000000000e+01,1.0000000000e+00,1.3407144547e+00
6.6000000000e+01,9.4000000000e+01,2.0000000000e+00,9.2241942883e-01
6.6000000000e+01,9.4000000000e+01,3.0000000000e+00,9.8311185837e-01
6.6000000000e+01,9.4000000000e+01,4.0000000000e+00,8.7178850174e-01
6.6000000000e+01,9.4000000000e+01,5.0000000000e+00,9.2701524496e-01
6.6000000000e+01,9.4000000000e+01,6.0000000000e+00,8.7453925610e-01
6.6000000000e+01,9.4000000000e+01,7.0000000000e+00,9.2324823141e-01
6.6000000000e+01,9.4000000000e+01,8.0000000000e+00,8.9317375422e-01
6.6000000000e+01,9.4000000000e+01,9.0000000000e+00,9.4202876091e-01
6.6000000000e+01,9.4000000000e+01,1.0000000000e+01,9.2731678486e-01
6.6000000000e+01,9.4000000000e+01,1.1000000000e+01,9.8694664240e-01
6.6000000000e+01,9.4000000000e+01,1.2000000000e+01,9.9470281601e-01
6.6000000000e+01,9.4000000000e+01,1.3000000000e+01,1.0878236294e+00
6.6000000000e+01,9.4000000000e+01,1.4000000000e+01,1.1475749016e+00
6.6000000000e+01,9.4000000000e+01,1.5000000000e+01,1.3307130337e+00
6.6000000000e+01,9.4000000000e+01,1.6000000000e+01,1.5278562307e+00
6.6000000000e+01,9.4000000000e+01,1.7000000000e+01,1.9498994350e+00
6.6000000000e+01,9.4000000000e+01,1.8000000000e+01,2.5209848881e+00
6.6000000000e+01,9.4000000000e+01,1.9000000000e+01,3.5834217072e+00
6.6000000000e+01,9.4000000000e+01,2.0000000000e+01,5.1803646088e+00
6.6000000000e+01,9.4000000000e+01,2.1000000000e+01,7.9788045883e+00
6.6000000000e+01,9.4000000000e+01,2.2000000000e+01,1.2400663376e+01
6.6000000000e+01,9.4000000000e+01,2.3000000000e+01,1.9946283340e+01
6.6000000000e+01,9.4000000000e+01,2.4000000000e+01,3.2169586182e+01
6.6000000000e+01,9.4000000000e+01,2.5000000000e+01,5.2778087616e+01
6.6000000000e+01,9.4000000000e+01,2.6000000000e+01,8.6601127625e+01
6.6000000000e+01,9.4000000000e+01,2.7000000000e+01,1.4331739807e+02
6.6000000000e+01,9.4000000000e+01,2.8000000000e+01,2.3707960510e+02
6.6000000000e+01,9.4000000000e+01,2.9000000000e+01,3.9393917847e+02
6.6000000000e+01,9.4000000000e+01,3.0000000000e+01,6.5437152100e+02
6.6000000000e+01,9.4000000000e+01,3.1000000000e+01,1.0897010498e+03
6.6000000000e+01,1.2100000000e+02,0.0000000000e+00,1.9988371134e+00
6.6000000000e+01,1.2100000000e+02,1.0000000000e+00,1.0380486250e+00
6.6000000000e+01,1.2100000000e+02,2.0000000000e+00,6.6232305765e-01
6.6000000000e+01,1.2100000000e+02,3.0000000000e+00,6.5840578079e-01
6.6000000000e+01,1.2100000000e+02,4.0000000000e+00,5.7807898521e-01
6.6000000000e+01,1.2100000000e+02,5.0000000000e+00,5.9591740370e-01
6.6000000000e+01,1.2100000000e+02,6.0000000000e+00,5.6590384245e-01
6.6000000000e+01,1.2100000000e+02,7.0000000000e+00,5.8336216211e-01
6.6000000000e+01,1.2100000000e+02,8.0000000000e+00,5.6902033091e-01
6.6000000000e+01,1.2100000000e+02,9.0000000000e+00,5.8424764872e-01
6.6000000000e+01,1.2100000000e+02,1.0000000000e+01,5.7619917393e-01
6.6000000000e+01,1.2100000000e+02,1.1000000000e+01,5.8971375227e-01
6.6000000000e+01,1.2100000000e+02,1.2000000000e+01,5.8474814892e-01
6.6000000000e+01,1.2100000000e+02,1.3000000000e+01,5.9749335051e-01
6.6000000000e+01,1.2100000000e+02,1.4000000000e+01,5.9454482794e-01
6.6000000000e+01,1.2100000000e+02,1.5000000000e+01,6.0767161846e-01
6.6000000000e+01,1.2100000000e+02,1.6000000000e+01,6.0673809052e-01
6.6000000000e+01,1.2100000000e+02,1.7000000000e+01,6.2175452709e-01
6.6000000000e+01,1.2100000000e+02,1.8000000000e+01,6.2370330095e-01
6.6000000000e+01,1.2100000000e+02,1.9000000000e+01,6.4283120632e-01
6.6000000000e+01,1.2100000000e+02,2.0000000000e+01,6.4966481924e-01
6.6000000000e+01,1.2100000000e+02,2.1000000000e+01,6.7648416758e-01
6.6000000000e+01,1.2100000000e+02,2.2000000000e+01,6.9207876921e-01
6.6000000000e+01,1.2100000000e+02,2.3000000000e+01,7.3269325495e-01
6.6000000000e+01,1.2100000000e+02,2.4000000000e+01,7.6428920031e-01
6.6000000000e+01,1.2100000000e+02,2.5000000000e+01,8.2947885990e-01
6.6000000000e+01,1.2100000000e+02,2.6000000000e+01,8.9055222273e-01
6.6000000000e+01,1.2100000000e+02,2.7000000000e+01,9.9983650446e-01
6.6000000000e+01,1.2100000000e+02,2.8000000000e+01,1.1156371832e+00
6.6000000000e+01,1.2100000000e+02,2.9000000000e+01,1.3050906658e+00
6.6000000000e+01,1.2100000000e+02,3.0000000000e+01,1.5234671831e+00
6.6000000000e+01,1.2100000000e+02,3.1000000000e+01,1.8610643148e+00
6.6000000000e+01,1.4900000000e+02,0.0000000000e+00,2.0062232018e+00
6.6000000000e+01,1.4900000000e+02,1.0000000000e+00,9.1615718603e-01
6.6000000000e+01,1.4900000000e+02,2.0000000000e+00,5.7144689560e-01
6.6000000000e+01,1.4900000000e+02,3.0000000000e+00,5.6101113558e-01
6.6000000000e+01,1.4900000000e+02,4.0000000000e+00,5.0493955612e-01
6.6000000000e+01,1.4900000000e+02,5.0000000000e+00,5.1971149445e-01
6.6000000000e+01,1.4900000000e+02,6.0000000000e+00,5.0460308790e-01
6.6000000000e+01,1.4900000000e+02,7.0000000000e+00,5.1793032885e-01
6.6000000000e+01,1.4900000000e+02,8.0000000000e+00,5.1298576593e-01
6.6000000000e+01,1.4900000000e+02,9.0000000000e+00,5.2292966843e-01
6.6000000000e+01,1.4900000000e+02,1.0000000000e+01,5.2104240656e-01
6.6000000000e+01,1.4900000000e+02,1.1000000000e+01,5.2824610472e-01
6.6000000000e+01,1.4900000000e+02,1.2000000000e+01,5.2734977007e-01
6.6000000000e+01,1.4900000000e+02,1.3000000000e+01,5.3260439634e-01
6.6000000000e+01,1.4900000000e+02,1.4000000000e+01,5.3203988075e-01
6.6000000000e+01,1.4900000000e+02,1.5000000000e+01,5.3595972061e-01
6.6000000000e+01,1.4900000000e+02,1.6000000000e+01,5.3551965952e-01
6.6000000000e+01,1.4900000000e+02,1.7000000000e+01,5.3854334354e-01
6.6000000000e+01,1.4900000000e+02,1.8000000000e+01,5.3817647696e-01
6.6000000000e+01,1.4900000000e+02,1.9000000000e+01,5.4061514139e-01
6.6000000000e+01,1.4900000000e+02,2.0000000000e+01,5.4032725096e-01
6.6000000000e+01,1.4900000000e+02,2.1000000000e+01,5.4240733385e-01
6.6000000000e+01,1.4900000000e+02,2.2000000000e+01,5.4222816229e-01
6.6000000000e+01,1.4900000000e+02,2.3000000000e+01,5.4412454367e-01
6.6000000000e+01,1.4900000000e+02,2.4000000000e+01,5.4409885406e-01
6.6000000000e+01,1.4900000000e+02,2.5000000000e+01,5.4595899582e-01
6.6000000000e+01,1.4900000000e+02,2.6000000000e+01,5.4614722729e-01
6.6000000000e+01,1.4900000000e+02,2.7000000000e+01,5.4811096191e-01
6.6000000000e+01,1.4900000000e+02,2.8000000000e+01,5.4859459400e-01
6.6000000000e+01,1.4900000000e+02,2.9000000000e+01,5.5081158876e-01
6.6000000000e+01,1.4900000000e+02,3.0000000000e+01,5.5170309544e-01
6.6000000000e+01,1.4900000000e+02,3.1000000000e+01,5.5435019732e-01
6.6000000000e+01,1.7700000000e+02,0.0000000000e+00,1.9954638481e+00
6.6000000000e+01,1.7700000000e+02,1.0000000000e+00,7.8854918480e-01
6.6000000000e+01,1.7700000000e+02,2.0000000000e+00,4.7188699245e-01
6.6000000000e+01,1.7700000000e+02,3.0000000000e+00,4.4933199883e-01
6.6000000000e+01,1.7700000000e+02,4.0000000000e+00,4.0322476625e-01
6.6000000000e+01,1.7700000000e+02,5.0000000000e+00,4.1152223945e-01
6.6000000000e+01,1.7700000000e+02,6.0000000000e+00,3.9997407794e-01
6.6000000000e+01,1.7700000000e+02,7.0000000000e+00,4.0828520060e-01
6.6000000000e+01,1.7700000000e+02,8.0000000000e+00,4.0449371934e-01
6.6000000000e+01,1.7700000000e+02,9.0000000000e+00,4.1042384505e-01
6.6000000000e+01,1.7700000000e+02,1.0000000000e+01,4.0879914165e-01
6.6000000000e+01,1.7700000000e+02,1.1000000000e+01,4.1282880306e-01
6.6000000000e+01,1.7700000000e+02,1.2000000000e+01,4.1191074252e-01
6.6000000000e+01,1.7700000000e+02,1.3000000000e+01,4.1467359662e-01
6.6000000000e+01,1.7700000000e+02,1.4000000000e+01,4.1404154897e-01
6.6000000000e+01,1.7700000000e+02,1.5000000000e+01,4.1599822044e-01
6.6000000000e+01,1.7700000000e+02,1.6000000000e+01,4.1553071141e-01
6.6000000000e+01,1.7700000000e+02,1.7000000000e+01,4.1698554158e-01
6.6000000000e+01,1.7700000000e+02,1.8000000000e+01,4.1665557027e-01
6.6000000000e+01,1.7700000000e+02,1.9000000000e+01,4.1780951619e-01
6.6000000000e+01,1.7700000000e+02,2.0000000000e+01,4.1762512922e-01
6.6000000000e+01,1.7700000000e+02,2.1000000000e+01,4.1861847043e-01
6.6000000000e+01,1.7700000000e+02,2.2000000000e+01,4.1860714555e-01
6.6000000000e+01,1.7700000000e+02,2.3000000000e+01,4.1954904795e-01
6.6000000000e+01,1.7700000000e+02,2.4000000000e+01,4.1975677013e-01
6.6000000000e+01,1.7700000000e+02,2.5000000000e+01,4.2074713111e-01
6.6000000000e+01,1.7700000000e+02,2.6000000000e+01,4.2124342918e-01
6.6000000000e+01,1.7700000000e+02,2.7000000000e+01,4.2239084840e-01
6.6000000000e+01,1.7700000000e+02,2.8000000000e+01,4.2327880859e-01
6.6000000000e+01,1.7700000000e+02,2.9000000000e+01,4.2471832037e-01
6.6000000000e+01,1.7700000000e+02,3.0000000000e+01,4.2614954710e-01
6.6000000000e+01,1.7700000000e+02,3.1000000000e+01,4.2806372046e-01
6.6000000000e+01,2.0500000000e+02,0.0000000000e+00,1.9975576401e+00
6.6000000000e+01,2.0500000000e+02,1.0000000000e+00,7.0532381535e-01
6.6000000000e+01,2.0500000000e+02,2.0000000000e+00,4.0306621790e-01
6.6000000000e+01,2.0500000000e+02,3.0000000000e+00,3.8060748577e-01
6.6000000000e+01,2.0500000000e+02,4.0000000000e+00,3.4546297789e-01
6.6000000000e+01,2.0500000000e+02,5.0000000000e+00,3.5257428885e-01
6.6000000000e+01,2.0500000000e+02,6.0000000000e+00,3.4592112899e-01
6.6000000000e+01,2.0500000000e+02,7.0000000000e+00,3.5232830048e-01
6.6000000000e+01,2.0500000000e+02,8.0000000000e+00,3.5077121854e-01
6.6000000000e+01,2.0500000000e+02,9.0000000000e+00,3.5485249758e-01
6.6000000000e+01,2.0500000000e+02,1.0000000000e+01,3.5435655713e-01
6.6000000000e+01,2.0500000000e+02,1.1000000000e+01,3.5682353377e-01
6.6000000000e+01,2.0500000000e+02,1.2000000000e+01,3.5655924678e-01
6.6000000000e+01,2.0500000000e+02,1.3000000000e+01,3.5805350542e-01
6.6000000000e+01,2.0500000000e+02,1.4000000000e+01,3.5784754157e-01
6.6000000000e+01,2.0500000000e+02,1.5000000000e+01,3.5877054930e-01
6.6000000000e+01,2.0500000000e+02,1.6000000000e+01,3.5859137774e-01
6.6000000000e+01,2.0500000000e+02,1.7000000000e+01,3.5917708278e-01
6.6000000000e+01,2.0500000000e+02,1.8000000000e+01,3.5902100801e-01
6.6000000000e+01,2.0500000000e+02,1.9000000000e+01,3.5940411687e-01
6.6000000000e+01,2.0500000000e+02,2.0000000000e+01,3.5927060246e-01
6.6000000000e+01,2.0500000000e+02,2.1000000000e+01,3.5952931643e-01
6.6000000000e+01,2.0500000000e+02,2.2000000000e+01,3.5941681266e-01
6.6000000000e+01,2.0500000000e+02,2.3000000000e+01,3.5959720612e-01
6.6000000000e+01,2.0500000000e+02,2.4000000000e+01,3.5950317979e-01
6.6000000000e+01,2.0500000000e+02,2.5000000000e+01,3.5963296890e-01
6.6000000000e+01,2.0500000000e+02,2.6000000000e+01,3.5955461860e-01
6.6000000000e+01,2.0500000000e+02,2.7000000000e+01,3.5965093970e-01
6.6000000000e+01,2.0500000000e+02,2.8000000000e+01,3.5958552361e-01
6.6000000000e+01,2.0500000000e+02,2.9000000000e+01,3.5965907574e-01
6.6000000000e+01,2.0500000000e+02,3.0000000000e+01,3.5960420966e-01
6.6000000000e+01,2.0500000000e+02,3.1000000000e+01,3.5966187716e-01
6.6000000000e+01,2.3300000000e+02,0.0000000000e+00,1.9981582165e+00
6.6000000000e+01,2.3300000000e+02,1.0000000000e+00,6.6469401121e-01
6.6000000000e+01,2.3300000000e+02,2.0000000000e+00,3.7935245037e-01
6.6000000000e+01,2.3300000000e+02,3.0000000000e+00,3.6770594120e-01
6.6000000000e+01,2.3300000000e+02,4.0000000000e+00,3.4091326594e-01
6.6000000000e+01,2.3300000000e+02,5.0000000000e+00,3.5072419047e-01
6.6000000000e+01,2.3300000000e+02,6.0000000000e+00,3.4714782238e-01
6.6000000000e+01,2.3300000000e+02,7.0000000000e+00,3.5365572572e-01
6.6000000000e+01,2.3300000000e+02,8.0000000000e+00,3.5331988335e-01
6.6000000000e+01,2.3300000000e+02,9.0000000000e+00,3.5683968663e-01
6.6000000000e+01,2.3300000000e+02,1.0000000000e+01,3.5691630840e-01
6.6000000000e+01,2.3300000000e+02,1.1000000000e+01,3.5875755548e-01
6.6000000000e+01,2.3300000000e+02,1.2000000000e+01,3.5883063078e-01
6.6000000000e+01,2.3300000000e+02,1.3000000000e+01,3.5979187489e-01
6.6000000000e+01,2.3300000000e+02,1.4000000000e+01,3.5982990265e-01
6.6000000000e+01,2.3300000000e+02,1.5000000000e+01,3.6033186316e-01
6.6000000000e+01,2.3300000000e+02,1.6000000000e+01,3.6035242677e-01
6.6000000000e+01,2.3300000000e+02,1.7000000000e+01,3.6061117053e-01
6.6000000000e+01,2.3300000000e+02,1.8000000000e+01,3.6062830687e-01
6.6000000000e+01,2.3300000000e+02,1.9000000000e+01,3.6075544357e-01
6.6000000000e+01,2.3300000000e+02,2.0000000000e+01,3.6077597737e-01
6.6000000000e+01,2.3300000000e+02,2.1000000000e+01,3.6083009839e-01
6.6000000000e+01,2.3300000000e+02,2.2000000000e+01,3.6085623503e-01
6.6000000000e+01,2.3300000000e+02,2.3000000000e+01,3.6086881161e-01
6.6000000000e+01,2.3300000000e+02,2.4000000000e+01,3.6090078950e-01
6.6000000000e+01,2.3300000000e+02,2.5000000000e+01,3.6088895798e-01
6.6000000000e+01,2.3300000000e+02,2.6000000000e+01,3.6092609167e-01
6.6000000000e+01,2.3300000000e+02,2.7000000000e+01,3.6089950800e-01
6.6000000000e+01,2.3300000000e+02,2.8000000000e+01,3.6094093323e-01
6.6000000000e+01,2.3300000000e+02,2.9000000000e+01,3.6090511084e-01
6.6000000000e+01,2.3300000000e+02,3.0000000000e+01,3.6095002294e-01
6.6000000000e+01,2.3300000000e+02,3.1000000000e+01,3.6090821028e-01
6.6000000000e+01,2.6100000000e+02,0.0000000000e+00,2.0114541054e+00
6.6000000000e+01,2.6100000000e+02,1.0000000000e+00,5.7090783119e-01
6.6000000000e+01,2.6100000000e+02,2.0000000000e+00,3.0754989386e-01
6.6000000000e+01,2.6100000000e+02,3.0000000000e+00,2.8708672523e-01
6.6000000000e+01,2.6100000000e+02,4.0000000000e+00,2.6691973209e-01
6.6000000000e+01,2.6100000000e+02,5.0000000000e+00,2.7263727784e-01
6.6000000000e+01,2.6100000000e+02,6.0000000000e+00,2.7078765631e-01
6.6000000000e+01,2.6100000000e+02,7.0000000000e+00,2.7486830950e-01
6.6000000000e+01,2.6100000000e+02,8.0000000000e+00,2.7496433258e-01
6.6000000000e+01,2.6100000000e+02,9.0000000000e+00,2.7705702186e-01
6.6000000000e+01,2.6100000000e+02,1.0000000000e+01,2.7723369002e-01
6.6000000000e+01,2.6100000000e+02,1.1000000000e+01,2.7825480700e-01
6.6000000000e+01,2.6100000000e+02,1.2000000000e+01,2.7834650874e-01
6.6000000000e+01,2.6100000000e+02,1.3000000000e+01,2.7884507179e-01
6.6000000000e+01,2.6100000000e+02,1.4000000000e+01,2.7888131142e-01
6.6000000000e+01,2.6100000000e+02,1.5000000000e+01,2.7912807465e-01
6.6000000000e+01,2.6100000000e+02,1.6000000000e+01,2.7913901210e-01
6.6000000000e+01,2.6100000000e+02,1.7000000000e+01,2.7926310897e-01
6.6000000000e+01,2.6100000000e+02,1.8000000000e+01,2.7926450968e-01
6.6000000000e+01,2.6100000000e+02,1.9000000000e+01,2.7932775021e-01
6.6000000000e+01,2.6100000000e+02,2.0000000000e+01,2.7932637930e-01
6.6000000000e+01,2.6100000000e+02,2.1000000000e+01,2.7935886383e-01
6.6000000000e+01,2.6100000000e+02,2.2000000000e+01,2.7935731411e-01
6.6000000000e+01,2.6100000000e+02,2.3000000000e+01,2.7937394381e-01
6.6000000000e+01,2.6100000000e+02,2.4000000000e+01,2.7937287092e-01
6.6000000000e+01,2.6100000000e+02,2.5000000000e+01,2.7938130498e-01
6.6000000000e+01,2.6100000000e+02,2.6000000000e+01,2.7938085794e-01
6.6000000000e+01,2.6100000000e+02,2.7000000000e+01,2.7938491106e-01
6.6000000000e+01,2.6100000000e+02,2.8000000000e+01,2.7938494086e-01
6.6000000000e+01,2.6100000000e+02,2.9000000000e+01,2.7938669920e-01
6.6000000000e+01,2.6100000000e+02,3.0000000000e+01,2.7938702703e-01
6.6000000000e+01,2.6100000000e+02,3.1000000000e+01,2.7938759327e-01
6.6000000000e+01,2.8900000000e+02,0.0000000000e+00,2.0041198730e+00
6.6000000000e+01,2.8900000000e+02,1.0000000000e+00,5.7685667276e-01
6.6000000000e+01,2.8900000000e+02,2.0000000000e+00,3.2555747032e-01
6.6000000000e+01,2.8900000000e+02,3.0000000000e+00,3.1558701396e-01
6.6000000000e+01,2.8900000000e+02,4.0000000000e+00,2.9887461662e-01
6.6000000000e+01,2.8900000000e+02,5.0000000000e+00,3.0594128370e-01
6.6000000000e+01,2.8900000000e+02,6.0000000000e+00,3.0478507280e-01
6.6000000000e+01,2.8900000000e+02,7.0000000000e+00,3.0860629678e-01
6.6000000000e+01,2.8900000000e+02,8.0000000000e+00,3.0879116058e-01
6.6000000000e+01,2.8900000000e+02,9.0000000000e+00,3.1050354242e-01
6.6000000000e+01,2.8900000000e+02,1.0000000000e+01,3.1066522002e-01
6.6000000000e+01,2.8900000000e+02,1.1000000000e+01,3.1141906977e-01
6.6000000000e+01,2.8900000000e+02,1.2000000000e+01,3.1149199605e-01
6.6000000000e+01,2.8900000000e+02,1.3000000000e+01,3.1182938814e-01
6.6000000000e+01,2.8900000000e+02,1.4000000000e+01,3.1185546517e-01
6.6000000000e+01,2.8900000000e+02,1.5000000000e+01,3.1201040745e-01
6.6000000000e+01,2.8900000000e+02,1.6000000000e+01,3.1201714277e-01
6.6000000000e+01,2.8900000000e+02,1.7000000000e+01,3.1209036708e-01
6.6000000000e+01,2.8900000000e+02,1.8000000000e+01,3.1209024787e-01
6.6000000000e+01,2.8900000000e+02,1.9000000000e+01,3.1212589145e-01
6.6000000000e+01,2.8900000000e+02,2.0000000000e+01,3.1212392449e-01
6.6000000000e+01,2.8900000000e+02,2.1000000000e+01,3.1214177608e-01
6.6000000000e+01,2.8900000000e+02,2.2000000000e+01,3.1213968992e-01
6.6000000000e+01,2.8900000000e+02,2.3000000000e+01,3.1214886904e-01
6.6000000000e+01,2.8900000000e+02,2.4000000000e+01,3.1214717031e-01
6.6000000000e+01,2.8900000000e+02,2.5000000000e+01,3.1215202808e-01
6.6000000000e+01,2.8900000000e+02,2.6000000000e+01,3.1215080619e-01
6.6000000000e+01,2.8900000000e+02,2.7000000000e+01,3.1215348840e-01
6.6000000000e+01,2.8900000000e+02,2.8000000000e+01,3.1215262413e-01
6.6000000000e+01,2.8900000000e+02,2.9000000000e+01,3.1215411425e-01
6.6000000000e+01,2.8900000000e+02,3.0000000000e+01,3.1215351820e-01
6.6000000000e+01,2.8900000000e+02,3.1000000000e+01,3.1215438247e-01
6.6000000000e+01,3.1600000000e+02,0.0000000000e+00,2.0068755150e+00
6.6000000000e+01,3.1600000000e+02,1.0000000000e+00,5.7039159536e-01
6.6000000000e+01,3.1600000000e+02,2.0000000000e+00,3.3888554573e-01
6.6000000000e+01,3.1600000000e+02,3.0000000000e+00,3.3321619034e-01
6.6000000000e+01,3.1600000000e+02,4.0000000000e+00,3.2318815589e-01
6.6000000000e+01,3.1600000000e+02,5.0000000000e+00,3.3045861125e-01
6.6000000000e+01,3.1600000000e+02,6.0000000000e+00,3.3104640245e-01
6.6000000000e+01,3.1600000000e+02,7.0000000000e+00,3.3448329568e-01
6.6000000000e+01,3.1600000000e+02,8.0000000000e+00,3.3513900638e-01
6.6000000000e+01,3.1600000000e+02,9.0000000000e+00,3.3654335141e-01
6.6000000000e+01,3.1600000000e+02,1.0000000000e+01,3.3684092760e-01
6.6000000000e+01,3.1600000000e+02,1.1000000000e+01,3.3741122484e-01
6.6000000000e+01,3.1600000000e+02,1.2000000000e+01,3.3752772212e-01
6.6000000000e+01,3.1600000000e+02,1.3000000000e+01,3.3776447177e-01
6.6000000000e+01,3.1600000000e+02,1.4000000000e+01,3.3780699968e-01
6.6000000000e+01,3.1600000000e+02,1.5000000000e+01,3.3790817857e-01
6.6000000000e+01,3.1600000000e+02,1.6000000000e+01,3.3792260289e-01
6.6000000000e+01,3.1600000000e+02,1.7000000000e+01,3.3796721697e-01
6.6000000000e+01,3.1600000000e+02,1.8000000000e+01,3.3797138929e-01
6.6000000000e+01,3.1600000000e+02,1.9000000000e+01,3.3799168468e-01
6.6000000000e+01,3.1600000000e+02,2.0000000000e+01,3.3799237013e-01
6.6000000000e+01,3.1600000000e+02,2.1000000000e+01,3.3800190687e-01
6.6000000000e+01,3.1600000000e+02,2.2000000000e+01,3.3800157905e-01
6.6000000000e+01,3.1600000000e+02,2.3000000000e+01,3.3800619841e-01
6.6000000000e+01,3.1600000000e+02,2.4000000000e+01,3.3800569177e-01
6.6000000000e+01,3.1600000000e+02,2.5000000000e+01,3.3800801635e-01
6.6000000000e+01,3.1600000000e+02,2.6000000000e+01,3.3800756931e-01
6.6000000000e+01,3.1600000000e+02,2.7000000000e+01,3.3800876141e-01
6.6000000000e+01,3.1600000000e+02,2.8000000000e+01,3.3800843358e-01
6.6000000000e+01,3.1600000000e+02,2.9000000000e+01,3.3800908923e-01
6.6000000000e+01,3.1600000000e+02,3.0000000000e+01,3.3800888062e-01
6.6000000000e+01,3.1600000000e+02,3.1000000000e+01,3.3800920844e-01
6.6000000000e+01,3.4400000000e+02,0.0000000000e+00,1.9951739311e+00
6.6000000000e+01,3.4400000000e+02,1.0000000000e+00,4.9231687188e-01
6.6000000000e+01,3.4400000000e+02,2.0000000000e+00,2.7154457569e-01
6.6000000000e+01,3.4400000000e+02,3.0000000000e+00,2.6164898276e-01
6.6000000000e+01,3.4400000000e+02,4.0000000000e+00,2.5097092986e-01
6.6000000000e+01,3.4400000000e+02,5.0000000000e+00,2.5626489520e-01
6.6000000000e+01,3.4400000000e+02,6.0000000000e+00,2.5606238842e-01
6.6000000000e+01,3.4400000000e+02,7.0000000000e+00,2.5851580501e-01
6.6000000000e+01,3.4400000000e+02,8.0000000000e+00,2.5878161192e-01
6.6000000000e+01,3.4400000000e+02,9.0000000000e+00,2.5972044468e-01
6.6000000000e+01,3.4400000000e+02,1.0000000000e+01,2.5985518098e-01
6.6000000000e+01,3.4400000000e+02,1.1000000000e+01,2.6020753384e-01
6.6000000000e+01,3.4400000000e+02,1.2000000000e+01,2.6026180387e-01
6.6000000000e+01,3.4400000000e+02,1.3000000000e+01,2.6039513946e-01
6.6000000000e+01,3.4400000000e+02,1.4000000000e+01,2.6041641831e-01
6.6000000000e+01,3.4400000000e+02,1.5000000000e+01,2.6046729088e-01
6.6000000000e+01,3.4400000000e+02,1.6000000000e+01,2.6047611237e-01
6.6000000000e+01,3.4400000000e+02,1.7000000000e+01,2.6049539447e-01
6.6000000000e+01,3.4400000000e+02,1.8000000000e+01,2.6049944758e-01
6.6000000000e+01,3.4400000000e+02,1.9000000000e+01,2.6050657034e-01
6.6000000000e+01,3.4400000000e+02,2.0000000000e+01,2.6050871611e-01
6.6000000000e+01,3.4400000000e+02,2.1000000000e+01,2.6051107049e-01
6.6000000000e+01,3.4400000000e+02,2.2000000000e+01,2.6051238179e-01
6.6000000000e+01,3.4400000000e+02,2.3000000000e+01,2.6051297784e-01
6.6000000000e+01,3.4400000000e+02,2.4000000000e+01,2.6051381230e-01
6.6000000000e+01,3.4400000000e+02,2.5000000000e+01,2.6051378250e-01
6.6000000000e+01,3.4400000000e+02,2.6000000000e+01,2.6051437855e-01
6.6000000000e+01,3.4400000000e+02,2.7000000000e+01,2.6051416993e-01
6.6000000000e+01,3.4400000000e+02,2.8000000000e+01,2.6051458716e-01
6.6000000000e+01,3.4400000000e+02,2.9000000000e+01,2.6051434875e-01
6.6000000000e+01,3.4400000000e+02,3.0000000000e+01,2.6051464677e-01
6.6000000000e+01,3.4400000000e+02,3.1000000000e+01,2.6051443815e-01
6.6000000000e+01,3.7200000000e+02,0.0000000000e+00,1.9990822077e+00
6.6000000000e+01,3.7200000000e+02,1.0000000000e+00,4.3507373333e-01
6.6000000000e+01,3.7200000000e+02,2.0000000000e+00,2.2817260027e-01
6.6000000000e+01,3.7200000000e+02,3.0000000000e+00,2.1541857719e-01
6.6000000000e+01,3.7200000000e+02,4.0000000000e+00,2.0776674151e-01
6.6000000000e+01,3.7200000000e+02,5.0000000000e+00,2.1161901951e-01
6.6000000000e+01,3.7200000000e+02,6.0000000000e+00,2.1202333272e-01
6.6000000000e+01,3.7200000000e+02,7.0000000000e+00,2.1380375326e-01
6.6000000000e+01,3.7200000000e+02,8.0000000000e+00,2.1419730783e-01
6.6000000000e+01,3.7200000000e+02,9.0000000000e+00,2.1484583616e-01
6.6000000000e+01,3.7200000000e+02,1.0000000000e+01,2.1500867605e-01
6.6000000000e+01,3.7200000000e+02,1.1000000000e+01,2.1523989737e-01
6.6000000000e+01,3.7200000000e+02,1.2000000000e+01,2.1529996395e-01
6.6000000000e+01,3.7200000000e+02,1.3000000000e+01,2.1538370848e-01
6.6000000000e+01,3.7200000000e+02,1.4000000000e+01,2.1540535986e-01
6.6000000000e+01,3.7200000000e+02,1.5000000000e+01,2.1543639898e-01
6.6000000000e+01,3.7200000000e+02,1.6000000000e+01,2.1544423699e-01
6.6000000000e+01,3.7200000000e+02,1.7000000000e+01,2.1545594931e-01
6.6000000000e+01,3.7200000000e+02,1.8000000000e+01,2.1545882523e-01
6.6000000000e+01,3.7200000000e+02,1.9000000000e+01,2.1546334028e-01
6.6000000000e+01,3.7200000000e+02,2.0000000000e+01,2.1546441317e-01
6.6000000000e+01,3.7200000000e+02,2.1000000000e+01,2.1546617150e-01
6.6000000000e+01,3.7200000000e+02,2.2000000000e+01,2.1546658874e-01
6.6000000000e+01,3.7200000000e+02,2.3000000000e+01,2.1546725929e-01
6.6000000000e+01,3.7200000000e+02,2.4000000000e+01,2.1546740830e-01
6.6000000000e+01,3.7200000000e+02,2.5000000000e+01,2.1546769142e-01
6.6000000000e+01,3.7200000000e+02,2.6000000000e+01,2.1546776593e-01
6.6000000000e+01,3.7200000000e+02,2.7000000000e+01,2.1546785533e-01
6.6000000000e+01,3.7200000000e+02,2.8000000000e+01,2.1546787024e-01
6.6000000000e+01,3.7200000000e+02,2.9000000000e+01,2.1546792984e-01
6.6000000000e+01,3.7200000000e+02,3.0000000000e+01,2.1546795964e-01
6.6000000000e+01,3.7200000000e+02,3.1000000000e+01,2.1546795964e-01
6.6000000000e+01,4.0000000000e+02,0.0000000000e+00,1.9898231030e+00
6.6000000000e+01,4.0000000000e+02,1.0000000000e+00,4.5458877087e-01
6.6000000000e+01,4.0000000000e+02,2.0000000000e+00,2.5722435117e-01
6.6000000000e+01,4.0000000000e+02,3.0000000000e+00,2.5307738781e-01
6.6000000000e+01,4.0000000000e+02,4.0000000000e+00,2.4715700746e-01
6.6000000000e+01,4.0000000000e+02,5.0000000000e+00,2.5228625536e-01
6.6000000000e+01,4.0000000000e+02,6.0000000000e+00,2.5280296803e-01
6.6000000000e+01,4.0000000000e+02,7.0000000000e+00,2.5473451614e-01
6.6000000000e+01,4.0000000000e+02,8.0000000000e+00,2.5507345796e-01
6.6000000000e+01,4.0000000000e+02,9.0000000000e+00,2.5571689010e-01
6.6000000000e+01,4.0000000000e+02,1.0000000000e+01,2.5583904982e-01
6.6000000000e+01,4.0000000000e+02,1.1000000000e+01,2.5605520606e-01
6.6000000000e+01,4.0000000000e+02,1.2000000000e+01,2.5609457493e-01
6.6000000000e+01,4.0000000000e+02,1.3000000000e+01,2.5616961718e-01
6.6000000000e+01,4.0000000000e+02,1.4000000000e+01,2.5618153811e-01
6.6000000000e+01,4.0000000000e+02,1.5000000000e+01,2.5620862842e-01
6.6000000000e+01,4.0000000000e+02,1.6000000000e+01,2.5621190667e-01
6.6000000000e+01,4.0000000000e+02,1.7000000000e+01,2.5622209907e-01
6.6000000000e+01,4.0000000000e+02,1.8000000000e+01,2.5622278452e-01
6.6000000000e+01,4.0000000000e+02,1.9000000000e+01,2.5622677803e-01
6.6000000000e+01,4.0000000000e+02,2.0000000000e+01,2.5622677803e-01
6.6000000000e+01,4.0000000000e+02,2.1000000000e+01,2.5622844696e-01
6.6000000000e+01,4.0000000000e+02,2.2000000000e+01,2.5622829795e-01
6.6000000000e+01,4.0000000000e+02,2.3000000000e+01,2.5622898340e-01
6.6000000000e+01,4.0000000000e+02,2.4000000000e+01,2.5622889400e-01
6.6000000000e+01,4.0000000000e+02,2.5000000000e+01,2.5622919202e-01
6.6000000000e+01,4.0000000000e+02,2.6000000000e+01,2.5622910261e-01
6.6000000000e+01,4.0000000000e+02,2.7000000000e+01,2.5622922182e-01
6.6000000000e+01,4.0000000000e+02,2.8000000000e+01,2.5622919202e-01
6.6000000000e+01,4.0000000000e+02,2.9000000000e+01,2.5622928143e-01
6.6000000000e+01,4.0000000000e+02,3.0000000000e+01,2.5622925162e-01
6.6000000000e+01,4.0000000000e+02,3.1000000000e+01,2.5622928143e-01
9.4000000000e+01,1.0000000000e+01,0.0000000000e+00,1.9994379282e+00
9.4000000000e+01,1.0000000000e+01,1.0000000000e+00,3.0830864906e+00
9.4000000000e+01,1.0000000000e+01,2.0000000000e+00,2.9701700211e+00
9.4000000000e+01,1.0000000000e+01,3.0000000000e+00,3.6813654900e+00
9.4000000000e+01,1.0000000000e+01,4.0000000000e+00,3.7243967056e+00
9.4000000000e+01,1.0000000000e+01,5.0000000000e+00,4.5982036591e+00
9.4000000000e+01,1.0000000000e+01,6.0000000000e+00,5.3809823990e+00
9.4000000000e+01,1.0000000000e+01,7.0000000000e+00,9.1839923859e+00
9.4000000000e+01,1.0000000000e+01,8.0000000000e+00,1.8786651611e+01
9.4000000000e+01,1.0000000000e+01,9.0000000000e+00,5.4245216370e+01
9.4000000000e+01,1.0000000000e+01,1.0000000000e+01,1.7221260071e+02
9.4000000000e+01,1.0000000000e+01,1.1000000000e+01,6.0597619629e+02
9.4000000000e+01,1.0000000000e+01,1.2000000000e+01,2.2041594238e+03
9.4000000000e+01,1.0000000000e+01,1.3000000000e+01,8.3392724609e+03
9.4000000000e+01,1.0000000000e+01,1.4000000000e+01,3.2337029297e+04
9.4000000000e+01,1.0000000000e+01,1.5000000000e+01,1.2849085938e+05
9.4000000000e+01,1.0000000000e+01,1.6000000000e+01,5.2042912500e+05
9.4000000000e+01,1.0000000000e+01,1.7000000000e+01,2.1437922500e+06
9.4000000000e+01,1.0000000000e+01,1.8000000000e+01,8.9536210000e+06
9.4000000000e+01,1.0000000000e+01,1.9000000000e+01,3.7832008000e+07
9.4000000000e+01,1.0000000000e+01,2.0000000000e+01,1.6138859200e+08
9.4000000000e+01,1.0000000000e+01,2.1000000000e+01,6.9396697600e+08
9.4000000000e+01,1.0000000000e+01,2.2000000000e+01,3.0037719040e+09
9.4000000000e+01,1.0000000000e+01,2.3000000000e+01,1.3073327104e+10
9.4000000000e+01,1.0000000000e+01,2.4000000000e+01,5.7162661888e+10
9.4000000000e+01,1.0000000000e+01,2.5000000000e+01,2.5092089446e+11
9.4000000000e+01,1.0000000000e+01,2.6000000000e+01,1.1051174461e+12
9.4000000000e+01,1.0000000000e+01,2.7000000000e+01,4.8811689902e+12
9.4000000000e+01,1.0000000000e+01,2.8000000000e+01,2.1613022020e+13
9.4000000000e+01,1.0000000000e+01,2.9000000000e+01,9.5905881522e+13
9.4000000000e+01,1.0000000000e+01,3.0000000000e+01,4.2638066372e+14
9.4000000000e+01,1.0000000000e+01,3.1000000000e+01,1.8987835667e+15
9.4000000000e+01,3.8000000000e+01,0.0000000000e+00,1.9978836775e+00
9.4000000000e+01,3.8000000000e+01,1.0000000000e+00,1.7385849953e+00
9.4000000000e+01,3.8000000000e+01,2.0000000000e+00,1.4190989733e+00
9.4000000000e+01,3.8000000000e+01,3.0000000000e+00,1.5553233624e+00
9.4000000000e+01,3.8000000000e+01,4.0000000000e+00,1.4549262524e+00
9.4000000000e+01,3.8000000000e+01,5.0000000000e+00,1.5766315460e+00
9.4000000000e+01,3.8000000000e+01,6.0000000000e+00,1.5256861448e+00
9.4000000000e+01,3.8000000000e+01,7.0000000000e+00,1.6672239304e+00
9.4000000000e+01,3.8000000000e+01,8.0000000000e+00,1.6666078568e+00
9.4000000000e+01,3.8000000000e+01,9.0000000000e+00,1.8990679979e+00
9.4000000000e+01,3.8000000000e+01,1.0000000000e+01,2.0442533493e+00
9.4000000000e+01,3.8000000000e+01,1.1000000000e+01,2.5899207592e+00
9.4000000000e+01,3.8000000000e+01,1.2000000000e+01,3.2726526260e+00
9.4000000000e+01,3.8000000000e+01,1.3000000000e+01,4.9430227280e+00
9.4000000000e+01,3.8000000000e+01,1.4000000000e+01,7.7159700394e+00
9.4000000000e+01,3.8000000000e+01,1.5000000000e+01,1.3682220459e+01
9.4000000000e+01,3.8000000000e+01,1.6000000000e+01,2.4853086472e+01
9.4000000000e+01,3.8000000000e+01,1.7000000000e+01,4.8055374146e+01
9.4000000000e+01,3.8000000000e+01,1.8000000000e+01,9.3975944519e+01
9.4000000000e+01,3.8000000000e+01,1.9000000000e+01,1.8897222900e+02
9.4000000000e+01,3.8000000000e+01,2.0000000000e+01,3.8260858154e+02
9.4000000000e+01,3.8000000000e+01,2.1000000000e+01,7.8567712402e+02
9.4000000000e+01,3.8000000000e+01,2.2000000000e+01,1.6226761475e+03
9.4000000000e+01,3.8000000000e+01,2.3000000000e+01,3.3809013672e+03
9.4000000000e+01,3.8000000000e+01,2.4000000000e+01,7.0818295898e+03
9.4000000000e+01,3.8000000000e+01,2.5000000000e+01,1.4930201172e+04
9.4000000000e+01,3.8000000000e+01,2.6000000000e+01,3.1631814453e+04
9.4000000000e+01,3.8000000000e+01,2.7000000000e+01,6.7369742188e+04
9.4000000000e+01,3.8000000000e+01,2.8000000000e+01,1.4412925000e+05
9.4000000000e+01,3.8000000000e+01,2.9000000000e+01,3.0973087500e+05
9.4000000000e+01,3.8000000000e+01,3.0000000000e+01,6.6828837500e+05
9.4000000000e+01,3.8000000000e+01,3.1000000000e+01,1.4475448750e+06
9.4000000000e+01,6.6000000000e+01,0.0000000000e+00,1.9992500544e+00
9.4000000000e+01,6.6000000000e+01,1.0000000000e+00,1.2466087341e+00
9.4000000000e+01,6.6000000000e+01,2.0000000000e+00,8.9984732866e-01
9.4000000000e+01,6.6000000000e+01,3.0000000000e+00,8.9089083672e-01
9.4000000000e+01,6.6000000000e+01,4.0000000000e+00,7.8873825073e-01
9.4000000000e+01,6.6000000000e+01,5.0000000000e+00,8.0773788691e-01
9.4000000000e+01,6.6000000000e+01,6.0000000000e+00,7.5726258755e-01
9.4000000000e+01,6.6000000000e+01,7.0000000000e+00,7.8866207600e-01
9.4000000000e+01,6.6000000000e+01,8.0000000000e+00,7.6550292969e-01
9.4000000000e+01,6.6000000000e+01,9.0000000000e+00,8.1958186626e-01
9.4000000000e+01,6.6000000000e+01,1.0000000000e+01,8.3595246077e-01
9.4000000000e+01,6.6000000000e+01,1.1000000000e+01,9.5703339577e-01
9.4000000000e+01,6.6000000000e+01,1.2000000000e+01,1.0913944244e+00
9.4000000000e+01,6.6000000000e+01,1.3000000000e+01,1.4494789839e+00
9.4000000000e+01,6.6000000000e+01,1.4000000000e+01,2.0337924957e+00
9.4000000000e+01,6.6000000000e+01,1.5000000000e+01,3.3228704929e+00
9.4000000000e+01,6.6000000000e+01,1.6000000000e+01,5.7723641396e+00
9.4000000000e+01,6.6000000000e+01,1.7000000000e+01,1.0964082718e+01
9.4000000000e+01,6.6000000000e+01,1.8000000000e+01,2.1480226517e+01
9.4000000000e+01,6.6000000000e+01,1.9000000000e+01,4.3700340271e+01
9.4000000000e+01,6.6000000000e+01,2.0000000000e+01,9.0046241760e+01
9.4000000000e+01,6.6000000000e+01,2.1000000000e+01,1.8845504761e+02
9.4000000000e+01,6.6000000000e+01,2.2000000000e+01,3.9681503296e+02
9.4000000000e+01,6.6000000000e+01,2.3000000000e+01,8.4168267822e+02
9.4000000000e+01,6.6000000000e+01,2.4000000000e+01,1.7916710205e+03
9.4000000000e+01,6.6000000000e+01,2.5000000000e+01,3.8291767578e+03
9.4000000000e+01,6.6000000000e+01,2.6000000000e+01,8.2032060547e+03
9.4000000000e+01,6.6000000000e+01,2.7000000000e+01,1.7616667969e+04
9.4000000000e+01,6.6000000000e+01,2.8000000000e+01,3.7895515625e+04
9.4000000000e+01,6.6000000000e+01,2.9000000000e+01,8.1648773438e+04
9.4000000000e+01,6.6000000000e+01,3.0000000000e+01,1.7612926562e+05
9.4000000000e+01,6.6000000000e+01,3.1000000000e+01,3.8035865625e+05
9.4000000000e+01,9.4000000000e+01,0.0000000000e+00,2.0010011196e+00
9.4000000000e+01,9.4000000000e+01,1.0000000000e+00,1.0168415308e+00
9.4000000000e+01,9.4000000000e+01,2.0000000000e+00,6.6068071127e-01
9.4000000000e+01,9.4000000000e+01,3.0000000000e+00,6.1945092678e-01
9.4000000000e+01,9.4000000000e+01,4.0000000000e+00,5.2859234810e-01
9.4000000000e+01,9.4000000000e+01,5.0000000000e+00,5.2822303772e-01
9.4000000000e+01,9.4000000000e+01,6.0000000000e+00,4.8813939095e-01
9.4000000000e+01,9.4000000000e+01,7.0000000000e+00,4.9671316147e-01
9.4000000000e+01,9.4000000000e+01,8.0000000000e+00,4.7484445572e-01
9.4000000000e+01,9.4000000000e+01,9.0000000000e+00,4.8696896434e-01
9.4000000000e+01,9.4000000000e+01,1.0000000000e+01,4.7417050600e-01
9.4000000000e+01,9.4000000000e+01,1.1000000000e+01,4.8934650421e-01
9.4000000000e+01,9.4000000000e+01,1.2000000000e+01,4.8319602013e-01
9.4000000000e+01,9.4000000000e+01,1.3000000000e+01,5.0337618589e-01
9.4000000000e+01,9.4000000000e+01,1.4000000000e+01,5.0544667244e-01
9.4000000000e+01,9.4000000000e+01,1.5000000000e+01,5.3605002165e-01
9.4000000000e+01,9.4000000000e+01,1.6000000000e+01,5.5345225334e-01
9.4000000000e+01,9.4000000000e+01,1.7000000000e+01,6.0749185085e-01
9.4000000000e+01,9.4000000000e+01,1.8000000000e+01,6.5925168991e-01
9.4000000000e+01,9.4000000000e+01,1.9000000000e+01,7.6814460754e-01
9.4000000000e+01,9.4000000000e+01,2.0000000000e+01,9.0222591162e-01
9.4000000000e+01,9.4000000000e+01,2.1000000000e+01,1.1432772875e+00
9.4000000000e+01,9.4000000000e+01,2.2000000000e+01,1.4802579880e+00
9.4000000000e+01,9.4000000000e+01,2.3000000000e+01,2.0467300415e+00
9.4000000000e+01,9.4000000000e+01,2.4000000000e+01,2.8917031288e+00
9.4000000000e+01,9.4000000000e+01,2.5000000000e+01,4.2723731995e+00
9.4000000000e+01,9.4000000000e+01,2.6000000000e+01,6.4026107788e+00
9.4000000000e+01,9.4000000000e+01,2.7000000000e+01,9.8438796997e+00
9.4000000000e+01,9.4000000000e+01,2.8000000000e+01,1.5250715256e+01
9.4000000000e+01,9.4000000000e+01,2.9000000000e+01,2.3949697495e+01
9.4000000000e+01,9.4000000000e+01,3.0000000000e+01,3.7756851196e+01
9.4000000000e+01,9.4000000000e+01,3.1000000000e+01,5.9949161530e+01
9.4000000000e+01,1.2100000000e+02,0.0000000000e+00,1.9971352816e+00
9.4000000000e+01,1.2100000000e+02,1.0000000000e+00,8.5236686468e-01
9.4000000000e+01,1.2100000000e+02,2.0000000000e+00,4.9745786190e-01
9.4000000000e+01,1.2100000000e+02,3.0000000000e+00,4.5258706808e-01
9.4000000000e+01,1.2100000000e+02,4.0000000000e+00,3.7572968006e-01
9.4000000000e+01,1.2100000000e+02,5.0000000000e+00,3.7467211485e-01
9.4000000000e+01,1.2100000000e+02,6.0000000000e+00,3.4606647491e-01
9.4000000000e+01,1.2100000000e+02,7.0000000000e+00,3.5238957405e-01
9.4000000000e+01,1.2100000000e+02,8.0000000000e+00,3.3930125833e-01
9.4000000000e+01,1.2100000000e+02,9.0000000000e+00,3.4734904766e-01
9.4000000000e+01,1.2100000000e+02,1.0000000000e+01,3.4121268988e-01
9.4000000000e+01,1.2100000000e+02,1.1000000000e+01,3.5043981671e-01
9.4000000000e+01,1.2100000000e+02,1.2000000000e+01,3.4914931655e-01
9.4000000000e+01,1.2100000000e+02,1.3000000000e+01,3.6113795638e-01
9.4000000000e+01,1.2100000000e+02,1.4000000000e+01,3.6605602503e-01
9.4000000000e+01,1.2100000000e+02,1.5000000000e+01,3.8511213660e-01
9.4000000000e+01,1.2100000000e+02,1.6000000000e+01,4.0205377340e-01
9.4000000000e+01,1.2100000000e+02,1.7000000000e+01,4.3829411268e-01
9.4000000000e+01,1.2100000000e+02,1.8000000000e+01,4.8221120238e-01
9.4000000000e+01,1.2100000000e+02,1.9000000000e+01,5.5938339233e-01
9.4000000000e+01,1.2100000000e+02,2.0000000000e+01,6.6637760401e-01
9.4000000000e+01,1.2100000000e+02,2.1000000000e+01,8.4068995714e-01
9.4000000000e+01,1.2100000000e+02,2.2000000000e+01,1.0970842838e+00
9.4000000000e+01,1.2100000000e+02,2.3000000000e+01,1.5023224354e+00
9.4000000000e+01,1.2100000000e+02,2.4000000000e+01,2.1144537926e+00
9.4000000000e+01,1.2100000000e+02,2.5000000000e+01,3.0701134205e+00
9.4000000000e+01,1.2100000000e+02,2.6000000000e+01,4.5317521095e+00
9.4000000000e+01,1.2100000000e+02,2.7000000000e+01,6.8024158478e+00
9.4000000000e+01,1.2100000000e+02,2.8000000000e+01,1.0296519279e+01
9.4000000000e+01,1.2100000000e+02,2.9000000000e+01,1.5714376450e+01
9.4000000000e+01,1.2100000000e+02,3.0000000000e+01,2.4077682495e+01
9.4000000000e+01,1.2100000000e+02,3.1000000000e+01,3.7037368774e+01
9.4000000000e+01,1.4900000000e+02,0.0000000000e+00,1.9898598194e+00
9.4000000000e+01,1.4900000000e+02,1.0000000000e+00,7.0395678282e-01
9.4000000000e+01,1.4900000000e+02,2.0000000000e+00,3.7044745684e-01
9.4000000000e+01,1.4900000000e+02,3.0000000000e+00,3.1181579828e-01
9.4000000000e+01,1.4900000000e+02,4.0000000000e+00,2.5225287676e-01
9.4000000000e+01,1.4900000000e+02,5.0000000000e+00,2.4573443830e-01
9.4000000000e+01,1.4900000000e+02,6.0000000000e+00,2.2747255862e-01
9.4000000000e+01,1.4900000000e+02,7.0000000000e+00,2.2934649885e-01
9.4000000000e+01,1.4900000000e+02,8.0000000000e+00,2.2228364646e-01
9.4000000000e+01,1.4900000000e+02,9.0000000000e+00,2.2545953095e-01
9.4000000000e+01,1.4900000000e+02,1.0000000000e+01,2.2223544121e-01
9.4000000000e+01,1.4900000000e+02,1.1000000000e+01,2.2522221506e-01
9.4000000000e+01,1.4900000000e+02,1.2000000000e+01,2.2352108359e-01
9.4000000000e+01,1.4900000000e+02,1.3000000000e+01,2.2608169913e-01
9.4000000000e+01,1.4900000000e+02,1.4000000000e+01,2.2508831322e-01
9.4000000000e+01,1.4900000000e+02,1.5000000000e+01,2.2731390595e-01
9.4000000000e+01,1.4900000000e+02,1.6000000000e+01,2.2675569355e-01
9.4000000000e+01,1.4900000000e+02,1.7000000000e+01,2.2884479165e-01
9.4000000000e+01,1.4900000000e+02,1.8000000000e+01,2.2870144248e-01
9.4000000000e+01,1.4900000000e+02,1.9000000000e+01,2.3093399405e-01
9.4000000000e+01,1.4900000000e+02,2.0000000000e+01,2.3137263954e-01
9.4000000000e+01,1.4900000000e+02,2.1000000000e+01,2.3416711390e-01
9.4000000000e+01,1.4900000000e+02,2.2000000000e+01,2.3559221625e-01
9.4000000000e+01,1.4900000000e+02,2.3000000000e+01,2.3963870108e-01
9.4000000000e+01,1.4900000000e+02,2.4000000000e+01,2.4285210669e-01
9.4000000000e+01,1.4900000000e+02,2.5000000000e+01,2.4936455488e-01
9.4000000000e+01,1.4900000000e+02,2.6000000000e+01,2.5589302182e-01
9.4000000000e+01,1.4900000000e+02,2.7000000000e+01,2.6707738638e-01
9.4000000000e+01,1.4900000000e+02,2.8000000000e+01,2.7979835868e-01
9.4000000000e+01,1.4900000000e+02,2.9000000000e+01,2.9972466826e-01
9.4000000000e+01,1.4900000000e+02,3.0000000000e+01,3.2404512167e-01
9.4000000000e+01,1.4900000000e+02,3.1000000000e+01,3.6027589440e-01
9.4000000000e+01,1.7700000000e+02,0.0000000000e+00,2.0092558861e+00
9.4000000000e+01,1.7700000000e+02,1.0000000000e+00,6.1448609829e-01
9.4000000000e+01,1.7700000000e+02,2.0000000000e+00,3.0006667972e-01
9.4000000000e+01,1.7700000000e+02,3.0000000000e+00,2.4573713541e-01
9.4000000000e+01,1.7700000000e+02,4.0000000000e+00,1.9874368608e-01
9.4000000000e+01,1.7700000000e+02,5.0000000000e+00,1.9501395524e-01
9.4000000000e+01,1.7700000000e+02,6.0000000000e+00,1.8317028880e-01
9.4000000000e+01,1.7700000000e+02,7.0000000000e+00,1.8565037847e-01
9.4000000000e+01,1.7700000000e+02,8.0000000000e+00,1.8191578984e-01
9.4000000000e+01,1.7700000000e+02,9.0000000000e+00,1.8462589383e-01
9.4000000000e+01,1.7700000000e+02,1.0000000000e+01,1.8320304155e-01
9.4000000000e+01,1.7700000000e+02,1.1000000000e+01,1.8529053032e-01
9.4000000000e+01,1.7700000000e+02,1.2000000000e+01,1.8461027741e-01
9.4000000000e+01,1.7700000000e+02,1.3000000000e+01,1.8611569703e-01
9.4000000000e+01,1.7700000000e+02,1.4000000000e+01,1.8570141494e-01
9.4000000000e+01,1.7700000000e+02,1.5000000000e+01,1.8678869307e-01
9.4000000000e+01,1.7700000000e+02,1.6000000000e+01,1.8648730218e-01
9.4000000000e+01,1.7700000000e+02,1.7000000000e+01,1.8729749322e-01
9.4000000000e+01,1.7700000000e+02,1.8000000000e+01,1.8705964088e-01
9.4000000000e+01,1.7700000000e+02,1.9000000000e+01,1.8769420683e-01
9.4000000000e+01,1.7700000000e+02,2.0000000000e+01,1.8750596046e-01
9.4000000000e+01,1.7700000000e+02,2.1000000000e+01,1.8803542852e-01
9.4000000000e+01,1.7700000000e+02,2.2000000000e+01,1.8789632618e-01
9.4000000000e+01,1.7700000000e+02,2.3000000000e+01,1.8837080896e-01
9.4000000000e+01,1.7700000000e+02,2.4000000000e+01,1.8828704953e-01
9.4000000000e+01,1.7700000000e+02,2.5000000000e+01,1.8874494731e-01
9.4000000000e+01,1.7700000000e+02,2.6000000000e+01,1.8872781098e-01
9.4000000000e+01,1.7700000000e+02,2.7000000000e+01,1.8920207024e-01
9.4000000000e+01,1.7700000000e+02,2.8000000000e+01,1.8926866353e-01
9.4000000000e+01,1.7700000000e+02,2.9000000000e+01,1.8979164958e-01
9.4000000000e+01,1.7700000000e+02,3.0000000000e+01,1.8996663392e-01
9.4000000000e+01,1.7700000000e+02,3.1000000000e+01,1.9057452679e-01
9.4000000000e+01,2.0500000000e+02,0.0000000000e+00,2.0051906109e+00
9.4000000000e+01,2.0500000000e+02,1.0000000000e+00,5.5248928070e-01
9.4000000000e+01,2.0500000000e+02,2.0000000000e+00,2.6367881894e-01
9.4000000000e+01,2.0500000000e+02,3.0000000000e+00,2.1073181927e-01
9.4000000000e+01,2.0500000000e+02,4.0000000000e+00,1.7708247900e-01
9.4000000000e+01,2.0500000000e+02,5.0000000000e+00,1.7363451421e-01
9.4000000000e+01,2.0500000000e+02,6.0000000000e+00,1.6769915819e-01
9.4000000000e+01,2.0500000000e+02,7.0000000000e+00,1.6940575838e-01
9.4000000000e+01,2.0500000000e+02,8.0000000000e+00,1.6841425002e-01
9.4000000000e+01,2.0500000000e+02,9.0000000000e+00,1.7008635402e-01
9.4000000000e+01,2.0500000000e+02,1.0000000000e+01,1.7005038261e-01
9.4000000000e+01,2.0500000000e+02,1.1000000000e+01,1.7116120458e-01
9.4000000000e+01,2.0500000000e+02,1.2000000000e+01,1.7126379907e-01
9.4000000000e+01,2.0500000000e+02,1.3000000000e+01,1.7194038630e-01
9.4000000000e+01,2.0500000000e+02,1.4000000000e+01,1.7202346027e-01
9.4000000000e+01,2.0500000000e+02,1.5000000000e+01,1.7242604494e-01
9.4000000000e+01,2.0500000000e+02,1.6000000000e+01,1.7247369885e-01
9.4000000000e+01,2.0500000000e+02,1.7000000000e+01,1.7271298170e-01
9.4000000000e+01,2.0500000000e+02,1.8000000000e+01,1.7273524404e-01
9.4000000000e+01,2.0500000000e+02,1.9000000000e+01,1.7287865281e-01
9.4000000000e+01,2.0500000000e+02,2.0000000000e+01,1.7288614810e-01
9.4000000000e+01,2.0500000000e+02,2.1000000000e+01,1.7297323048e-01
9.4000000000e+01,2.0500000000e+02,2.2000000000e+01,1.7297309637e-01
9.4000000000e+01,2.0500000000e+02,2.3000000000e+01,1.7302682996e-01
9.4000000000e+01,2.0500000000e+02,2.4000000000e+01,1.7302325368e-01
9.4000000000e+01,2.0500000000e+02,2.5000000000e+01,1.7305696011e-01
9.4000000000e+01,2.0500000000e+02,2.6000000000e+01,1.7305220664e-01
9.4000000000e+01,2.0500000000e+02,2.7000000000e+01,1.7307370901e-01
9.4000000000e+01,2.0500000000e+02,2.8000000000e+01,1.7306889594e-01
9.4000000000e+01,2.0500000000e+02,2.9000000000e+01,1.7308284342e-01
9.4000000000e+01,2.0500000000e+02,3.0000000000e+01,1.7307850718e-01
9.4000000000e+01,2.0500000000e+02,3.1000000000e+01,1.7308765650e-01
9.4000000000e+01,2.3300000000e+02,0.0000000000e+00,2.0053091049e+00
9.4000000000e+01,2.3300000000e+02,1.0000000000e+00,5.0052767992e-01
9.4000000000e+01,2.3300000000e+02,2.0000000000e+00,2.2529619932e-01
9.4000000000e+01,2.3300000000e+02,3.0000000000e+00,1.7928145826e-01
9.4000000000e+01,2.3300000000e+02,4.0000000000e+00,1.4989201725e-01
9.4000000000e+01,2.3300000000e+02,5.0000000000e+00,1.4765989780e-01
9.4000000000e+01,2.3300000000e+02,6.0000000000e+00,1.4249074459e-01
9.4000000000e+01,2.3300000000e+02,7.0000000000e+00,1.4389246702e-01
9.4000000000e+01,2.3300000000e+02,8.0000000000e+00,1.4278458059e-01
9.4000000000e+01,2.3300000000e+02,9.0000000000e+00,1.4394930005e-01
9.4000000000e+01,2.3300000000e+02,1.0000000000e+01,1.4366342127e-01
9.4000000000e+01,2.3300000000e+02,1.1000000000e+01,1.4436973631e-01
9.4000000000e+01,2.3300000000e+02,1.2000000000e+01,1.4426788688e-01
9.4000000000e+01,2.3300000000e+02,1.3000000000e+01,1.4467142522e-01
9.4000000000e+01,2.3300000000e+02,1.4000000000e+01,1.4461666346e-01
9.4000000000e+01,2.3300000000e+02,1.5000000000e+01,1.4484649897e-01
9.4000000000e+01,2.3300000000e+02,1.6000000000e+01,1.4480830729e-01
9.4000000000e+01,2.3300000000e+02,1.7000000000e+01,1.4494134486e-01
9.4000000000e+01,2.3300000000e+02,1.8000000000e+01,1.4491239190e-01
9.4000000000e+01,2.3300000000e+02,1.9000000000e+01,1.4499121904e-01
9.4000000000e+01,2.3300000000e+02,2.0000000000e+01,1.4496907592e-01
9.4000000000e+01,2.3300000000e+02,2.1000000000e+01,1.4501705766e-01
9.4000000000e+01,2.3300000000e+02,2.2000000000e+01,1.4500024915e-01
9.4000000000e+01,2.3300000000e+02,2.3000000000e+01,1.4503023028e-01
9.4000000000e+01,2.3300000000e+02,2.4000000000e+01,1.4501760900e-01
9.4000000000e+01,2.3300000000e+02,2.5000000000e+01,1.4503684640e-01
9.4000000000e+01,2.3300000000e+02,2.6000000000e+01,1.4502744377e-01
9.4000000000e+01,2.3300000000e+02,2.7000000000e+01,1.4504006505e-01
9.4000000000e+01,2.3300000000e+02,2.8000000000e+01,1.4503310621e-01
9.4000000000e+01,2.3300000000e+02,2.9000000000e+01,1.4504155517e-01
9.4000000000e+01,2.3300000000e+02,3.0000000000e+01,1.4503642917e-01
9.4000000000e+01,2.3300000000e+02,3.1000000000e+01,1.4504219592e-01
9.4000000000e+01,2.6100000000e+02,0.0000000000e+00,1.9937884808e+00
9.4000000000e+01,2.6100000000e+02,1.0000000000e+00,4.7652369738e-01
9.4000000000e+01,2.6100000000e+02,2.0000000000e+00,2.2762183845e-01
9.4000000000e+01,2.6100000000e+02,3.0000000000e+00,1.8780821562e-01
9.4000000000e+01,2.6100000000e+02,4.0000000000e+00,1.6897170246e-01
9.4000000000e+01,2.6100000000e+02,5.0000000000e+00,1.6804952919e-01
9.4000000000e+01,2.6100000000e+02,6.0000000000e+00,1.6643807292e-01
9.4000000000e+01,2.6100000000e+02,7.0000000000e+00,1.6786453128e-01
9.4000000000e+01,2.6100000000e+02,8.0000000000e+00,1.6804407537e-01
9.4000000000e+01,2.6100000000e+02,9.0000000000e+00,1.6899181902e-01
9.4000000000e+01,2.6100000000e+02,1.0000000000e+01,1.6921488941e-01
9.4000000000e+01,2.6100000000e+02,1.1000000000e+01,1.6971808672e-01
9.4000000000e+01,2.6100000000e+02,1.2000000000e+01,1.6983786225e-01
9.4000000000e+01,2.6100000000e+02,1.3000000000e+01,1.7009496689e-01
9.4000000000e+01,2.6100000000e+02,1.4000000000e+01,1.7014691234e-01
9.4000000000e+01,2.6100000000e+02,1.5000000000e+01,1.7027947307e-01
9.4000000000e+01,2.6100000000e+02,1.6000000000e+01,1.7029789090e-01
9.4000000000e+01,2.6100000000e+02,1.7000000000e+01,1.7036819458e-01
9.4000000000e+01,2.6100000000e+02,1.8000000000e+01,1.7037184536e-01
9.4000000000e+01,2.6100000000e+02,1.9000000000e+01,1.7041061819e-01
9.4000000000e+01,2.6100000000e+02,2.0000000000e+01,1.7040847242e-01
9.4000000000e+01,2.6100000000e+02,2.1000000000e+01,1.7043082416e-01
9.4000000000e+01,2.6100000000e+02,2.2000000000e+01,1.7042687535e-01
9.4000000000e+01,2.6100000000e+02,2.3000000000e+01,1.7044039071e-01
9.4000000000e+01,2.6100000000e+02,2.4000000000e+01,1.7043629289e-01
9.4000000000e+01,2.6100000000e+02,2.5000000000e+01,1.7044487596e-01
9.4000000000e+01,2.6100000000e+02,2.6000000000e+01,1.7044124007e-01
9.4000000000e+01,2.6100000000e+02,2.7000000000e+01,1.7044691741e-01
9.4000000000e+01,2.6100000000e+02,2.8000000000e+01,1.7044389248e-01
9.4000000000e+01,2.6100000000e+02,2.9000000000e+01,1.7044776678e-01
9.4000000000e+01,2.6100000000e+02,3.0000000000e+01,1.7044533789e-01
9.4000000000e+01,2.6100000000e+02,3.1000000000e+01,1.7044809461e-01
9.4000000000e+01,2.8900000000e+02,0.0000000000e+00,1.9993989468e+00
9.4000000000e+01,2.8900000000e+02,1.0000000000e+00,4.1128939390e-01
9.4000000000e+01,2.8900000000e+02,2.0000000000e+00,1.7171043158e-01
9.4000000000e+01,2.8900000000e+02,3.0000000000e+00,1.3383263350e-01
9.4000000000e+01,2.8900000000e+02,4.0000000000e+00,1.1537107825e-01
9.4000000000e+01,2.8900000000e+02,5.0000000000e+00,1.1436167359e-01
9.4000000000e+01,2.8900000000e+02,6.0000000000e+00,1.1212193221e-01
9.4000000000e+01,2.8900000000e+02,7.0000000000e+00,1.1311081797e-01
9.4000000000e+01,2.8900000000e+02,8.0000000000e+00,1.1282191426e-01
9.4000000000e+01,2.8900000000e+02,9.0000000000e+00,1.1344259977e-01
9.4000000000e+01,2.8900000000e+02,1.0000000000e+01,1.1340887100e-01
9.4000000000e+01,2.8900000000e+02,1.1000000000e+01,1.1371546239e-01
9.4000000000e+01,2.8900000000e+02,1.2000000000e+01,1.1370925605e-01
9.4000000000e+01,2.8900000000e+02,1.3000000000e+01,1.1385474354e-01
9.4000000000e+01,2.8900000000e+02,1.4000000000e+01,1.1384940892e-01
9.4000000000e+01,2.8900000000e+02,1.5000000000e+01,1.1391882598e-01
9.4000000000e+01,2.8900000000e+02,1.6000000000e+01,1.1391359568e-01
9.4000000000e+01,2.8900000000e+02,1.7000000000e+01,1.1394730955e-01
9.4000000000e+01,2.8900000000e+02,1.8000000000e+01,1.1394309998e-01
9.4000000000e+01,2.8900000000e+02,1.9000000000e+01,1.1395982653e-01
9.4000000000e+01,2.8900000000e+02,2.0000000000e+01,1.1395682395e-01
9.4000000000e+01,2.8900000000e+02,2.1000000000e+01,1.1396529526e-01
9.4000000000e+01,2.8900000000e+02,2.2000000000e+01,1.1396332085e-01
9.4000000000e+01,2.8900000000e+02,2.3000000000e+01,1.1396767199e-01
9.4000000000e+01,2.8900000000e+02,2.4000000000e+01,1.1396643519e-01
9.4000000000e+01,2.8900000000e+02,2.5000000000e+01,1.1396869272e-01
9.4000000000e+01,2.8900000000e+02,2.6000000000e+01,1.1396794766e-01
9.4000000000e+01,2.8900000000e+02,2.7000000000e+01,1.1396913230e-01
9.4000000000e+01,2.8900000000e+02,2.8000000000e+01,1.1396870017e-01
9.4000000000e+01,2.8900000000e+02,2.9000000000e+01,1.1396931112e-01
9.4000000000e+01,2.8900000000e+02,3.0000000000e+01,1.1396906525e-01
9.4000000000e+01,2.8900000000e+02,3.1000000000e+01,1.1396937072e-01
9.4000000000e+01,3.1600000000e+02,0.0000000000e+00,1.9985846281e+00
9.4000000000e+01,3.1600000000e+02,1.0000000000e+00,3.8862451911e-01
9.4000000000e+01,3.1600000000e+02,2.0000000000e+00,1.6095191240e-01
9.4000000000e+01,3.1600000000e+02,3.0000000000e+00,1.2981380522e-01
9.4000000000e+01,3.1600000000e+02,4.0000000000e+00,1.1599332839e-01
9.4000000000e+01,3.1600000000e+02,5.0000000000e+00,1.1638313532e-01
9.4000000000e+01,3.1600000000e+02,6.0000000000e+00,1.1542822421e-01
9.4000000000e+01,3.1600000000e+02,7.0000000000e+00,1.1659536511e-01
9.4000000000e+01,3.1600000000e+02,8.0000000000e+00,1.1668941379e-01
9.4000000000e+01,3.1600000000e+02,9.0000000000e+00,1.1726715416e-01
9.4000000000e+01,3.1600000000e+02,1.0000000000e+01,1.1736320704e-01
9.4000000000e+01,3.1600000000e+02,1.1000000000e+01,1.1761243641e-01
9.4000000000e+01,3.1600000000e+02,1.2000000000e+01,1.1765715480e-01
9.4000000000e+01,3.1600000000e+02,1.3000000000e+01,1.1776294559e-01
9.4000000000e+01,3.1600000000e+02,1.4000000000e+01,1.1778050661e-01
9.4000000000e+01,3.1600000000e+02,1.5000000000e+01,1.1782608926e-01
9.4000000000e+01,3.1600000000e+02,1.6000000000e+01,1.1783225089e-01
9.4000000000e+01,3.1600000000e+02,1.7000000000e+01,1.1785241961e-01
9.4000000000e+01,3.1600000000e+02,1.8000000000e+01,1.1785422266e-01
9.4000000000e+01,3.1600000000e+02,1.9000000000e+01,1.1786343157e-01
9.4000000000e+01,3.1600000000e+02,2.0000000000e+01,1.1786371469e-01
9.4000000000e+01,3.1600000000e+02,2.1000000000e+01,1.1786804348e-01
9.4000000000e+01,3.1600000000e+02,2.2000000000e+01,1.1786786467e-01
9.4000000000e+01,3.1600000000e+02,2.3000000000e+01,1.1786998063e-01
9.4000000000e+01,3.1600000000e+02,2.4000000000e+01,1.1786973476e-01
9.4000000000e+01,3.1600000000e+02,2.5000000000e+01,1.1787080765e-01
9.4000000000e+01,3.1600000000e+02,2.6000000000e+01,1.1787058413e-01
9.4000000000e+01,3.1600000000e+02,2.7000000000e+01,1.1787115037e-01
9.4000000000e+01,3.1600000000e+02,2.8000000000e+01,1.1787097901e-01
9.4000000000e+01,3.1600000000e+02,2.9000000000e+01,1.1787128448e-01
9.4000000000e+01,3.1600000000e+02,3.0000000000e+01,1.1787116528e-01
9.4000000000e+01,3.1600000000e+02,3.1000000000e+01,1.1787132919e-01
9.4000000000e+01,3.4400000000e+02,0.0000000000e+00,1.9946157932e+00
9.4000000000e+01,3.4400000000e+02,1.0000000000e+00,3.4999665618e-01
9.4000000000e+01,3.4400000000e+02,2.0000000000e+00,1.3815602660e-01
9.4000000000e+01,3.4400000000e+02,3.0000000000e+00,1.0690820217e-01
9.4000000000e+01,3.4400000000e+02,4.0000000000e+00,9.5248393714e-02
9.4000000000e+01,3.4400000000e+02,5.0000000000e+00,9.4920590520e-02
9.4000000000e+01,3.4400000000e+02,6.0000000000e+00,9.4177946448e-02
9.4000000000e+01,3.4400000000e+02,7.0000000000e+00,9.4883047044e-02
9.4000000000e+01,3.4400000000e+02,8.0000000000e+00,9.4943299890e-02
9.4000000000e+01,3.4400000000e+02,9.0000000000e+00,9.5290958881e-02
9.4000000000e+01,3.4400000000e+02,1.0000000000e+01,9.5351487398e-02
9.4000000000e+01,3.4400000000e+02,1.1000000000e+01,9.5493398607e-02
9.4000000000e+01,3.4400000000e+02,1.2000000000e+01,9.5520481467e-02
9.4000000000e+01,3.4400000000e+02,1.3000000000e+01,9.5576621592e-02
9.4000000000e+01,3.4400000000e+02,1.4000000000e+01,9.5587231219e-02
9.4000000000e+01,3.4400000000e+02,1.5000000000e+01,9.5609508455e-02
9.4000000000e+01,3.4400000000e+02,1.6000000000e+01,9.5613524318e-02
9.4000000000e+01,3.4400000000e+02,1.7000000000e+01,9.5622472465e-02
9.4000000000e+01,3.4400000000e+02,1.8000000000e+01,9.5623977482e-02
9.4000000000e+01,3.4400000000e+02,1.9000000000e+01,9.5627613366e-02
9.4000000000e+01,3.4400000000e+02,2.0000000000e+01,9.5628194511e-02
9.4000000000e+01,3.4400000000e+02,2.1000000000e+01,9.5629684627e-02
9.4000000000e+01,3.4400000000e+02,2.2000000000e+01,9.5629908144e-02
9.4000000000e+01,3.4400000000e+02,2.3000000000e+01,9.5630526543e-02
9.4000000000e+01,3.4400000000e+02,2.4000000000e+01,9.5630615950e-02
9.4000000000e+01,3.4400000000e+02,2.5000000000e+01,9.5630861819e-02
9.4000000000e+01,3.4400000000e+02,2.6000000000e+01,9.5630913973e-02
9.4000000000e+01,3.4400000000e+02,2.7000000000e+01,9.5631003380e-02
9.4000000000e+01,3.4400000000e+02,2.8000000000e+01,9.5631033182e-02
9.4000000000e+01,3.4400000000e+02,2.9000000000e+01,9.5631077886e-02
9.4000000000e+01,3.4400000000e+02,3.0000000000e+01,9.5631077886e-02
9.4000000000e+01,3.4400000000e+02,3.1000000000e+01,9.5631092787e-02
9.4000000000e+01,3.7200000000e+02,0.0000000000e+00,2.0047664642e+00
9.4000000000e+01,3.7200000000e+02,1.0000000000e+00,3.3648005128e-01
9.4000000000e+01,3.7200000000e+02,2.0000000000e+00,1.3372783363e-01
9.4000000000e+01,3.7200000000e+02,3.0000000000e+00,1.0801874846e-01
9.4000000000e+01,3.7200000000e+02,4.0000000000e+00,9.8763391376e-02
9.4000000000e+01,3.7200000000e+02,5.0000000000e+00,9.9246054888e-02
9.4000000000e+01,3.7200000000e+02,6.0000000000e+00,9.8938912153e-02
9.4000000000e+01,3.7200000000e+02,7.0000000000e+00,9.9692665040e-02
9.4000000000e+01,3.7200000000e+02,8.0000000000e+00,9.9823653698e-02
9.4000000000e+01,3.7200000000e+02,9.0000000000e+00,1.0013613850e-01
9.4000000000e+01,3.7200000000e+02,1.0000000000e+01,1.0020333529e-01
9.4000000000e+01,3.7200000000e+02,1.1000000000e+01,1.0031944513e-01
9.4000000000e+01,3.7200000000e+02,1.2000000000e+01,1.0034394264e-01
9.4000000000e+01,3.7200000000e+02,1.3000000000e+01,1.0038705170e-01
9.4000000000e+01,3.7200000000e+02,1.4000000000e+01,1.0039500147e-01
9.4000000000e+01,3.7200000000e+02,1.5000000000e+01,1.0041145235e-01
9.4000000000e+01,3.7200000000e+02,1.6000000000e+01,1.0041373968e-01
9.4000000000e+01,3.7200000000e+02,1.7000000000e+01,1.0042028129e-01
9.4000000000e+01,3.7200000000e+02,1.8000000000e+01,1.0042076558e-01
9.4000000000e+01,3.7200000000e+02,1.9000000000e+01,1.0042347014e-01
9.4000000000e+01,3.7200000000e+02,2.0000000000e+01,1.0042345524e-01
9.4000000000e+01,3.7200000000e+02,2.1000000000e+01,1.0042463988e-01
9.4000000000e+01,3.7200000000e+02,2.2000000000e+01,1.0042451322e-01
9.4000000000e+01,3.7200000000e+02,2.3000000000e+01,1.0042504966e-01
9.4000000000e+01,3.7200000000e+02,2.4000000000e+01,1.0042493045e-01
9.4000000000e+01,3.7200000000e+02,2.5000000000e+01,1.0042519867e-01
9.4000000000e+01,3.7200000000e+02,2.6000000000e+01,1.0042511672e-01
9.4000000000e+01,3.7200000000e+02,2.7000000000e+01,1.0042524338e-01
9.4000000000e+01,3.7200000000e+02,2.8000000000e+01,1.0042519122e-01
9.4000000000e+01,3.7200000000e+02,2.9000000000e+01,1.0042526573e-01
9.4000000000e+01,3.7200000000e+02,3.0000000000e+01,1.0042522848e-01
9.4000000000e+01,3.7200000000e+02,3.1000000000e+01,1.0042526573e-01
9.4000000000e+01,4.0000000000e+02,0.0000000000e+00,1.9924391508e+00
9.4000000000e+01,4.0000000000e+02,1.0000000000e+00,3.1339812279e-01
9.4000000000e+01,4.0000000000e+02,2.0000000000e+00,1.2354622781e-01
9.4000000000e+01,4.0000000000e+02,3.0000000000e+00,9.8378904164e-02
9.4000000000e+01,4.0000000000e+02,4.0000000000e+00,9.2024222016e-02
9.4000000000e+01,4.0000000000e+02,5.0000000000e+00,9.2224992812e-02
9.4000000000e+01,4.0000000000e+02,6.0000000000e+00,9.2505261302e-02
9.4000000000e+01,4.0000000000e+02,7.0000000000e+00,9.3046009541e-02
9.4000000000e+01,4.0000000000e+02,8.0000000000e+00,9.3313694000e-02
9.4000000000e+01,4.0000000000e+02,9.0000000000e+00,9.3523360789e-02
9.4000000000e+01,4.0000000000e+02,1.0000000000e+01,9.3628846109e-02
9.4000000000e+01,4.0000000000e+02,1.1000000000e+01,9.3699879944e-02
9.4000000000e+01,4.0000000000e+02,1.2000000000e+01,9.3737371266e-02
9.4000000000e+01,4.0000000000e+02,1.3000000000e+01,9.3761034310e-02
9.4000000000e+01,4.0000000000e+02,1.4000000000e+01,9.3774192035e-02
9.4000000000e+01,4.0000000000e+02,1.5000000000e+01,9.3782134354e-02
9.4000000000e+01,4.0000000000e+02,1.6000000000e+01,9.3786805868e-02
9.4000000000e+01,4.0000000000e+02,1.7000000000e+01,9.3789517879e-02
9.4000000000e+01,4.0000000000e+02,1.8000000000e+01,9.3791201711e-02
9.4000000000e+01,4.0000000000e+02,1.9000000000e+01,9.3792133033e-02
9.4000000000e+01,4.0000000000e+02,2.0000000000e+01,9.3792751431e-02
9.4000000000e+01,4.0000000000e+02,2.1000000000e+01,9.3793079257e-02
9.4000000000e+01,4.0000000000e+02,2.2000000000e+01,9.3793302774e-02
9.4000000000e+01,4.0000000000e+02,2.3000000000e+01,9.3793414533e-02
9.4000000000e+01,4.0000000000e+02,2.4000000000e+01,9.3793496490e-02
9.4000000000e+01,4.0000000000e+02,2.5000000000e+01,9.3793541193e-02
9.4000000000e+01,4.0000000000e+02,2.6000000000e+01,9.3793578446e-02
9.4000000000e+01,4.0000000000e+02,2.7000000000e+01,9.3793593347e-02
9.4000000000e+01,4.0000000000e+02,2.8000000000e+01,9.3793600798e-02
9.4000000000e+01,4.0000000000e+02,2.9000000000e+01,9.3793615699e-02
9.4000000000e+01,4.0000000000e+02,3.0000000000e+01,9.3793615699e-02
9.4000000000e+01,4.0000000000e+02,3.1000000000e+01,9.3793623149e-02
1.2100000000e+02,1.0000000000e+01,0.0000000000e+00,1.9946141243e+00
1.2100000000e+02,1.0000000000e+01,1.0000000000e+00,2.4941654205e+00
1.2100000000e+02,1.0000000000e+01,2.0000000000e+00,2.3878045082e+00
1.2100000000e+02,1.0000000000e+01,3.0000000000e+00,2.7226662636e+00
1.2100000000e+02,1.0000000000e+01,4.0000000000e+00,2.7038297653e+00
1.2100000000e+02,1.0000000000e+01,5.0000000000e+00,2.9680769444e+00
1.2100000000e+02,1.0000000000e+01,6.0000000000e+00,3.0139086246e+00
1.2100000000e+02,1.0000000000e+01,7.0000000000e+00,3.5091249943e+00
1.2100000000e+02,1.0000000000e+01,8.0000000000e+00,4.1606826782e+00
1.2100000000e+02,1.0000000000e+01,9.0000000000e+00,6.5373129845e+00
1.2100000000e+02,1.0000000000e+01,1.0000000000e+01,1.2224533081e+01
1.2100000000e+02,1.0000000000e+01,1.1000000000e+01,2.9541620255e+01
1.2100000000e+02,1.0000000000e+01,1.2000000000e+01,7.8018569946e+01
1.2100000000e+02,1.0000000000e+01,1.3000000000e+01,2.2277801514e+02
1.2100000000e+02,1.0000000000e+01,1.4000000000e+01,6.4972961426e+02
1.2100000000e+02,1.0000000000e+01,1.5000000000e+01,1.9382958984e+03
1.2100000000e+02,1.0000000000e+01,1.6000000000e+01,5.8404047852e+03
1.2100000000e+02,1.0000000000e+01,1.7000000000e+01,1.7801910156e+04
1.2100000000e+02,1.0000000000e+01,1.8000000000e+01,5.4723800781e+04
1.2100000000e+02,1.0000000000e+01,1.9000000000e+01,1.6975498438e+05
1.2100000000e+02,1.0000000000e+01,2.0000000000e+01,5.3101518750e+05
1.2100000000e+02,1.0000000000e+01,2.1000000000e+01,1.6756787500e+06
1.2100000000e+02,1.0000000000e+01,2.2000000000e+01,5.3348805000e+06
1.2100000000e+02,1.0000000000e+01,2.3000000000e+01,1.7144788000e+07
1.2100000000e+02,1.0000000000e+01,2.4000000000e+01,5.5648020000e+07
1.2100000000e+02,1.0000000000e+01,2.5000000000e+01,1.8255792000e+08
1.2100000000e+02,1.0000000000e+01,2.6000000000e+01,6.0581376000e+08
1.2100000000e+02,1.0000000000e+01,2.7000000000e+01,2.0354169600e+09
1.2100000000e+02,1.0000000000e+01,2.8000000000e+01,6.9299164160e+09
1.2100000000e+02,1.0000000000e+01,2.9000000000e+01,2.3928543232e+10
1.2100000000e+02,1.0000000000e+01,3.0000000000e+01,8.3849789440e+10
1.2100000000e+02,1.0000000000e+01,3.1000000000e+01,2.9830810829e+11
1.2100000000e+02,3.8000000000e+01,0.0000000000e+00,2.0013043880e+00
1.2100000000e+02,3.8000000000e+01,1.0000000000e+00,1.5581400394e+00
1.2100000000e+02,3.8000000000e+01,2.0000000000e+00,1.2739870548e+00
1.2100000000e+02,3.8000000000e+01,3.0000000000e+00,1.3336553574e+00
1.2100000000e+02,3.8000000000e+01,4.0000000000e+00,1.2500122786e+00
1.2100000000e+02,3.8000000000e+01,5.0000000000e+00,1.3196326494e+00
1.2100000000e+02,3.8000000000e+01,6.0000000000e+00,1.2876296043e+00
1.2100000000e+02,3.8000000000e+01,7.0000000000e+00,1.3855072260e+00
1.2100000000e+02,3.8000000000e+01,8.0000000000e+00,1.4154179096e+00
1.2100000000e+02,3.8000000000e+01,9.0000000000e+00,1.6172784567e+00
1.2100000000e+02,3.8000000000e+01,1.0000000000e+01,1.8335089684e+00
1.2100000000e+02,3.8000000000e+01,1.1000000000e+01,2.4094824791e+00
1.2100000000e+02,3.8000000000e+01,1.2000000000e+01,3.3190610409e+00
1.2100000000e+02,3.8000000000e+01,1.3000000000e+01,5.3003396988e+00
1.2100000000e+02,3.8000000000e+01,1.4000000000e+01,8.9253568649e+00
1.2100000000e+02,3.8000000000e+01,1.5000000000e+01,1.6410394669e+01
1.2100000000e+02,3.8000000000e+01,1.6000000000e+01,3.0968271255e+01
1.2100000000e+02,3.8000000000e+01,1.7000000000e+01,6.0705093384e+01
1.2100000000e+02,3.8000000000e+01,1.8000000000e+01,1.2025286865e+02
1.2100000000e+02,3.8000000000e+01,1.9000000000e+01,2.4213552856e+02
1.2100000000e+02,3.8000000000e+01,2.0000000000e+01,4.9023852539e+02
1.2100000000e+02,3.8000000000e+01,2.1000000000e+01,1.0008586426e+03
1.2100000000e+02,3.8000000000e+01,2.2000000000e+01,2.0514262695e+03
1.2100000000e+02,3.8000000000e+01,2.3000000000e+01,4.2265795898e+03
1.2100000000e+02,3.8000000000e+01,2.4000000000e+01,8.7366562500e+03
1.2100000000e+02,3.8000000000e+01,2.5000000000e+01,1.8126679688e+04
1.2100000000e+02,3.8000000000e+01,2.6000000000e+01,3.7714816406e+04
1.2100000000e+02,3.8000000000e+01,2.7000000000e+01,7.8699531250e+04
1.2100000000e+02,3.8000000000e+01,2.8000000000e+01,1.6462264062e+05
1.2100000000e+02,3.8000000000e+01,2.9000000000e+01,3.4518540625e+05
1.2100000000e+02,3.8000000000e+01,3.0000000000e+01,7.2533831250e+05
1.2100000000e+02,3.8000000000e+01,3.1000000000e+01,1.5273038750e+06
1.2100000000e+02,6.6000000000e+01,0.0000000000e+00,1.9948539734e+00
1.2100000000e+02,6.6000000000e+01,1.0000000000e+00,1.0945262909e+00
1.2100000000e+02,6.6000000000e+01,2.0000000000e+00,7.6852232218e-01
1.2100000000e+02,6.6000000000e+01,3.0000000000e+00,7.0504039526e-01
1.2100000000e+02,6.6000000000e+01,4.0000000000e+00,6.0693317652e-01
1.2100000000e+02,6.6000000000e+01,5.0000000000e+00,5.9209001064e-01
1.2100000000e+02,6.6000000000e+01,6.0000000000e+00,5.4283893108e-01
1.2100000000e+02,6.6000000000e+01,7.0000000000e+00,5.4457902908e-01
1.2100000000e+02,6.6000000000e+01,8.0000000000e+00,5.1694816351e-01
1.2100000000e+02,6.6000000000e+01,9.0000000000e+00,5.3159660101e-01
1.2100000000e+02,6.6000000000e+01,1.0000000000e+01,5.2111893892e-01
1.2100000000e+02,6.6000000000e+01,1.1000000000e+01,5.5486619473e-01
1.2100000000e+02,6.6000000000e+01,1.2000000000e+01,5.6997513771e-01
1.2100000000e+02,6.6000000000e+01,1.3000000000e+01,6.4329612255e-01
1.2100000000e+02,6.6000000000e+01,1.4000000000e+01,7.1456277370e-01
1.2100000000e+02,6.6000000000e+01,1.5000000000e+01,8.8241606951e-01
1.2100000000e+02,6.6000000000e+01,1.6000000000e+01,1.0960419178e+00
1.2100000000e+02,6.6000000000e+01,1.7000000000e+01,1.5055470467e+00
1.2100000000e+02,6.6000000000e+01,1.8000000000e+01,2.0991053581e+00
1.2100000000e+02,6.6000000000e+01,1.9000000000e+01,3.1510801315e+00
1.2100000000e+02,6.6000000000e+01,2.0000000000e+01,4.7835645676e+00
1.2100000000e+02,6.6000000000e+01,2.1000000000e+01,7.5878973007e+00
1.2100000000e+02,6.6000000000e+01,2.2000000000e+01,1.2105157852e+01
1.2100000000e+02,6.6000000000e+01,2.3000000000e+01,1.9773986816e+01
1.2100000000e+02,6.6000000000e+01,2.4000000000e+01,3.2390903473e+01
1.2100000000e+02,6.6000000000e+01,2.5000000000e+01,5.3732486725e+01
1.2100000000e+02,6.6000000000e+01,2.6000000000e+01,8.9283927917e+01
1.2100000000e+02,6.6000000000e+01,2.7000000000e+01,1.4940229797e+02
1.2100000000e+02,6.6000000000e+01,2.8000000000e+01,2.5031848145e+02
1.2100000000e+02,6.6000000000e+01,2.9000000000e+01,4.2113839722e+02
1.2100000000e+02,6.6000000000e+01,3.0000000000e+01,7.0929461670e+02
1.2100000000e+02,6.6000000000e+01,3.1000000000e+01,1.1977185059e+03
1.2100000000e+02,9.4000000000e+01,0.0000000000e+00,1.9940440655e+00
1.2100000000e+02,9.4000000000e+01,1.0000000000e+00,8.9684832096e-01
1.2100000000e+02,9.4000000000e+01,2.0000000000e+00,5.5039948225e-01
1.2100000000e+02,9.4000000000e+01,3.0000000000e+00,4.7456586361e-01
1.2100000000e+02,9.4000000000e+01,4.0000000000e+00,3.8591715693e-01
1.2100000000e+02,9.4000000000e+01,5.0000000000e+00,3.6627528071e-01
1.2100000000e+02,9.4000000000e+01,6.0000000000e+00,3.2768988609e-01
1.2100000000e+02,9.4000000000e+01,7.0000000000e+00,3.2269352674e-01
1.2100000000e+02,9.4000000000e+01,8.0000000000e+00,3.0242708325e-01
1.2100000000e+02,9.4000000000e+01,9.0000000000e+00,3.0358308554e-01
1.2100000000e+02,9.4000000000e+01,1.0000000000e+01,2.9260122776e-01
1.2100000000e+02,9.4000000000e+01,1.1000000000e+01,2.9799491167e-01
1.2100000000e+02,9.4000000000e+01,1.2000000000e+01,2.9394036531e-01
1.2100000000e+02,9.4000000000e+01,1.3000000000e+01,3.0492070317e-01
1.2100000000e+02,9.4000000000e+01,1.4000000000e+01,3.0989402533e-01
1.2100000000e+02,9.4000000000e+01,1.5000000000e+01,3.3246618509e-01
1.2100000000e+02,9.4000000000e+01,1.6000000000e+01,3.5592818260e-01
1.2100000000e+02,9.4000000000e+01,1.7000000000e+01,4.0713676810e-01
1.2100000000e+02,9.4000000000e+01,1.8000000000e+01,4.7657722235e-01
1.2100000000e+02,9.4000000000e+01,1.9000000000e+01,6.0282129049e-01
1.2100000000e+02,9.4000000000e+01,2.0000000000e+01,7.9409295321e-01
1.2100000000e+02,9.4000000000e+01,2.1000000000e+01,1.1218147278e+00
1.2100000000e+02,9.4000000000e+01,2.2000000000e+01,1.6432105303e+00
1.2100000000e+02,9.4000000000e+01,2.3000000000e+01,2.5189032555e+00
1.2100000000e+02,9.4000000000e+01,2.4000000000e+01,3.9437935352e+00
1.2100000000e+02,9.4000000000e+01,2.5000000000e+01,6.3213696480e+00
1.2100000000e+02,9.4000000000e+01,2.6000000000e+01,1.0232692719e+01
1.2100000000e+02,9.4000000000e+01,2.7000000000e+01,1.6747106552e+01
1.2100000000e+02,9.4000000000e+01,2.8000000000e+01,2.7525190353e+01
1.2100000000e+02,9.4000000000e+01,2.9000000000e+01,4.5471958160e+01
1.2100000000e+02,9.4000000000e+01,3.0000000000e+01,7.5259361267e+01
1.2100000000e+02,9.4000000000e+01,3.1000000000e+01,1.2487185669e+02
1.2100000000e+02,1.2100000000e+02,0.0000000000e+00,1.9996223450e+00
1.2100000000e+02,1.2100000000e+02,1.0000000000e+00,7.3548424244e-01
1.2100000000e+02,1.2100000000e+02,2.0000000000e+00,4.0336763859e-01
1.2100000000e+02,1.2100000000e+02,3.0000000000e+00,3.1884247065e-01
1.2100000000e+02,1.2100000000e+02,4.0000000000e+00,2.4725775421e-01
1.2100000000e+02,1.2100000000e+02,5.0000000000e+00,2.2748327255e-01
1.2100000000e+02,1.2100000000e+02,6.0000000000e+00,2.0124664903e-01
1.2100000000e+02,1.2100000000e+02,7.0000000000e+00,1.9633501768e-01
1.2100000000e+02,1.2100000000e+02,8.0000000000e+00,1.8444752693e-01
1.2100000000e+02,1.2100000000e+02,9.0000000000e+00,1.8425813317e-01
1.2100000000e+02,1.2100000000e+02,1.0000000000e+01,1.7816096544e-01
1.2100000000e+02,1.2100000000e+02,1.1000000000e+01,1.7967459559e-01
1.2100000000e+02,1.2100000000e+02,1.2000000000e+01,1.7628596723e-01
1.2100000000e+02,1.2100000000e+02,1.3000000000e+01,1.7847195268e-01
1.2100000000e+02,1.2100000000e+02,1.4000000000e+01,1.7652912438e-01
1.2100000000e+02,1.2100000000e+02,1.5000000000e+01,1.7905974388e-01
1.2100000000e+02,1.2100000000e+02,1.6000000000e+01,1.7803746462e-01
1.2100000000e+02,1.2100000000e+02,1.7000000000e+01,1.8089053035e-01
1.2100000000e+02,1.2100000000e+02,1.8000000000e+01,1.8062673509e-01
1.2100000000e+02,1.2100000000e+02,1.9000000000e+01,1.8396051228e-01
1.2100000000e+02,1.2100000000e+02,2.0000000000e+01,1.8452921510e-01
1.2100000000e+02,1.2100000000e+02,2.1000000000e+01,1.8866685033e-01
1.2100000000e+02,1.2100000000e+02,2.2000000000e+01,1.9036297500e-01
1.2100000000e+02,1.2100000000e+02,2.3000000000e+01,1.9584128261e-01
1.2100000000e+02,1.2100000000e+02,2.4000000000e+01,1.9924053550e-01
1.2100000000e+02,1.2100000000e+02,2.5000000000e+01,2.0692205429e-01
1.2100000000e+02,1.2100000000e+02,2.6000000000e+01,2.1301943064e-01
1.2100000000e+02,1.2100000000e+02,2.7000000000e+01,2.2429072857e-01
1.2100000000e+02,1.2100000000e+02,2.8000000000e+01,2.3475022614e-01
1.2100000000e+02,1.2100000000e+02,2.9000000000e+01,2.5185582042e-01
1.2100000000e+02,1.2100000000e+02,3.0000000000e+01,2.6943454146e-01
1.2100000000e+02,1.2100000000e+02,3.1000000000e+01,2.9603320360e-01
1.2100000000e+02,1.4900000000e+02,0.0000000000e+00,2.0040307045e+00
1.2100000000e+02,1.4900000000e+02,1.0000000000e+00,6.3332182169e-01
1.2100000000e+02,1.4900000000e+02,2.0000000000e+00,3.1557753682e-01
1.2100000000e+02,1.4900000000e+02,3.0000000000e+00,2.3889385164e-01
1.2100000000e+02,1.4900000000e+02,4.0000000000e+00,1.8214592338e-01
1.2100000000e+02,1.4900000000e+02,5.0000000000e+00,1.6794323921e-01
1.2100000000e+02,1.4900000000e+02,6.0000000000e+00,1.5081328154e-01
1.2100000000e+02,1.4900000000e+02,7.0000000000e+00,1.4839819074e-01
1.2100000000e+02,1.4900000000e+02,8.0000000000e+00,1.4204208553e-01
1.2100000000e+02,1.4900000000e+02,9.0000000000e+00,1.4245769382e-01
1.2100000000e+02,1.4900000000e+02,1.0000000000e+01,1.3978217542e-01
1.2100000000e+02,1.4900000000e+02,1.1000000000e+01,1.4080967009e-01
1.2100000000e+02,1.4900000000e+02,1.2000000000e+01,1.3955801725e-01
1.2100000000e+02,1.4900000000e+02,1.3000000000e+01,1.4059475064e-01
1.2100000000e+02,1.4900000000e+02,1.4000000000e+01,1.3994331658e-01
1.2100000000e+02,1.4900000000e+02,1.5000000000e+01,1.4084467292e-01
1.2100000000e+02,1.4900000000e+02,1.6000000000e+01,1.4046816528e-01
1.2100000000e+02,1.4900000000e+02,1.7000000000e+01,1.4122599363e-01
1.2100000000e+02,1.4900000000e+02,1.8000000000e+01,1.4099089801e-01
1.2100000000e+02,1.4900000000e+02,1.9000000000e+01,1.4163503051e-01
1.2100000000e+02,1.4900000000e+02,2.0000000000e+01,1.4148744941e-01
1.2100000000e+02,1.4900000000e+02,2.1000000000e+01,1.4205524325e-01
1.2100000000e+02,1.4900000000e+02,2.2000000000e+01,1.4197701216e-01
1.2100000000e+02,1.4900000000e+02,2.3000000000e+01,1.4250503480e-01
1.2100000000e+02,1.4900000000e+02,2.4000000000e+01,1.4249601960e-01
1.2100000000e+02,1.4900000000e+02,2.5000000000e+01,1.4301948249e-01
1.2100000000e+02,1.4900000000e+02,2.6000000000e+01,1.4309093356e-01
1.2100000000e+02,1.4900000000e+02,2.7000000000e+01,1.4364564419e-01
1.2100000000e+02,1.4900000000e+02,2.8000000000e+01,1.4381857216e-01
1.2100000000e+02,1.4900000000e+02,2.9000000000e+01,1.4444415271e-01
1.2100000000e+02,1.4900000000e+02,3.0000000000e+01,1.4475004375e-01
1.2100000000e+02,1.4900000000e+02,3.1000000000e+01,1.4549383521e-01
1.2100000000e+02,1.7700000000e+02,0.0000000000e+00,1.9957884550e+00
1.2100000000e+02,1.7700000000e+02,1.0000000000e+00,5.5184507370e-01
1.2100000000e+02,1.7700000000e+02,2.0000000000e+00,2.5169211626e-01
1.2100000000e+02,1.7700000000e+02,3.0000000000e+00,1.8168286979e-01
1.2100000000e+02,1.7700000000e+02,4.0000000000e+00,1.3832922280e-01
1.2100000000e+02,1.7700000000e+02,5.0000000000e+00,1.2808623910e-01
1.2100000000e+02,1.7700000000e+02,6.0000000000e+00,1.1764056981e-01
1.2100000000e+02,1.7700000000e+02,7.0000000000e+00,1.1679010093e-01
1.2100000000e+02,1.7700000000e+02,8.0000000000e+00,1.1373917758e-01
1.2100000000e+02,1.7700000000e+02,9.0000000000e+00,1.1454627663e-01
1.2100000000e+02,1.7700000000e+02,1.0000000000e+01,1.1354011297e-01
1.2100000000e+02,1.7700000000e+02,1.1000000000e+01,1.1444664747e-01
1.2100000000e+02,1.7700000000e+02,1.2000000000e+01,1.1406587064e-01
1.2100000000e+02,1.7700000000e+02,1.3000000000e+01,1.1478101462e-01
1.2100000000e+02,1.7700000000e+02,1.4000000000e+01,1.1460331082e-01
1.2100000000e+02,1.7700000000e+02,1.5000000000e+01,1.1511983722e-01
1.2100000000e+02,1.7700000000e+02,1.6000000000e+01,1.1501247436e-01
1.2100000000e+02,1.7700000000e+02,1.7000000000e+01,1.1537638307e-01
1.2100000000e+02,1.7700000000e+02,1.8000000000e+01,1.1529694498e-01
1.2100000000e+02,1.7700000000e+02,1.9000000000e+01,1.1555311829e-01
1.2100000000e+02,1.7700000000e+02,2.0000000000e+01,1.1548815668e-01
1.2100000000e+02,1.7700000000e+02,2.1000000000e+01,1.1567036062e-01
1.2100000000e+02,1.7700000000e+02,2.2000000000e+01,1.1561560631e-01
1.2100000000e+02,1.7700000000e+02,2.3000000000e+01,1.1574739218e-01
1.2100000000e+02,1.7700000000e+02,2.4000000000e+01,1.1570132524e-01
1.2100000000e+02,1.7700000000e+02,2.5000000000e+01,1.1579855531e-01
1.2100000000e+02,1.7700000000e+02,2.6000000000e+01,1.1576040089e-01
1.2100000000e+02,1.7700000000e+02,2.7000000000e+01,1.1583378911e-01
1.2100000000e+02,1.7700000000e+02,2.8000000000e+01,1.1580289900e-01
1.2100000000e+02,1.7700000000e+02,2.9000000000e+01,1.1585972458e-01
1.2100000000e+02,1.7700000000e+02,3.0000000000e+01,1.1583542824e-01
1.2100000000e+02,1.7700000000e+02,3.1000000000e+01,1.1588067561e-01
1.2100000000e+02,2.0500000000e+02,0.0000000000e+00,2.0012254715e+00
1.2100000000e+02,2.0500000000e+02,1.0000000000e+00,5.0275868177e-01
1.2100000000e+02,2.0500000000e+02,2.0000000000e+00,2.1658286452e-01
1.2100000000e+02,2.0500000000e+02,3.0000000000e+00,1.5744167566e-01
1.2100000000e+02,2.0500000000e+02,4.0000000000e+00,1.2184117734e-01
1.2100000000e+02,2.0500000000e+02,5.0000000000e+00,1.1543658376e-01
1.2100000000e+02,2.0500000000e+02,6.0000000000e+00,1.0802070051e-01
1.2100000000e+02,2.0500000000e+02,7.0000000000e+00,1.0819275677e-01
1.2100000000e+02,2.0500000000e+02,8.0000000000e+00,1.0629267991e-01
1.2100000000e+02,2.0500000000e+02,9.0000000000e+00,1.0716916621e-01
1.2100000000e+02,2.0500000000e+02,1.0000000000e+01,1.0659555346e-01
1.2100000000e+02,2.0500000000e+02,1.1000000000e+01,1.0729877651e-01
1.2100000000e+02,2.0500000000e+02,1.2000000000e+01,1.0708139092e-01
1.2100000000e+02,2.0500000000e+02,1.3000000000e+01,1.0755409300e-01
1.2100000000e+02,2.0500000000e+02,1.4000000000e+01,1.0744202137e-01
1.2100000000e+02,2.0500000000e+02,1.5000000000e+01,1.0774765909e-01
1.2100000000e+02,2.0500000000e+02,1.6000000000e+01,1.0767208040e-01
1.2100000000e+02,2.0500000000e+02,1.7000000000e+01,1.0787026584e-01
1.2100000000e+02,2.0500000000e+02,1.8000000000e+01,1.0781139880e-01
1.2100000000e+02,2.0500000000e+02,1.9000000000e+01,1.0794264078e-01
1.2100000000e+02,2.0500000000e+02,2.0000000000e+01,1.0789415240e-01
1.2100000000e+02,2.0500000000e+02,2.1000000000e+01,1.0798370838e-01
1.2100000000e+02,2.0500000000e+02,2.2000000000e+01,1.0794307292e-01
1.2100000000e+02,2.0500000000e+02,2.3000000000e+01,1.0800632089e-01
1.2100000000e+02,2.0500000000e+02,2.4000000000e+01,1.0797203332e-01
1.2100000000e+02,2.0500000000e+02,2.5000000000e+01,1.0801833868e-01
1.2100000000e+02,2.0500000000e+02,2.6000000000e+01,1.0798925161e-01
1.2100000000e+02,2.0500000000e+02,2.7000000000e+01,1.0802438110e-01
1.2100000000e+02,2.0500000000e+02,2.8000000000e+01,1.0799954832e-01
1.2100000000e+02,2.0500000000e+02,2.9000000000e+01,1.0802711546e-01
1.2100000000e+02,2.0500000000e+02,3.0000000000e+01,1.0800575465e-01
1.2100000000e+02,2.0500000000e+02,3.1000000000e+01,1.0802804679e-01
1.2100000000e+02,2.3300000000e+02,0.0000000000e+00,2.0034186840e+00
1.2100000000e+02,2.3300000000e+02,1.0000000000e+00,4.5435744524e-01
1.2100000000e+02,2.3300000000e+02,2.0000000000e+00,1.9055159390e-01
1.2100000000e+02,2.3300000000e+02,3.0000000000e+00,1.3559284806e-01
1.2100000000e+02,2.3300000000e+02,4.0000000000e+00,1.0785335302e-01
1.2100000000e+02,2.3300000000e+02,5.0000000000e+00,1.0233348608e-01
1.2100000000e+02,2.3300000000e+02,6.0000000000e+00,9.7606070340e-02
1.2100000000e+02,2.3300000000e+02,7.0000000000e+00,9.7560562193e-02
1.2100000000e+02,2.3300000000e+02,8.0000000000e+00,9.6655547619e-02
1.2100000000e+02,2.3300000000e+02,9.0000000000e+00,9.7113937140e-02
1.2100000000e+02,2.3300000000e+02,1.0000000000e+01,9.6955187619e-02
1.2100000000e+02,2.3300000000e+02,1.1000000000e+01,9.7288884223e-02
1.2100000000e+02,2.3300000000e+02,1.2000000000e+01,9.7276426852e-02
1.2100000000e+02,2.3300000000e+02,1.3000000000e+01,9.7470372915e-02
1.2100000000e+02,2.3300000000e+02,1.4000000000e+01,9.7480826080e-02
1.2100000000e+02,2.3300000000e+02,1.5000000000e+01,9.7586125135e-02
1.2100000000e+02,2.3300000000e+02,1.6000000000e+01,9.7596146166e-02
1.2100000000e+02,2.3300000000e+02,1.7000000000e+01,9.7651585937e-02
1.2100000000e+02,2.3300000000e+02,1.8000000000e+01,9.7658559680e-02
1.2100000000e+02,2.3300000000e+02,1.9000000000e+01,9.7686991096e-02
1.2100000000e+02,2.3300000000e+02,2.0000000000e+01,9.7691811621e-02
1.2100000000e+02,2.3300000000e+02,2.1000000000e+01,9.7705811262e-02
1.2100000000e+02,2.3300000000e+02,2.2000000000e+01,9.7709417343e-02
1.2100000000e+02,2.3300000000e+02,2.3000000000e+01,9.7715720534e-02
1.2100000000e+02,2.3300000000e+02,2.4000000000e+01,9.7718693316e-02
1.2100000000e+02,2.3300000000e+02,2.5000000000e+01,9.7720950842e-02
1.2100000000e+02,2.3300000000e+02,2.6000000000e+01,9.7723565996e-02
1.2100000000e+02,2.3300000000e+02,2.7000000000e+01,9.7723700106e-02
1.2100000000e+02,2.3300000000e+02,2.8000000000e+01,9.7726099193e-02
1.2100000000e+02,2.3300000000e+02,2.9000000000e+01,9.7725167871e-02
1.2100000000e+02,2.3300000000e+02,3.0000000000e+01,9.7727403045e-02
1.2100000000e+02,2.3300000000e+02,3.1000000000e+01,9.7725942731e-02
1.2100000000e+02,2.6100000000e+02,0.0000000000e+00,2.0072655678e+00
1.2100000000e+02,2.6100000000e+02,1.0000000000e+00,4.1591238976e-01
1.2100000000e+02,2.6100000000e+02,2.0000000000e+00,1.6420911252e-01
1.2100000000e+02,2.6100000000e+02,3.0000000000e+00,1.1699774861e-01
1.2100000000e+02,2.6100000000e+02,4.0000000000e+00,9.5160499215e-02
1.2100000000e+02,2.6100000000e+02,5.0000000000e+00,9.1951124370e-02
1.2100000000e+02,2.6100000000e+02,6.0000000000e+00,8.9020319283e-02
1.2100000000e+02,2.6100000000e+02,7.0000000000e+00,8.9539639652e-02
1.2100000000e+02,2.6100000000e+02,8.0000000000e+00,8.9152745903e-02
1.2100000000e+02,2.6100000000e+02,9.0000000000e+00,8.9708328247e-02
1.2100000000e+02,2.6100000000e+02,1.0000000000e+01,8.9685119689e-02
1.2100000000e+02,2.6100000000e+02,1.1000000000e+01,9.0010151267e-02
1.2100000000e+02,2.6100000000e+02,1.2000000000e+01,9.0021543205e-02
1.2100000000e+02,2.6100000000e+02,1.3000000000e+01,9.0194374323e-02
1.2100000000e+02,2.6100000000e+02,1.4000000000e+01,9.0198539197e-02
1.2100000000e+02,2.6100000000e+02,1.5000000000e+01,9.0289644897e-02
1.2100000000e+02,2.6100000000e+02,1.6000000000e+01,9.0287297964e-02
1.2100000000e+02,2.6100000000e+02,1.7000000000e+01,9.0336307883e-02
1.2100000000e+02,2.6100000000e+02,1.8000000000e+01,9.0331405401e-02
1.2100000000e+02,2.6100000000e+02,1.9000000000e+01,9.0358637273e-02
1.2100000000e+02,2.6100000000e+02,2.0000000000e+01,9.0353466570e-02
1.2100000000e+02,2.6100000000e+02,2.1000000000e+01,9.0369194746e-02
1.2100000000e+02,2.6100000000e+02,2.2000000000e+01,9.0364649892e-02
1.2100000000e+02,2.6100000000e+02,2.3000000000e+01,9.0374104679e-02
1.2100000000e+02,2.6100000000e+02,2.4000000000e+01,9.0370424092e-02
1.2100000000e+02,2.6100000000e+02,2.5000000000e+01,9.0376332402e-02
1.2100000000e+02,2.6100000000e+02,2.6000000000e+01,9.0373471379e-02
1.2100000000e+02,2.6100000000e+02,2.7000000000e+01,9.0377293527e-02
1.2100000000e+02,2.6100000000e+02,2.8000000000e+01,9.0375117958e-02
1.2100000000e+02,2.6100000000e+02,2.9000000000e+01,9.0377673507e-02
1.2100000000e+02,2.6100000000e+02,3.0000000000e+01,9.0376041830e-02
1.2100000000e+02,2.6100000000e+02,3.1000000000e+01,9.0377792716e-02
1.2100000000e+02,2.8900000000e+02,0.0000000000e+00,1.9954532385e+00
1.2100000000e+02,2.8900000000e+02,1.0000000000e+00,3.8121014833e-01
1.2100000000e+02,2.8900000000e+02,2.0000000000e+00,1.4867399633e-01
1.2100000000e+02,2.8900000000e+02,3.0000000000e+00,1.0507445782e-01
1.2100000000e+02,2.8900000000e+02,4.0000000000e+00,8.7894216180e-02
1.2100000000e+02,2.8900000000e+02,5.0000000000e+00,8.5201621056e-02
1.2100000000e+02,2.8900000000e+02,6.0000000000e+00,8.3380386233e-02
1.2100000000e+02,2.8900000000e+02,7.0000000000e+00,8.3754323423e-02
1.2100000000e+02,2.8900000000e+02,8.0000000000e+00,8.3640016615e-02
1.2100000000e+02,2.8900000000e+02,9.0000000000e+00,8.4005616605e-02
1.2100000000e+02,2.8900000000e+02,1.0000000000e+01,8.4056422114e-02
1.2100000000e+02,2.8900000000e+02,1.1000000000e+01,8.4247305989e-02
1.2100000000e+02,2.8900000000e+02,1.2000000000e+01,8.4285967052e-02
1.2100000000e+02,2.8900000000e+02,1.3000000000e+01,8.4375210106e-02
1.2100000000e+02,2.8900000000e+02,1.4000000000e+01,8.4395065904e-02
1.2100000000e+02,2.8900000000e+02,1.5000000000e+01,8.4435544908e-02
1.2100000000e+02,2.8900000000e+02,1.6000000000e+01,8.4444977343e-02
1.2100000000e+02,2.8900000000e+02,1.7000000000e+01,8.4463112056e-02
1.2100000000e+02,2.8900000000e+02,1.8000000000e+01,8.4467656910e-02
1.2100000000e+02,2.8900000000e+02,1.9000000000e+01,8.4475666285e-02
1.2100000000e+02,2.8900000000e+02,2.0000000000e+01,8.4477968514e-02
1.2100000000e+02,2.8900000000e+02,2.1000000000e+01,8.4481395781e-02
1.2100000000e+02,2.8900000000e+02,2.2000000000e+01,8.4482692182e-02
1.2100000000e+02,2.8900000000e+02,2.3000000000e+01,8.4484040737e-02
1.2100000000e+02,2.8900000000e+02,2.4000000000e+01,8.4484867752e-02
1.2100000000e+02,2.8900000000e+02,2.5000000000e+01,8.4485292435e-02
1.2100000000e+02,2.8900000000e+02,2.6000000000e+01,8.4485858679e-02
1.2100000000e+02,2.8900000000e+02,2.7000000000e+01,8.4485895932e-02
1.2100000000e+02,2.8900000000e+02,2.8000000000e+01,8.4486313164e-02
1.2100000000e+02,2.8900000000e+02,2.9000000000e+01,8.4486186504e-02
1.2100000000e+02,2.8900000000e+02,3.0000000000e+01,8.4486514330e-02
1.2100000000e+02,2.8900000000e+02,3.1000000000e+01,8.4486335516e-02
1.2100000000e+02,3.1600000000e+02,0.0000000000e+00,2.0042474270e+00
1.2100000000e+02,3.1600000000e+02,1.0000000000e+00,3.4662884474e-01
1.2100000000e+02,3.1600000000e+02,2.0000000000e+00,1.2613323331e-01
1.2100000000e+02,3.1600000000e+02,3.0000000000e+00,8.5423529148e-02
1.2100000000e+02,3.1600000000e+02,4.0000000000e+00,7.1786344051e-02
1.2100000000e+02,3.1600000000e+02,5.0000000000e+00,6.9459840655e-02
1.2100000000e+02,3.1600000000e+02,6.0000000000e+00,6.8439483643e-02
1.2100000000e+02,3.1600000000e+02,7.0000000000e+00,6.8697117269e-02
1.2100000000e+02,3.1600000000e+02,8.0000000000e+00,6.8758800626e-02
1.2100000000e+02,3.1600000000e+02,9.0000000000e+00,6.9002926350e-02
1.2100000000e+02,3.1600000000e+02,1.0000000000e+01,6.9089844823e-02
1.2100000000e+02,3.1600000000e+02,1.1000000000e+01,6.9208368659e-02
1.2100000000e+02,3.1600000000e+02,1.2000000000e+01,6.9252595305e-02
1.2100000000e+02,3.1600000000e+02,1.3000000000e+01,6.9304287434e-02
1.2100000000e+02,3.1600000000e+02,1.4000000000e+01,6.9323666394e-02
1.2100000000e+02,3.1600000000e+02,1.5000000000e+01,6.9345727563e-02
1.2100000000e+02,3.1600000000e+02,1.6000000000e+01,6.9353885949e-02
1.2100000000e+02,3.1600000000e+02,1.7000000000e+01,6.9363325834e-02
1.2100000000e+02,3.1600000000e+02,1.8000000000e+01,6.9366715848e-02
1.2100000000e+02,3.1600000000e+02,1.9000000000e+01,6.9370798767e-02
1.2100000000e+02,3.1600000000e+02,2.0000000000e+01,6.9372206926e-02
1.2100000000e+02,3.1600000000e+02,2.1000000000e+01,6.9373995066e-02
1.2100000000e+02,3.1600000000e+02,2.2000000000e+01,6.9374583662e-02
1.2100000000e+02,3.1600000000e+02,2.3000000000e+01,6.9375380874e-02
1.2100000000e+02,3.1600000000e+02,2.4000000000e+01,6.9375619292e-02
1.2100000000e+02,3.1600000000e+02,2.5000000000e+01,6.9375976920e-02
1.2100000000e+02,3.1600000000e+02,2.6000000000e+01,6.9376073778e-02
1.2100000000e+02,3.1600000000e+02,2.7000000000e+01,6.9376245141e-02
1.2100000000e+02,3.1600000000e+02,2.8000000000e+01,6.9376282394e-02
1.2100000000e+02,3.1600000000e+02,2.9000000000e+01,6.9376364350e-02
1.2100000000e+02,3.1600000000e+02,3.0000000000e+01,6.9376379251e-02
1.2100000000e+02,3.1600000000e+02,3.1000000000e+01,6.9376409054e-02
1.2100000000e+02,3.4400000000e+02,0.0000000000e+00,1.9996292591e+00
1.2100000000e+02,3.4400000000e+02,1.0000000000e+00,3.2817080617e-01
1.2100000000e+02,3.4400000000e+02,2.0000000000e+00,1.1486869305e-01
1.2100000000e+02,3.4400000000e+02,3.0000000000e+00,8.2309193909e-02
1.2100000000e+02,3.4400000000e+02,4.0000000000e+00,7.0560738444e-02
1.2100000000e+02,3.4400000000e+02,5.0000000000e+00,6.9765247405e-02
1.2100000000e+02,3.4400000000e+02,6.0000000000e+00,6.8963818252e-02
1.2100000000e+02,3.4400000000e+02,7.0000000000e+00,6.9493353367e-02
1.2100000000e+02,3.4400000000e+02,8.0000000000e+00,6.9525167346e-02
1.2100000000e+02,3.4400000000e+02,9.0000000000e+00,6.9806694984e-02
1.2100000000e+02,3.4400000000e+02,1.0000000000e+01,6.9854035974e-02
1.2100000000e+02,3.4400000000e+02,1.1000000000e+01,6.9971188903e-02
1.2100000000e+02,3.4400000000e+02,1.2000000000e+01,6.9991916418e-02
1.2100000000e+02,3.4400000000e+02,1.3000000000e+01,7.0038989186e-02
1.2100000000e+02,3.4400000000e+02,1.4000000000e+01,7.0046350360e-02
1.2100000000e+02,3.4400000000e+02,1.5000000000e+01,7.0065476000e-02
1.2100000000e+02,3.4400000000e+02,1.6000000000e+01,7.0067740977e-02
1.2100000000e+02,3.4400000000e+02,1.7000000000e+01,7.0075705647e-02
1.2100000000e+02,3.4400000000e+02,1.8000000000e+01,7.0076234639e-02
1.2100000000e+02,3.4400000000e+02,1.9000000000e+01,7.0079661906e-02
1.2100000000e+02,3.4400000000e+02,2.0000000000e+01,7.0079684258e-02
1.2100000000e+02,3.4400000000e+02,2.1000000000e+01,7.0081204176e-02
1.2100000000e+02,3.4400000000e+02,2.2000000000e+01,7.0081092417e-02
1.2100000000e+02,3.4400000000e+02,2.3000000000e+01,7.0081792772e-02
1.2100000000e+02,3.4400000000e+02,2.4000000000e+01,7.0081695914e-02
1.2100000000e+02,3.4400000000e+02,2.5000000000e+01,7.0082023740e-02
1.2100000000e+02,3.4400000000e+02,2.6000000000e+01,7.0081949234e-02
1.2100000000e+02,3.4400000000e+02,2.7000000000e+01,7.0082105696e-02
1.2100000000e+02,3.4400000000e+02,2.8000000000e+01,7.0082060993e-02
1.2100000000e+02,3.4400000000e+02,2.9000000000e+01,7.0082135499e-02
1.2100000000e+02,3.4400000000e+02,3.0000000000e+01,7.0082113147e-02
1.2100000000e+02,3.4400000000e+02,3.1000000000e+01,7.0082157850e-02
1.2100000000e+02,3.7200000000e+02,0.0000000000e+00,1.9880578518e+00
1.2100000000e+02,3.7200000000e+02,1.0000000000e+00,3.0964156985e-01
1.2100000000e+02,3.7200000000e+02,2.0000000000e+00,1.0881562531e-01
1.2100000000e+02,3.7200000000e+02,3.0000000000e+00,7.9525068402e-02
1.2100000000e+02,3.7200000000e+02,4.0000000000e+00,6.9512471557e-02
1.2100000000e+02,3.7200000000e+02,5.0000000000e+00,6.9048799574e-02
1.2100000000e+02,3.7200000000e+02,6.0000000000e+00,6.8445287645e-02
1.2100000000e+02,3.7200000000e+02,7.0000000000e+00,6.8923152983e-02
1.2100000000e+02,3.7200000000e+02,8.0000000000e+00,6.8953476846e-02
1.2100000000e+02,3.7200000000e+02,9.0000000000e+00,6.9179981947e-02
1.2100000000e+02,3.7200000000e+02,1.0000000000e+01,6.9213286042e-02
1.2100000000e+02,3.7200000000e+02,1.1000000000e+01,6.9301158190e-02
1.2100000000e+02,3.7200000000e+02,1.2000000000e+01,6.9314129651e-02
1.2100000000e+02,3.7200000000e+02,1.3000000000e+01,6.9347508252e-02
1.2100000000e+02,3.7200000000e+02,1.4000000000e+01,6.9351539016e-02
1.2100000000e+02,3.7200000000e+02,1.5000000000e+01,6.9364465773e-02
1.2100000000e+02,3.7200000000e+02,1.6000000000e+01,6.9365449250e-02
1.2100000000e+02,3.7200000000e+02,1.7000000000e+01,6.9370627403e-02
1.2100000000e+02,3.7200000000e+02,1.8000000000e+01,6.9370701909e-02
1.2100000000e+02,3.7200000000e+02,1.9000000000e+01,6.9372862577e-02
1.2100000000e+02,3.7200000000e+02,2.0000000000e+01,6.9372728467e-02
1.2100000000e+02,3.7200000000e+02,2.1000000000e+01,6.9373667240e-02
1.2100000000e+02,3.7200000000e+02,2.2000000000e+01,6.9373533130e-02
1.2100000000e+02,3.7200000000e+02,2.3000000000e+01,6.9373957813e-02
1.2100000000e+02,3.7200000000e+02,2.4000000000e+01,6.9373860955e-02
1.2100000000e+02,3.7200000000e+02,2.5000000000e+01,6.9374069571e-02
1.2100000000e+02,3.7200000000e+02,2.6000000000e+01,6.9373995066e-02
1.2100000000e+02,3.7200000000e+02,2.7000000000e+01,6.9374099374e-02
1.2100000000e+02,3.7200000000e+02,2.8000000000e+01,6.9374054670e-02
1.2100000000e+02,3.7200000000e+02,2.9000000000e+01,6.9374106824e-02
1.2100000000e+02,3.7200000000e+02,3.0000000000e+01,6.9374084473e-02
1.2100000000e+02,3.7200000000e+02,3.1000000000e+01,6.9374114275e-02
1.2100000000e+02,4.0000000000e+02,0.0000000000e+00,2.0027620792e+00
1.2100000000e+02,4.0000000000e+02,1.0000000000e+00,2.8797575831e-01
1.2100000000e+02,4.0000000000e+02,2.0000000000e+00,9.8086714745e-02
1.2100000000e+02,4.0000000000e+02,3.0000000000e+00,7.1620896459e-02
1.2100000000e+02,4.0000000000e+02,4.0000000000e+00,6.3874557614e-02
1.2100000000e+02,4.0000000000e+02,5.0000000000e+00,6.3660204411e-02
1.2100000000e+02,4.0000000000e+02,6.0000000000e+00,6.3468761742e-02
1.2100000000e+02,4.0000000000e+02,7.0000000000e+00,6.3881531358e-02
1.2100000000e+02,4.0000000000e+02,8.0000000000e+00,6.3997328281e-02
1.2100000000e+02,4.0000000000e+02,9.0000000000e+00,6.4168073237e-02
1.2100000000e+02,4.0000000000e+02,1.0000000000e+01,6.4223475754e-02
1.2100000000e+02,4.0000000000e+02,1.1000000000e+01,6.4282521605e-02
1.2100000000e+02,4.0000000000e+02,1.2000000000e+01,6.4303010702e-02
1.2100000000e+02,4.0000000000e+02,1.3000000000e+01,6.4322911203e-02
1.2100000000e+02,4.0000000000e+02,1.4000000000e+01,6.4330175519e-02
1.2100000000e+02,4.0000000000e+02,1.5000000000e+01,6.4336895943e-02
1.2100000000e+02,4.0000000000e+02,1.6000000000e+01,6.4339488745e-02
1.2100000000e+02,4.0000000000e+02,1.7000000000e+01,6.4341783524e-02
1.2100000000e+02,4.0000000000e+02,1.8000000000e+01,6.4342737198e-02
1.2100000000e+02,4.0000000000e+02,1.9000000000e+01,6.4343512058e-02
1.2100000000e+02,4.0000000000e+02,2.0000000000e+01,6.4343877137e-02
1.2100000000e+02,4.0000000000e+02,2.1000000000e+01,6.4344137907e-02
1.2100000000e+02,4.0000000000e+02,2.2000000000e+01,6.4344286919e-02
1.2100000000e+02,4.0000000000e+02,2.3000000000e+01,6.4344368875e-02
1.2100000000e+02,4.0000000000e+02,2.4000000000e+01,6.4344428480e-02
1.2100000000e+02,4.0000000000e+02,2.5000000000e+01,6.4344450831e-02
1.2100000000e+02,4.0000000000e+02,2.6000000000e+01,6.4344480634e-02
1.2100000000e+02,4.0000000000e+02,2.7000000000e+01,6.4344480634e-02
1.2100000000e+02,4.0000000000e+02,2.8000000000e+01,6.4344495535e-02
1.2100000000e+02,4.0000000000e+02,2.9000000000e+01,6.4344510436e-02
1.2100000000e+02,4.0000000000e+02,3.0000000000e+01,6.4344502985e-02
1.2100000000e+02,4.0000000000e+02,3.1000000000e+01,6.4344510436e-02
1.4900000000e+02,1.0000000000e+01,0.0000000000e+00,2.0030248165e+00
1.4900000000e+02,1.0000000000e+01,1.0000000000e+00,2.2516574860e+00
1.4900000000e+02,1.0000000000e+01,2.0000000000e+00,2.1583380699e+00
1.4900000000e+02,1.0000000000e+01,3.0000000000e+00,2.3739731312e+00
1.4900000000e+02,1.0000000000e+01,4.0000000000e+00,2.3604910374e+00
1.4900000000e+02,1.0000000000e+01,5.0000000000e+00,2.5259211063e+00
1.4900000000e+02,1.0000000000e+01,6.0000000000e+00,2.5665495396e+00
1.4900000000e+02,1.0000000000e+01,7.0000000000e+00,2.9082627296e+00
1.4900000000e+02,1.0000000000e+01,8.0000000000e+00,3.4988212585e+00
1.4900000000e+02,1.0000000000e+01,9.0000000000e+00,5.6691112518e+00
1.4900000000e+02,1.0000000000e+01,1.0000000000e+01,1.1996458054e+01
1.4900000000e+02,1.0000000000e+01,1.1000000000e+01,3.3250831604e+01
1.4900000000e+02,1.0000000000e+01,1.2000000000e+01,1.0269565582e+02
1.4900000000e+02,1.0000000000e+01,1.3000000000e+01,3.3693350220e+02
1.4900000000e+02,1.0000000000e+01,1.4000000000e+01,1.1269957275e+03
1.4900000000e+02,1.0000000000e+01,1.5000000000e+01,3.8170639648e+03
1.4900000000e+02,1.0000000000e+01,1.6000000000e+01,1.2997006836e+04
1.4900000000e+02,1.0000000000e+01,1.7000000000e+01,4.4433468750e+04
1.4900000000e+02,1.0000000000e+01,1.8000000000e+01,1.5224993750e+05
1.4900000000e+02,1.0000000000e+01,1.9000000000e+01,5.2257465625e+05
1.4900000000e+02,1.0000000000e+01,2.0000000000e+01,1.7956163750e+06
1.4900000000e+02,1.0000000000e+01,2.1000000000e+01,6.1748905000e+06
1.4900000000e+02,1.0000000000e+01,2.2000000000e+01,2.1246212000e+07
1.4900000000e+02,1.0000000000e+01,2.3000000000e+01,7.3131832000e+07
1.4900000000e+02,1.0000000000e+01,2.4000000000e+01,2.5179784000e+08
1.4900000000e+02,1.0000000000e+01,2.5000000000e+01,8.6713132800e+08
1.4900000000e+02,1.0000000000e+01,2.6000000000e+01,2.9866240000e+09
1.4900000000e+02,1.0000000000e+01,2.7000000000e+01,1.0287775744e+10
1.4900000000e+02,1.0000000000e+01,2.8000000000e+01,3.5440164864e+10
1.4900000000e+02,1.0000000000e+01,2.9000000000e+01,1.2209395302e+11
1.4900000000e+02,1.0000000000e+01,3.0000000000e+01,4.2063986688e+11
1.4900000000e+02,1.0000000000e+01,3.1000000000e+01,1.4492388557e+12
1.4900000000e+02,3.8000000000e+01,0.0000000000e+00,1.9959390163e+00
1.4900000000e+02,3.8000000000e+01,1.0000000000e+00,1.4191960096e+00
1.4900000000e+02,3.8000000000e+01,2.0000000000e+00,1.1506093740e+00
1.4900000000e+02,3.8000000000e+01,3.0000000000e+00,1.1531596184e+00
1.4900000000e+02,3.8000000000e+01,4.0000000000e+00,1.0714917183e+00
1.4900000000e+02,3.8000000000e+01,5.0000000000e+00,1.0978658199e+00
1.4900000000e+02,3.8000000000e+01,6.0000000000e+00,1.0595511198e+00
1.4900000000e+02,3.8000000000e+01,7.0000000000e+00,1.1054100990e+00
1.4900000000e+02,3.8000000000e+01,8.0000000000e+00,1.1046307087e+00
1.4900000000e+02,3.8000000000e+01,9.0000000000e+00,1.2081246376e+00
1.4900000000e+02,3.8000000000e+01,1.0000000000e+01,1.3160513639e+00
1.4900000000e+02,3.8000000000e+01,1.1000000000e+01,1.6511807442e+00
1.4900000000e+02,3.8000000000e+01,1.2000000000e+01,2.2327957153e+00
1.4900000000e+02,3.8000000000e+01,1.3000000000e+01,3.6205246449e+00
1.4900000000e+02,3.8000000000e+01,1.4000000000e+01,6.4774618149e+00
1.4900000000e+02,3.8000000000e+01,1.5000000000e+01,1.2976222992e+01
1.4900000000e+02,3.8000000000e+01,1.6000000000e+01,2.7210268021e+01
1.4900000000e+02,3.8000000000e+01,1.7000000000e+01,5.9471580505e+01
1.4900000000e+02,3.8000000000e+01,1.8000000000e+01,1.3194667053e+02
1.4900000000e+02,3.8000000000e+01,1.9000000000e+01,2.9693551636e+02
1.4900000000e+02,3.8000000000e+01,2.0000000000e+01,6.7207727051e+02
1.4900000000e+02,3.8000000000e+01,2.1000000000e+01,1.5301053467e+03
1.4900000000e+02,3.8000000000e+01,2.2000000000e+01,3.4939082031e+03
1.4900000000e+02,3.8000000000e+01,2.3000000000e+01,8.0021572266e+03
1.4900000000e+02,3.8000000000e+01,2.4000000000e+01,1.8361830078e+04
1.4900000000e+02,3.8000000000e+01,2.5000000000e+01,4.2209632812e+04
1.4900000000e+02,3.8000000000e+01,2.6000000000e+01,9.7156890625e+04
1.4900000000e+02,3.8000000000e+01,2.7000000000e+01,2.2390473438e+05
1.4900000000e+02,3.8000000000e+01,2.8000000000e+01,5.1649965625e+05
1.4900000000e+02,3.8000000000e+01,2.9000000000e+01,1.1925012500e+06
1.4900000000e+02,3.8000000000e+01,3.0000000000e+01,2.7552960000e+06
1.4900000000e+02,3.8000000000e+01,3.1000000000e+01,6.3704590000e+06
1.4900000000e+02,6.6000000000e+01,0.0000000000e+00,2.0056719780e+00
1.4900000000e+02,6.6000000000e+01,1.0000000000e+00,1.0541778803e+00
1.4900000000e+02,6.6000000000e+01,2.0000000000e+00,7.2814339399e-01
1.4900000000e+02,6.6000000000e+01,3.0000000000e+00,6.5125864744e-01
1.4900000000e+02,6.6000000000e+01,4.0000000000e+00,5.5281662941e-01
1.4900000000e+02,6.6000000000e+01,5.0000000000e+00,5.2994287014e-01
1.4900000000e+02,6.6000000000e+01,6.0000000000e+00,4.8085325956e-01
1.4900000000e+02,6.6000000000e+01,7.0000000000e+00,4.7607430816e-01
1.4900000000e+02,6.6000000000e+01,8.0000000000e+00,4.4960272312e-01
1.4900000000e+02,6.6000000000e+01,9.0000000000e+00,4.5890787244e-01
1.4900000000e+02,6.6000000000e+01,1.0000000000e+01,4.5287656784e-01
1.4900000000e+02,6.6000000000e+01,1.1000000000e+01,4.8624968529e-01
1.4900000000e+02,6.6000000000e+01,1.2000000000e+01,5.1921898127e-01
1.4900000000e+02,6.6000000000e+01,1.3000000000e+01,6.1671131849e-01
1.4900000000e+02,6.6000000000e+01,1.4000000000e+01,7.6198363304e-01
1.4900000000e+02,6.6000000000e+01,1.5000000000e+01,1.0632226467e+00
1.4900000000e+02,6.6000000000e+01,1.6000000000e+01,1.5820305347e+00
1.4900000000e+02,6.6000000000e+01,1.7000000000e+01,2.5821499825e+00
1.4900000000e+02,6.6000000000e+01,1.8000000000e+01,4.4154167175e+00
1.4900000000e+02,6.6000000000e+01,1.9000000000e+01,7.9116721153e+00
1.4900000000e+02,6.6000000000e+01,2.0000000000e+01,1.4508578300e+01
1.4900000000e+02,6.6000000000e+01,2.1000000000e+01,2.7137027740e+01
1.4900000000e+02,6.6000000000e+01,2.2000000000e+01,5.1313682556e+01
1.4900000000e+02,6.6000000000e+01,2.3000000000e+01,9.7863334656e+01
1.4900000000e+02,6.6000000000e+01,2.4000000000e+01,1.8769551086e+02
1.4900000000e+02,6.6000000000e+01,2.5000000000e+01,3.6150332642e+02
1.4900000000e+02,6.6000000000e+01,2.6000000000e+01,6.9853131104e+02
1.4900000000e+02,6.6000000000e+01,2.7000000000e+01,1.3529765625e+03
1.4900000000e+02,6.6000000000e+01,2.8000000000e+01,2.6259287109e+03
1.4900000000e+02,6.6000000000e+01,2.9000000000e+01,5.1041757812e+03
1.4900000000e+02,6.6000000000e+01,3.0000000000e+01,9.9347558594e+03
1.4900000000e+02,6.6000000000e+01,3.1000000000e+01,1.9356636719e+04
1.4900000000e+02,9.4000000000e+01,0.0000000000e+00,2.0048754215e+00
1.4900000000e+02,9.4000000000e+01,1.0000000000e+00,8.3868467808e-01
1.4900000000e+02,9.4000000000e+01,2.0000000000e+00,5.0902521610e-01
1.4900000000e+02,9.4000000000e+01,3.0000000000e+00,4.1274145246e-01
1.4900000000e+02,9.4000000000e+01,4.0000000000e+00,3.2787680626e-01
1.4900000000e+02,9.4000000000e+01,5.0000000000e+00,2.9866173863e-01
1.4900000000e+02,9.4000000000e+01,6.0000000000e+00,2.6178571582e-01
1.4900000000e+02,9.4000000000e+01,7.0000000000e+00,2.5136363506e-01
1.4900000000e+02,9.4000000000e+01,8.0000000000e+00,2.3230449855e-01
1.4900000000e+02,9.4000000000e+01,9.0000000000e+00,2.3022776842e-01
1.4900000000e+02,9.4000000000e+01,1.0000000000e+01,2.2038456798e-01
1.4900000000e+02,9.4000000000e+01,1.1000000000e+01,2.2388797998e-01
1.4900000000e+02,9.4000000000e+01,1.2000000000e+01,2.2085192800e-01
1.4900000000e+02,9.4000000000e+01,1.3000000000e+01,2.3035772145e-01
1.4900000000e+02,9.4000000000e+01,1.4000000000e+01,2.3510108888e-01
1.4900000000e+02,9.4000000000e+01,1.5000000000e+01,2.5396892428e-01
1.4900000000e+02,9.4000000000e+01,1.6000000000e+01,2.7130967379e-01
1.4900000000e+02,9.4000000000e+01,1.7000000000e+01,3.0771571398e-01
1.4900000000e+02,9.4000000000e+01,1.8000000000e+01,3.4932985902e-01
1.4900000000e+02,9.4000000000e+01,1.9000000000e+01,4.2118972540e-01
1.4900000000e+02,9.4000000000e+01,2.0000000000e+01,5.1299983263e-01
1.4900000000e+02,9.4000000000e+01,2.1000000000e+01,6.5918713808e-01
1.4900000000e+02,9.4000000000e+01,2.2000000000e+01,8.5815018415e-01
1.4900000000e+02,9.4000000000e+01,2.3000000000e+01,1.1637628078e+00
1.4900000000e+02,9.4000000000e+01,2.4000000000e+01,1.5958471298e+00
1.4900000000e+02,9.4000000000e+01,2.5000000000e+01,2.2494850159e+00
1.4900000000e+02,9.4000000000e+01,2.6000000000e+01,3.1961939335e+00
1.4900000000e+02,9.4000000000e+01,2.7000000000e+01,4.6209821701e+00
1.4900000000e+02,9.4000000000e+01,2.8000000000e+01,6.7181949615e+00
1.4900000000e+02,9.4000000000e+01,2.9000000000e+01,9.8741188049e+00
1.4900000000e+02,9.4000000000e+01,3.0000000000e+01,1.4572788239e+01
1.4900000000e+02,9.4000000000e+01,3.1000000000e+01,2.1659801483e+01
1.4900000000e+02,1.2100000000e+02,0.0000000000e+00,1.9959105253e+00
1.4900000000e+02,1.2100000000e+02,1.0000000000e+00,7.1642023325e-01
1.4900000000e+02,1.2100000000e+02,2.0000000000e+00,3.8341069221e-01
1.4900000000e+02,1.2100000000e+02,3.0000000000e+00,2.9903525114e-01
1.4900000000e+02,1.2100000000e+02,4.0000000000e+00,2.2732716799e-01
1.4900000000e+02,1.2100000000e+02,5.0000000000e+00,2.0746998489e-01
1.4900000000e+02,1.2100000000e+02,6.0000000000e+00,1.8123252690e-01
1.4900000000e+02,1.2100000000e+02,7.0000000000e+00,1.7607726157e-01
1.4900000000e+02,1.2100000000e+02,8.0000000000e+00,1.6426375508e-01
1.4900000000e+02,1.2100000000e+02,9.0000000000e+00,1.6382175684e-01
1.4900000000e+02,1.2100000000e+02,1.0000000000e+01,1.5783683956e-01
1.4900000000e+02,1.2100000000e+02,1.1000000000e+01,1.5916489065e-01
1.4900000000e+02,1.2100000000e+02,1.2000000000e+01,1.5591278672e-01
1.4900000000e+02,1.2100000000e+02,1.3000000000e+01,1.5802764893e-01
1.4900000000e+02,1.2100000000e+02,1.4000000000e+01,1.5625964105e-01
1.4900000000e+02,1.2100000000e+02,1.5000000000e+01,1.5889395773e-01
1.4900000000e+02,1.2100000000e+02,1.6000000000e+01,1.5814478695e-01
1.4900000000e+02,1.2100000000e+02,1.7000000000e+01,1.6139779985e-01
1.4900000000e+02,1.2100000000e+02,1.8000000000e+01,1.6166198254e-01
1.4900000000e+02,1.2100000000e+02,1.9000000000e+01,1.6596350074e-01
1.4900000000e+02,1.2100000000e+02,2.0000000000e+01,1.6768884659e-01
1.4900000000e+02,1.2100000000e+02,2.1000000000e+01,1.7397479713e-01
1.4900000000e+02,1.2100000000e+02,2.2000000000e+01,1.7832222581e-01
1.4900000000e+02,1.2100000000e+02,2.3000000000e+01,1.8850591779e-01
1.4900000000e+02,1.2100000000e+02,2.4000000000e+01,1.9802722335e-01
1.4900000000e+02,1.2100000000e+02,2.5000000000e+01,2.1604663134e-01
1.4900000000e+02,1.2100000000e+02,2.6000000000e+01,2.3619829118e-01
1.4900000000e+02,1.2100000000e+02,2.7000000000e+01,2.7028152347e-01
1.4900000000e+02,1.2100000000e+02,2.8000000000e+01,3.1272166967e-01
1.4900000000e+02,1.2100000000e+02,2.9000000000e+01,3.8027805090e-01
1.4900000000e+02,1.2100000000e+02,3.0000000000e+01,4.7001743317e-01
1.4900000000e+02,1.2100000000e+02,3.1000000000e+01,6.0821914673e-01
1.4900000000e+02,1.4900000000e+02,0.0000000000e+00,1.9933681488e+00
1.4900000000e+02,1.4900000000e+02,1.0000000000e+00,6.1978733540e-01
1.4900000000e+02,1.4900000000e+02,2.0000000000e+00,3.0145639181e-01
1.4900000000e+02,1.4900000000e+02,3.0000000000e+00,2.2199609876e-01
1.4900000000e+02,1.4900000000e+02,4.0000000000e+00,1.6430142522e-01
1.4900000000e+02,1.4900000000e+02,5.0000000000e+00,1.4945793152e-01
1.4900000000e+02,1.4900000000e+02,6.0000000000e+00,1.3172973692e-01
1.4900000000e+02,1.4900000000e+02,7.0000000000e+00,1.2928658724e-01
1.4900000000e+02,1.4900000000e+02,8.0000000000e+00,1.2249976397e-01
1.4900000000e+02,1.4900000000e+02,9.0000000000e+00,1.2307137996e-01
1.4900000000e+02,1.4900000000e+02,1.0000000000e+01,1.2005231529e-01
1.4900000000e+02,1.4900000000e+02,1.1000000000e+01,1.2128148973e-01
1.4900000000e+02,1.4900000000e+02,1.2000000000e+01,1.1974212527e-01
1.4900000000e+02,1.4900000000e+02,1.3000000000e+01,1.2097833306e-01
1.4900000000e+02,1.4900000000e+02,1.4000000000e+01,1.2008021772e-01
1.4900000000e+02,1.4900000000e+02,1.5000000000e+01,1.2116217613e-01
1.4900000000e+02,1.4900000000e+02,1.6000000000e+01,1.2057064474e-01
1.4900000000e+02,1.4900000000e+02,1.7000000000e+01,1.2148451805e-01
1.4900000000e+02,1.4900000000e+02,1.8000000000e+01,1.2105883658e-01
1.4900000000e+02,1.4900000000e+02,1.9000000000e+01,1.2183222920e-01
1.4900000000e+02,1.4900000000e+02,2.0000000000e+01,1.2151214480e-01
1.4900000000e+02,1.4900000000e+02,2.1000000000e+01,1.2218069285e-01
1.4900000000e+02,1.4900000000e+02,2.2000000000e+01,1.2194204330e-01
1.4900000000e+02,1.4900000000e+02,2.3000000000e+01,1.2253990024e-01
1.4900000000e+02,1.4900000000e+02,2.4000000000e+01,1.2237682939e-01
1.4900000000e+02,1.4900000000e+02,2.5000000000e+01,1.2293560803e-01
1.4900000000e+02,1.4900000000e+02,2.6000000000e+01,1.2285387516e-01
1.4900000000e+02,1.4900000000e+02,2.7000000000e+01,1.2340483069e-01
1.4900000000e+02,1.4900000000e+02,2.8000000000e+01,1.2342076749e-01
1.4900000000e+02,1.4900000000e+02,2.9000000000e+01,1.2399888039e-01
1.4900000000e+02,1.4900000000e+02,3.0000000000e+01,1.2414188683e-01
1.4900000000e+02,1.4900000000e+02,3.1000000000e+01,1.2479187548e-01
1.4900000000e+02,1.7700000000e+02,0.0000000000e+00,2.0062413216e+00
1.4900000000e+02,1.7700000000e+02,1.0000000000e+00,5.3302675486e-01
1.4900000000e+02,1.7700000000e+02,2.0000000000e+00,2.4018990993e-01
1.4900000000e+02,1.7700000000e+02,3.0000000000e+00,1.6368079185e-01
1.4900000000e+02,1.7700000000e+02,4.0000000000e+00,1.2062463909e-01
1.4900000000e+02,1.7700000000e+02,5.0000000000e+00,1.0770345479e-01
1.4900000000e+02,1.7700000000e+02,6.0000000000e+00,9.7120806575e-02
1.4900000000e+02,1.7700000000e+02,7.0000000000e+00,9.4866536558e-02
1.4900000000e+02,1.7700000000e+02,8.0000000000e+00,9.1707400978e-02
1.4900000000e+02,1.7700000000e+02,9.0000000000e+00,9.1696530581e-02
1.4900000000e+02,1.7700000000e+02,1.0000000000e+01,9.0640626848e-02
1.4900000000e+02,1.7700000000e+02,1.1000000000e+01,9.1041490436e-02
1.4900000000e+02,1.7700000000e+02,1.2000000000e+01,9.0652622283e-02
1.4900000000e+02,1.7700000000e+02,1.3000000000e+01,9.1042242944e-02
1.4900000000e+02,1.7700000000e+02,1.4000000000e+01,9.0881176293e-02
1.4900000000e+02,1.7700000000e+02,1.5000000000e+01,9.1181620955e-02
1.4900000000e+02,1.7700000000e+02,1.6000000000e+01,9.1103889048e-02
1.4900000000e+02,1.7700000000e+02,1.7000000000e+01,9.1321140528e-02
1.4900000000e+02,1.7700000000e+02,1.8000000000e+01,9.1276928782e-02
1.4900000000e+02,1.7700000000e+02,1.9000000000e+01,9.1432392597e-02
1.4900000000e+02,1.7700000000e+02,2.0000000000e+01,9.1403916478e-02
1.4900000000e+02,1.7700000000e+02,2.1000000000e+01,9.1517336667e-02
1.4900000000e+02,1.7700000000e+02,2.2000000000e+01,9.1497913003e-02
1.4900000000e+02,1.7700000000e+02,2.3000000000e+01,9.1584309936e-02
1.4900000000e+02,1.7700000000e+02,2.4000000000e+01,9.1571219265e-02
1.4900000000e+02,1.7700000000e+02,2.5000000000e+01,9.1641373932e-02
1.4900000000e+02,1.7700000000e+02,2.6000000000e+01,9.1633394361e-02
1.4900000000e+02,1.7700000000e+02,2.7000000000e+01,9.1695040464e-02
1.4900000000e+02,1.7700000000e+02,2.8000000000e+01,9.1691568494e-02
1.4900000000e+02,1.7700000000e+02,2.9000000000e+01,9.1750405729e-02
1.4900000000e+02,1.7700000000e+02,3.0000000000e+01,9.1751188040e-02
1.4900000000e+02,1.7700000000e+02,3.1000000000e+01,9.1811619699e-02
1.4900000000e+02,2.0500000000e+02,0.0000000000e+00,2.0056517124e+00
1.4900000000e+02,2.0500000000e+02,1.0000000000e+00,4.8240292072e-01
1.4900000000e+02,2.0500000000e+02,2.0000000000e+00,2.0216079056e-01
1.4900000000e+02,2.0500000000e+02,3.0000000000e+00,1.3799142838e-01
1.4900000000e+02,2.0500000000e+02,4.0000000000e+00,1.0321675986e-01
1.4900000000e+02,2.0500000000e+02,5.0000000000e+00,9.5138855278e-02
1.4900000000e+02,2.0500000000e+02,6.0000000000e+00,8.7950743735e-02
1.4900000000e+02,2.0500000000e+02,7.0000000000e+00,8.7383508682e-02
1.4900000000e+02,2.0500000000e+02,8.0000000000e+00,8.5581734776e-02
1.4900000000e+02,2.0500000000e+02,9.0000000000e+00,8.6071118712e-02
1.4900000000e+02,2.0500000000e+02,1.0000000000e+01,8.5558377206e-02
1.4900000000e+02,2.0500000000e+02,1.1000000000e+01,8.6035609245e-02
1.4900000000e+02,2.0500000000e+02,1.2000000000e+01,8.5865378380e-02
1.4900000000e+02,2.0500000000e+02,1.3000000000e+01,8.6195506155e-02
1.4900000000e+02,2.0500000000e+02,1.4000000000e+01,8.6123816669e-02
1.4900000000e+02,2.0500000000e+02,1.5000000000e+01,8.6333729327e-02
1.4900000000e+02,2.0500000000e+02,1.6000000000e+01,8.6293831468e-02
1.4900000000e+02,2.0500000000e+02,1.7000000000e+01,8.6424246430e-02
1.4900000000e+02,2.0500000000e+02,1.8000000000e+01,8.6397111416e-02
1.4900000000e+02,2.0500000000e+02,1.9000000000e+01,8.6478039622e-02
1.4900000000e+02,2.0500000000e+02,2.0000000000e+01,8.6457826197e-02
1.4900000000e+02,2.0500000000e+02,2.1000000000e+01,8.6508460343e-02
1.4900000000e+02,2.0500000000e+02,2.2000000000e+01,8.6492948234e-02
1.4900000000e+02,2.0500000000e+02,2.3000000000e+01,8.6525045335e-02
1.4900000000e+02,2.0500000000e+02,2.4000000000e+01,8.6513094604e-02
1.4900000000e+02,2.0500000000e+02,2.5000000000e+01,8.6533755064e-02
1.4900000000e+02,2.0500000000e+02,2.6000000000e+01,8.6524561048e-02
1.4900000000e+02,2.0500000000e+02,2.7000000000e+01,8.6538083851e-02
1.4900000000e+02,2.0500000000e+02,2.8000000000e+01,8.6531050503e-02
1.4900000000e+02,2.0500000000e+02,2.9000000000e+01,8.6540035903e-02
1.4900000000e+02,2.0500000000e+02,3.0000000000e+01,8.6534626782e-02
1.4900000000e+02,2.0500000000e+02,3.1000000000e+01,8.6540736258e-02
1.4900000000e+02,2.3300000000e+02,0.0000000000e+00,2.0079379082e+00
1.4900000000e+02,2.3300000000e+02,1.0000000000e+00,4.2459928989e-01
1.4900000000e+02,2.3300000000e+02,2.0000000000e+00,1.7085406184e-01
1.4900000000e+02,2.3300000000e+02,3.0000000000e+00,1.0837168992e-01
1.4900000000e+02,2.3300000000e+02,4.0000000000e+00,8.2127407193e-02
1.4900000000e+02,2.3300000000e+02,5.0000000000e+00,7.4183337390e-02
1.4900000000e+02,2.3300000000e+02,6.0000000000e+00,6.9814495742e-02
1.4900000000e+02,2.3300000000e+02,7.0000000000e+00,6.8815760314e-02
1.4900000000e+02,2.3300000000e+02,8.0000000000e+00,6.8017177284e-02
1.4900000000e+02,2.3300000000e+02,9.0000000000e+00,6.8060331047e-02
1.4900000000e+02,2.3300000000e+02,1.0000000000e+01,6.7938402295e-02
1.4900000000e+02,2.3300000000e+02,1.1000000000e+01,6.8079777062e-02
1.4900000000e+02,2.3300000000e+02,1.2000000000e+01,6.8081900477e-02
1.4900000000e+02,2.3300000000e+02,1.3000000000e+01,6.8183079362e-02
1.4900000000e+02,2.3300000000e+02,1.4000000000e+01,6.8200021982e-02
1.4900000000e+02,2.3300000000e+02,1.5000000000e+01,6.8259268999e-02
1.4900000000e+02,2.3300000000e+02,1.6000000000e+01,6.8272516131e-02
1.4900000000e+02,2.3300000000e+02,1.7000000000e+01,6.8304553628e-02
1.4900000000e+02,2.3300000000e+02,1.8000000000e+01,6.8313293159e-02
1.4900000000e+02,2.3300000000e+02,1.9000000000e+01,6.8329565227e-02
1.4900000000e+02,2.3300000000e+02,2.0000000000e+01,6.8335466087e-02
1.4900000000e+02,2.3300000000e+02,2.1000000000e+01,6.8342953920e-02
1.4900000000e+02,2.3300000000e+02,2.2000000000e+01,6.8347342312e-02
1.4900000000e+02,2.3300000000e+02,2.3000000000e+01,6.8349987268e-02
1.4900000000e+02,2.3300000000e+02,2.4000000000e+01,6.8353652954e-02
1.4900000000e+02,2.3300000000e+02,2.5000000000e+01,6.8353660405e-02
1.4900000000e+02,2.3300000000e+02,2.6000000000e+01,6.8356946111e-02
1.4900000000e+02,2.3300000000e+02,2.7000000000e+01,6.8355545402e-02
1.4900000000e+02,2.3300000000e+02,2.8000000000e+01,6.8358637393e-02
1.4900000000e+02,2.3300000000e+02,2.9000000000e+01,6.8356499076e-02
1.4900000000e+02,2.3300000000e+02,3.0000000000e+01,6.8359464407e-02
1.4900000000e+02,2.3300000000e+02,3.1000000000e+01,6.8356961012e-02
1.4900000000e+02,2.6100000000e+02,0.0000000000e+00,1.9891852140e+00
1.4900000000e+02,2.6100000000e+02,1.0000000000e+00,3.9086267352e-01
1.4900000000e+02,2.6100000000e+02,2.0000000000e+00,1.4707846940e-01
1.4900000000e+02,2.6100000000e+02,3.0000000000e+00,9.7713753581e-02
1.4900000000e+02,2.6100000000e+02,4.0000000000e+00,7.6140545309e-02
1.4900000000e+02,2.6100000000e+02,5.0000000000e+00,7.2134569287e-02
1.4900000000e+02,2.6100000000e+02,6.0000000000e+00,6.9127134979e-02
1.4900000000e+02,2.6100000000e+02,7.0000000000e+00,6.9315329194e-02
1.4900000000e+02,2.6100000000e+02,8.0000000000e+00,6.8887457252e-02
1.4900000000e+02,2.6100000000e+02,9.0000000000e+00,6.9289140403e-02
1.4900000000e+02,2.6100000000e+02,1.0000000000e+01,6.9257736206e-02
1.4900000000e+02,2.6100000000e+02,1.1000000000e+01,6.9503374398e-02
1.4900000000e+02,2.6100000000e+02,1.2000000000e+01,6.9520734251e-02
1.4900000000e+02,2.6100000000e+02,1.3000000000e+01,6.9648660719e-02
1.4900000000e+02,2.6100000000e+02,1.4000000000e+01,6.9662973285e-02
1.4900000000e+02,2.6100000000e+02,1.5000000000e+01,6.9726668298e-02
1.4900000000e+02,2.6100000000e+02,1.6000000000e+01,6.9734476507e-02
1.4900000000e+02,2.6100000000e+02,1.7000000000e+01,6.9765724242e-02
1.4900000000e+02,2.6100000000e+02,1.8000000000e+01,6.9769561291e-02
1.4900000000e+02,2.6100000000e+02,1.9000000000e+01,6.9784775376e-02
1.4900000000e+02,2.6100000000e+02,2.0000000000e+01,6.9786630571e-02
1.4900000000e+02,2.6100000000e+02,2.1000000000e+01,6.9793947041e-02
1.4900000000e+02,2.6100000000e+02,2.2000000000e+01,6.9794885814e-02
1.4900000000e+02,2.6100000000e+02,2.3000000000e+01,6.9798320532e-02
1.4900000000e+02,2.6100000000e+02,2.4000000000e+01,6.9798849523e-02
1.4900000000e+02,2.6100000000e+02,2.5000000000e+01,6.9800384343e-02
1.4900000000e+02,2.6100000000e+02,2.6000000000e+01,6.9800704718e-02
1.4900000000e+02,2.6100000000e+02,2.7000000000e+01,6.9801345468e-02
1.4900000000e+02,2.6100000000e+02,2.8000000000e+01,6.9801546633e-02
1.4900000000e+02,2.6100000000e+02,2.9000000000e+01,6.9801777601e-02
1.4900000000e+02,2.6100000000e+02,3.0000000000e+01,6.9801896811e-02
1.4900000000e+02,2.6100000000e+02,3.1000000000e+01,6.9801956415e-02
1.4900000000e+02,2.8900000000e+02,0.0000000000e+00,1.9989429712e+00
1.4900000000e+02,2.8900000000e+02,1.0000000000e+00,3.6108615994e-01
1.4900000000e+02,2.8900000000e+02,2.0000000000e+00,1.3277535141e-01
1.4900000000e+02,2.8900000000e+02,3.0000000000e+00,8.3691604435e-02
1.4900000000e+02,2.8900000000e+02,4.0000000000e+00,6.6510722041e-02
1.4900000000e+02,2.8900000000e+02,5.0000000000e+00,6.2102157623e-02
1.4900000000e+02,2.8900000000e+02,6.0000000000e+00,6.0234483331e-02
1.4900000000e+02,2.8900000000e+02,7.0000000000e+00,5.9968382120e-02
1.4900000000e+02,2.8900000000e+02,8.0000000000e+00,5.9839803725e-02
1.4900000000e+02,2.8900000000e+02,9.0000000000e+00,5.9946265072e-02
1.4900000000e+02,2.8900000000e+02,1.0000000000e+01,5.9995893389e-02
1.4900000000e+02,2.8900000000e+02,1.1000000000e+01,6.0076564550e-02
1.4900000000e+02,2.8900000000e+02,1.2000000000e+01,6.0117349029e-02
1.4900000000e+02,2.8900000000e+02,1.3000000000e+01,6.0158055276e-02
1.4900000000e+02,2.8900000000e+02,1.4000000000e+01,6.0180120170e-02
1.4900000000e+02,2.8900000000e+02,1.5000000000e+01,6.0198701918e-02
1.4900000000e+02,2.8900000000e+02,1.6000000000e+01,6.0209661722e-02
1.4900000000e+02,2.8900000000e+02,1.7000000000e+01,6.0217790306e-02
1.4900000000e+02,2.8900000000e+02,1.8000000000e+01,6.0223188251e-02
1.4900000000e+02,2.8900000000e+02,1.9000000000e+01,6.0226630419e-02
1.4900000000e+02,2.8900000000e+02,2.0000000000e+01,6.0229342431e-02
1.4900000000e+02,2.8900000000e+02,2.1000000000e+01,6.0230731964e-02
1.4900000000e+02,2.8900000000e+02,2.2000000000e+01,6.0232140124e-02
1.4900000000e+02,2.8900000000e+02,2.3000000000e+01,6.0232646763e-02
1.4900000000e+02,2.8900000000e+02,2.4000000000e+01,6.0233421624e-02
1.4900000000e+02,2.8900000000e+02,2.5000000000e+01,6.0233563185e-02
1.4900000000e+02,2.8900000000e+02,2.6000000000e+01,6.0234002769e-02
1.4900000000e+02,2.8900000000e+02,2.7000000000e+01,6.0234002769e-02
1.4900000000e+02,2.8900000000e+02,2.8000000000e+01,6.0234270990e-02
1.4900000000e+02,2.8900000000e+02,2.9000000000e+01,6.0234215111e-02
1.4900000000e+02,2.8900000000e+02,3.0000000000e+01,6.0234390199e-02
1.4900000000e+02,2.8900000000e+02,3.1000000000e+01,6.0234326869e-02
1.4900000000e+02,3.1600000000e+02,0.0000000000e+00,2.0000278950e+00
1.4900000000e+02,3.1600000000e+02,1.0000000000e+00,3.3494880795e-01
1.4900000000e+02,3.1600000000e+02,2.0000000000e+00,1.1403189600e-01
1.4900000000e+02,3.1600000000e+02,3.0000000000e+00,7.2835043073e-02
1.4900000000e+02,3.1600000000e+02,4.0000000000e+00,5.7759538293e-02
1.4900000000e+02,3.1600000000e+02,5.0000000000e+00,5.5114585906e-02
1.4900000000e+02,3.1600000000e+02,6.0000000000e+00,5.3525462747e-02
1.4900000000e+02,3.1600000000e+02,7.0000000000e+00,5.3642041981e-02
1.4900000000e+02,3.1600000000e+02,8.0000000000e+00,5.3486518562e-02
1.4900000000e+02,3.1600000000e+02,9.0000000000e+00,5.3673934191e-02
1.4900000000e+02,3.1600000000e+02,1.0000000000e+01,5.3675349802e-02
1.4900000000e+02,3.1600000000e+02,1.1000000000e+01,5.3771823645e-02
1.4900000000e+02,3.1600000000e+02,1.2000000000e+01,5.3781129420e-02
1.4900000000e+02,3.1600000000e+02,1.3000000000e+01,5.3824443370e-02
1.4900000000e+02,3.1600000000e+02,1.4000000000e+01,5.3829055279e-02
1.4900000000e+02,3.1600000000e+02,1.5000000000e+01,5.3848009557e-02
1.4900000000e+02,3.1600000000e+02,1.6000000000e+01,5.3849719465e-02
1.4900000000e+02,3.1600000000e+02,1.7000000000e+01,5.3858056664e-02
1.4900000000e+02,3.1600000000e+02,1.8000000000e+01,5.3858567029e-02
1.4900000000e+02,3.1600000000e+02,1.9000000000e+01,5.3862277418e-02
1.4900000000e+02,3.1600000000e+02,2.0000000000e+01,5.3862381727e-02
1.4900000000e+02,3.1600000000e+02,2.1000000000e+01,5.3864054382e-02
1.4900000000e+02,3.1600000000e+02,2.2000000000e+01,5.3864039481e-02
1.4900000000e+02,3.1600000000e+02,2.3000000000e+01,5.3864803165e-02
1.4900000000e+02,3.1600000000e+02,2.4000000000e+01,5.3864777088e-02
1.4900000000e+02,3.1600000000e+02,2.5000000000e+01,5.3865119815e-02
1.4900000000e+02,3.1600000000e+02,2.6000000000e+01,5.3865097463e-02
1.4900000000e+02,3.1600000000e+02,2.7000000000e+01,5.3865257651e-02
1.4900000000e+02,3.1600000000e+02,2.8000000000e+01,5.3865246475e-02
1.4900000000e+02,3.1600000000e+02,2.9000000000e+01,5.3865313530e-02
1.4900000000e+02,3.1600000000e+02,3.0000000000e+01,5.3865309805e-02
1.4900000000e+02,3.1600000000e+02,3.1000000000e+01,5.3865335882e-02
1.4900000000e+02,3.4400000000e+02,0.0000000000e+00,2.0083403587e+00
1.4900000000e+02,3.4400000000e+02,1.0000000000e+00,3.1006219983e-01
1.4900000000e+02,3.4400000000e+02,2.0000000000e+00,1.0195749998e-01
1.4900000000e+02,3.4400000000e+02,3.0000000000e+00,6.4938038588e-02
1.4900000000e+02,3.4400000000e+02,4.0000000000e+00,5.2430074662e-02
1.4900000000e+02,3.4400000000e+02,5.0000000000e+00,5.0487607718e-02
1.4900000000e+02,3.4400000000e+02,6.0000000000e+00,4.9360662699e-02
1.4900000000e+02,3.4400000000e+02,7.0000000000e+00,4.9545243382e-02
1.4900000000e+02,3.4400000000e+02,8.0000000000e+00,4.9464911222e-02
1.4900000000e+02,3.4400000000e+02,9.0000000000e+00,4.9634173512e-02
1.4900000000e+02,3.4400000000e+02,1.0000000000e+01,4.9643121660e-02
1.4900000000e+02,3.4400000000e+02,1.1000000000e+01,4.9721680582e-02
1.4900000000e+02,3.4400000000e+02,1.2000000000e+01,4.9728989601e-02
1.4900000000e+02,3.4400000000e+02,1.3000000000e+01,4.9762226641e-02
1.4900000000e+02,3.4400000000e+02,1.4000000000e+01,4.9764785916e-02
1.4900000000e+02,3.4400000000e+02,1.5000000000e+01,4.9778781831e-02
1.4900000000e+02,3.4400000000e+02,1.6000000000e+01,4.9779288471e-02
1.4900000000e+02,3.4400000000e+02,1.7000000000e+01,4.9785315990e-02
1.4900000000e+02,3.4400000000e+02,1.8000000000e+01,4.9785189331e-02
1.4900000000e+02,3.4400000000e+02,1.9000000000e+01,4.9787864089e-02
1.4900000000e+02,3.4400000000e+02,2.0000000000e+01,4.9787618220e-02
1.4900000000e+02,3.4400000000e+02,2.1000000000e+01,4.9788847566e-02
1.4900000000e+02,3.4400000000e+02,2.2000000000e+01,4.9788642675e-02
1.4900000000e+02,3.4400000000e+02,2.3000000000e+01,4.9789231271e-02
1.4900000000e+02,3.4400000000e+02,2.4000000000e+01,4.9789082259e-02
1.4900000000e+02,3.4400000000e+02,2.5000000000e+01,4.9789369106e-02
1.4900000000e+02,3.4400000000e+02,2.6000000000e+01,4.9789272249e-02
1.4900000000e+02,3.4400000000e+02,2.7000000000e+01,4.9789417535e-02
1.4900000000e+02,3.4400000000e+02,2.8000000000e+01,4.9789354205e-02
1.4900000000e+02,3.4400000000e+02,2.9000000000e+01,4.9789439887e-02
1.4900000000e+02,3.4400000000e+02,3.0000000000e+01,4.9789398909e-02
1.4900000000e+02,3.4400000000e+02,3.1000000000e+01,4.9789443612e-02
1.4900000000e+02,3.7200000000e+02,0.0000000000e+00,1.9918199778e+00
1.4900000000e+02,3.7200000000e+02,1.0000000000e+00,2.9538553953e-01
1.4900000000e+02,3.7200000000e+02,2.0000000000e+00,9.8618313670e-02
1.4900000000e+02,3.7200000000e+02,3.0000000000e+00,6.6381812096e-02
1.4900000000e+02,3.7200000000e+02,4.0000000000e+00,5.6625835598e-02
1.4900000000e+02,3.7200000000e+02,5.0000000000e+00,5.5404778570e-02
1.4900000000e+02,3.7200000000e+02,6.0000000000e+00,5.4824154824e-02
1.4900000000e+02,3.7200000000e+02,7.0000000000e+00,5.5080067366e-02
1.4900000000e+02,3.7200000000e+02,8.0000000000e+00,5.5114258081e-02
1.4900000000e+02,3.7200000000e+02,9.0000000000e+00,5.5269103497e-02
1.4900000000e+02,3.7200000000e+02,1.0000000000e+01,5.5304322392e-02
1.4900000000e+02,3.7200000000e+02,1.1000000000e+01,5.5367127061e-02
1.4900000000e+02,3.7200000000e+02,1.2000000000e+01,5.5381421000e-02
1.4900000000e+02,3.7200000000e+02,1.3000000000e+01,5.5405434221e-02
1.4900000000e+02,3.7200000000e+02,1.4000000000e+01,5.5410325527e-02
1.4900000000e+02,3.7200000000e+02,1.5000000000e+01,5.5419549346e-02
1.4900000000e+02,3.7200000000e+02,1.6000000000e+01,5.5421069264e-02
1.4900000000e+02,3.7200000000e+02,1.7000000000e+01,5.5424697697e-02
1.4900000000e+02,3.7200000000e+02,1.8000000000e+01,5.5425096303e-02
1.4900000000e+02,3.7200000000e+02,1.9000000000e+01,5.5426567793e-02
1.4900000000e+02,3.7200000000e+02,2.0000000000e+01,5.5426638573e-02
1.4900000000e+02,3.7200000000e+02,2.1000000000e+01,5.5427245796e-02
1.4900000000e+02,3.7200000000e+02,2.2000000000e+01,5.5427238345e-02
1.4900000000e+02,3.7200000000e+02,2.3000000000e+01,5.5427502841e-02
1.4900000000e+02,3.7200000000e+02,2.4000000000e+01,5.5427476764e-02
1.4900000000e+02,3.7200000000e+02,2.5000000000e+01,5.5427595973e-02
1.4900000000e+02,3.7200000000e+02,2.6000000000e+01,5.5427573621e-02
1.4900000000e+02,3.7200000000e+02,2.7000000000e+01,5.5427622050e-02
1.4900000000e+02,3.7200000000e+02,2.8000000000e+01,5.5427614599e-02
1.4900000000e+02,3.7200000000e+02,2.9000000000e+01,5.5427636951e-02
1.4900000000e+02,3.7200000000e+02,3.0000000000e+01,5.5427625775e-02
1.4900000000e+02,3.7200000000e+02,3.1000000000e+01,5.5427640676e-02
1.4900000000e+02,4.0000000000e+02,0.0000000000e+00,2.0002968311e+00
1.4900000000e+02,4.0000000000e+02,1.0000000000e+00,2.7299585938e-01
1.4900000000e+02,4.0000000000e+02,2.0000000000e+00,8.4638424218e-02
1.4900000000e+02,4.0000000000e+02,3.0000000000e+00,5.4869063199e-02
1.4900000000e+02,4.0000000000e+02,4.0000000000e+00,4.6284522861e-02
1.4900000000e+02,4.0000000000e+02,5.0000000000e+00,4.5246981084e-02
1.4900000000e+02,4.0000000000e+02,6.0000000000e+00,4.4746495783e-02
1.4900000000e+02,4.0000000000e+02,7.0000000000e+00,4.4933784753e-02
1.4900000000e+02,4.0000000000e+02,8.0000000000e+00,4.4946771115e-02
1.4900000000e+02,4.0000000000e+02,9.0000000000e+00,4.5051954687e-02
1.4900000000e+02,4.0000000000e+02,1.0000000000e+01,4.5072734356e-02
1.4900000000e+02,4.0000000000e+02,1.1000000000e+01,4.5111987740e-02
1.4900000000e+02,4.0000000000e+02,1.2000000000e+01,4.5120440423e-02
1.4900000000e+02,4.0000000000e+02,1.3000000000e+01,4.5134246349e-02
1.4900000000e+02,4.0000000000e+02,1.4000000000e+01,4.5137144625e-02
1.4900000000e+02,4.0000000000e+02,1.5000000000e+01,4.5142017305e-02
1.4900000000e+02,4.0000000000e+02,1.6000000000e+01,4.5142952353e-02
1.4900000000e+02,4.0000000000e+02,1.7000000000e+01,4.5144706964e-02
1.4900000000e+02,4.0000000000e+02,1.8000000000e+01,4.5144990087e-02
1.4900000000e+02,4.0000000000e+02,1.9000000000e+01,4.5145649463e-02
1.4900000000e+02,4.0000000000e+02,2.0000000000e+01,4.5145720243e-02
1.4900000000e+02,4.0000000000e+02,2.1000000000e+01,4.5145973563e-02
1.4900000000e+02,4.0000000000e+02,2.2000000000e+01,4.5145988464e-02
1.4900000000e+02,4.0000000000e+02,2.3000000000e+01,4.5146089047e-02
1.4900000000e+02,4.0000000000e+02,2.4000000000e+01,4.5146085322e-02
1.4900000000e+02,4.0000000000e+02,2.5000000000e+01,4.5146130025e-02
1.4900000000e+02,4.0000000000e+02,2.6000000000e+01,4.5146126300e-02
1.4900000000e+02,4.0000000000e+02,2.7000000000e+01,4.5146144927e-02
1.4900000000e+02,4.0000000000e+02,2.8000000000e+01,4.5146141201e-02
1.4900000000e+02,4.0000000000e+02,2.9000000000e+01,4.5146144927e-02
1.4900000000e+02,4.0000000000e+02,3.0000000000e+01,4.5146144927e-02
1.4900000000e+02,4.0000000000e+02,3.1000000000e+01,4.5146152377e-02
1.7700000000e+02,1.0000000000e+01,0.0000000000e+00,1.9884371758e+00
1.7700000000e+02,1.0000000000e+01,1.0000000000e+00,2.1272003651e+00
1.7700000000e+02,1.0000000000e+01,2.0000000000e+00,2.0248622894e+00
1.7700000000e+02,1.0000000000e+01,3.0000000000e+00,2.1972005367e+00
1.7700000000e+02,1.0000000000e+01,4.0000000000e+00,2.1819248199e+00
1.7700000000e+02,1.0000000000e+01,5.0000000000e+00,2.3592464924e+00
1.7700000000e+02,1.0000000000e+01,6.0000000000e+00,2.5711486340e+00
1.7700000000e+02,1.0000000000e+01,7.0000000000e+00,3.7663321495e+00
1.7700000000e+02,1.0000000000e+01,8.0000000000e+00,8.5590667725e+00
1.7700000000e+02,1.0000000000e+01,9.0000000000e+00,3.1165758133e+01
1.7700000000e+02,1.0000000000e+01,1.0000000000e+01,1.3600715637e+02
1.7700000000e+02,1.0000000000e+01,1.1000000000e+01,6.3222448730e+02
1.7700000000e+02,1.0000000000e+01,1.2000000000e+01,2.9844382324e+03
1.7700000000e+02,1.0000000000e+01,1.3000000000e+01,1.4186097656e+04
1.7700000000e+02,1.0000000000e+01,1.4000000000e+01,6.7610859375e+04
1.7700000000e+02,1.0000000000e+01,1.5000000000e+01,3.2281778125e+05
1.7700000000e+02,1.0000000000e+01,1.6000000000e+01,1.5429447500e+06
1.7700000000e+02,1.0000000000e+01,1.7000000000e+01,7.3803145000e+06
1.7700000000e+02,1.0000000000e+01,1.8000000000e+01,3.5319984000e+07
1.7700000000e+02,1.0000000000e+01,1.9000000000e+01,1.6909406400e+08
1.7700000000e+02,1.0000000000e+01,2.0000000000e+01,8.0974956800e+08
1.7700000000e+02,1.0000000000e+01,2.1000000000e+01,3.8784442880e+09
1.7700000000e+02,1.0000000000e+01,2.2000000000e+01,1.8579111936e+10
1.7700000000e+02,1.0000000000e+01,2.3000000000e+01,8.9009709056e+10
1.7700000000e+02,1.0000000000e+01,2.4000000000e+01,4.2646441165e+11
1.7700000000e+02,1.0000000000e+01,2.5000000000e+01,2.0433964892e+12
1.7700000000e+02,1.0000000000e+01,2.6000000000e+01,9.7913017467e+12
1.7700000000e+02,1.0000000000e+01,2.7000000000e+01,4.6918252102e+13
1.7700000000e+02,1.0000000000e+01,2.8000000000e+01,2.2482934091e+14
1.7700000000e+02,1.0000000000e+01,2.9000000000e+01,1.0773864393e+15
1.7700000000e+02,1.0000000000e+01,3.0000000000e+01,5.1629184464e+15
1.7700000000e+02,1.0000000000e+01,3.1000000000e+01,2.4741322317e+16
1.7700000000e+02,3.8000000000e+01,0.0000000000e+00,1.9976608753e+00
1.7700000000e+02,3.8000000000e+01,1.0000000000e+00,1.3462474346e+00
1.7700000000e+02,3.8000000000e+01,2.0000000000e+00,1.0915094614e+00
1.7700000000e+02,3.8000000000e+01,3.0000000000e+00,1.0634279251e+00
1.7700000000e+02,3.8000000000e+01,4.0000000000e+00,9.8760151863e-01
1.7700000000e+02,3.8000000000e+01,5.0000000000e+00,9.9094730616e-01
1.7700000000e+02,3.8000000000e+01,6.0000000000e+00,9.5412451029e-01
1.7700000000e+02,3.8000000000e+01,7.0000000000e+00,9.7095823288e-01
1.7700000000e+02,3.8000000000e+01,8.0000000000e+00,9.5454239845e-01
1.7700000000e+02,3.8000000000e+01,9.0000000000e+00,9.8950803280e-01
1.7700000000e+02,3.8000000000e+01,1.0000000000e+01,9.9855744839e-01
1.7700000000e+02,3.8000000000e+01,1.1000000000e+01,1.0746088028e+00
1.7700000000e+02,3.8000000000e+01,1.2000000000e+01,1.1442703009e+00
1.7700000000e+02,3.8000000000e+01,1.3000000000e+01,1.3347666264e+00
1.7700000000e+02,3.8000000000e+01,1.4000000000e+01,1.5907390118e+00
1.7700000000e+02,3.8000000000e+01,1.5000000000e+01,2.1416878700e+00
1.7700000000e+02,3.8000000000e+01,1.6000000000e+01,3.0351505280e+00
1.7700000000e+02,3.8000000000e+01,1.7000000000e+01,4.8322739601e+00
1.7700000000e+02,3.8000000000e+01,1.8000000000e+01,8.0633316040e+00
1.7700000000e+02,3.8000000000e+01,1.9000000000e+01,1.4493165016e+01
1.7700000000e+02,3.8000000000e+01,2.0000000000e+01,2.6767883301e+01
1.7700000000e+02,3.8000000000e+01,2.1000000000e+01,5.1391716003e+01
1.7700000000e+02,3.8000000000e+01,2.2000000000e+01,1.0014755249e+02
1.7700000000e+02,3.8000000000e+01,2.3000000000e+01,1.9916984558e+02
1.7700000000e+02,3.8000000000e+01,2.4000000000e+01,3.9983694458e+02
1.7700000000e+02,3.8000000000e+01,2.5000000000e+01,8.1215246582e+02
1.7700000000e+02,3.8000000000e+01,2.6000000000e+01,1.6606087646e+03
1.7700000000e+02,3.8000000000e+01,2.7000000000e+01,3.4207150879e+03
1.7700000000e+02,3.8000000000e+01,2.8000000000e+01,7.0809472656e+03
1.7700000000e+02,3.8000000000e+01,2.9000000000e+01,1.4731312500e+04
1.7700000000e+02,3.8000000000e+01,3.0000000000e+01,3.0760316406e+04
1.7700000000e+02,3.8000000000e+01,3.1000000000e+01,6.4458812500e+04
1.7700000000e+02,6.6000000000e+01,0.0000000000e+00,2.0093519688e+00
1.7700000000e+02,6.6000000000e+01,1.0000000000e+00,1.0143280029e+00
1.7700000000e+02,6.6000000000e+01,2.0000000000e+00,6.9750618935e-01
1.7700000000e+02,6.6000000000e+01,3.0000000000e+00,6.0579258204e-01
1.7700000000e+02,6.6000000000e+01,4.0000000000e+00,5.1100420952e-01
1.7700000000e+02,6.6000000000e+01,5.0000000000e+00,4.7988280654e-01
1.7700000000e+02,6.6000000000e+01,6.0000000000e+00,4.3333783746e-01
1.7700000000e+02,6.6000000000e+01,7.0000000000e+00,4.2257624865e-01
1.7700000000e+02,6.6000000000e+01,8.0000000000e+00,3.9761933684e-01
1.7700000000e+02,6.6000000000e+01,9.0000000000e+00,4.0048933029e-01
1.7700000000e+02,6.6000000000e+01,1.0000000000e+01,3.9245489240e-01
1.7700000000e+02,6.6000000000e+01,1.1000000000e+01,4.1255328059e-01
1.7700000000e+02,6.6000000000e+01,1.2000000000e+01,4.2837151885e-01
1.7700000000e+02,6.6000000000e+01,1.3000000000e+01,4.8146343231e-01
1.7700000000e+02,6.6000000000e+01,1.4000000000e+01,5.4606539011e-01
1.7700000000e+02,6.6000000000e+01,1.5000000000e+01,6.7453843355e-01
1.7700000000e+02,6.6000000000e+01,1.6000000000e+01,8.5481226444e-01
1.7700000000e+02,6.6000000000e+01,1.7000000000e+01,1.1676849127e+00
1.7700000000e+02,6.6000000000e+01,1.8000000000e+01,1.6372044086e+00
1.7700000000e+02,6.6000000000e+01,1.9000000000e+01,2.4155287743e+00
1.7700000000e+02,6.6000000000e+01,2.0000000000e+01,3.6252937317e+00
1.7700000000e+02,6.6000000000e+01,2.1000000000e+01,5.5998249054e+00
1.7700000000e+02,6.6000000000e+01,2.2000000000e+01,8.7294168472e+00
1.7700000000e+02,6.6000000000e+01,2.3000000000e+01,1.3815570831e+01
1.7700000000e+02,6.6000000000e+01,2.4000000000e+01,2.1970541000e+01
1.7700000000e+02,6.6000000000e+01,2.5000000000e+01,3.5222827911e+01
1.7700000000e+02,6.6000000000e+01,2.6000000000e+01,5.6626003265e+01
1.7700000000e+02,6.6000000000e+01,2.7000000000e+01,9.1456085205e+01
1.7700000000e+02,6.6000000000e+01,2.8000000000e+01,1.4798379517e+02
1.7700000000e+02,6.6000000000e+01,2.9000000000e+01,2.4013990784e+02
1.7700000000e+02,6.6000000000e+01,3.0000000000e+01,3.9022686768e+02
1.7700000000e+02,6.6000000000e+01,3.1000000000e+01,6.3535467529e+02
1.7700000000e+02,9.4000000000e+01,0.0000000000e+00,2.0015845299e+00
1.7700000000e+02,9.4000000000e+01,1.0000000000e+00,8.1773561239e-01
1.7700000000e+02,9.4000000000e+01,2.0000000000e+00,4.8444169760e-01
1.7700000000e+02,9.4000000000e+01,3.0000000000e+00,3.8616040349e-01
1.7700000000e+02,9.4000000000e+01,4.0000000000e+00,2.9863816500e-01
1.7700000000e+02,9.4000000000e+01,5.0000000000e+00,2.6852369308e-01
1.7700000000e+02,9.4000000000e+01,6.0000000000e+00,2.2959186137e-01
1.7700000000e+02,9.4000000000e+01,7.0000000000e+00,2.1831092238e-01
1.7700000000e+02,9.4000000000e+01,8.0000000000e+00,1.9730220735e-01
1.7700000000e+02,9.4000000000e+01,9.0000000000e+00,1.9392994046e-01
1.7700000000e+02,9.4000000000e+01,1.0000000000e+01,1.8173995614e-01
1.7700000000e+02,9.4000000000e+01,1.1000000000e+01,1.8286751211e-01
1.7700000000e+02,9.4000000000e+01,1.2000000000e+01,1.7626677454e-01
1.7700000000e+02,9.4000000000e+01,1.3000000000e+01,1.8112185597e-01
1.7700000000e+02,9.4000000000e+01,1.4000000000e+01,1.7948031425e-01
1.7700000000e+02,9.4000000000e+01,1.5000000000e+01,1.8902364373e-01
1.7700000000e+02,9.4000000000e+01,1.6000000000e+01,1.9383877516e-01
1.7700000000e+02,9.4000000000e+01,1.7000000000e+01,2.1126586199e-01
1.7700000000e+02,9.4000000000e+01,1.8000000000e+01,2.2714933753e-01
1.7700000000e+02,9.4000000000e+01,1.9000000000e+01,2.5979700685e-01
1.7700000000e+02,9.4000000000e+01,2.0000000000e+01,2.9737222195e-01
1.7700000000e+02,9.4000000000e+01,2.1000000000e+01,3.6119747162e-01
1.7700000000e+02,9.4000000000e+01,2.2000000000e+01,4.4376066327e-01
1.7700000000e+02,9.4000000000e+01,2.3000000000e+01,5.7330894470e-01
1.7700000000e+02,9.4000000000e+01,2.4000000000e+01,7.5163847208e-01
1.7700000000e+02,9.4000000000e+01,2.5000000000e+01,1.0221045017e+00
1.7700000000e+02,9.4000000000e+01,2.6000000000e+01,1.4073040485e+00
1.7700000000e+02,9.4000000000e+01,2.7000000000e+01,1.9835000038e+00
1.7700000000e+02,9.4000000000e+01,2.8000000000e+01,2.8200652599e+00
1.7700000000e+02,9.4000000000e+01,2.9000000000e+01,4.0655784607e+00
1.7700000000e+02,9.4000000000e+01,3.0000000000e+01,5.8946409225e+00
1.7700000000e+02,9.4000000000e+01,3.1000000000e+01,8.6162042618e+00
1.7700000000e+02,1.2100000000e+02,0.0000000000e+00,1.9946604967e+00
1.7700000000e+02,1.2100000000e+02,1.0000000000e+00,6.8235981464e-01
1.7700000000e+02,1.2100000000e+02,2.0000000000e+00,3.6436083913e-01
1.7700000000e+02,1.2100000000e+02,3.0000000000e+00,2.6542156935e-01
1.7700000000e+02,1.2100000000e+02,4.0000000000e+00,1.9611971080e-01
1.7700000000e+02,1.2100000000e+02,5.0000000000e+00,1.6951219738e-01
1.7700000000e+02,1.2100000000e+02,6.0000000000e+00,1.4391477406e-01
1.7700000000e+02,1.2100000000e+02,7.0000000000e+00,1.3494563103e-01
1.7700000000e+02,1.2100000000e+02,8.0000000000e+00,1.2329910696e-01
1.7700000000e+02,1.2100000000e+02,9.0000000000e+00,1.2046384811e-01
1.7700000000e+02,1.2100000000e+02,1.0000000000e+01,1.1447944492e-01
1.7700000000e+02,1.2100000000e+02,1.1000000000e+01,1.1420944333e-01
1.7700000000e+02,1.2100000000e+02,1.2000000000e+01,1.1088660359e-01
1.7700000000e+02,1.2100000000e+02,1.3000000000e+01,1.1190167814e-01
1.7700000000e+02,1.2100000000e+02,1.4000000000e+01,1.1003115028e-01
1.7700000000e+02,1.2100000000e+02,1.5000000000e+01,1.1192645133e-01
1.7700000000e+02,1.2100000000e+02,1.6000000000e+01,1.1108196527e-01
1.7700000000e+02,1.2100000000e+02,1.7000000000e+01,1.1393448710e-01
1.7700000000e+02,1.2100000000e+02,1.8000000000e+01,1.1419826001e-01
1.7700000000e+02,1.2100000000e+02,1.9000000000e+01,1.1855941266e-01
1.7700000000e+02,1.2100000000e+02,2.0000000000e+01,1.2060632557e-01
1.7700000000e+02,1.2100000000e+02,2.1000000000e+01,1.2780012190e-01
1.7700000000e+02,1.2100000000e+02,2.2000000000e+01,1.3336098194e-01
1.7700000000e+02,1.2100000000e+02,2.3000000000e+01,1.4626434445e-01
1.7700000000e+02,1.2100000000e+02,2.4000000000e+01,1.5927214921e-01
1.7700000000e+02,1.2100000000e+02,2.5000000000e+01,1.8408365548e-01
1.7700000000e+02,1.2100000000e+02,2.6000000000e+01,2.1326752007e-01
1.7700000000e+02,1.2100000000e+02,2.7000000000e+01,2.6342847943e-01
1.7700000000e+02,1.2100000000e+02,2.8000000000e+01,3.2808694243e-01
1.7700000000e+02,1.2100000000e+02,2.9000000000e+01,4.3295013905e-01
1.7700000000e+02,1.2100000000e+02,3.0000000000e+01,5.7576340437e-01
1.7700000000e+02,1.2100000000e+02,3.1000000000e+01,7.9977339506e-01
1.7700000000e+02,1.4900000000e+02,0.0000000000e+00,1.9938828945e+00
1.7700000000e+02,1.4900000000e+02,1.0000000000e+00,5.8892458677e-01
1.7700000000e+02,1.4900000000e+02,2.0000000000e+00,2.8751826286e-01
1.7700000000e+02,1.4900000000e+02,3.0000000000e+00,1.9462782145e-01
1.7700000000e+02,1.4900000000e+02,4.0000000000e+00,1.4163200557e-01
1.7700000000e+02,1.4900000000e+02,5.0000000000e+00,1.1993227154e-01
1.7700000000e+02,1.4900000000e+02,6.0000000000e+00,1.0410920531e-01
1.7700000000e+02,1.4900000000e+02,7.0000000000e+00,9.7665548325e-02
1.7700000000e+02,1.4900000000e+02,8.0000000000e+00,9.1904938221e-02
1.7700000000e+02,1.4900000000e+02,9.0000000000e+00,8.9964382350e-02
1.7700000000e+02,1.4900000000e+02,1.0000000000e+01,8.7633319199e-02
1.7700000000e+02,1.4900000000e+02,1.1000000000e+01,8.7193645537e-02
1.7700000000e+02,1.4900000000e+02,1.2000000000e+01,8.6188212037e-02
1.7700000000e+02,1.4900000000e+02,1.3000000000e+01,8.6263105273e-02
1.7700000000e+02,1.4900000000e+02,1.4000000000e+01,8.5818469524e-02
1.7700000000e+02,1.4900000000e+02,1.5000000000e+01,8.6060926318e-02
1.7700000000e+02,1.4900000000e+02,1.6000000000e+01,8.5877679288e-02
1.7700000000e+02,1.4900000000e+02,1.7000000000e+01,8.6166970432e-02
1.7700000000e+02,1.4900000000e+02,1.8000000000e+01,8.6125560105e-02
1.7700000000e+02,1.4900000000e+02,1.9000000000e+01,8.6426645517e-02
1.7700000000e+02,1.4900000000e+02,2.0000000000e+01,8.6483456194e-02
1.7700000000e+02,1.4900000000e+02,2.1000000000e+01,8.6795859039e-02
1.7700000000e+02,1.4900000000e+02,2.2000000000e+01,8.6942948401e-02
1.7700000000e+02,1.4900000000e+02,2.3000000000e+01,8.7282091379e-02
1.7700000000e+02,1.4900000000e+02,2.4000000000e+01,8.7531700730e-02
1.7700000000e+02,1.4900000000e+02,2.5000000000e+01,8.7923027575e-02
1.7700000000e+02,1.4900000000e+02,2.6000000000e+01,8.8302679360e-02
1.7700000000e+02,1.4900000000e+02,2.7000000000e+01,8.8781513274e-02
1.7700000000e+02,1.4900000000e+02,2.8000000000e+01,8.9334174991e-02
1.7700000000e+02,1.4900000000e+02,2.9000000000e+01,8.9948721230e-02
1.7700000000e+02,1.4900000000e+02,3.0000000000e+01,9.0736381710e-02
1.7700000000e+02,1.4900000000e+02,3.1000000000e+01,9.1553047299e-02
1.7700000000e+02,1.7700000000e+02,0.0000000000e+00,2.0068466663e+00
1.7700000000e+02,1.7700000000e+02,1.0000000000e+00,5.2164596319e-01
1.7700000000e+02,1.7700000000e+02,2.0000000000e+00,2.3234394193e-01
1.7700000000e+02,1.7700000000e+02,3.0000000000e+00,1.5287154913e-01
1.7700000000e+02,1.7700000000e+02,4.0000000000e+00,1.1015204340e-01
1.7700000000e+02,1.7700000000e+02,5.0000000000e+00,9.5649175346e-02
1.7700000000e+02,1.7700000000e+02,6.0000000000e+00,8.5055164993e-02
1.7700000000e+02,1.7700000000e+02,7.0000000000e+00,8.1935331225e-02
1.7700000000e+02,1.7700000000e+02,8.0000000000e+00,7.8739441931e-02
1.7700000000e+02,1.7700000000e+02,9.0000000000e+00,7.8243628144e-02
1.7700000000e+02,1.7700000000e+02,1.0000000000e+01,7.7157102525e-02
1.7700000000e+02,1.7700000000e+02,1.1000000000e+01,7.7283553779e-02
1.7700000000e+02,1.7700000000e+02,1.2000000000e+01,7.6866090298e-02
1.7700000000e+02,1.7700000000e+02,1.3000000000e+01,7.7102154493e-02
1.7700000000e+02,1.7700000000e+02,1.4000000000e+01,7.6909773052e-02
1.7700000000e+02,1.7700000000e+02,1.5000000000e+01,7.7128037810e-02
1.7700000000e+02,1.7700000000e+02,1.6000000000e+01,7.7014163136e-02
1.7700000000e+02,1.7700000000e+02,1.7000000000e+01,7.7192053199e-02
1.7700000000e+02,1.7700000000e+02,1.8000000000e+01,7.7106595039e-02
1.7700000000e+02,1.7700000000e+02,1.9000000000e+01,7.7248364687e-02
1.7700000000e+02,1.7700000000e+02,2.0000000000e+01,7.7173992991e-02
1.7700000000e+02,1.7700000000e+02,2.1000000000e+01,7.7288612723e-02
1.7700000000e+02,1.7700000000e+02,2.2000000000e+01,7.7219411731e-02
1.7700000000e+02,1.7700000000e+02,2.3000000000e+01,7.7314786613e-02
1.7700000000e+02,1.7700000000e+02,2.4000000000e+01,7.7248774469e-02
1.7700000000e+02,1.7700000000e+02,2.5000000000e+01,7.7330738306e-02
1.7700000000e+02,1.7700000000e+02,2.6000000000e+01,7.7267244458e-02
1.7700000000e+02,1.7700000000e+02,2.7000000000e+01,7.7339895070e-02
1.7700000000e+02,1.7700000000e+02,2.8000000000e+01,7.7278643847e-02
1.7700000000e+02,1.7700000000e+02,2.9000000000e+01,7.7344715595e-02
1.7700000000e+02,1.7700000000e+02,3.0000000000e+01,7.7285543084e-02
1.7700000000e+02,1.7700000000e+02,3.1000000000e+01,7.7346883714e-02
1.7700000000e+02,2.0500000000e+02,0.0000000000e+00,2.0084671974e+00
1.7700000000e+02,2.0500000000e+02,1.0000000000e+00,4.6480491757e-01
1.7700000000e+02,2.0500000000e+02,2.0000000000e+00,1.8946664035e-01
1.7700000000e+02,2.0500000000e+02,3.0000000000e+00,1.1946668476e-01
1.7700000000e+02,2.0500000000e+02,4.0000000000e+00,8.4937758744e-02
1.7700000000e+02,2.0500000000e+02,5.0000000000e+00,7.4644446373e-02
1.7700000000e+02,2.0500000000e+02,6.0000000000e+00,6.7421883345e-02
1.7700000000e+02,2.0500000000e+02,7.0000000000e+00,6.5874837339e-02
1.7700000000e+02,2.0500000000e+02,8.0000000000e+00,6.4048163593e-02
1.7700000000e+02,2.0500000000e+02,9.0000000000e+00,6.4069405198e-02
1.7700000000e+02,2.0500000000e+02,1.0000000000e+01,6.3552342355e-02
1.7700000000e+02,2.0500000000e+02,1.1000000000e+01,6.3795968890e-02
1.7700000000e+02,2.0500000000e+02,1.2000000000e+01,6.3630118966e-02
1.7700000000e+02,2.0500000000e+02,1.3000000000e+01,6.3842266798e-02
1.7700000000e+02,2.0500000000e+02,1.4000000000e+01,6.3775844872e-02
1.7700000000e+02,2.0500000000e+02,1.5000000000e+01,6.3928470016e-02
1.7700000000e+02,2.0500000000e+02,1.6000000000e+01,6.3891522586e-02
1.7700000000e+02,2.0500000000e+02,1.7000000000e+01,6.3998542726e-02
1.7700000000e+02,2.0500000000e+02,1.8000000000e+01,6.3971318305e-02
1.7700000000e+02,2.0500000000e+02,1.9000000000e+01,6.4049124718e-02
1.7700000000e+02,2.0500000000e+02,2.0000000000e+01,6.4026206732e-02
1.7700000000e+02,2.0500000000e+02,2.1000000000e+01,6.4086928964e-02
1.7700000000e+02,2.0500000000e+02,2.2000000000e+01,6.4067028463e-02
1.7700000000e+02,2.0500000000e+02,2.3000000000e+01,6.4118802547e-02
1.7700000000e+02,2.0500000000e+02,2.4000000000e+01,6.4101822674e-02
1.7700000000e+02,2.0500000000e+02,2.5000000000e+01,6.4150094986e-02
1.7700000000e+02,2.0500000000e+02,2.6000000000e+01,6.4136408269e-02
1.7700000000e+02,2.0500000000e+02,2.7000000000e+01,6.4185023308e-02
1.7700000000e+02,2.0500000000e+02,2.8000000000e+01,6.4175263047e-02
1.7700000000e+02,2.0500000000e+02,2.9000000000e+01,6.4227260649e-02
1.7700000000e+02,2.0500000000e+02,3.0000000000e+01,6.4222358167e-02
1.7700000000e+02,2.0500000000e+02,3.1000000000e+01,6.4280472696e-02
1.7700000000e+02,2.3300000000e+02,0.0000000000e+00,2.0013637543e+00
1.7700000000e+02,2.3300000000e+02,1.0000000000e+00,4.1965854168e-01
1.7700000000e+02,2.3300000000e+02,2.0000000000e+00,1.6295850277e-01
1.7700000000e+02,2.3300000000e+02,3.0000000000e+00,1.0097701102e-01
1.7700000000e+02,2.3300000000e+02,4.0000000000e+00,7.3563486338e-02
1.7700000000e+02,2.3300000000e+02,5.0000000000e+00,6.5808914602e-02
1.7700000000e+02,2.3300000000e+02,6.0000000000e+00,6.0923688114e-02
1.7700000000e+02,2.3300000000e+02,7.0000000000e+00,5.9994149953e-02
1.7700000000e+02,2.3300000000e+02,8.0000000000e+00,5.8943614364e-02
1.7700000000e+02,2.3300000000e+02,9.0000000000e+00,5.9020236135e-02
1.7700000000e+02,2.3300000000e+02,1.0000000000e+01,5.8766677976e-02
1.7700000000e+02,2.3300000000e+02,1.1000000000e+01,5.8929543942e-02
1.7700000000e+02,2.3300000000e+02,1.2000000000e+01,5.8858174831e-02
1.7700000000e+02,2.3300000000e+02,1.3000000000e+01,5.8975804597e-02
1.7700000000e+02,2.3300000000e+02,1.4000000000e+01,5.8948636055e-02
1.7700000000e+02,2.3300000000e+02,1.5000000000e+01,5.9021595865e-02
1.7700000000e+02,2.3300000000e+02,1.6000000000e+01,5.9006191790e-02
1.7700000000e+02,2.3300000000e+02,1.7000000000e+01,5.9050150216e-02
1.7700000000e+02,2.3300000000e+02,1.8000000000e+01,5.9038747102e-02
1.7700000000e+02,2.3300000000e+02,1.9000000000e+01,5.9065639973e-02
1.7700000000e+02,2.3300000000e+02,2.0000000000e+01,5.9056311846e-02
1.7700000000e+02,2.3300000000e+02,2.1000000000e+01,5.9073399752e-02
1.7700000000e+02,2.3300000000e+02,2.2000000000e+01,5.9065572917e-02
1.7700000000e+02,2.3300000000e+02,2.3000000000e+01,5.9076998383e-02
1.7700000000e+02,2.3300000000e+02,2.4000000000e+01,5.9070385993e-02
1.7700000000e+02,2.3300000000e+02,2.5000000000e+01,5.9078458697e-02
1.7700000000e+02,2.3300000000e+02,2.6000000000e+01,5.9072852135e-02
1.7700000000e+02,2.3300000000e+02,2.7000000000e+01,5.9078883380e-02
1.7700000000e+02,2.3300000000e+02,2.8000000000e+01,5.9074103832e-02
1.7700000000e+02,2.3300000000e+02,2.9000000000e+01,5.9078831226e-02
1.7700000000e+02,2.3300000000e+02,3.0000000000e+01,5.9074737132e-02
1.7700000000e+02,2.3300000000e+02,3.1000000000e+01,5.9078577906e-02
1.7700000000e+02,2.6100000000e+02,0.0000000000e+00,2.0040640831e+00
1.7700000000e+02,2.6100000000e+02,1.0000000000e+00,3.8176807761e-01
1.7700000000e+02,2.6100000000e+02,2.0000000000e+00,1.4090502262e-01
1.7700000000e+02,2.6100000000e+02,3.0000000000e+00,8.4757827222e-02
1.7700000000e+02,2.6100000000e+02,4.0000000000e+00,6.4431339502e-02
1.7700000000e+02,2.6100000000e+02,5.0000000000e+00,5.8350190520e-02
1.7700000000e+02,2.6100000000e+02,6.0000000000e+00,5.5883485824e-02
1.7700000000e+02,2.6100000000e+02,7.0000000000e+00,5.5291652679e-02
1.7700000000e+02,2.6100000000e+02,8.0000000000e+00,5.5106800050e-02
1.7700000000e+02,2.6100000000e+02,9.0000000000e+00,5.5181205273e-02
1.7700000000e+02,2.6100000000e+02,1.0000000000e+01,5.5264040828e-02
1.7700000000e+02,2.6100000000e+02,1.1000000000e+01,5.5363107473e-02
1.7700000000e+02,2.6100000000e+02,1.2000000000e+01,5.5436268449e-02
1.7700000000e+02,2.6100000000e+02,1.3000000000e+01,5.5495746434e-02
1.7700000000e+02,2.6100000000e+02,1.4000000000e+01,5.5538047105e-02
1.7700000000e+02,2.6100000000e+02,1.5000000000e+01,5.5568940938e-02
1.7700000000e+02,2.6100000000e+02,1.6000000000e+01,5.5590994656e-02
1.7700000000e+02,2.6100000000e+02,1.7000000000e+01,5.5606335402e-02
1.7700000000e+02,2.6100000000e+02,1.8000000000e+01,5.5617433041e-02
1.7700000000e+02,2.6100000000e+02,1.9000000000e+01,5.5624961853e-02
1.7700000000e+02,2.6100000000e+02,2.0000000000e+01,5.5630460382e-02
1.7700000000e+02,2.6100000000e+02,2.1000000000e+01,5.5634159595e-02
1.7700000000e+02,2.6100000000e+02,2.2000000000e+01,5.5636875331e-02
1.7700000000e+02,2.6100000000e+02,2.3000000000e+01,5.5638708174e-02
1.7700000000e+02,2.6100000000e+02,2.4000000000e+01,5.5640026927e-02
1.7700000000e+02,2.6100000000e+02,2.5000000000e+01,5.5640950799e-02
1.7700000000e+02,2.6100000000e+02,2.6000000000e+01,5.5641591549e-02
1.7700000000e+02,2.6100000000e+02,2.7000000000e+01,5.5642064661e-02
1.7700000000e+02,2.6100000000e+02,2.8000000000e+01,5.5642358959e-02
1.7700000000e+02,2.6100000000e+02,2.9000000000e+01,5.5642616004e-02
1.7700000000e+02,2.6100000000e+02,3.0000000000e+01,5.5642742664e-02
1.7700000000e+02,2.6100000000e+02,3.1000000000e+01,5.5642884225e-02
1.7700000000e+02,2.8900000000e+02,0.0000000000e+00,1.9930837154e+00
1.7700000000e+02,2.8900000000e+02,1.0000000000e+00,3.4682688117e-01
1.7700000000e+02,2.8900000000e+02,2.0000000000e+00,1.2100815028e-01
1.7700000000e+02,2.8900000000e+02,3.0000000000e+00,7.1402862668e-02
1.7700000000e+02,2.8900000000e+02,4.0000000000e+00,5.4149206728e-02
1.7700000000e+02,2.8900000000e+02,5.0000000000e+00,4.9425687641e-02
1.7700000000e+02,2.8900000000e+02,6.0000000000e+00,4.7390840948e-02
1.7700000000e+02,2.8900000000e+02,7.0000000000e+00,4.7004356980e-02
1.7700000000e+02,2.8900000000e+02,8.0000000000e+00,4.6784467995e-02
1.7700000000e+02,2.8900000000e+02,9.0000000000e+00,4.6850398183e-02
1.7700000000e+02,2.8900000000e+02,1.0000000000e+01,4.6854026616e-02
1.7700000000e+02,2.8900000000e+02,1.1000000000e+01,4.6923507005e-02
1.7700000000e+02,2.8900000000e+02,1.2000000000e+01,4.6940155327e-02
1.7700000000e+02,2.8900000000e+02,1.3000000000e+01,4.6979881823e-02
1.7700000000e+02,2.8900000000e+02,1.4000000000e+01,4.6988423914e-02
1.7700000000e+02,2.8900000000e+02,1.5000000000e+01,4.7009121627e-02
1.7700000000e+02,2.8900000000e+02,1.6000000000e+01,4.7012023628e-02
1.7700000000e+02,2.8900000000e+02,1.7000000000e+01,4.7022841871e-02
1.7700000000e+02,2.8900000000e+02,1.8000000000e+01,4.7023169696e-02
1.7700000000e+02,2.8900000000e+02,1.9000000000e+01,4.7029033303e-02
1.7700000000e+02,2.8900000000e+02,2.0000000000e+01,4.7028426081e-02
1.7700000000e+02,2.8900000000e+02,2.1000000000e+01,4.7031767666e-02
1.7700000000e+02,2.8900000000e+02,2.2000000000e+01,4.7030940652e-02
1.7700000000e+02,2.8900000000e+02,2.3000000000e+01,4.7032944858e-02
1.7700000000e+02,2.8900000000e+02,2.4000000000e+01,4.7032169998e-02
1.7700000000e+02,2.8900000000e+02,2.5000000000e+01,4.7033436596e-02
1.7700000000e+02,2.8900000000e+02,2.6000000000e+01,4.7032792121e-02
1.7700000000e+02,2.8900000000e+02,2.7000000000e+01,4.7033622861e-02
1.7700000000e+02,2.8900000000e+02,2.8000000000e+01,4.7033112496e-02
1.7700000000e+02,2.8900000000e+02,2.9000000000e+01,4.7033682466e-02
1.7700000000e+02,2.8900000000e+02,3.0000000000e+01,4.7033291310e-02
1.7700000000e+02,2.8900000000e+02,3.1000000000e+01,4.7033686191e-02
1.7700000000e+02,3.1600000000e+02,0.0000000000e+00,1.9946194887e+00
1.7700000000e+02,3.1600000000e+02,1.0000000000e+00,3.2424402237e-01
1.7700000000e+02,3.1600000000e+02,2.0000000000e+00,1.1066307873e-01
1.7700000000e+02,3.1600000000e+02,3.0000000000e+00,6.5460979939e-02
1.7700000000e+02,3.1600000000e+02,4.0000000000e+00,5.1583021879e-02
1.7700000000e+02,3.1600000000e+02,5.0000000000e+00,4.7800786793e-02
1.7700000000e+02,3.1600000000e+02,6.0000000000e+00,4.6556212008e-02
1.7700000000e+02,3.1600000000e+02,7.0000000000e+00,4.6288751066e-02
1.7700000000e+02,3.1600000000e+02,8.0000000000e+00,4.6257924289e-02
1.7700000000e+02,3.1600000000e+02,9.0000000000e+00,4.6299993992e-02
1.7700000000e+02,3.1600000000e+02,1.0000000000e+01,4.6353206038e-02
1.7700000000e+02,3.1600000000e+02,1.1000000000e+01,4.6390179545e-02
1.7700000000e+02,3.1600000000e+02,1.2000000000e+01,4.6422977000e-02
1.7700000000e+02,3.1600000000e+02,1.3000000000e+01,4.6440403908e-02
1.7700000000e+02,3.1600000000e+02,1.4000000000e+01,4.6456322074e-02
1.7700000000e+02,3.1600000000e+02,1.5000000000e+01,4.6463444829e-02
1.7700000000e+02,3.1600000000e+02,1.6000000000e+01,4.6470824629e-02
1.7700000000e+02,3.1600000000e+02,1.7000000000e+01,4.6473506838e-02
1.7700000000e+02,3.1600000000e+02,1.8000000000e+01,4.6476963907e-02
1.7700000000e+02,3.1600000000e+02,1.9000000000e+01,4.6477872878e-02
1.7700000000e+02,3.1600000000e+02,2.0000000000e+01,4.6479549259e-02
1.7700000000e+02,3.1600000000e+02,2.1000000000e+01,4.6479780227e-02
1.7700000000e+02,3.1600000000e+02,2.2000000000e+01,4.6480633318e-02
1.7700000000e+02,3.1600000000e+02,2.3000000000e+01,4.6480629593e-02
1.7700000000e+02,3.1600000000e+02,2.4000000000e+01,4.6481084079e-02
1.7700000000e+02,3.1600000000e+02,2.5000000000e+01,4.6481013298e-02
1.7700000000e+02,3.1600000000e+02,2.6000000000e+01,4.6481274068e-02
1.7700000000e+02,3.1600000000e+02,2.7000000000e+01,4.6481184661e-02
1.7700000000e+02,3.1600000000e+02,2.8000000000e+01,4.6481344849e-02
1.7700000000e+02,3.1600000000e+02,2.9000000000e+01,4.6481274068e-02
1.7700000000e+02,3.1600000000e+02,3.0000000000e+01,4.6481378376e-02
1.7700000000e+02,3.1600000000e+02,3.1000000000e+01,4.6481315047e-02
1.7700000000e+02,3.4400000000e+02,0.0000000000e+00,2.0051727295e+00
1.7700000000e+02,3.4400000000e+02,1.0000000000e+00,3.0611705780e-01
1.7700000000e+02,3.4400000000e+02,2.0000000000e+00,1.0157734901e-01
1.7700000000e+02,3.4400000000e+02,3.0000000000e+00,6.2662236392e-02
1.7700000000e+02,3.4400000000e+02,4.0000000000e+00,5.1076315343e-02
1.7700000000e+02,3.4400000000e+02,5.0000000000e+00,4.8670589924e-02
1.7700000000e+02,3.4400000000e+02,6.0000000000e+00,4.7818008810e-02
1.7700000000e+02,3.4400000000e+02,7.0000000000e+00,4.7857277095e-02
1.7700000000e+02,3.4400000000e+02,8.0000000000e+00,4.7865569592e-02
1.7700000000e+02,3.4400000000e+02,9.0000000000e+00,4.7983560711e-02
1.7700000000e+02,3.4400000000e+02,1.0000000000e+01,4.8022922128e-02
1.7700000000e+02,3.4400000000e+02,1.1000000000e+01,4.8082292080e-02
1.7700000000e+02,3.4400000000e+02,1.2000000000e+01,4.8100497574e-02
1.7700000000e+02,3.4400000000e+02,1.3000000000e+01,4.8126317561e-02
1.7700000000e+02,3.4400000000e+02,1.4000000000e+01,4.8132888973e-02
1.7700000000e+02,3.4400000000e+02,1.5000000000e+01,4.8143971711e-02
1.7700000000e+02,3.4400000000e+02,1.6000000000e+01,4.8145975918e-02
1.7700000000e+02,3.4400000000e+02,1.7000000000e+01,4.8150848597e-02
1.7700000000e+02,3.4400000000e+02,1.8000000000e+01,4.8151269555e-02
1.7700000000e+02,3.4400000000e+02,1.9000000000e+01,4.8153497279e-02
1.7700000000e+02,3.4400000000e+02,2.0000000000e+01,4.8153452575e-02
1.7700000000e+02,3.4400000000e+02,2.1000000000e+01,4.8154514283e-02
1.7700000000e+02,3.4400000000e+02,2.2000000000e+01,4.8154368997e-02
1.7700000000e+02,3.4400000000e+02,2.3000000000e+01,4.8154897988e-02
1.7700000000e+02,3.4400000000e+02,2.4000000000e+01,4.8154763877e-02
1.7700000000e+02,3.4400000000e+02,2.5000000000e+01,4.8155039549e-02
1.7700000000e+02,3.4400000000e+02,2.6000000000e+01,4.8154938966e-02
1.7700000000e+02,3.4400000000e+02,2.7000000000e+01,4.8155087978e-02
1.7700000000e+02,3.4400000000e+02,2.8000000000e+01,4.8155024648e-02
1.7700000000e+02,3.4400000000e+02,2.9000000000e+01,4.8155102879e-02
1.7700000000e+02,3.4400000000e+02,3.0000000000e+01,4.8155058175e-02
1.7700000000e+02,3.4400000000e+02,3.1000000000e+01,4.8155102879e-02
1.7700000000e+02,3.7200000000e+02,0.0000000000e+00,1.9890645742e+00
1.7700000000e+02,3.7200000000e+02,1.0000000000e+00,2.8231251240e-01
1.7700000000e+02,3.7200000000e+02,2.0000000000e+00,8.6874097586e-02
1.7700000000e+02,3.7200000000e+02,3.0000000000e+00,5.2117783576e-02
1.7700000000e+02,3.7200000000e+02,4.0000000000e+00,4.1911415756e-02
1.7700000000e+02,3.7200000000e+02,5.0000000000e+00,4.0033653378e-02
1.7700000000e+02,3.7200000000e+02,6.0000000000e+00,3.9293818176e-02
1.7700000000e+02,3.7200000000e+02,7.0000000000e+00,3.9341721684e-02
1.7700000000e+02,3.7200000000e+02,8.0000000000e+00,3.9326999336e-02
1.7700000000e+02,3.7200000000e+02,9.0000000000e+00,3.9411105216e-02
1.7700000000e+02,3.7200000000e+02,1.0000000000e+01,3.9431553334e-02
1.7700000000e+02,3.7200000000e+02,1.1000000000e+01,3.9469312876e-02
1.7700000000e+02,3.7200000000e+02,1.2000000000e+01,3.9479065686e-02
1.7700000000e+02,3.7200000000e+02,1.3000000000e+01,3.9494011551e-02
1.7700000000e+02,3.7200000000e+02,1.4000000000e+01,3.9497420192e-02
1.7700000000e+02,3.7200000000e+02,1.5000000000e+01,3.9503358305e-02
1.7700000000e+02,3.7200000000e+02,1.6000000000e+01,3.9504308254e-02
1.7700000000e+02,3.7200000000e+02,1.7000000000e+01,3.9506778121e-02
1.7700000000e+02,3.7200000000e+02,1.8000000000e+01,3.9506915957e-02
1.7700000000e+02,3.7200000000e+02,1.9000000000e+01,3.9508022368e-02
1.7700000000e+02,3.7200000000e+02,2.0000000000e+01,3.9507921785e-02
1.7700000000e+02,3.7200000000e+02,2.1000000000e+01,3.9508465677e-02
1.7700000000e+02,3.7200000000e+02,2.2000000000e+01,3.9508324116e-02
1.7700000000e+02,3.7200000000e+02,2.3000000000e+01,3.9508614689e-02
1.7700000000e+02,3.7200000000e+02,2.4000000000e+01,3.9508499205e-02
1.7700000000e+02,3.7200000000e+02,2.5000000000e+01,3.9508663118e-02
1.7700000000e+02,3.7200000000e+02,2.6000000000e+01,3.9508573711e-02
1.7700000000e+02,3.7200000000e+02,2.7000000000e+01,3.9508674294e-02
1.7700000000e+02,3.7200000000e+02,2.8000000000e+01,3.9508603513e-02
1.7700000000e+02,3.7200000000e+02,2.9000000000e+01,3.9508674294e-02
1.7700000000e+02,3.7200000000e+02,3.0000000000e+01,3.9508625865e-02
1.7700000000e+02,3.7200000000e+02,3.1000000000e+01,3.9508670568e-02
1.7700000000e+02,4.0000000000e+02,0.0000000000e+00,2.0009486675e+00
1.7700000000e+02,4.0000000000e+02,1.0000000000e+00,2.6570841670e-01
1.7700000000e+02,4.0000000000e+02,2.0000000000e+00,7.9240553081e-02
1.7700000000e+02,4.0000000000e+02,3.0000000000e+00,4.8050306737e-02
1.7700000000e+02,4.0000000000e+02,4.0000000000e+00,3.9303522557e-02
1.7700000000e+02,4.0000000000e+02,5.0000000000e+00,3.7920121104e-02
1.7700000000e+02,4.0000000000e+02,6.0000000000e+00,3.7343259901e-02
1.7700000000e+02,4.0000000000e+02,7.0000000000e+00,3.7436891347e-02
1.7700000000e+02,4.0000000000e+02,8.0000000000e+00,3.7424493581e-02
1.7700000000e+02,4.0000000000e+02,9.0000000000e+00,3.7502892315e-02
1.7700000000e+02,4.0000000000e+02,1.0000000000e+01,3.7515223026e-02
1.7700000000e+02,4.0000000000e+02,1.1000000000e+01,3.7546481937e-02
1.7700000000e+02,4.0000000000e+02,1.2000000000e+01,3.7552010268e-02
1.7700000000e+02,4.0000000000e+02,1.3000000000e+01,3.7563338876e-02
1.7700000000e+02,4.0000000000e+02,1.4000000000e+01,3.7565201521e-02
1.7700000000e+02,4.0000000000e+02,1.5000000000e+01,3.7569276989e-02
1.7700000000e+02,4.0000000000e+02,1.6000000000e+01,3.7569843233e-02
1.7700000000e+02,4.0000000000e+02,1.7000000000e+01,3.7571333349e-02
1.7700000000e+02,4.0000000000e+02,1.8000000000e+01,3.7571493536e-02
1.7700000000e+02,4.0000000000e+02,1.9000000000e+01,3.7572041154e-02
1.7700000000e+02,4.0000000000e+02,2.0000000000e+01,3.7572085857e-02
1.7700000000e+02,4.0000000000e+02,2.1000000000e+01,3.7572294474e-02
1.7700000000e+02,4.0000000000e+02,2.2000000000e+01,3.7572298199e-02
1.7700000000e+02,4.0000000000e+02,2.3000000000e+01,3.7572380155e-02
1.7700000000e+02,4.0000000000e+02,2.4000000000e+01,3.7572380155e-02
1.7700000000e+02,4.0000000000e+02,2.5000000000e+01,3.7572409958e-02
1.7700000000e+02,4.0000000000e+02,2.6000000000e+01,3.7572406232e-02
1.7700000000e+02,4.0000000000e+02,2.7000000000e+01,3.7572421134e-02
1.7700000000e+02,4.0000000000e+02,2.8000000000e+01,3.7572421134e-02
1.7700000000e+02,4.0000000000e+02,2.9000000000e+01,3.7572428584e-02
1.7700000000e+02,4.0000000000e+02,3.0000000000e+01,3.7572424859e-02
1.7700000000e+02,4.0000000000e+02,3.1000000000e+01,3.7572428584e-02
2.0500000000e+02,1.0000000000e+01,0.0000000000e+00,1.9844572544e+00
2.0500000000e+02,1.0000000000e+01,1.0000000000e+00,1.9967404604e+00
2.0500000000e+02,1.0000000000e+01,2.0000000000e+00,1.9201025963e+00
2.0500000000e+02,1.0000000000e+01,3.0000000000e+00,2.0307469368e+00
2.0500000000e+02,1.0000000000e+01,4.0000000000e+00,2.0253677368e+00
2.0500000000e+02,1.0000000000e+01,5.0000000000e+00,2.1291611195e+00
2.0500000000e+02,1.0000000000e+01,6.0000000000e+00,2.2049400806e+00
2.0500000000e+02,1.0000000000e+01,7.0000000000e+00,2.5586280823e+00
2.0500000000e+02,1.0000000000e+01,8.0000000000e+00,3.4124886990e+00
2.0500000000e+02,1.0000000000e+01,9.0000000000e+00,6.3491191864e+00
2.0500000000e+02,1.0000000000e+01,1.0000000000e+01,1.5566832542e+01
2.0500000000e+02,1.0000000000e+01,1.1000000000e+01,4.6696010590e+01
2.0500000000e+02,1.0000000000e+01,1.2000000000e+01,1.5086164856e+02
2.0500000000e+02,1.0000000000e+01,1.3000000000e+01,5.0674554443e+02
2.0500000000e+02,1.0000000000e+01,1.4000000000e+01,1.7253853760e+03
2.0500000000e+02,1.0000000000e+01,1.5000000000e+01,5.9316093750e+03
2.0500000000e+02,1.0000000000e+01,1.6000000000e+01,2.0492521484e+04
2.0500000000e+02,1.0000000000e+01,1.7000000000e+01,7.1092343750e+04
2.0500000000e+02,1.0000000000e+01,1.8000000000e+01,2.4731998438e+05
2.0500000000e+02,1.0000000000e+01,1.9000000000e+01,8.6241706250e+05
2.0500000000e+02,1.0000000000e+01,2.0000000000e+01,3.0126427500e+06
2.0500000000e+02,1.0000000000e+01,2.1000000000e+01,1.0539556000e+07
2.0500000000e+02,1.0000000000e+01,2.2000000000e+01,3.6915728000e+07
2.0500000000e+02,1.0000000000e+01,2.3000000000e+01,1.2942819200e+08
2.0500000000e+02,1.0000000000e+01,2.4000000000e+01,4.5414800000e+08
2.0500000000e+02,1.0000000000e+01,2.5000000000e+01,1.5946256640e+09
2.0500000000e+02,1.0000000000e+01,2.6000000000e+01,5.6022589440e+09
2.0500000000e+02,1.0000000000e+01,2.7000000000e+01,1.9691141120e+10
2.0500000000e+02,1.0000000000e+01,2.8000000000e+01,6.9238702080e+10
2.0500000000e+02,1.0000000000e+01,2.9000000000e+01,2.4353968947e+11
2.0500000000e+02,1.0000000000e+01,3.0000000000e+01,8.5686013133e+11
2.0500000000e+02,1.0000000000e+01,3.1000000000e+01,3.0154408591e+12
2.0500000000e+02,3.8000000000e+01,0.0000000000e+00,2.0059597492e+00
2.0500000000e+02,3.8000000000e+01,1.0000000000e+00,1.3233153820e+00
2.0500000000e+02,3.8000000000e+01,2.0000000000e+00,1.0716301203e+00
2.0500000000e+02,3.8000000000e+01,3.0000000000e+00,1.0330457687e+00
2.0500000000e+02,3.8000000000e+01,4.0000000000e+00,9.5678007603e-01
2.0500000000e+02,3.8000000000e+01,5.0000000000e+00,9.5466095209e-01
2.0500000000e+02,3.8000000000e+01,6.0000000000e+00,9.1855967045e-01
2.0500000000e+02,3.8000000000e+01,7.0000000000e+00,9.3296062946e-01
2.0500000000e+02,3.8000000000e+01,8.0000000000e+00,9.2177772522e-01
2.0500000000e+02,3.8000000000e+01,9.0000000000e+00,9.6108025312e-01
2.0500000000e+02,3.8000000000e+01,1.0000000000e+01,9.9043649435e-01
2.0500000000e+02,3.8000000000e+01,1.1000000000e+01,1.0958280563e+00
2.0500000000e+02,3.8000000000e+01,1.2000000000e+01,1.2401008606e+00
2.0500000000e+02,3.8000000000e+01,1.3000000000e+01,1.5590474606e+00
2.0500000000e+02,3.8000000000e+01,1.4000000000e+01,2.0977892876e+00
2.0500000000e+02,3.8000000000e+01,1.5000000000e+01,3.1814472675e+00
2.0500000000e+02,3.8000000000e+01,1.6000000000e+01,5.2015419006e+00
2.0500000000e+02,3.8000000000e+01,1.7000000000e+01,9.2427368164e+00
2.0500000000e+02,3.8000000000e+01,1.8000000000e+01,1.7208810806e+01
2.0500000000e+02,3.8000000000e+01,1.9000000000e+01,3.3442295074e+01
2.0500000000e+02,3.8000000000e+01,2.0000000000e+01,6.6649215698e+01
2.0500000000e+02,3.8000000000e+01,2.1000000000e+01,1.3586235046e+02
2.0500000000e+02,3.8000000000e+01,2.2000000000e+01,2.8129394531e+02
2.0500000000e+02,3.8000000000e+01,2.3000000000e+01,5.9061401367e+02
2.0500000000e+02,3.8000000000e+01,2.4000000000e+01,1.2536789551e+03
2.0500000000e+02,3.8000000000e+01,2.5000000000e+01,2.6871118164e+03
2.0500000000e+02,3.8000000000e+01,2.6000000000e+01,5.8057641602e+03
2.0500000000e+02,3.8000000000e+01,2.7000000000e+01,1.2631948242e+04
2.0500000000e+02,3.8000000000e+01,2.8000000000e+01,2.7645917969e+04
2.0500000000e+02,3.8000000000e+01,2.9000000000e+01,6.0812007812e+04
2.0500000000e+02,3.8000000000e+01,3.0000000000e+01,1.3433892188e+05
2.0500000000e+02,3.8000000000e+01,3.1000000000e+01,2.9785068750e+05
2.0500000000e+02,6.6000000000e+01,0.0000000000e+00,1.9972848892e+00
2.0500000000e+02,6.6000000000e+01,1.0000000000e+00,9.8402136564e-01
2.0500000000e+02,6.6000000000e+01,2.0000000000e+00,6.7551869154e-01
2.0500000000e+02,6.6000000000e+01,3.0000000000e+00,5.7733458281e-01
2.0500000000e+02,6.6000000000e+01,4.0000000000e+00,4.8464491963e-01
2.0500000000e+02,6.6000000000e+01,5.0000000000e+00,4.4934132695e-01
2.0500000000e+02,6.6000000000e+01,6.0000000000e+00,4.0330368280e-01
2.0500000000e+02,6.6000000000e+01,7.0000000000e+00,3.8869231939e-01
2.0500000000e+02,6.6000000000e+01,8.0000000000e+00,3.6332142353e-01
2.0500000000e+02,6.6000000000e+01,9.0000000000e+00,3.6196139455e-01
2.0500000000e+02,6.6000000000e+01,1.0000000000e+01,3.5295832157e-01
2.0500000000e+02,6.6000000000e+01,1.1000000000e+01,3.6887305975e-01
2.0500000000e+02,6.6000000000e+01,1.2000000000e+01,3.8552960753e-01
2.0500000000e+02,6.6000000000e+01,1.3000000000e+01,4.3987849355e-01
2.0500000000e+02,6.6000000000e+01,1.4000000000e+01,5.2017420530e-01
2.0500000000e+02,6.6000000000e+01,1.5000000000e+01,6.8351680040e-01
2.0500000000e+02,6.6000000000e+01,1.6000000000e+01,9.5493614674e-01
2.0500000000e+02,6.6000000000e+01,1.7000000000e+01,1.4625552893e+00
2.0500000000e+02,6.6000000000e+01,1.8000000000e+01,2.3602826595e+00
2.0500000000e+02,6.6000000000e+01,1.9000000000e+01,4.0294675827e+00
2.0500000000e+02,6.6000000000e+01,2.0000000000e+01,7.1002225876e+00
2.0500000000e+02,6.6000000000e+01,2.1000000000e+01,1.2893095016e+01
2.0500000000e+02,6.6000000000e+01,2.2000000000e+01,2.3855823517e+01
2.0500000000e+02,6.6000000000e+01,2.3000000000e+01,4.4918411255e+01
2.0500000000e+02,6.6000000000e+01,2.4000000000e+01,8.5653366089e+01
2.0500000000e+02,6.6000000000e+01,2.5000000000e+01,1.6525653076e+02
2.0500000000e+02,6.6000000000e+01,2.6000000000e+01,3.2184613037e+02
2.0500000000e+02,6.6000000000e+01,2.7000000000e+01,6.3221624756e+02
2.0500000000e+02,6.6000000000e+01,2.8000000000e+01,1.2508438721e+03
2.0500000000e+02,6.6000000000e+01,2.9000000000e+01,2.4908017578e+03
2.0500000000e+02,6.6000000000e+01,3.0000000000e+01,4.9871401367e+03
2.0500000000e+02,6.6000000000e+01,3.1000000000e+01,1.0033601562e+04
2.0500000000e+02,9.4000000000e+01,0.0000000000e+00,1.9913396835e+00
2.0500000000e+02,9.4000000000e+01,1.0000000000e+00,7.8822886944e-01
2.0500000000e+02,9.4000000000e+01,2.0000000000e+00,4.6991974115e-01
2.0500000000e+02,9.4000000000e+01,3.0000000000e+00,3.5933634639e-01
2.0500000000e+02,9.4000000000e+01,4.0000000000e+00,2.7754241228e-01
2.0500000000e+02,9.4000000000e+01,5.0000000000e+00,2.4068158865e-01
2.0500000000e+02,9.4000000000e+01,6.0000000000e+00,2.0522221923e-01
2.0500000000e+02,9.4000000000e+01,7.0000000000e+00,1.8971237540e-01
2.0500000000e+02,9.4000000000e+01,8.0000000000e+00,1.7146271467e-01
2.0500000000e+02,9.4000000000e+01,9.0000000000e+00,1.6553883255e-01
2.0500000000e+02,9.4000000000e+01,1.0000000000e+01,1.5618309379e-01
2.0500000000e+02,9.4000000000e+01,1.1000000000e+01,1.5645501018e-01
2.0500000000e+02,9.4000000000e+01,1.2000000000e+01,1.5360389650e-01
2.0500000000e+02,9.4000000000e+01,1.3000000000e+01,1.6006214917e-01
2.0500000000e+02,9.4000000000e+01,1.4000000000e+01,1.6449663043e-01
2.0500000000e+02,9.4000000000e+01,1.5000000000e+01,1.8001340330e-01
2.0500000000e+02,9.4000000000e+01,1.6000000000e+01,1.9601385295e-01
2.0500000000e+02,9.4000000000e+01,1.7000000000e+01,2.2789958119e-01
2.0500000000e+02,9.4000000000e+01,1.8000000000e+01,2.6582181454e-01
2.0500000000e+02,9.4000000000e+01,1.9000000000e+01,3.3002245426e-01
2.0500000000e+02,9.4000000000e+01,2.0000000000e+01,4.1250947118e-01
2.0500000000e+02,9.4000000000e+01,2.1000000000e+01,5.4293823242e-01
2.0500000000e+02,9.4000000000e+01,2.2000000000e+01,7.1857213974e-01
2.0500000000e+02,9.4000000000e+01,2.3000000000e+01,9.8732614517e-01
2.0500000000e+02,9.4000000000e+01,2.4000000000e+01,1.3602315187e+00
2.0500000000e+02,9.4000000000e+01,2.5000000000e+01,1.9213147163e+00
2.0500000000e+02,9.4000000000e+01,2.6000000000e+01,2.7153437138e+00
2.0500000000e+02,9.4000000000e+01,2.7000000000e+01,3.8994662762e+00
2.0500000000e+02,9.4000000000e+01,2.8000000000e+01,5.5976972580e+00
2.0500000000e+02,9.4000000000e+01,2.9000000000e+01,8.1184005737e+00
2.0500000000e+02,9.4000000000e+01,3.0000000000e+01,1.1767045021e+01
2.0500000000e+02,9.4000000000e+01,3.1000000000e+01,1.7170125961e+01
2.0500000000e+02,1.2100000000e+02,0.0000000000e+00,2.0029675961e+00
2.0500000000e+02,1.2100000000e+02,1.0000000000e+00,6.6860395670e-01
2.0500000000e+02,1.2100000000e+02,2.0000000000e+00,3.4994921088e-01
2.0500000000e+02,1.2100000000e+02,3.0000000000e+00,2.4815565348e-01
2.0500000000e+02,1.2100000000e+02,4.0000000000e+00,1.7966687679e-01
2.0500000000e+02,1.2100000000e+02,5.0000000000e+00,1.5191598237e-01
2.0500000000e+02,1.2100000000e+02,6.0000000000e+00,1.2705218792e-01
2.0500000000e+02,1.2100000000e+02,7.0000000000e+00,1.1743675917e-01
2.0500000000e+02,1.2100000000e+02,8.0000000000e+00,1.0649309307e-01
2.0500000000e+02,1.2100000000e+02,9.0000000000e+00,1.0331608355e-01
2.0500000000e+02,1.2100000000e+02,1.0000000000e+01,9.8182238638e-02
2.0500000000e+02,1.2100000000e+02,1.1000000000e+01,9.7918570042e-02
2.0500000000e+02,1.2100000000e+02,1.2000000000e+01,9.5836468041e-02
2.0500000000e+02,1.2100000000e+02,1.3000000000e+01,9.7418203950e-02
2.0500000000e+02,1.2100000000e+02,1.4000000000e+01,9.7581803799e-02
2.0500000000e+02,1.2100000000e+02,1.5000000000e+01,1.0107640922e-01
2.0500000000e+02,1.2100000000e+02,1.6000000000e+01,1.0380794108e-01
2.0500000000e+02,1.2100000000e+02,1.7000000000e+01,1.1025073379e-01
2.0500000000e+02,1.2100000000e+02,1.8000000000e+01,1.1707056314e-01
2.0500000000e+02,1.2100000000e+02,1.9000000000e+01,1.2891589105e-01
2.0500000000e+02,1.2100000000e+02,2.0000000000e+01,1.4329037070e-01
2.0500000000e+02,1.2100000000e+02,2.1000000000e+01,1.6561605036e-01
2.0500000000e+02,1.2100000000e+02,2.2000000000e+01,1.9471408427e-01
2.0500000000e+02,1.2100000000e+02,2.3000000000e+01,2.3778314888e-01
2.0500000000e+02,1.2100000000e+02,2.4000000000e+01,2.9614588618e-01
2.0500000000e+02,1.2100000000e+02,2.5000000000e+01,3.8066315651e-01
2.0500000000e+02,1.2100000000e+02,2.6000000000e+01,4.9771559238e-01
2.0500000000e+02,1.2100000000e+02,2.7000000000e+01,6.6555356979e-01
2.0500000000e+02,1.2100000000e+02,2.8000000000e+01,9.0093040466e-01
2.0500000000e+02,1.2100000000e+02,2.9000000000e+01,1.2370133400e+00
2.0500000000e+02,1.2100000000e+02,3.0000000000e+01,1.7118463516e+00
2.0500000000e+02,1.2100000000e+02,3.1000000000e+01,2.3888497353e+00
2.0500000000e+02,1.4900000000e+02,0.0000000000e+00,2.0000286102e+00
2.0500000000e+02,1.4900000000e+02,1.0000000000e+00,5.7981705666e-01
2.0500000000e+02,1.4900000000e+02,2.0000000000e+00,2.7659833431e-01
2.0500000000e+02,1.4900000000e+02,3.0000000000e+00,1.8539480865e-01
2.0500000000e+02,1.4900000000e+02,4.0000000000e+00,1.3191613555e-01
2.0500000000e+02,1.4900000000e+02,5.0000000000e+00,1.1145687103e-01
2.0500000000e+02,1.4900000000e+02,6.0000000000e+00,9.5508240163e-02
2.0500000000e+02,1.4900000000e+02,7.0000000000e+00,8.9807569981e-02
2.0500000000e+02,1.4900000000e+02,8.0000000000e+00,8.3978228271e-02
2.0500000000e+02,1.4900000000e+02,9.0000000000e+00,8.2499392331e-02
2.0500000000e+02,1.4900000000e+02,1.0000000000e+01,8.0112628639e-02
2.0500000000e+02,1.4900000000e+02,1.1000000000e+01,8.0005154014e-02
2.0500000000e+02,1.4900000000e+02,1.2000000000e+01,7.8963629901e-02
2.0500000000e+02,1.4900000000e+02,1.3000000000e+01,7.9334482551e-02
2.0500000000e+02,1.4900000000e+02,1.4000000000e+01,7.8892089427e-02
2.0500000000e+02,1.4900000000e+02,1.5000000000e+01,7.9460337758e-02
2.0500000000e+02,1.4900000000e+02,1.6000000000e+01,7.9347476363e-02
2.0500000000e+02,1.4900000000e+02,1.7000000000e+01,8.0056227744e-02
2.0500000000e+02,1.4900000000e+02,1.8000000000e+01,8.0203786492e-02
2.0500000000e+02,1.4900000000e+02,1.9000000000e+01,8.1102222204e-02
2.0500000000e+02,1.4900000000e+02,2.0000000000e+01,8.1555753946e-02
2.0500000000e+02,1.4900000000e+02,2.1000000000e+01,8.2776814699e-02
2.0500000000e+02,1.4900000000e+02,2.2000000000e+01,8.3688892424e-02
2.0500000000e+02,1.4900000000e+02,2.3000000000e+01,8.5477009416e-02
2.0500000000e+02,1.4900000000e+02,2.4000000000e+01,8.7151207030e-02
2.0500000000e+02,1.4900000000e+02,2.5000000000e+01,8.9938618243e-02
2.0500000000e+02,1.4900000000e+02,2.6000000000e+01,9.2934302986e-02
2.0500000000e+02,1.4900000000e+02,2.7000000000e+01,9.7491286695e-02
2.0500000000e+02,1.4900000000e+02,2.8000000000e+01,1.0282739252e-01
2.0500000000e+02,1.4900000000e+02,2.9000000000e+01,1.1054369807e-01
2.0500000000e+02,1.4900000000e+02,3.0000000000e+01,1.2008121610e-01
2.0500000000e+02,1.4900000000e+02,3.1000000000e+01,1.3348944485e-01
2.0500000000e+02,1.7700000000e+02,0.0000000000e+00,1.9839785099e+00
2.0500000000e+02,1.7700000000e+02,1.0000000000e+00,5.0626003742e-01
2.0500000000e+02,1.7700000000e+02,2.0000000000e+00,2.1819137037e-01
2.0500000000e+02,1.7700000000e+02,3.0000000000e+00,1.3956922293e-01
2.0500000000e+02,1.7700000000e+02,4.0000000000e+00,9.6428804100e-02
2.0500000000e+02,1.7700000000e+02,5.0000000000e+00,8.2328967750e-02
2.0500000000e+02,1.7700000000e+02,6.0000000000e+00,7.1417525411e-02
2.0500000000e+02,1.7700000000e+02,7.0000000000e+00,6.8465590477e-02
2.0500000000e+02,1.7700000000e+02,8.0000000000e+00,6.5088808537e-02
2.0500000000e+02,1.7700000000e+02,9.0000000000e+00,6.4651623368e-02
2.0500000000e+02,1.7700000000e+02,1.0000000000e+01,6.3479326665e-02
2.0500000000e+02,1.7700000000e+02,1.1000000000e+01,6.3612155616e-02
2.0500000000e+02,1.7700000000e+02,1.2000000000e+01,6.3167974353e-02
2.0500000000e+02,1.7700000000e+02,1.3000000000e+01,6.3384115696e-02
2.0500000000e+02,1.7700000000e+02,1.4000000000e+01,6.3200041652e-02
2.0500000000e+02,1.7700000000e+02,1.5000000000e+01,6.3384599984e-02
2.0500000000e+02,1.7700000000e+02,1.6000000000e+01,6.3299357891e-02
2.0500000000e+02,1.7700000000e+02,1.7000000000e+01,6.3436180353e-02
2.0500000000e+02,1.7700000000e+02,1.8000000000e+01,6.3390955329e-02
2.0500000000e+02,1.7700000000e+02,1.9000000000e+01,6.3487768173e-02
2.0500000000e+02,1.7700000000e+02,2.0000000000e+01,6.3460171223e-02
2.0500000000e+02,1.7700000000e+02,2.1000000000e+01,6.3527889550e-02
2.0500000000e+02,1.7700000000e+02,2.2000000000e+01,6.3509039581e-02
2.0500000000e+02,1.7700000000e+02,2.3000000000e+01,6.3556738198e-02
2.0500000000e+02,1.7700000000e+02,2.4000000000e+01,6.3542939723e-02
2.0500000000e+02,1.7700000000e+02,2.5000000000e+01,6.3577160239e-02
2.0500000000e+02,1.7700000000e+02,2.6000000000e+01,6.3566774130e-02
2.0500000000e+02,1.7700000000e+02,2.7000000000e+01,6.3592001796e-02
2.0500000000e+02,1.7700000000e+02,2.8000000000e+01,6.3584223390e-02
2.0500000000e+02,1.7700000000e+02,2.9000000000e+01,6.3603460789e-02
2.0500000000e+02,1.7700000000e+02,3.0000000000e+01,6.3597857952e-02
2.0500000000e+02,1.7700000000e+02,3.1000000000e+01,6.3613109291e-02
2.0500000000e+02,2.0500000000e+02,0.0000000000e+00,1.9886777401e+00
2.0500000000e+02,2.0500000000e+02,1.0000000000e+00,4.5028087497e-01
2.0500000000e+02,2.0500000000e+02,2.0000000000e+00,1.8048237264e-01
2.0500000000e+02,2.0500000000e+02,3.0000000000e+00,1.0984885693e-01
2.0500000000e+02,2.0500000000e+02,4.0000000000e+00,7.6311372221e-02
2.0500000000e+02,2.0500000000e+02,5.0000000000e+00,6.5522350371e-02
2.0500000000e+02,2.0500000000e+02,6.0000000000e+00,5.8489043266e-02
2.0500000000e+02,2.0500000000e+02,7.0000000000e+00,5.6638296694e-02
2.0500000000e+02,2.0500000000e+02,8.0000000000e+00,5.4833129048e-02
2.0500000000e+02,2.0500000000e+02,9.0000000000e+00,5.4681122303e-02
2.0500000000e+02,2.0500000000e+02,1.0000000000e+01,5.4152920842e-02
2.0500000000e+02,2.0500000000e+02,1.1000000000e+01,5.4298959672e-02
2.0500000000e+02,2.0500000000e+02,1.2000000000e+01,5.4119586945e-02
2.0500000000e+02,2.0500000000e+02,1.3000000000e+01,5.4275415838e-02
2.0500000000e+02,2.0500000000e+02,1.4000000000e+01,5.4199054837e-02
2.0500000000e+02,2.0500000000e+02,1.5000000000e+01,5.4316796362e-02
2.0500000000e+02,2.0500000000e+02,1.6000000000e+01,5.4273787886e-02
2.0500000000e+02,2.0500000000e+02,1.7000000000e+01,5.4356146604e-02
2.0500000000e+02,2.0500000000e+02,1.8000000000e+01,5.4325900972e-02
2.0500000000e+02,2.0500000000e+02,1.9000000000e+01,5.4382905364e-02
2.0500000000e+02,2.0500000000e+02,2.0000000000e+01,5.4359037429e-02
2.0500000000e+02,2.0500000000e+02,2.1000000000e+01,5.4399080575e-02
2.0500000000e+02,2.0500000000e+02,2.2000000000e+01,5.4379384965e-02
2.0500000000e+02,2.0500000000e+02,2.3000000000e+01,5.4408229887e-02
2.0500000000e+02,2.0500000000e+02,2.4000000000e+01,5.4391734302e-02
2.0500000000e+02,2.0500000000e+02,2.5000000000e+01,5.4413136095e-02
2.0500000000e+02,2.0500000000e+02,2.6000000000e+01,5.4399244487e-02
2.0500000000e+02,2.0500000000e+02,2.7000000000e+01,5.4415583611e-02
2.0500000000e+02,2.0500000000e+02,2.8000000000e+01,5.4403852671e-02
2.0500000000e+02,2.0500000000e+02,2.9000000000e+01,5.4416671395e-02
2.0500000000e+02,2.0500000000e+02,3.0000000000e+01,5.4406724870e-02
2.0500000000e+02,2.0500000000e+02,3.1000000000e+01,5.4417036474e-02
2.0500000000e+02,2.3300000000e+02,0.0000000000e+00,1.9950244427e+00
2.0500000000e+02,2.3300000000e+02,1.0000000000e+00,4.0679681301e-01
2.0500000000e+02,2.3300000000e+02,2.0000000000e+00,1.4945374429e-01
2.0500000000e+02,2.3300000000e+02,3.0000000000e+00,8.8149324059e-02
2.0500000000e+02,2.3300000000e+02,4.0000000000e+00,6.0532722622e-02
2.0500000000e+02,2.3300000000e+02,5.0000000000e+00,5.3065080196e-02
2.0500000000e+02,2.3300000000e+02,6.0000000000e+00,4.8111129552e-02
2.0500000000e+02,2.3300000000e+02,7.0000000000e+00,4.7280646861e-02
2.0500000000e+02,2.3300000000e+02,8.0000000000e+00,4.6205982566e-02
2.0500000000e+02,2.3300000000e+02,9.0000000000e+00,4.6315073967e-02
2.0500000000e+02,2.3300000000e+02,1.0000000000e+01,4.6055790037e-02
2.0500000000e+02,2.3300000000e+02,1.1000000000e+01,4.6228088439e-02
2.0500000000e+02,2.3300000000e+02,1.2000000000e+01,4.6158611774e-02
2.0500000000e+02,2.3300000000e+02,1.3000000000e+01,4.6277504414e-02
2.0500000000e+02,2.3300000000e+02,1.4000000000e+01,4.6255126595e-02
2.0500000000e+02,2.3300000000e+02,1.5000000000e+01,4.6326316893e-02
2.0500000000e+02,2.3300000000e+02,1.6000000000e+01,4.6316567808e-02
2.0500000000e+02,2.3300000000e+02,1.7000000000e+01,4.6357590705e-02
2.0500000000e+02,2.3300000000e+02,1.8000000000e+01,4.6351872385e-02
2.0500000000e+02,2.3300000000e+02,1.9000000000e+01,4.6375375241e-02
2.0500000000e+02,2.3300000000e+02,2.0000000000e+01,4.6371441334e-02
2.0500000000e+02,2.3300000000e+02,2.1000000000e+01,4.6385016292e-02
2.0500000000e+02,2.3300000000e+02,2.2000000000e+01,4.6382166445e-02
2.0500000000e+02,2.3300000000e+02,2.3000000000e+01,4.6390116215e-02
2.0500000000e+02,2.3300000000e+02,2.4000000000e+01,4.6388037503e-02
2.0500000000e+02,2.3300000000e+02,2.5000000000e+01,4.6392772347e-02
2.0500000000e+02,2.3300000000e+02,2.6000000000e+01,4.6391263604e-02
2.0500000000e+02,2.3300000000e+02,2.7000000000e+01,4.6394135803e-02
2.0500000000e+02,2.3300000000e+02,2.8000000000e+01,4.6393051744e-02
2.0500000000e+02,2.3300000000e+02,2.9000000000e+01,4.6394824982e-02
2.0500000000e+02,2.3300000000e+02,3.0000000000e+01,4.6394050121e-02
2.0500000000e+02,2.3300000000e+02,3.1000000000e+01,4.6395171434e-02
2.0500000000e+02,2.6100000000e+02,0.0000000000e+00,2.0004563332e+00
2.0500000000e+02,2.6100000000e+02,1.0000000000e+00,3.7371680140e-01
2.0500000000e+02,2.6100000000e+02,2.0000000000e+00,1.3332395256e-01
2.0500000000e+02,2.6100000000e+02,3.0000000000e+00,7.8589126468e-02
2.0500000000e+02,2.6100000000e+02,4.0000000000e+00,5.6708969176e-02
2.0500000000e+02,2.6100000000e+02,5.0000000000e+00,5.1014076918e-02
2.0500000000e+02,2.6100000000e+02,6.0000000000e+00,4.7730691731e-02
2.0500000000e+02,2.6100000000e+02,7.0000000000e+00,4.7262188047e-02
2.0500000000e+02,2.6100000000e+02,8.0000000000e+00,4.6680826694e-02
2.0500000000e+02,2.6100000000e+02,9.0000000000e+00,4.6811882406e-02
2.0500000000e+02,2.6100000000e+02,1.0000000000e+01,4.6699218452e-02
2.0500000000e+02,2.6100000000e+02,1.1000000000e+01,4.6832028776e-02
2.0500000000e+02,2.6100000000e+02,1.2000000000e+01,4.6805158257e-02
2.0500000000e+02,2.6100000000e+02,1.3000000000e+01,4.6887144446e-02
2.0500000000e+02,2.6100000000e+02,1.4000000000e+01,4.6875938773e-02
2.0500000000e+02,2.6100000000e+02,1.5000000000e+01,4.6922475100e-02
2.0500000000e+02,2.6100000000e+02,1.6000000000e+01,4.6914521605e-02
2.0500000000e+02,2.6100000000e+02,1.7000000000e+01,4.6940933913e-02
2.0500000000e+02,2.6100000000e+02,1.8000000000e+01,4.6934366226e-02
2.0500000000e+02,2.6100000000e+02,1.9000000000e+01,4.6949815005e-02
2.0500000000e+02,2.6100000000e+02,2.0000000000e+01,4.6944420785e-02
2.0500000000e+02,2.6100000000e+02,2.1000000000e+01,4.6953849494e-02
2.0500000000e+02,2.6100000000e+02,2.2000000000e+01,4.6949539334e-02
2.0500000000e+02,2.6100000000e+02,2.3000000000e+01,4.6955555677e-02
2.0500000000e+02,2.6100000000e+02,2.4000000000e+01,4.6952180564e-02
2.0500000000e+02,2.6100000000e+02,2.5000000000e+01,4.6956188977e-02
2.0500000000e+02,2.6100000000e+02,2.6000000000e+01,4.6953573823e-02
2.0500000000e+02,2.6100000000e+02,2.7000000000e+01,4.6956341714e-02
2.0500000000e+02,2.6100000000e+02,2.8000000000e+01,4.6954330057e-02
2.0500000000e+02,2.6100000000e+02,2.9000000000e+01,4.6956304461e-02
2.0500000000e+02,2.6100000000e+02,3.0000000000e+01,4.6954758465e-02
2.0500000000e+02,2.6100000000e+02,3.1000000000e+01,4.6956200153e-02
2.0500000000e+02,2.8900000000e+02,0.0000000000e+00,2.0055375099e+00
2.0500000000e+02,2.8900000000e+02,1.0000000000e+00,3.4163641930e-01
2.0500000000e+02,2.8900000000e+02,2.0000000000e+00,1.1453474313e-01
2.0500000000e+02,2.8900000000e+02,3.0000000000e+00,6.5192319453e-02
2.0500000000e+02,2.8900000000e+02,4.0000000000e+00,4.7529414296e-02
2.0500000000e+02,2.8900000000e+02,5.0000000000e+00,4.3021682650e-02
2.0500000000e+02,2.8900000000e+02,6.0000000000e+00,4.0884420276e-02
2.0500000000e+02,2.8900000000e+02,7.0000000000e+00,4.0554665029e-02
2.0500000000e+02,2.8900000000e+02,8.0000000000e+00,4.0311820805e-02
2.0500000000e+02,2.8900000000e+02,9.0000000000e+00,4.0385112166e-02
2.0500000000e+02,2.8900000000e+02,1.0000000000e+01,4.0388736874e-02
2.0500000000e+02,2.8900000000e+02,1.1000000000e+01,4.0453240275e-02
2.0500000000e+02,2.8900000000e+02,1.2000000000e+01,4.0475673974e-02
2.0500000000e+02,2.8900000000e+02,1.3000000000e+01,4.0508616716e-02
2.0500000000e+02,2.8900000000e+02,1.4000000000e+01,4.0523376316e-02
2.0500000000e+02,2.8900000000e+02,1.5000000000e+01,4.0538191795e-02
2.0500000000e+02,2.8900000000e+02,1.6000000000e+01,4.0546279401e-02
2.0500000000e+02,2.8900000000e+02,1.7000000000e+01,4.0552549064e-02
2.0500000000e+02,2.8900000000e+02,1.8000000000e+01,4.0556833148e-02
2.0500000000e+02,2.8900000000e+02,1.9000000000e+01,4.0559336543e-02
2.0500000000e+02,2.8900000000e+02,2.0000000000e+01,4.0561642498e-02
2.0500000000e+02,2.8900000000e+02,2.1000000000e+01,4.0562547743e-02
2.0500000000e+02,2.8900000000e+02,2.2000000000e+01,4.0563829243e-02
2.0500000000e+02,2.8900000000e+02,2.3000000000e+01,4.0564078838e-02
2.0500000000e+02,2.8900000000e+02,2.4000000000e+01,4.0564816445e-02
2.0500000000e+02,2.8900000000e+02,2.5000000000e+01,4.0564820170e-02
2.0500000000e+02,2.8900000000e+02,2.6000000000e+01,4.0565263480e-02
2.0500000000e+02,2.8900000000e+02,2.7000000000e+01,4.0565185249e-02
2.0500000000e+02,2.8900000000e+02,2.8000000000e+01,4.0565460920e-02
2.0500000000e+02,2.8900000000e+02,2.9000000000e+01,4.0565375239e-02
2.0500000000e+02,2.8900000000e+02,3.0000000000e+01,4.0565546602e-02
2.0500000000e+02,2.8900000000e+02,3.1000000000e+01,4.0565472096e-02
2.0500000000e+02,3.1600000000e+02,0.0000000000e+00,2.0002279282e+00
2.0500000000e+02,3.1600000000e+02,1.0000000000e+00,3.1799408793e-01
2.0500000000e+02,3.1600000000e+02,2.0000000000e+00,1.0239445418e-01
2.0500000000e+02,3.1600000000e+02,3.0000000000e+00,5.8144506067e-02
2.0500000000e+02,3.1600000000e+02,4.0000000000e+00,4.3869994581e-02
2.0500000000e+02,3.1600000000e+02,5.0000000000e+00,4.0397319943e-02
2.0500000000e+02,3.1600000000e+02,6.0000000000e+00,3.9004787803e-02
2.0500000000e+02,3.1600000000e+02,7.0000000000e+00,3.8836937398e-02
2.0500000000e+02,3.1600000000e+02,8.0000000000e+00,3.8743615150e-02
2.0500000000e+02,3.1600000000e+02,9.0000000000e+00,3.8822282106e-02
2.0500000000e+02,3.1600000000e+02,1.0000000000e+01,3.8847930729e-02
2.0500000000e+02,3.1600000000e+02,1.1000000000e+01,3.8899838924e-02
2.0500000000e+02,3.1600000000e+02,1.2000000000e+01,3.8920093328e-02
2.0500000000e+02,3.1600000000e+02,1.3000000000e+01,3.8944132626e-02
2.0500000000e+02,3.1600000000e+02,1.4000000000e+01,3.8954153657e-02
2.0500000000e+02,3.1600000000e+02,1.5000000000e+01,3.8964405656e-02
2.0500000000e+02,3.1600000000e+02,1.6000000000e+01,3.8968916982e-02
2.0500000000e+02,3.1600000000e+02,1.7000000000e+01,3.8973189890e-02
2.0500000000e+02,3.1600000000e+02,1.8000000000e+01,3.8975179195e-02
2.0500000000e+02,3.1600000000e+02,1.9000000000e+01,3.8976944983e-02
2.0500000000e+02,3.1600000000e+02,2.0000000000e+01,3.8977824152e-02
2.0500000000e+02,3.1600000000e+02,2.1000000000e+01,3.8978554308e-02
2.0500000000e+02,3.1600000000e+02,2.2000000000e+01,3.8978952914e-02
2.0500000000e+02,3.1600000000e+02,2.3000000000e+01,3.8979254663e-02
2.0500000000e+02,3.1600000000e+02,2.4000000000e+01,3.8979437202e-02
2.0500000000e+02,3.1600000000e+02,2.5000000000e+01,3.8979560137e-02
2.0500000000e+02,3.1600000000e+02,2.6000000000e+01,3.8979642093e-02
2.0500000000e+02,3.1600000000e+02,2.7000000000e+01,3.8979694247e-02
2.0500000000e+02,3.1600000000e+02,2.8000000000e+01,3.8979735225e-02
2.0500000000e+02,3.1600000000e+02,2.9000000000e+01,3.8979757577e-02
2.0500000000e+02,3.1600000000e+02,3.0000000000e+01,3.8979776204e-02
2.0500000000e+02,3.1600000000e+02,3.1000000000e+01,3.8979779929e-02
2.0500000000e+02,3.4400000000e+02,0.0000000000e+00,2.0018343925e+00
2.0500000000e+02,3.4400000000e+02,1.0000000000e+00,2.9525467753e-01
2.0500000000e+02,3.4400000000e+02,2.0000000000e+00,9.0913899243e-02
2.0500000000e+02,3.4400000000e+02,3.0000000000e+00,5.0850346684e-02
2.0500000000e+02,3.4400000000e+02,4.0000000000e+00,3.8752656430e-02
2.0500000000e+02,3.4400000000e+02,5.0000000000e+00,3.6042649299e-02
2.0500000000e+02,3.4400000000e+02,6.0000000000e+00,3.4990373999e-02
2.0500000000e+02,3.4400000000e+02,7.0000000000e+00,3.4929171205e-02
2.0500000000e+02,3.4400000000e+02,8.0000000000e+00,3.4866314381e-02
2.0500000000e+02,3.4400000000e+02,9.0000000000e+00,3.4947942942e-02
2.0500000000e+02,3.4400000000e+02,1.0000000000e+01,3.4962613136e-02
2.0500000000e+02,3.4400000000e+02,1.1000000000e+01,3.5007812083e-02
2.0500000000e+02,3.4400000000e+02,1.2000000000e+01,3.5017706454e-02
2.0500000000e+02,3.4400000000e+02,1.3000000000e+01,3.5037584603e-02
2.0500000000e+02,3.4400000000e+02,1.4000000000e+01,3.5041552037e-02
2.0500000000e+02,3.4400000000e+02,1.5000000000e+01,3.5049956292e-02
2.0500000000e+02,3.4400000000e+02,1.6000000000e+01,3.5051293671e-02
2.0500000000e+02,3.4400000000e+02,1.7000000000e+01,3.5054862499e-02
2.0500000000e+02,3.4400000000e+02,1.8000000000e+01,3.5055246204e-02
2.0500000000e+02,3.4400000000e+02,1.9000000000e+01,3.5056788474e-02
2.0500000000e+02,3.4400000000e+02,2.0000000000e+01,3.5056862980e-02
2.0500000000e+02,3.4400000000e+02,2.1000000000e+01,3.5057540983e-02
2.0500000000e+02,3.4400000000e+02,2.2000000000e+01,3.5057529807e-02
2.0500000000e+02,3.4400000000e+02,2.3000000000e+01,3.5057839006e-02
2.0500000000e+02,3.4400000000e+02,2.4000000000e+01,3.5057816654e-02
2.0500000000e+02,3.4400000000e+02,2.5000000000e+01,3.5057954490e-02
2.0500000000e+02,3.4400000000e+02,2.6000000000e+01,3.5057939589e-02
2.0500000000e+02,3.4400000000e+02,2.7000000000e+01,3.5057999194e-02
2.0500000000e+02,3.4400000000e+02,2.8000000000e+01,3.5057991743e-02
2.0500000000e+02,3.4400000000e+02,2.9000000000e+01,3.5058017820e-02
2.0500000000e+02,3.4400000000e+02,3.0000000000e+01,3.5058014095e-02
2.0500000000e+02,3.4400000000e+02,3.1000000000e+01,3.5058025271e-02
2.0500000000e+02,3.7200000000e+02,0.0000000000e+00,1.9936124086e+00
2.0500000000e+02,3.7200000000e+02,1.0000000000e+00,2.7448514104e-01
2.0500000000e+02,3.7200000000e+02,2.0000000000e+00,8.0122195184e-02
2.0500000000e+02,3.7200000000e+02,3.0000000000e+00,4.4626545161e-02
2.0500000000e+02,3.7200000000e+02,4.0000000000e+00,3.4178502858e-02
2.0500000000e+02,3.7200000000e+02,5.0000000000e+00,3.2108191401e-02
2.0500000000e+02,3.7200000000e+02,6.0000000000e+00,3.1263273209e-02
2.0500000000e+02,3.7200000000e+02,7.0000000000e+00,3.1254950911e-02
2.0500000000e+02,3.7200000000e+02,8.0000000000e+00,3.1203841791e-02
2.0500000000e+02,3.7200000000e+02,9.0000000000e+00,3.1270235777e-02
2.0500000000e+02,3.7200000000e+02,1.0000000000e+01,3.1278852373e-02
2.0500000000e+02,3.7200000000e+02,1.1000000000e+01,3.1310498714e-02
2.0500000000e+02,3.7200000000e+02,1.2000000000e+01,3.1316690147e-02
2.0500000000e+02,3.7200000000e+02,1.3000000000e+01,3.1329225749e-02
2.0500000000e+02,3.7200000000e+02,1.4000000000e+01,3.1331770122e-02
2.0500000000e+02,3.7200000000e+02,1.5000000000e+01,3.1336583197e-02
2.0500000000e+02,3.7200000000e+02,1.6000000000e+01,3.1337499619e-02
2.0500000000e+02,3.7200000000e+02,1.7000000000e+01,3.1339358538e-02
2.0500000000e+02,3.7200000000e+02,1.8000000000e+01,3.1339671463e-02
2.0500000000e+02,3.7200000000e+02,1.9000000000e+01,3.1340401620e-02
2.0500000000e+02,3.7200000000e+02,2.0000000000e+01,3.1340502203e-02
2.0500000000e+02,3.7200000000e+02,2.1000000000e+01,3.1340792775e-02
2.0500000000e+02,3.7200000000e+02,2.2000000000e+01,3.1340822577e-02
2.0500000000e+02,3.7200000000e+02,2.3000000000e+01,3.1340938061e-02
2.0500000000e+02,3.7200000000e+02,2.4000000000e+01,3.1340945512e-02
2.0500000000e+02,3.7200000000e+02,2.5000000000e+01,3.1340993941e-02
2.0500000000e+02,3.7200000000e+02,2.6000000000e+01,3.1340993941e-02
2.0500000000e+02,3.7200000000e+02,2.7000000000e+01,3.1341016293e-02
2.0500000000e+02,3.7200000000e+02,2.8000000000e+01,3.1341016293e-02
2.0500000000e+02,3.7200000000e+02,2.9000000000e+01,3.1341027468e-02
2.0500000000e+02,3.7200000000e+02,3.0000000000e+01,3.1341020018e-02
2.0500000000e+02,3.7200000000e+02,3.1000000000e+01,3.1341027468e-02
2.0500000000e+02,4.0000000000e+02,0.0000000000e+00,2.0148329735e+00
2.0500000000e+02,4.0000000000e+02,1.0000000000e+00,2.6192256808e-01
2.0500000000e+02,4.0000000000e+02,2.0000000000e+00,7.1660913527e-02
2.0500000000e+02,4.0000000000e+02,3.0000000000e+00,4.1680477560e-02
2.0500000000e+02,4.0000000000e+02,4.0000000000e+00,3.2306164503e-02
2.0500000000e+02,4.0000000000e+02,5.0000000000e+00,3.1208831817e-02
2.0500000000e+02,4.0000000000e+02,6.0000000000e+00,3.0487101525e-02
2.0500000000e+02,4.0000000000e+02,7.0000000000e+00,3.0649533495e-02
2.0500000000e+02,4.0000000000e+02,8.0000000000e+00,3.0599940568e-02
2.0500000000e+02,4.0000000000e+02,9.0000000000e+00,3.0695840716e-02
2.0500000000e+02,4.0000000000e+02,1.0000000000e+01,3.0698329210e-02
2.0500000000e+02,4.0000000000e+02,1.1000000000e+01,3.0734043568e-02
2.0500000000e+02,4.0000000000e+02,1.2000000000e+01,3.0737066641e-02
2.0500000000e+02,4.0000000000e+02,1.3000000000e+01,3.0749415979e-02
2.0500000000e+02,4.0000000000e+02,1.4000000000e+01,3.0750749633e-02
2.0500000000e+02,4.0000000000e+02,1.5000000000e+01,3.0754966661e-02
2.0500000000e+02,4.0000000000e+02,1.6000000000e+01,3.0755495653e-02
2.0500000000e+02,4.0000000000e+02,1.7000000000e+01,3.0756929889e-02
2.0500000000e+02,4.0000000000e+02,1.8000000000e+01,3.0757151544e-02
2.0500000000e+02,4.0000000000e+02,1.9000000000e+01,3.0757633969e-02
2.0500000000e+02,4.0000000000e+02,2.0000000000e+01,3.0757730827e-02
2.0500000000e+02,4.0000000000e+02,2.1000000000e+01,3.0757887289e-02
2.0500000000e+02,4.0000000000e+02,2.2000000000e+01,3.0757935718e-02
2.0500000000e+02,4.0000000000e+02,2.3000000000e+01,3.0757982284e-02
2.0500000000e+02,4.0000000000e+02,2.4000000000e+01,3.0758008361e-02
2.0500000000e+02,4.0000000000e+02,2.5000000000e+01,3.0758019537e-02
2.0500000000e+02,4.0000000000e+02,2.6000000000e+01,3.0758036301e-02
2.0500000000e+02,4.0000000000e+02,2.7000000000e+01,3.0758032575e-02
2.0500000000e+02,4.0000000000e+02,2.8000000000e+01,3.0758041888e-02
2.0500000000e+02,4.0000000000e+02,2.9000000000e+01,3.0758041888e-02
2.0500000000e+02,4.0000000000e+02,3.0000000000e+01,3.0758045614e-02
2.0500000000e+02,4.0000000000e+02,3.1000000000e+01,3.0758043751e-02
2.3300000000e+02,1.0000000000e+01,0.0000000000e+00,1.9891866446e+00
2.3300000000e+02,1.0000000000e+01,1.0000000000e+00,1.9593766928e+00
2.3300000000e+02,1.0000000000e+01,2.0000000000e+00,1.8748146296e+00
2.3300000000e+02,1.0000000000e+01,3.0000000000e+00,1.9688069820e+00
2.3300000000e+02,1.0000000000e+01,4.0000000000e+00,1.9551529884e+00
2.3300000000e+02,1.0000000000e+01,5.0000000000e+00,2.0344133377e+00
2.3300000000e+02,1.0000000000e+01,6.0000000000e+00,2.0523624420e+00
2.3300000000e+02,1.0000000000e+01,7.0000000000e+00,2.2108640671e+00
2.3300000000e+02,1.0000000000e+01,8.0000000000e+00,2.4224092960e+00
2.3300000000e+02,1.0000000000e+01,9.0000000000e+00,3.1291136742e+00
2.3300000000e+02,1.0000000000e+01,1.0000000000e+01,4.6870942116e+00
2.3300000000e+02,1.0000000000e+01,1.1000000000e+01,9.0879497528e+00
2.3300000000e+02,1.0000000000e+01,1.2000000000e+01,2.0334033966e+01
2.3300000000e+02,1.0000000000e+01,1.3000000000e+01,5.1397598267e+01
2.3300000000e+02,1.0000000000e+01,1.4000000000e+01,1.3542582703e+02
2.3300000000e+02,1.0000000000e+01,1.5000000000e+01,3.6965875244e+02
2.3300000000e+02,1.0000000000e+01,1.6000000000e+01,1.0224512939e+03
2.3300000000e+02,1.0000000000e+01,1.7000000000e+01,2.8683837891e+03
2.3300000000e+02,1.0000000000e+01,1.8000000000e+01,8.1117304688e+03
2.3300000000e+02,1.0000000000e+01,1.9000000000e+01,2.3132144531e+04
2.3300000000e+02,1.0000000000e+01,2.0000000000e+01,6.6365859375e+04
2.3300000000e+02,1.0000000000e+01,2.1000000000e+01,1.9149639062e+05
2.3300000000e+02,1.0000000000e+01,2.2000000000e+01,5.5508137500e+05
2.3300000000e+02,1.0000000000e+01,2.3000000000e+01,1.6155488750e+06
2.3300000000e+02,1.0000000000e+01,2.4000000000e+01,4.7177965000e+06
2.3300000000e+02,1.0000000000e+01,2.5000000000e+01,1.3817118000e+07
2.3300000000e+02,1.0000000000e+01,2.6000000000e+01,4.0564444000e+07
2.3300000000e+02,1.0000000000e+01,2.7000000000e+01,1.1933485600e+08
2.3300000000e+02,1.0000000000e+01,2.8000000000e+01,3.5167136000e+08
2.3300000000e+02,1.0000000000e+01,2.9000000000e+01,1.0378582400e+09
2.3300000000e+02,1.0000000000e+01,3.0000000000e+01,3.0666790400e+09
2.3300000000e+02,1.0000000000e+01,3.1000000000e+01,9.0707537920e+09
2.3300000000e+02,3.8000000000e+01,0.0000000000e+00,2.0061752796e+00
2.3300000000e+02,3.8000000000e+01,1.0000000000e+00,1.2904047966e+00
2.3300000000e+02,3.8000000000e+01,2.0000000000e+00,1.0455269814e+00
2.3300000000e+02,3.8000000000e+01,3.0000000000e+00,9.9296909571e-01
2.3300000000e+02,3.8000000000e+01,4.0000000000e+00,9.1900455952e-01
2.3300000000e+02,3.8000000000e+01,5.0000000000e+00,9.0790879726e-01
2.3300000000e+02,3.8000000000e+01,6.0000000000e+00,8.7226694822e-01
2.3300000000e+02,3.8000000000e+01,7.0000000000e+00,8.7813842297e-01
2.3300000000e+02,3.8000000000e+01,8.0000000000e+00,8.6393141747e-01
2.3300000000e+02,3.8000000000e+01,9.0000000000e+00,8.9035689831e-01
2.3300000000e+02,3.8000000000e+01,1.0000000000e+01,9.0703052282e-01
2.3300000000e+02,3.8000000000e+01,1.1000000000e+01,9.8450118303e-01
2.3300000000e+02,3.8000000000e+01,1.2000000000e+01,1.0897561312e+00
2.3300000000e+02,3.8000000000e+01,1.3000000000e+01,1.3410046101e+00
2.3300000000e+02,3.8000000000e+01,1.4000000000e+01,1.7804157734e+00
2.3300000000e+02,3.8000000000e+01,1.5000000000e+01,2.7235162258e+00
2.3300000000e+02,3.8000000000e+01,1.6000000000e+01,4.5833053589e+00
2.3300000000e+02,3.8000000000e+01,1.7000000000e+01,8.5586328506e+00
2.3300000000e+02,3.8000000000e+01,1.8000000000e+01,1.6901115417e+01
2.3300000000e+02,3.8000000000e+01,1.9000000000e+01,3.5026615143e+01
2.3300000000e+02,3.8000000000e+01,2.0000000000e+01,7.4397552490e+01
2.3300000000e+02,3.8000000000e+01,2.1000000000e+01,1.6136129761e+02
2.3300000000e+02,3.8000000000e+01,2.2000000000e+01,3.5417144775e+02
2.3300000000e+02,3.8000000000e+01,2.3000000000e+01,7.8557745361e+02
2.3300000000e+02,3.8000000000e+01,2.4000000000e+01,1.7546417236e+03
2.3300000000e+02,3.8000000000e+01,2.5000000000e+01,3.9435256348e+03
2.3300000000e+02,3.8000000000e+01,2.6000000000e+01,8.9039257812e+03
2.3300000000e+02,3.8000000000e+01,2.7000000000e+01,2.0186093750e+04
2.3300000000e+02,3.8000000000e+01,2.8000000000e+01,4.5912625000e+04
2.3300000000e+02,3.8000000000e+01,2.9000000000e+01,1.0472548438e+05
2.3300000000e+02,3.8000000000e+01,3.0000000000e+01,2.3944054688e+05
2.3300000000e+02,3.8000000000e+01,3.1000000000e+01,5.4858181250e+05
2.3300000000e+02,6.6000000000e+01,0.0000000000e+00,1.9936199188e+00
2.3300000000e+02,6.6000000000e+01,1.0000000000e+00,9.6966290474e-01
2.3300000000e+02,6.6000000000e+01,2.0000000000e+00,6.5835088491e-01
2.3300000000e+02,6.6000000000e+01,3.0000000000e+00,5.5912530422e-01
2.3300000000e+02,6.6000000000e+01,4.0000000000e+00,4.6670672297e-01
2.3300000000e+02,6.6000000000e+01,5.0000000000e+00,4.3027013540e-01
2.3300000000e+02,6.6000000000e+01,6.0000000000e+00,3.8481885195e-01
2.3300000000e+02,6.6000000000e+01,7.0000000000e+00,3.6868900061e-01
2.3300000000e+02,6.6000000000e+01,8.0000000000e+00,3.4359261394e-01
2.3300000000e+02,6.6000000000e+01,9.0000000000e+00,3.3987244964e-01
2.3300000000e+02,6.6000000000e+01,1.0000000000e+01,3.2993128896e-01
2.3300000000e+02,6.6000000000e+01,1.1000000000e+01,3.4126928449e-01
2.3300000000e+02,6.6000000000e+01,1.2000000000e+01,3.5323840380e-01
2.3300000000e+02,6.6000000000e+01,1.3000000000e+01,3.9632248878e-01
2.3300000000e+02,6.6000000000e+01,1.4000000000e+01,4.5971629024e-01
2.3300000000e+02,6.6000000000e+01,1.5000000000e+01,5.8903342485e-01
2.3300000000e+02,6.6000000000e+01,1.6000000000e+01,7.9951220751e-01
2.3300000000e+02,6.6000000000e+01,1.7000000000e+01,1.1864795685e+00
2.3300000000e+02,6.6000000000e+01,1.8000000000e+01,1.8479456902e+00
2.3300000000e+02,6.6000000000e+01,1.9000000000e+01,3.0370328426e+00
2.3300000000e+02,6.6000000000e+01,2.0000000000e+01,5.1226458549e+00
2.3300000000e+02,6.6000000000e+01,2.1000000000e+01,8.8632946014e+00
2.3300000000e+02,6.6000000000e+01,2.2000000000e+01,1.5517162323e+01
2.3300000000e+02,6.6000000000e+01,2.3000000000e+01,2.7478834152e+01
2.3300000000e+02,6.6000000000e+01,2.4000000000e+01,4.8927165985e+01
2.3300000000e+02,6.6000000000e+01,2.5000000000e+01,8.7592300415e+01
2.3300000000e+02,6.6000000000e+01,2.6000000000e+01,1.5725340271e+02
2.3300000000e+02,6.6000000000e+01,2.7000000000e+01,2.8312210083e+02
2.3300000000e+02,6.6000000000e+01,2.8000000000e+01,5.1056948853e+02
2.3300000000e+02,6.6000000000e+01,2.9000000000e+01,9.2225708008e+02
2.3300000000e+02,6.6000000000e+01,3.0000000000e+01,1.6676354980e+03
2.3300000000e+02,6.6000000000e+01,3.1000000000e+01,3.0185541992e+03
2.3300000000e+02,9.4000000000e+01,0.0000000000e+00,2.0012688637e+00
2.3300000000e+02,9.4000000000e+01,1.0000000000e+00,7.8521174192e-01
2.3300000000e+02,9.4000000000e+01,2.0000000000e+00,4.6414044499e-01
2.3300000000e+02,9.4000000000e+01,3.0000000000e+00,3.5308569670e-01
2.3300000000e+02,9.4000000000e+01,4.0000000000e+00,2.7012425661e-01
2.3300000000e+02,9.4000000000e+01,5.0000000000e+00,2.3338101804e-01
2.3300000000e+02,9.4000000000e+01,6.0000000000e+00,1.9751675427e-01
2.3300000000e+02,9.4000000000e+01,7.0000000000e+00,1.8213883042e-01
2.3300000000e+02,9.4000000000e+01,8.0000000000e+00,1.6401755810e-01
2.3300000000e+02,9.4000000000e+01,9.0000000000e+00,1.5841698647e-01
2.3300000000e+02,9.4000000000e+01,1.0000000000e+01,1.4993333817e-01
2.3300000000e+02,9.4000000000e+01,1.1000000000e+01,1.5137094259e-01
2.3300000000e+02,9.4000000000e+01,1.2000000000e+01,1.5110833943e-01
2.3300000000e+02,9.4000000000e+01,1.3000000000e+01,1.6138660908e-01
2.3300000000e+02,9.4000000000e+01,1.4000000000e+01,1.7306080461e-01
2.3300000000e+02,9.4000000000e+01,1.5000000000e+01,2.0011365414e-01
2.3300000000e+02,9.4000000000e+01,1.6000000000e+01,2.3633930087e-01
2.3300000000e+02,9.4000000000e+01,1.7000000000e+01,3.0157878995e-01
2.3300000000e+02,9.4000000000e+01,1.8000000000e+01,3.9599028230e-01
2.3300000000e+02,9.4000000000e+01,1.9000000000e+01,5.5443274975e-01
2.3300000000e+02,9.4000000000e+01,2.0000000000e+01,7.9419147968e-01
2.3300000000e+02,9.4000000000e+01,2.1000000000e+01,1.1874996424e+00
2.3300000000e+02,9.4000000000e+01,2.2000000000e+01,1.7991456985e+00
2.3300000000e+02,9.4000000000e+01,2.3000000000e+01,2.7955980301e+00
2.3300000000e+02,9.4000000000e+01,2.4000000000e+01,4.3725047112e+00
2.3300000000e+02,9.4000000000e+01,2.5000000000e+01,6.9384527206e+00
2.3300000000e+02,9.4000000000e+01,2.6000000000e+01,1.1046546936e+01
2.3300000000e+02,9.4000000000e+01,2.7000000000e+01,1.7737499237e+01
2.3300000000e+02,9.4000000000e+01,2.8000000000e+01,2.8535942078e+01
2.3300000000e+02,9.4000000000e+01,2.9000000000e+01,4.6152976990e+01
2.3300000000e+02,9.4000000000e+01,3.0000000000e+01,7.4747741699e+01
2.3300000000e+02,9.4000000000e+01,3.1000000000e+01,1.2148449707e+02
2.3300000000e+02,1.2100000000e+02,0.0000000000e+00,1.9936294556e+00
2.3300000000e+02,1.2100000000e+02,1.0000000000e+00,6.6089469194e-01
2.3300000000e+02,1.2100000000e+02,2.0000000000e+00,3.4461236000e-01
2.3300000000e+02,1.2100000000e+02,3.0000000000e+00,2.4251654744e-01
2.3300000000e+02,1.2100000000e+02,4.0000000000e+00,1.7439475656e-01
2.3300000000e+02,1.2100000000e+02,5.0000000000e+00,1.4611881971e-01
2.3300000000e+02,1.2100000000e+02,6.0000000000e+00,1.2111023813e-01
2.3300000000e+02,1.2100000000e+02,7.0000000000e+00,1.1104498804e-01
2.3300000000e+02,1.2100000000e+02,8.0000000000e+00,9.9820323288e-02
2.3300000000e+02,1.2100000000e+02,9.0000000000e+00,9.6158325672e-02
2.3300000000e+02,1.2100000000e+02,1.0000000000e+01,9.0584643185e-02
2.3300000000e+02,1.2100000000e+02,1.1000000000e+01,8.9618071914e-02
2.3300000000e+02,1.2100000000e+02,1.2000000000e+01,8.6749561131e-02
2.3300000000e+02,1.2100000000e+02,1.3000000000e+01,8.7106809020e-02
2.3300000000e+02,1.2100000000e+02,1.4000000000e+01,8.5738994181e-02
2.3300000000e+02,1.2100000000e+02,1.5000000000e+01,8.6910009384e-02
2.3300000000e+02,1.2100000000e+02,1.6000000000e+01,8.6558498442e-02
2.3300000000e+02,1.2100000000e+02,1.7000000000e+01,8.8425733149e-02
2.3300000000e+02,1.2100000000e+02,1.8000000000e+01,8.8973730803e-02
2.3300000000e+02,1.2100000000e+02,1.9000000000e+01,9.1657243669e-02
2.3300000000e+02,1.2100000000e+02,2.0000000000e+01,9.3239553273e-02
2.3300000000e+02,1.2100000000e+02,2.1000000000e+01,9.7069188952e-02
2.3300000000e+02,1.2100000000e+02,2.2000000000e+01,1.0006584972e-01
2.3300000000e+02,1.2100000000e+02,2.3000000000e+01,1.0562768579e-01
2.3300000000e+02,1.2100000000e+02,2.4000000000e+01,1.1073317379e-01
2.3300000000e+02,1.2100000000e+02,2.5000000000e+01,1.1898461729e-01
2.3300000000e+02,1.2100000000e+02,2.6000000000e+01,1.2735708058e-01
2.3300000000e+02,1.2100000000e+02,2.7000000000e+01,1.3983167708e-01
2.3300000000e+02,1.2100000000e+02,2.8000000000e+01,1.5335327387e-01
2.3300000000e+02,1.2100000000e+02,2.9000000000e+01,1.7250144482e-01
2.3300000000e+02,1.2100000000e+02,3.0000000000e+01,1.9421058893e-01
2.3300000000e+02,1.2100000000e+02,3.1000000000e+01,2.2395735979e-01
2.3300000000e+02,1.4900000000e+02,0.0000000000e+00,1.9901157618e+00
2.3300000000e+02,1.4900000000e+02,1.0000000000e+00,5.6682807207e-01
2.3300000000e+02,1.4900000000e+02,2.0000000000e+00,2.6780658960e-01
2.3300000000e+02,1.4900000000e+02,3.0000000000e+00,1.7249505222e-01
2.3300000000e+02,1.4900000000e+02,4.0000000000e+00,1.1854796112e-01
2.3300000000e+02,1.4900000000e+02,5.0000000000e+00,9.6257515252e-02
2.3300000000e+02,1.4900000000e+02,6.0000000000e+00,7.9835236073e-02
2.3300000000e+02,1.4900000000e+02,7.0000000000e+00,7.3139056563e-02
2.3300000000e+02,1.4900000000e+02,8.0000000000e+00,6.7043654621e-02
2.3300000000e+02,1.4900000000e+02,9.0000000000e+00,6.4972989261e-02
2.3300000000e+02,1.4900000000e+02,1.0000000000e+01,6.2482446432e-02
2.3300000000e+02,1.4900000000e+02,1.1000000000e+01,6.2021855265e-02
2.3300000000e+02,1.4900000000e+02,1.2000000000e+01,6.1011027545e-02
2.3300000000e+02,1.4900000000e+02,1.3000000000e+01,6.1220075935e-02
2.3300000000e+02,1.4900000000e+02,1.4000000000e+01,6.0969673097e-02
2.3300000000e+02,1.4900000000e+02,1.5000000000e+01,6.1611309648e-02
2.3300000000e+02,1.4900000000e+02,1.6000000000e+01,6.1963938177e-02
2.3300000000e+02,1.4900000000e+02,1.7000000000e+01,6.3147351146e-02
2.3300000000e+02,1.4900000000e+02,1.8000000000e+01,6.4299464226e-02
2.3300000000e+02,1.4900000000e+02,1.9000000000e+01,6.6457770765e-02
2.3300000000e+02,1.4900000000e+02,2.0000000000e+01,6.9019772112e-02
2.3300000000e+02,1.4900000000e+02,2.1000000000e+01,7.3095992208e-02
2.3300000000e+02,1.4900000000e+02,2.2000000000e+01,7.8385114670e-02
2.3300000000e+02,1.4900000000e+02,2.3000000000e+01,8.6287647486e-02
2.3300000000e+02,1.4900000000e+02,2.4000000000e+01,9.6981301904e-02
2.3300000000e+02,1.4900000000e+02,2.5000000000e+01,1.1252607405e-01
2.3300000000e+02,1.4900000000e+02,2.6000000000e+01,1.3399593532e-01
2.3300000000e+02,1.4900000000e+02,2.7000000000e+01,1.6480143368e-01
2.3300000000e+02,1.4900000000e+02,2.8000000000e+01,2.0779123902e-01
2.3300000000e+02,1.4900000000e+02,2.9000000000e+01,2.6906877756e-01
2.3300000000e+02,1.4900000000e+02,3.0000000000e+01,3.5504975915e-01
2.3300000000e+02,1.4900000000e+02,3.1000000000e+01,4.7717767954e-01
2.3300000000e+02,1.7700000000e+02,0.0000000000e+00,2.0050911903e+00
2.3300000000e+02,1.7700000000e+02,1.0000000000e+00,4.9579095840e-01
2.3300000000e+02,1.7700000000e+02,2.0000000000e+00,2.1107208729e-01
2.3300000000e+02,1.7700000000e+02,3.0000000000e+00,1.2829993665e-01
2.3300000000e+02,1.7700000000e+02,4.0000000000e+00,8.5972443223e-02
2.3300000000e+02,1.7700000000e+02,5.0000000000e+00,7.0167347789e-02
2.3300000000e+02,1.7700000000e+02,6.0000000000e+00,5.9413500130e-02
2.3300000000e+02,1.7700000000e+02,7.0000000000e+00,5.5610101670e-02
2.3300000000e+02,1.7700000000e+02,8.0000000000e+00,5.2215464413e-02
2.3300000000e+02,1.7700000000e+02,9.0000000000e+00,5.1332108676e-02
2.3300000000e+02,1.7700000000e+02,1.0000000000e+01,5.0099030137e-02
2.3300000000e+02,1.7700000000e+02,1.1000000000e+01,4.9993827939e-02
2.3300000000e+02,1.7700000000e+02,1.2000000000e+01,4.9484744668e-02
2.3300000000e+02,1.7700000000e+02,1.3000000000e+01,4.9573495984e-02
2.3300000000e+02,1.7700000000e+02,1.4000000000e+01,4.9331527203e-02
2.3300000000e+02,1.7700000000e+02,1.5000000000e+01,4.9448668957e-02
2.3300000000e+02,1.7700000000e+02,1.6000000000e+01,4.9314834177e-02
2.3300000000e+02,1.7700000000e+02,1.7000000000e+01,4.9416996539e-02
2.3300000000e+02,1.7700000000e+02,1.8000000000e+01,4.9331977963e-02
2.3300000000e+02,1.7700000000e+02,1.9000000000e+01,4.9411889166e-02
2.3300000000e+02,1.7700000000e+02,2.0000000000e+01,4.9352034926e-02
2.3300000000e+02,1.7700000000e+02,2.1000000000e+01,4.9412213266e-02
2.3300000000e+02,1.7700000000e+02,2.2000000000e+01,4.9367338419e-02
2.3300000000e+02,1.7700000000e+02,2.3000000000e+01,4.9412056804e-02
2.3300000000e+02,1.7700000000e+02,2.4000000000e+01,4.9377314746e-02
2.3300000000e+02,1.7700000000e+02,2.5000000000e+01,4.9410402775e-02
2.3300000000e+02,1.7700000000e+02,2.6000000000e+01,4.9383208156e-02
2.3300000000e+02,1.7700000000e+02,2.7000000000e+01,4.9407601357e-02
2.3300000000e+02,1.7700000000e+02,2.8000000000e+01,4.9386378378e-02
2.3300000000e+02,1.7700000000e+02,2.9000000000e+01,4.9404211342e-02
2.3300000000e+02,1.7700000000e+02,3.0000000000e+01,4.9387898296e-02
2.3300000000e+02,1.7700000000e+02,3.1000000000e+01,4.9400694668e-02
2.3300000000e+02,2.0500000000e+02,0.0000000000e+00,2.0008249283e+00
2.3300000000e+02,2.0500000000e+02,1.0000000000e+00,4.4805714488e-01
2.3300000000e+02,2.0500000000e+02,2.0000000000e+00,1.7807458341e-01
2.3300000000e+02,2.0500000000e+02,3.0000000000e+00,1.0379675031e-01
2.3300000000e+02,2.0500000000e+02,4.0000000000e+00,6.9699510932e-02
2.3300000000e+02,2.0500000000e+02,5.0000000000e+00,5.7800006121e-02
2.3300000000e+02,2.0500000000e+02,6.0000000000e+00,5.0536818802e-02
2.3300000000e+02,2.0500000000e+02,7.0000000000e+00,4.8253264278e-02
2.3300000000e+02,2.0500000000e+02,8.0000000000e+00,4.6360105276e-02
2.3300000000e+02,2.0500000000e+02,9.0000000000e+00,4.6013627201e-02
2.3300000000e+02,2.0500000000e+02,1.0000000000e+01,4.5455656946e-02
2.3300000000e+02,2.0500000000e+02,1.1000000000e+01,4.5504178852e-02
2.3300000000e+02,2.0500000000e+02,1.2000000000e+01,4.5318786055e-02
2.3300000000e+02,2.0500000000e+02,1.3000000000e+01,4.5420672745e-02
2.3300000000e+02,2.0500000000e+02,1.4000000000e+01,4.5347608626e-02
2.3300000000e+02,2.0500000000e+02,1.5000000000e+01,4.5432757586e-02
2.3300000000e+02,2.0500000000e+02,1.6000000000e+01,4.5396234840e-02
2.3300000000e+02,2.0500000000e+02,1.7000000000e+01,4.5457378030e-02
2.3300000000e+02,2.0500000000e+02,1.8000000000e+01,4.5434180647e-02
2.3300000000e+02,2.0500000000e+02,1.9000000000e+01,4.5476559550e-02
2.3300000000e+02,2.0500000000e+02,2.0000000000e+01,4.5459240675e-02
2.3300000000e+02,2.0500000000e+02,2.1000000000e+01,4.5488759875e-02
2.3300000000e+02,2.0500000000e+02,2.2000000000e+01,4.5474734157e-02
2.3300000000e+02,2.0500000000e+02,2.3000000000e+01,4.5495793223e-02
2.3300000000e+02,2.0500000000e+02,2.4000000000e+01,4.5484025031e-02
2.3300000000e+02,2.0500000000e+02,2.5000000000e+01,4.5499522239e-02
2.3300000000e+02,2.0500000000e+02,2.6000000000e+01,4.5489504933e-02
2.3300000000e+02,2.0500000000e+02,2.7000000000e+01,4.5501314104e-02
2.3300000000e+02,2.0500000000e+02,2.8000000000e+01,4.5492697507e-02
2.3300000000e+02,2.0500000000e+02,2.9000000000e+01,4.5502003282e-02
2.3300000000e+02,2.0500000000e+02,3.0000000000e+01,4.5494552702e-02
2.3300000000e+02,2.0500000000e+02,3.1000000000e+01,4.5502107590e-02
2.3300000000e+02,2.3300000000e+02,0.0000000000e+00,1.9955612421e+00
2.3300000000e+02,2.3300000000e+02,1.0000000000e+00,4.0304240584e-01
2.3300000000e+02,2.3300000000e+02,2.0000000000e+00,1.4958791435e-01
2.3300000000e+02,2.3300000000e+02,3.0000000000e+00,8.4689542651e-02
2.3300000000e+02,2.3300000000e+02,4.0000000000e+00,5.7885725051e-02
2.3300000000e+02,2.3300000000e+02,5.0000000000e+00,4.9110498279e-02
2.3300000000e+02,2.3300000000e+02,6.0000000000e+00,4.4496413320e-02
2.3300000000e+02,2.3300000000e+02,7.0000000000e+00,4.3134495616e-02
2.3300000000e+02,2.3300000000e+02,8.0000000000e+00,4.2240556329e-02
2.3300000000e+02,2.3300000000e+02,9.0000000000e+00,4.2108125985e-02
2.3300000000e+02,2.3300000000e+02,1.0000000000e+01,4.1952155530e-02
2.3300000000e+02,2.3300000000e+02,1.1000000000e+01,4.2003639042e-02
2.3300000000e+02,2.3300000000e+02,1.2000000000e+01,4.1996356100e-02
2.3300000000e+02,2.3300000000e+02,1.3000000000e+01,4.2049687356e-02
2.3300000000e+02,2.3300000000e+02,1.4000000000e+01,4.2067099363e-02
2.3300000000e+02,2.3300000000e+02,1.5000000000e+01,4.2100027204e-02
2.3300000000e+02,2.3300000000e+02,1.6000000000e+01,4.2117744684e-02
2.3300000000e+02,2.3300000000e+02,1.7000000000e+01,4.2134806514e-02
2.3300000000e+02,2.3300000000e+02,1.8000000000e+01,4.2149841785e-02
2.3300000000e+02,2.3300000000e+02,1.9000000000e+01,4.2157247663e-02
2.3300000000e+02,2.3300000000e+02,2.0000000000e+01,4.2170561850e-02
2.3300000000e+02,2.3300000000e+02,2.1000000000e+01,4.2172521353e-02
2.3300000000e+02,2.3300000000e+02,2.2000000000e+01,4.2185388505e-02
2.3300000000e+02,2.3300000000e+02,2.3000000000e+01,4.2184371501e-02
2.3300000000e+02,2.3300000000e+02,2.4000000000e+01,4.2197734118e-02
2.3300000000e+02,2.3300000000e+02,2.5000000000e+01,4.2195148766e-02
2.3300000000e+02,2.3300000000e+02,2.6000000000e+01,4.2209684849e-02
2.3300000000e+02,2.3300000000e+02,2.7000000000e+01,4.2206332088e-02
2.3300000000e+02,2.3300000000e+02,2.8000000000e+01,4.2222559452e-02
2.3300000000e+02,2.3300000000e+02,2.9000000000e+01,4.2218953371e-02
2.3300000000e+02,2.3300000000e+02,3.0000000000e+01,4.2237348855e-02
2.3300000000e+02,2.3300000000e+02,3.1000000000e+01,4.2233839631e-02
2.3300000000e+02,2.6100000000e+02,0.0000000000e+00,1.9952843189e+00
2.3300000000e+02,2.6100000000e+02,1.0000000000e+00,3.6429959536e-01
2.3300000000e+02,2.6100000000e+02,2.0000000000e+00,1.2826016545e-01
2.3300000000e+02,2.6100000000e+02,3.0000000000e+00,7.1374669671e-02
2.3300000000e+02,2.6100000000e+02,4.0000000000e+00,5.0893798470e-02
2.3300000000e+02,2.6100000000e+02,5.0000000000e+00,4.4501565397e-02
2.3300000000e+02,2.6100000000e+02,6.0000000000e+00,4.1701566428e-02
2.3300000000e+02,2.6100000000e+02,7.0000000000e+00,4.0961433202e-02
2.3300000000e+02,2.6100000000e+02,8.0000000000e+00,4.0569994599e-02
2.3300000000e+02,2.6100000000e+02,9.0000000000e+00,4.0580607951e-02
2.3300000000e+02,2.6100000000e+02,1.0000000000e+01,4.0551096201e-02
2.3300000000e+02,2.6100000000e+02,1.1000000000e+01,4.0625579655e-02
2.3300000000e+02,2.6100000000e+02,1.2000000000e+01,4.0638793260e-02
2.3300000000e+02,2.6100000000e+02,1.3000000000e+01,4.0690399706e-02
2.3300000000e+02,2.6100000000e+02,1.4000000000e+01,4.0700387210e-02
2.3300000000e+02,2.6100000000e+02,1.5000000000e+01,4.0729936212e-02
2.3300000000e+02,2.6100000000e+02,1.6000000000e+01,4.0734238923e-02
2.3300000000e+02,2.6100000000e+02,1.7000000000e+01,4.0750451386e-02
2.3300000000e+02,2.6100000000e+02,1.8000000000e+01,4.0751583874e-02
2.3300000000e+02,2.6100000000e+02,1.9000000000e+01,4.0760483593e-02
2.3300000000e+02,2.6100000000e+02,2.0000000000e+01,4.0760278702e-02
2.3300000000e+02,2.6100000000e+02,2.1000000000e+01,4.0765237063e-02
2.3300000000e+02,2.6100000000e+02,2.2000000000e+01,4.0764622390e-02
2.3300000000e+02,2.6100000000e+02,2.3000000000e+01,4.0767449886e-02
2.3300000000e+02,2.6100000000e+02,2.4000000000e+01,4.0766805410e-02
2.3300000000e+02,2.6100000000e+02,2.5000000000e+01,4.0768448263e-02
2.3300000000e+02,2.6100000000e+02,2.6000000000e+01,4.0767908096e-02
2.3300000000e+02,2.6100000000e+02,2.7000000000e+01,4.0768887848e-02
2.3300000000e+02,2.6100000000e+02,2.8000000000e+01,4.0768474340e-02
2.3300000000e+02,2.6100000000e+02,2.9000000000e+01,4.0769062936e-02
2.3300000000e+02,2.6100000000e+02,3.0000000000e+01,4.0768768638e-02
2.3300000000e+02,2.6100000000e+02,3.1000000000e+01,4.0769126266e-02
2.3300000000e+02,2.8900000000e+02,0.0000000000e+00,2.0045275688e+00
2.3300000000e+02,2.8900000000e+02,1.0000000000e+00,3.3880427480e-01
2.3300000000e+02,2.8900000000e+02,2.0000000000e+00,1.1351048946e-01
2.3300000000e+02,2.8900000000e+02,3.0000000000e+00,6.1712957919e-02
2.3300000000e+02,2.8900000000e+02,4.0000000000e+00,4.4306717813e-02
2.3300000000e+02,2.8900000000e+02,5.0000000000e+00,3.9143498987e-02
2.3300000000e+02,2.8900000000e+02,6.0000000000e+00,3.7057470530e-02
2.3300000000e+02,2.8900000000e+02,7.0000000000e+00,3.6521948874e-02
2.3300000000e+02,2.8900000000e+02,8.0000000000e+00,3.6285042763e-02
2.3300000000e+02,2.8900000000e+02,9.0000000000e+00,3.6287747324e-02
2.3300000000e+02,2.8900000000e+02,1.0000000000e+01,3.6287903786e-02
2.3300000000e+02,2.8900000000e+02,1.1000000000e+01,3.6327697337e-02
2.3300000000e+02,2.8900000000e+02,1.2000000000e+01,3.6345638335e-02
2.3300000000e+02,2.8900000000e+02,1.3000000000e+01,3.6370441318e-02
2.3300000000e+02,2.8900000000e+02,1.4000000000e+01,3.6381416023e-02
2.3300000000e+02,2.8900000000e+02,1.5000000000e+01,3.6394175142e-02
2.3300000000e+02,2.8900000000e+02,1.6000000000e+01,3.6399349570e-02
2.3300000000e+02,2.8900000000e+02,1.7000000000e+01,3.6405730993e-02
2.3300000000e+02,2.8900000000e+02,1.8000000000e+01,3.6407846957e-02
2.3300000000e+02,2.8900000000e+02,1.9000000000e+01,3.6411114037e-02
2.3300000000e+02,2.8900000000e+02,2.0000000000e+01,3.6411821842e-02
2.3300000000e+02,2.8900000000e+02,2.1000000000e+01,3.6413580179e-02
2.3300000000e+02,2.8900000000e+02,2.2000000000e+01,3.6413695663e-02
2.3300000000e+02,2.8900000000e+02,2.3000000000e+01,3.6414697766e-02
2.3300000000e+02,2.8900000000e+02,2.4000000000e+01,3.6414586008e-02
2.3300000000e+02,2.8900000000e+02,2.5000000000e+01,3.6415200680e-02
2.3300000000e+02,2.8900000000e+02,2.6000000000e+01,3.6415029317e-02
2.3300000000e+02,2.8900000000e+02,2.7000000000e+01,3.6415420473e-02
2.3300000000e+02,2.8900000000e+02,2.8000000000e+01,3.6415249109e-02
2.3300000000e+02,2.8900000000e+02,2.9000000000e+01,3.6415513605e-02
2.3300000000e+02,2.8900000000e+02,3.0000000000e+01,3.6415360868e-02
2.3300000000e+02,2.8900000000e+02,3.1000000000e+01,3.6415547132e-02
2.3300000000e+02,3.1600000000e+02,0.0000000000e+00,2.0041122437e+00
2.3300000000e+02,3.1600000000e+02,1.0000000000e+00,3.1513619423e-01
2.3300000000e+02,3.1600000000e+02,2.0000000000e+00,9.9453352392e-02
2.3300000000e+02,3.1600000000e+02,3.0000000000e+00,5.4149683565e-02
2.3300000000e+02,3.1600000000e+02,4.0000000000e+00,3.9368014783e-02
2.3300000000e+02,3.1600000000e+02,5.0000000000e+00,3.5594336689e-02
2.3300000000e+02,3.1600000000e+02,6.0000000000e+00,3.4028165042e-02
2.3300000000e+02,3.1600000000e+02,7.0000000000e+00,3.3771909773e-02
2.3300000000e+02,3.1600000000e+02,8.0000000000e+00,3.3619347960e-02
2.3300000000e+02,3.1600000000e+02,9.0000000000e+00,3.3671371639e-02
2.3300000000e+02,3.1600000000e+02,1.0000000000e+01,3.3675041050e-02
2.3300000000e+02,3.1600000000e+02,1.1000000000e+01,3.3719196916e-02
2.3300000000e+02,3.1600000000e+02,1.2000000000e+01,3.3730491996e-02
2.3300000000e+02,3.1600000000e+02,1.3000000000e+01,3.3752586693e-02
2.3300000000e+02,3.1600000000e+02,1.4000000000e+01,3.3758651465e-02
2.3300000000e+02,3.1600000000e+02,1.5000000000e+01,3.3768635243e-02
2.3300000000e+02,3.1600000000e+02,1.6000000000e+01,3.3771295100e-02
2.3300000000e+02,3.1600000000e+02,1.7000000000e+01,3.3775672317e-02
2.3300000000e+02,3.1600000000e+02,1.8000000000e+01,3.3776782453e-02
2.3300000000e+02,3.1600000000e+02,1.9000000000e+01,3.3778659999e-02
2.3300000000e+02,3.1600000000e+02,2.0000000000e+01,3.3779140562e-02
2.3300000000e+02,3.1600000000e+02,2.1000000000e+01,3.3779915422e-02
2.3300000000e+02,3.1600000000e+02,2.2000000000e+01,3.3780157566e-02
2.3300000000e+02,3.1600000000e+02,2.3000000000e+01,3.3780440688e-02
2.3300000000e+02,3.1600000000e+02,2.4000000000e+01,3.3780589700e-02
2.3300000000e+02,3.1600000000e+02,2.5000000000e+01,3.3780656755e-02
2.3300000000e+02,3.1600000000e+02,2.6000000000e+01,3.3780768514e-02
2.3300000000e+02,3.1600000000e+02,2.7000000000e+01,3.3780746162e-02
2.3300000000e+02,3.1600000000e+02,2.8000000000e+01,3.3780843019e-02
2.3300000000e+02,3.1600000000e+02,2.9000000000e+01,3.3780783415e-02
2.3300000000e+02,3.1600000000e+02,3.0000000000e+01,3.3780872822e-02
2.3300000000e+02,3.1600000000e+02,3.1000000000e+01,3.3780802041e-02
2.3300000000e+02,3.4400000000e+02,0.0000000000e+00,1.9939121008e+00
2.3300000000e+02,3.4400000000e+02,1.0000000000e+00,2.8906923532e-01
2.3300000000e+02,3.4400000000e+02,2.0000000000e+00,8.8718086481e-02
2.3300000000e+02,3.4400000000e+02,3.0000000000e+00,4.8540450633e-02
2.3300000000e+02,3.4400000000e+02,4.0000000000e+00,3.7243418396e-02
2.3300000000e+02,3.4400000000e+02,5.0000000000e+00,3.4379642457e-02
2.3300000000e+02,3.4400000000e+02,6.0000000000e+00,3.3528357744e-02
2.3300000000e+02,3.4400000000e+02,7.0000000000e+00,3.3403322101e-02
2.3300000000e+02,3.4400000000e+02,8.0000000000e+00,3.3404719085e-02
2.3300000000e+02,3.4400000000e+02,9.0000000000e+00,3.3460624516e-02
2.3300000000e+02,3.4400000000e+02,1.0000000000e+01,3.3499352634e-02
2.3300000000e+02,3.4400000000e+02,1.1000000000e+01,3.3533614129e-02
2.3300000000e+02,3.4400000000e+02,1.2000000000e+01,3.3553466201e-02
2.3300000000e+02,3.4400000000e+02,1.3000000000e+01,3.3568393439e-02
2.3300000000e+02,3.4400000000e+02,1.4000000000e+01,3.3576775342e-02
2.3300000000e+02,3.4400000000e+02,1.5000000000e+01,3.3582817763e-02
2.3300000000e+02,3.4400000000e+02,1.6000000000e+01,3.3586204052e-02
2.3300000000e+02,3.4400000000e+02,1.7000000000e+01,3.3588606864e-02
2.3300000000e+02,3.4400000000e+02,1.8000000000e+01,3.3589977771e-02
2.3300000000e+02,3.4400000000e+02,1.9000000000e+01,3.3590923995e-02
2.3300000000e+02,3.4400000000e+02,2.0000000000e+01,3.3591486514e-02
2.3300000000e+02,3.4400000000e+02,2.1000000000e+01,3.3591859043e-02
2.3300000000e+02,3.4400000000e+02,2.2000000000e+01,3.3592097461e-02
2.3300000000e+02,3.4400000000e+02,2.3000000000e+01,3.3592239022e-02
2.3300000000e+02,3.4400000000e+02,2.4000000000e+01,3.3592339605e-02
2.3300000000e+02,3.4400000000e+02,2.5000000000e+01,3.3592399210e-02
2.3300000000e+02,3.4400000000e+02,2.6000000000e+01,3.3592440188e-02
2.3300000000e+02,3.4400000000e+02,2.7000000000e+01,3.3592466265e-02
2.3300000000e+02,3.4400000000e+02,2.8000000000e+01,3.3592484891e-02
2.3300000000e+02,3.4400000000e+02,2.9000000000e+01,3.3592492342e-02
2.3300000000e+02,3.4400000000e+02,3.0000000000e+01,3.3592503518e-02
2.3300000000e+02,3.4400000000e+02,3.1000000000e+01,3.3592503518e-02
2.3300000000e+02,3.7200000000e+02,0.0000000000e+00,1.9963104725e+00
2.3300000000e+02,3.7200000000e+02,1.0000000000e+00,2.7119767666e-01
2.3300000000e+02,3.7200000000e+02,2.0000000000e+00,7.6424740255e-02
2.3300000000e+02,3.7200000000e+02,3.0000000000e+00,4.0957994759e-02
2.3300000000e+02,3.7200000000e+02,4.0000000000e+00,3.0393179506e-02
2.3300000000e+02,3.7200000000e+02,5.0000000000e+00,2.8313316405e-02
2.3300000000e+02,3.7200000000e+02,6.0000000000e+00,2.7423530817e-02
2.3300000000e+02,3.7200000000e+02,7.0000000000e+00,2.7409031987e-02
2.3300000000e+02,3.7200000000e+02,8.0000000000e+00,2.7343716472e-02
2.3300000000e+02,3.7200000000e+02,9.0000000000e+00,2.7406778187e-02
2.3300000000e+02,3.7200000000e+02,1.0000000000e+01,2.7411498129e-02
2.3300000000e+02,3.7200000000e+02,1.1000000000e+01,2.7441214770e-02
2.3300000000e+02,3.7200000000e+02,1.2000000000e+01,2.7446661144e-02
2.3300000000e+02,3.7200000000e+02,1.3000000000e+01,2.7458049357e-02
2.3300000000e+02,3.7200000000e+02,1.4000000000e+01,2.7460688725e-02
2.3300000000e+02,3.7200000000e+02,1.5000000000e+01,2.7464818209e-02
2.3300000000e+02,3.7200000000e+02,1.6000000000e+01,2.7465976775e-02
2.3300000000e+02,3.7200000000e+02,1.7000000000e+01,2.7467437088e-02
2.3300000000e+02,3.7200000000e+02,1.8000000000e+01,2.7467951179e-02
2.3300000000e+02,3.7200000000e+02,1.9000000000e+01,2.7468446642e-02
2.3300000000e+02,3.7200000000e+02,2.0000000000e+01,2.7468685061e-02
2.3300000000e+02,3.7200000000e+02,2.1000000000e+01,2.7468845248e-02
2.3300000000e+02,3.7200000000e+02,2.2000000000e+01,2.7468960732e-02
2.3300000000e+02,3.7200000000e+02,2.3000000000e+01,2.7468999848e-02
2.3300000000e+02,3.7200000000e+02,2.4000000000e+01,2.7469063178e-02
2.3300000000e+02,3.7200000000e+02,2.5000000000e+01,2.7469066903e-02
2.3300000000e+02,3.7200000000e+02,2.6000000000e+01,2.7469100431e-02
2.3300000000e+02,3.7200000000e+02,2.7000000000e+01,2.7469096705e-02
2.3300000000e+02,3.7200000000e+02,2.8000000000e+01,2.7469115332e-02
2.3300000000e+02,3.7200000000e+02,2.9000000000e+01,2.7469107881e-02
2.3300000000e+02,3.7200000000e+02,3.0000000000e+01,2.7469120920e-02
2.3300000000e+02,3.7200000000e+02,3.1000000000e+01,2.7469117194e-02
2.3300000000e+02,4.0000000000e+02,0.0000000000e+00,1.9919883013e+00
2.3300000000e+02,4.0000000000e+02,1.0000000000e+00,2.5575789809e-01
2.3300000000e+02,4.0000000000e+02,2.0000000000e+00,6.9551058114e-02
2.3300000000e+02,4.0000000000e+02,3.0000000000e+00,3.8369283080e-02
2.3300000000e+02,4.0000000000e+02,4.0000000000e+00,2.9377236962e-02
2.3300000000e+02,4.0000000000e+02,5.0000000000e+00,2.7941500768e-02
2.3300000000e+02,4.0000000000e+02,6.0000000000e+00,2.7279321104e-02
2.3300000000e+02,4.0000000000e+02,7.0000000000e+00,2.7348615229e-02
2.3300000000e+02,4.0000000000e+02,8.0000000000e+00,2.7309091762e-02
2.3300000000e+02,4.0000000000e+02,9.0000000000e+00,2.7378315106e-02
2.3300000000e+02,4.0000000000e+02,1.0000000000e+01,2.7382042259e-02
2.3300000000e+02,4.0000000000e+02,1.1000000000e+01,2.7410006151e-02
2.3300000000e+02,4.0000000000e+02,1.2000000000e+01,2.7412742376e-02
2.3300000000e+02,4.0000000000e+02,1.3000000000e+01,2.7422910556e-02
2.3300000000e+02,4.0000000000e+02,1.4000000000e+01,2.7423830703e-02
2.3300000000e+02,4.0000000000e+02,1.5000000000e+01,2.7427503839e-02
2.3300000000e+02,4.0000000000e+02,1.6000000000e+01,2.7427731082e-02
2.3300000000e+02,4.0000000000e+02,1.7000000000e+01,2.7429088950e-02
2.3300000000e+02,4.0000000000e+02,1.8000000000e+01,2.7429115027e-02
2.3300000000e+02,4.0000000000e+02,1.9000000000e+01,2.7429632843e-02
2.3300000000e+02,4.0000000000e+02,2.0000000000e+01,2.7429612353e-02
2.3300000000e+02,4.0000000000e+02,2.1000000000e+01,2.7429815382e-02
2.3300000000e+02,4.0000000000e+02,2.2000000000e+01,2.7429793030e-02
2.3300000000e+02,4.0000000000e+02,2.3000000000e+01,2.7429876849e-02
2.3300000000e+02,4.0000000000e+02,2.4000000000e+01,2.7429863811e-02
2.3300000000e+02,4.0000000000e+02,2.5000000000e+01,2.7429901063e-02
2.3300000000e+02,4.0000000000e+02,2.6000000000e+01,2.7429889888e-02
2.3300000000e+02,4.0000000000e+02,2.7000000000e+01,2.7429904789e-02
2.3300000000e+02,4.0000000000e+02,2.8000000000e+01,2.7429901063e-02
2.3300000000e+02,4.0000000000e+02,2.9000000000e+01,2.7429908514e-02
2.3300000000e+02,4.0000000000e+02,3.0000000000e+01,2.7429904789e-02
2.3300000000e+02,4.0000000000e+02,3.1000000000e+01,2.7429908514e-02
2.6100000000e+02,1.0000000000e+01,0.0000000000e+00,2.0080161095e+00
2.6100000000e+02,1.0000000000e+01,1.0000000000e+00,1.9189383984e+00
2.6100000000e+02,1.0000000000e+01,2.0000000000e+00,1.8523668051e+00
2.6100000000e+02,1.0000000000e+01,3.0000000000e+00,1.9168388844e+00
2.6100000000e+02,1.0000000000e+01,4.0000000000e+00,1.9104180336e+00
2.6100000000e+02,1.0000000000e+01,5.0000000000e+00,1.9571363926e+00
2.6100000000e+02,1.0000000000e+01,6.0000000000e+00,1.9629118443e+00
2.6100000000e+02,1.0000000000e+01,7.0000000000e+00,2.0251986980e+00
2.6100000000e+02,1.0000000000e+01,8.0000000000e+00,2.0762662888e+00
2.6100000000e+02,1.0000000000e+01,9.0000000000e+00,2.2483341694e+00
2.6100000000e+02,1.0000000000e+01,1.0000000000e+01,2.5231852531e+00
2.6100000000e+02,1.0000000000e+01,1.1000000000e+01,3.2145752907e+00
2.6100000000e+02,1.0000000000e+01,1.2000000000e+01,4.5796742439e+00
2.6100000000e+02,1.0000000000e+01,1.3000000000e+01,7.7330164909e+00
2.6100000000e+02,1.0000000000e+01,1.4000000000e+01,1.4423105240e+01
2.6100000000e+02,1.0000000000e+01,1.5000000000e+01,2.9489955902e+01
2.6100000000e+02,1.0000000000e+01,1.6000000000e+01,6.2381065369e+01
2.6100000000e+02,1.0000000000e+01,1.7000000000e+01,1.3597758484e+02
2.6100000000e+02,1.0000000000e+01,1.8000000000e+01,2.9880789185e+02
2.6100000000e+02,1.0000000000e+01,1.9000000000e+01,6.6309039307e+02
2.6100000000e+02,1.0000000000e+01,2.0000000000e+01,1.4751115723e+03
2.6100000000e+02,1.0000000000e+01,2.1000000000e+01,3.2952773438e+03
2.6100000000e+02,1.0000000000e+01,2.2000000000e+01,7.3727138672e+03
2.6100000000e+02,1.0000000000e+01,2.3000000000e+01,1.6535992188e+04
2.6100000000e+02,1.0000000000e+01,2.4000000000e+01,3.7140257812e+04
2.6100000000e+02,1.0000000000e+01,2.5000000000e+01,8.3569781250e+04
2.6100000000e+02,1.0000000000e+01,2.6000000000e+01,1.8829837500e+05
2.6100000000e+02,1.0000000000e+01,2.7000000000e+01,4.2491928125e+05
2.6100000000e+02,1.0000000000e+01,2.8000000000e+01,9.6014400000e+05
2.6100000000e+02,1.0000000000e+01,2.9000000000e+01,2.1724950000e+06
2.6100000000e+02,1.0000000000e+01,3.0000000000e+01,4.9218285000e+06
2.6100000000e+02,1.0000000000e+01,3.1000000000e+01,1.1164553000e+07
2.6100000000e+02,3.8000000000e+01,0.0000000000e+00,1.9942642450e+00
2.6100000000e+02,3.8000000000e+01,1.0000000000e+00,1.2610988617e+00
2.6100000000e+02,3.8000000000e+01,2.0000000000e+00,1.0163676739e+00
2.6100000000e+02,3.8000000000e+01,3.0000000000e+00,9.5973384380e-01
2.6100000000e+02,3.8000000000e+01,4.0000000000e+00,8.8720852137e-01
2.6100000000e+02,3.8000000000e+01,5.0000000000e+00,8.7310087681e-01
2.6100000000e+02,3.8000000000e+01,6.0000000000e+00,8.3856523037e-01
2.6100000000e+02,3.8000000000e+01,7.0000000000e+00,8.4035122395e-01
2.6100000000e+02,3.8000000000e+01,8.0000000000e+00,8.2505798340e-01
2.6100000000e+02,3.8000000000e+01,9.0000000000e+00,8.4172487259e-01
2.6100000000e+02,3.8000000000e+01,1.0000000000e+01,8.4665387869e-01
2.6100000000e+02,3.8000000000e+01,1.1000000000e+01,8.8920748234e-01
2.6100000000e+02,3.8000000000e+01,1.2000000000e+01,9.3167030811e-01
2.6100000000e+02,3.8000000000e+01,1.3000000000e+01,1.0327174664e+00
2.6100000000e+02,3.8000000000e+01,1.4000000000e+01,1.1642534733e+00
2.6100000000e+02,3.8000000000e+01,1.5000000000e+01,1.4112011194e+00
2.6100000000e+02,3.8000000000e+01,1.6000000000e+01,1.7731338739e+00
2.6100000000e+02,3.8000000000e+01,1.7000000000e+01,2.4026455879e+00
2.6100000000e+02,3.8000000000e+01,1.8000000000e+01,3.3852276802e+00
2.6100000000e+02,3.8000000000e+01,1.9000000000e+01,5.0542221069e+00
2.6100000000e+02,3.8000000000e+01,2.0000000000e+01,7.7593793869e+00
2.6100000000e+02,3.8000000000e+01,2.1000000000e+01,1.2342027664e+01
2.6100000000e+02,3.8000000000e+01,2.2000000000e+01,1.9963441849e+01
2.6100000000e+02,3.8000000000e+01,2.3000000000e+01,3.2959682465e+01
2.6100000000e+02,3.8000000000e+01,2.4000000000e+01,5.5012706757e+01
2.6100000000e+02,3.8000000000e+01,2.5000000000e+01,9.3031921387e+01
2.6100000000e+02,3.8000000000e+01,2.6000000000e+01,1.5868148804e+02
2.6100000000e+02,3.8000000000e+01,2.7000000000e+01,2.7334536743e+02
2.6100000000e+02,3.8000000000e+01,2.8000000000e+01,4.7455447388e+02
2.6100000000e+02,3.8000000000e+01,2.9000000000e+01,8.3089862061e+02
2.6100000000e+02,3.8000000000e+01,3.0000000000e+01,1.4657661133e+03
2.6100000000e+02,3.8000000000e+01,3.1000000000e+01,2.6058686523e+03
2.6100000000e+02,6.6000000000e+01,0.0000000000e+00,1.9978466034e+00
2.6100000000e+02,6.6000000000e+01,1.0000000000e+00,9.5665287971e-01
2.6100000000e+02,6.6000000000e+01,2.0000000000e+00,6.5050673485e-01
2.6100000000e+02,6.6000000000e+01,3.0000000000e+00,5.4376614094e-01
2.6100000000e+02,6.6000000000e+01,4.0000000000e+00,4.5085954666e-01
2.6100000000e+02,6.6000000000e+01,5.0000000000e+00,4.1013452411e-01
2.6100000000e+02,6.6000000000e+01,6.0000000000e+00,3.6310583353e-01
2.6100000000e+02,6.6000000000e+01,7.0000000000e+00,3.4366291761e-01
2.6100000000e+02,6.6000000000e+01,8.0000000000e+00,3.1569525599e-01
2.6100000000e+02,6.6000000000e+01,9.0000000000e+00,3.0762881041e-01
2.6100000000e+02,6.6000000000e+01,1.0000000000e+01,2.9118299484e-01
2.6100000000e+02,6.6000000000e+01,1.1000000000e+01,2.9247471690e-01
2.6100000000e+02,6.6000000000e+01,1.2000000000e+01,2.8647753596e-01
2.6100000000e+02,6.6000000000e+01,1.3000000000e+01,2.9948323965e-01
2.6100000000e+02,6.6000000000e+01,1.4000000000e+01,3.0786675215e-01
2.6100000000e+02,6.6000000000e+01,1.5000000000e+01,3.4058943391e-01
2.6100000000e+02,6.6000000000e+01,1.6000000000e+01,3.7508147955e-01
2.6100000000e+02,6.6000000000e+01,1.7000000000e+01,4.4648998976e-01
2.6100000000e+02,6.6000000000e+01,1.8000000000e+01,5.3490161896e-01
2.6100000000e+02,6.6000000000e+01,1.9000000000e+01,6.8795734644e-01
2.6100000000e+02,6.6000000000e+01,2.0000000000e+01,8.9404153824e-01
2.6100000000e+02,6.6000000000e+01,2.1000000000e+01,1.2262173891e+00
2.6100000000e+02,6.6000000000e+01,2.2000000000e+01,1.6962900162e+00
2.6100000000e+02,6.6000000000e+01,2.3000000000e+01,2.4311804771e+00
2.6100000000e+02,6.6000000000e+01,2.4000000000e+01,3.5040345192e+00
2.6100000000e+02,6.6000000000e+01,2.5000000000e+01,5.1607155800e+00
2.6100000000e+02,6.6000000000e+01,2.6000000000e+01,7.6287803650e+00
2.6100000000e+02,6.6000000000e+01,2.7000000000e+01,1.1425699234e+01
2.6100000000e+02,6.6000000000e+01,2.8000000000e+01,1.7160436630e+01
2.6100000000e+02,6.6000000000e+01,2.9000000000e+01,2.5986015320e+01
2.6100000000e+02,6.6000000000e+01,3.0000000000e+01,3.9446311951e+01
2.6100000000e+02,6.6000000000e+01,3.1000000000e+01,6.0207508087e+01
2.6100000000e+02,9.4000000000e+01,0.0000000000e+00,1.9940633774e+00
2.6100000000e+02,9.4000000000e+01,1.0000000000e+00,7.7116858959e-01
2.6100000000e+02,9.4000000000e+01,2.0000000000e+00,4.5310550928e-01
2.6100000000e+02,9.4000000000e+01,3.0000000000e+00,3.3939135075e-01
2.6100000000e+02,9.4000000000e+01,4.0000000000e+00,2.5762012601e-01
2.6100000000e+02,9.4000000000e+01,5.0000000000e+00,2.1938745677e-01
2.6100000000e+02,9.4000000000e+01,6.0000000000e+00,1.8416297436e-01
2.6100000000e+02,9.4000000000e+01,7.0000000000e+00,1.6745683551e-01
2.6100000000e+02,9.4000000000e+01,8.0000000000e+00,1.4934571087e-01
2.6100000000e+02,9.4000000000e+01,9.0000000000e+00,1.4201508462e-01
2.6100000000e+02,9.4000000000e+01,1.0000000000e+01,1.3251379132e-01
2.6100000000e+02,9.4000000000e+01,1.1000000000e+01,1.3090509176e-01
2.6100000000e+02,9.4000000000e+01,1.2000000000e+01,1.2746073306e-01
2.6100000000e+02,9.4000000000e+01,1.3000000000e+01,1.3129413128e-01
2.6100000000e+02,9.4000000000e+01,1.4000000000e+01,1.3459967077e-01
2.6100000000e+02,9.4000000000e+01,1.5000000000e+01,1.4662873745e-01
2.6100000000e+02,9.4000000000e+01,1.6000000000e+01,1.6133204103e-01
2.6100000000e+02,9.4000000000e+01,1.7000000000e+01,1.8960776925e-01
2.6100000000e+02,9.4000000000e+01,1.8000000000e+01,2.2819864750e-01
2.6100000000e+02,9.4000000000e+01,1.9000000000e+01,2.9254668951e-01
2.6100000000e+02,9.4000000000e+01,2.0000000000e+01,3.8554561138e-01
2.6100000000e+02,9.4000000000e+01,2.1000000000e+01,5.3362542391e-01
2.6100000000e+02,9.4000000000e+01,2.2000000000e+01,7.5462394953e-01
2.6100000000e+02,9.4000000000e+01,2.3000000000e+01,1.1011095047e+00
2.6100000000e+02,9.4000000000e+01,2.4000000000e+01,1.6279174089e+00
2.6100000000e+02,9.4000000000e+01,2.5000000000e+01,2.4501895905e+00
2.6100000000e+02,9.4000000000e+01,2.6000000000e+01,3.7145044804e+00
2.6100000000e+02,9.4000000000e+01,2.7000000000e+01,5.6872506142e+00
2.6100000000e+02,9.4000000000e+01,2.8000000000e+01,8.7424306870e+00
2.6100000000e+02,9.4000000000e+01,2.9000000000e+01,1.3515211105e+01
2.6100000000e+02,9.4000000000e+01,3.0000000000e+01,2.0943700790e+01
2.6100000000e+02,9.4000000000e+01,3.1000000000e+01,3.2568824768e+01
2.6100000000e+02,1.2100000000e+02,0.0000000000e+00,2.0081782341e+00
2.6100000000e+02,1.2100000000e+02,1.0000000000e+00,6.5459716320e-01
2.6100000000e+02,1.2100000000e+02,2.0000000000e+00,3.4276172519e-01
2.6100000000e+02,1.2100000000e+02,3.0000000000e+00,2.3622511327e-01
2.6100000000e+02,1.2100000000e+02,4.0000000000e+00,1.6966469586e-01
2.6100000000e+02,1.2100000000e+02,5.0000000000e+00,1.3965958357e-01
2.6100000000e+02,1.2100000000e+02,6.0000000000e+00,1.1564996094e-01
2.6100000000e+02,1.2100000000e+02,7.0000000000e+00,1.0465247184e-01
2.6100000000e+02,1.2100000000e+02,8.0000000000e+00,9.4128794968e-02
2.6100000000e+02,1.2100000000e+02,9.0000000000e+00,8.9937657118e-02
2.6100000000e+02,1.2100000000e+02,1.0000000000e+01,8.4895841777e-02
2.6100000000e+02,1.2100000000e+02,1.1000000000e+01,8.3682753146e-02
2.6100000000e+02,1.2100000000e+02,1.2000000000e+01,8.1264123321e-02
2.6100000000e+02,1.2100000000e+02,1.3000000000e+01,8.1628486514e-02
2.6100000000e+02,1.2100000000e+02,1.4000000000e+01,8.0706961453e-02
2.6100000000e+02,1.2100000000e+02,1.5000000000e+01,8.2165472209e-02
2.6100000000e+02,1.2100000000e+02,1.6000000000e+01,8.2348905504e-02
2.6100000000e+02,1.2100000000e+02,1.7000000000e+01,8.4866568446e-02
2.6100000000e+02,1.2100000000e+02,1.8000000000e+01,8.6168944836e-02
2.6100000000e+02,1.2100000000e+02,1.9000000000e+01,9.0024232864e-02
2.6100000000e+02,1.2100000000e+02,2.0000000000e+01,9.2785708606e-02
2.6100000000e+02,1.2100000000e+02,2.1000000000e+01,9.8584741354e-02
2.6100000000e+02,1.2100000000e+02,2.2000000000e+01,1.0352364182e-01
2.6100000000e+02,1.2100000000e+02,2.3000000000e+01,1.1232160032e-01
2.6100000000e+02,1.2100000000e+02,2.4000000000e+01,1.2070195377e-01
2.6100000000e+02,1.2100000000e+02,2.5000000000e+01,1.3424865901e-01
2.6100000000e+02,1.2100000000e+02,2.6000000000e+01,1.4819842577e-01
2.6100000000e+02,1.2100000000e+02,2.7000000000e+01,1.6936874390e-01
2.6100000000e+02,1.2100000000e+02,2.8000000000e+01,1.9243283570e-01
2.6100000000e+02,1.2100000000e+02,2.9000000000e+01,2.2595894337e-01
2.6100000000e+02,1.2100000000e+02,3.0000000000e+01,2.6404166222e-01
2.6100000000e+02,1.2100000000e+02,3.1000000000e+01,3.1775429845e-01
2.6100000000e+02,1.4900000000e+02,0.0000000000e+00,1.9985361099e+00
2.6100000000e+02,1.4900000000e+02,1.0000000000e+00,5.6161588430e-01
2.6100000000e+02,1.4900000000e+02,2.0000000000e+00,2.6415953040e-01
2.6100000000e+02,1.4900000000e+02,3.0000000000e+00,1.6648356616e-01
2.6100000000e+02,1.4900000000e+02,4.0000000000e+00,1.1366312206e-01
2.6100000000e+02,1.4900000000e+02,5.0000000000e+00,9.0658977628e-02
2.6100000000e+02,1.4900000000e+02,6.0000000000e+00,7.4836708605e-02
2.6100000000e+02,1.4900000000e+02,7.0000000000e+00,6.7816518247e-02
2.6100000000e+02,1.4900000000e+02,8.0000000000e+00,6.2042050064e-02
2.6100000000e+02,1.4900000000e+02,9.0000000000e+00,5.9761811048e-02
2.6100000000e+02,1.4900000000e+02,1.0000000000e+01,5.7438883930e-02
2.6100000000e+02,1.4900000000e+02,1.1000000000e+01,5.6783534586e-02
2.6100000000e+02,1.4900000000e+02,1.2000000000e+01,5.5830128491e-02
2.6100000000e+02,1.4900000000e+02,1.3000000000e+01,5.5784080178e-02
2.6100000000e+02,1.4900000000e+02,1.4000000000e+01,5.5456295609e-02
2.6100000000e+02,1.4900000000e+02,1.5000000000e+01,5.5672161281e-02
2.6100000000e+02,1.4900000000e+02,1.6000000000e+01,5.5700108409e-02
2.6100000000e+02,1.4900000000e+02,1.7000000000e+01,5.6078329682e-02
2.6100000000e+02,1.4900000000e+02,1.8000000000e+01,5.6391008198e-02
2.6100000000e+02,1.4900000000e+02,1.9000000000e+01,5.6945707649e-02
2.6100000000e+02,1.4900000000e+02,2.0000000000e+01,5.7581555098e-02
2.6100000000e+02,1.4900000000e+02,2.1000000000e+01,5.8405019343e-02
2.6100000000e+02,1.4900000000e+02,2.2000000000e+01,5.9494975954e-02
2.6100000000e+02,1.4900000000e+02,2.3000000000e+01,6.0767315328e-02
2.6100000000e+02,1.4900000000e+02,2.4000000000e+01,6.2558352947e-02
2.6100000000e+02,1.4900000000e+02,2.5000000000e+01,6.4591050148e-02
2.6100000000e+02,1.4900000000e+02,2.6000000000e+01,6.7507661879e-02
2.6100000000e+02,1.4900000000e+02,2.7000000000e+01,7.0828676224e-02
2.6100000000e+02,1.4900000000e+02,2.8000000000e+01,7.5587049127e-02
2.6100000000e+02,1.4900000000e+02,2.9000000000e+01,8.1090763211e-02
2.6100000000e+02,1.4900000000e+02,3.0000000000e+01,8.8897608221e-02
2.6100000000e+02,1.4900000000e+02,3.1000000000e+01,9.8103851080e-02
2.6100000000e+02,1.7700000000e+02,0.0000000000e+00,1.9977372885e+00
2.6100000000e+02,1.7700000000e+02,1.0000000000e+00,4.9479401112e-01
2.6100000000e+02,1.7700000000e+02,2.0000000000e+00,2.1360184252e-01
2.6100000000e+02,1.7700000000e+02,3.0000000000e+00,1.2784115970e-01
2.6100000000e+02,1.7700000000e+02,4.0000000000e+00,8.6067825556e-02
2.6100000000e+02,1.7700000000e+02,5.0000000000e+00,6.9204144180e-02
2.6100000000e+02,1.7700000000e+02,6.0000000000e+00,5.8693353087e-02
2.6100000000e+02,1.7700000000e+02,7.0000000000e+00,5.4441012442e-02
2.6100000000e+02,1.7700000000e+02,8.0000000000e+00,5.1189228892e-02
2.6100000000e+02,1.7700000000e+02,9.0000000000e+00,5.0087261945e-02
2.6100000000e+02,1.7700000000e+02,1.0000000000e+01,4.8947595060e-02
2.6100000000e+02,1.7700000000e+02,1.1000000000e+01,4.8726014793e-02
2.6100000000e+02,1.7700000000e+02,1.2000000000e+01,4.8280578107e-02
2.6100000000e+02,1.7700000000e+02,1.3000000000e+01,4.8304423690e-02
2.6100000000e+02,1.7700000000e+02,1.4000000000e+01,4.8106066883e-02
2.6100000000e+02,1.7700000000e+02,1.5000000000e+01,4.8186875880e-02
2.6100000000e+02,1.7700000000e+02,1.6000000000e+01,4.8082277179e-02
2.6100000000e+02,1.7700000000e+02,1.7000000000e+01,4.8165302724e-02
2.6100000000e+02,1.7700000000e+02,1.8000000000e+01,4.8098810017e-02
2.6100000000e+02,1.7700000000e+02,1.9000000000e+01,4.8170704395e-02
2.6100000000e+02,1.7700000000e+02,2.0000000000e+01,4.8121154308e-02
2.6100000000e+02,1.7700000000e+02,2.1000000000e+01,4.8180956393e-02
2.6100000000e+02,1.7700000000e+02,2.2000000000e+01,4.8139974475e-02
2.6100000000e+02,1.7700000000e+02,2.3000000000e+01,4.8189878464e-02
2.6100000000e+02,1.7700000000e+02,2.4000000000e+01,4.8153910786e-02
2.6100000000e+02,1.7700000000e+02,2.5000000000e+01,4.8196446151e-02
2.6100000000e+02,1.7700000000e+02,2.6000000000e+01,4.8163846135e-02
2.6100000000e+02,1.7700000000e+02,2.7000000000e+01,4.8201091588e-02
2.6100000000e+02,1.7700000000e+02,2.8000000000e+01,4.8171021044e-02
2.6100000000e+02,1.7700000000e+02,2.9000000000e+01,4.8204526305e-02
2.6100000000e+02,1.7700000000e+02,3.0000000000e+01,4.8176452518e-02
2.6100000000e+02,1.7700000000e+02,3.1000000000e+01,4.8207338899e-02
2.6100000000e+02,2.0500000000e+02,0.0000000000e+00,2.0036370754e+00
2.6100000000e+02,2.0500000000e+02,1.0000000000e+00,4.4016641378e-01
2.6100000000e+02,2.0500000000e+02,2.0000000000e+00,1.7084607482e-01
2.6100000000e+02,2.0500000000e+02,3.0000000000e+00,9.7940795124e-02
2.6100000000e+02,2.0500000000e+02,4.0000000000e+00,6.4412325621e-02
2.6100000000e+02,2.0500000000e+02,5.0000000000e+00,5.2826382220e-02
2.6100000000e+02,2.0500000000e+02,6.0000000000e+00,4.5791976154e-02
2.6100000000e+02,2.0500000000e+02,7.0000000000e+00,4.3541513383e-02
2.6100000000e+02,2.0500000000e+02,8.0000000000e+00,4.1750870645e-02
2.6100000000e+02,2.0500000000e+02,9.0000000000e+00,4.1379131377e-02
2.6100000000e+02,2.0500000000e+02,1.0000000000e+01,4.0872823447e-02
2.6100000000e+02,2.0500000000e+02,1.1000000000e+01,4.0891528130e-02
2.6100000000e+02,2.0500000000e+02,1.2000000000e+01,4.0734879673e-02
2.6100000000e+02,2.0500000000e+02,1.3000000000e+01,4.0813166648e-02
2.6100000000e+02,2.0500000000e+02,1.4000000000e+01,4.0757577866e-02
2.6100000000e+02,2.0500000000e+02,1.5000000000e+01,4.0825590491e-02
2.6100000000e+02,2.0500000000e+02,1.6000000000e+01,4.0800649673e-02
2.6100000000e+02,2.0500000000e+02,1.7000000000e+01,4.0849395096e-02
2.6100000000e+02,2.0500000000e+02,1.8000000000e+01,4.0834542364e-02
2.6100000000e+02,2.0500000000e+02,1.9000000000e+01,4.0867649019e-02
2.6100000000e+02,2.0500000000e+02,2.0000000000e+01,4.0856815875e-02
2.6100000000e+02,2.0500000000e+02,2.1000000000e+01,4.0879070759e-02
2.6100000000e+02,2.0500000000e+02,2.2000000000e+01,4.0870416909e-02
2.6100000000e+02,2.0500000000e+02,2.3000000000e+01,4.0885496885e-02
2.6100000000e+02,2.0500000000e+02,2.4000000000e+01,4.0878392756e-02
2.6100000000e+02,2.0500000000e+02,2.5000000000e+01,4.0888775140e-02
2.6100000000e+02,2.0500000000e+02,2.6000000000e+01,4.0882907808e-02
2.6100000000e+02,2.0500000000e+02,2.7000000000e+01,4.0890205652e-02
2.6100000000e+02,2.0500000000e+02,2.8000000000e+01,4.0885377675e-02
2.6100000000e+02,2.0500000000e+02,2.9000000000e+01,4.0890619159e-02
2.6100000000e+02,2.0500000000e+02,3.0000000000e+01,4.0886640549e-02
2.6100000000e+02,2.0500000000e+02,3.1000000000e+01,4.0890492499e-02
2.6100000000e+02,2.3300000000e+02,0.0000000000e+00,1.9989315271e+00
2.6100000000e+02,2.3300000000e+02,1.0000000000e+00,3.9953711629e-01
2.6100000000e+02,2.3300000000e+02,2.0000000000e+00,1.4733636379e-01
2.6100000000e+02,2.3300000000e+02,3.0000000000e+00,8.2946918905e-02
2.6100000000e+02,2.3300000000e+02,4.0000000000e+00,5.6324277073e-02
2.6100000000e+02,2.3300000000e+02,5.0000000000e+00,4.7735217959e-02
2.6100000000e+02,2.3300000000e+02,6.0000000000e+00,4.3096467853e-02
2.6100000000e+02,2.3300000000e+02,7.0000000000e+00,4.1772272438e-02
2.6100000000e+02,2.3300000000e+02,8.0000000000e+00,4.0826909244e-02
2.6100000000e+02,2.3300000000e+02,9.0000000000e+00,4.0695168078e-02
2.6100000000e+02,2.3300000000e+02,1.0000000000e+01,4.0498219430e-02
2.6100000000e+02,2.3300000000e+02,1.1000000000e+01,4.0544591844e-02
2.6100000000e+02,2.3300000000e+02,1.2000000000e+01,4.0508631617e-02
2.6100000000e+02,2.3300000000e+02,1.3000000000e+01,4.0558125824e-02
2.6100000000e+02,2.3300000000e+02,1.4000000000e+01,4.0555164218e-02
2.6100000000e+02,2.3300000000e+02,1.5000000000e+01,4.0586482733e-02
2.6100000000e+02,2.3300000000e+02,1.6000000000e+01,4.0588565171e-02
2.6100000000e+02,2.3300000000e+02,1.7000000000e+01,4.0605872869e-02
2.6100000000e+02,2.3300000000e+02,1.8000000000e+01,4.0607620031e-02
2.6100000000e+02,2.3300000000e+02,1.9000000000e+01,4.0616609156e-02
2.6100000000e+02,2.3300000000e+02,2.0000000000e+01,4.0617477149e-02
2.6100000000e+02,2.3300000000e+02,2.1000000000e+01,4.0621940047e-02
2.6100000000e+02,2.3300000000e+02,2.2000000000e+01,4.0622215718e-02
2.6100000000e+02,2.3300000000e+02,2.3000000000e+01,4.0624331683e-02
2.6100000000e+02,2.3300000000e+02,2.4000000000e+01,4.0624286979e-02
2.6100000000e+02,2.3300000000e+02,2.5000000000e+01,4.0625222027e-02
2.6100000000e+02,2.3300000000e+02,2.6000000000e+01,4.0625028312e-02
2.6100000000e+02,2.3300000000e+02,2.7000000000e+01,4.0625393391e-02
2.6100000000e+02,2.3300000000e+02,2.8000000000e+01,4.0625136346e-02
2.6100000000e+02,2.3300000000e+02,2.9000000000e+01,4.0625251830e-02
2.6100000000e+02,2.3300000000e+02,3.0000000000e+01,4.0624976158e-02
2.6100000000e+02,2.3300000000e+02,3.1000000000e+01,4.0624994785e-02
2.6100000000e+02,2.6100000000e+02,0.0000000000e+00,2.0046529770e+00
2.6100000000e+02,2.6100000000e+02,1.0000000000e+00,3.6234879494e-01
2.6100000000e+02,2.6100000000e+02,2.0000000000e+00,1.2476389855e-01
2.6100000000e+02,2.6100000000e+02,3.0000000000e+00,6.6620856524e-02
2.6100000000e+02,2.6100000000e+02,4.0000000000e+00,4.5168001205e-02
2.6100000000e+02,2.6100000000e+02,5.0000000000e+00,3.8377970457e-02
2.6100000000e+02,2.6100000000e+02,6.0000000000e+00,3.5245109349e-02
2.6100000000e+02,2.6100000000e+02,7.0000000000e+00,3.4356243908e-02
2.6100000000e+02,2.6100000000e+02,8.0000000000e+00,3.3850967884e-02
2.6100000000e+02,2.6100000000e+02,9.0000000000e+00,3.3798299730e-02
2.6100000000e+02,2.6100000000e+02,1.0000000000e+01,3.3730313182e-02
2.6100000000e+02,2.6100000000e+02,1.1000000000e+01,3.3774863929e-02
2.6100000000e+02,2.6100000000e+02,1.2000000000e+01,3.3776298165e-02
2.6100000000e+02,2.6100000000e+02,1.3000000000e+01,3.3812403679e-02
2.6100000000e+02,2.6100000000e+02,1.4000000000e+01,3.3820018172e-02
2.6100000000e+02,2.6100000000e+02,1.5000000000e+01,3.3840924501e-02
2.6100000000e+02,2.6100000000e+02,1.6000000000e+01,3.3845923841e-02
2.6100000000e+02,2.6100000000e+02,1.7000000000e+01,3.3857032657e-02
2.6100000000e+02,2.6100000000e+02,1.8000000000e+01,3.3859632909e-02
2.6100000000e+02,2.6100000000e+02,1.9000000000e+01,3.3865384758e-02
2.6100000000e+02,2.6100000000e+02,2.0000000000e+01,3.3866614103e-02
2.6100000000e+02,2.6100000000e+02,2.1000000000e+01,3.3869575709e-02
2.6100000000e+02,2.6100000000e+02,2.2000000000e+01,3.3870127052e-02
2.6100000000e+02,2.6100000000e+02,2.3000000000e+01,3.3871658146e-02
2.6100000000e+02,2.6100000000e+02,2.4000000000e+01,3.3871896565e-02
2.6100000000e+02,2.6100000000e+02,2.5000000000e+01,3.3872697502e-02
2.6100000000e+02,2.6100000000e+02,2.6000000000e+01,3.3872783184e-02
2.6100000000e+02,2.6100000000e+02,2.7000000000e+01,3.3873207867e-02
2.6100000000e+02,2.6100000000e+02,2.8000000000e+01,3.3873233944e-02
2.6100000000e+02,2.6100000000e+02,2.9000000000e+01,3.3873468637e-02
2.6100000000e+02,2.6100000000e+02,3.0000000000e+01,3.3873464912e-02
2.6100000000e+02,2.6100000000e+02,3.1000000000e+01,3.3873595297e-02
2.6100000000e+02,2.8900000000e+02,0.0000000000e+00,2.0005385876e+00
2.6100000000e+02,2.8900000000e+02,1.0000000000e+00,3.3379822969e-01
2.6100000000e+02,2.8900000000e+02,2.0000000000e+00,1.0707484931e-01
2.6100000000e+02,2.8900000000e+02,3.0000000000e+00,5.6203413755e-02
2.6100000000e+02,2.8900000000e+02,4.0000000000e+00,3.8263693452e-02
2.6100000000e+02,2.8900000000e+02,5.0000000000e+00,3.3304926008e-02
2.6100000000e+02,2.8900000000e+02,6.0000000000e+00,3.1011283398e-02
2.6100000000e+02,2.8900000000e+02,7.0000000000e+00,3.0554484576e-02
2.6100000000e+02,2.8900000000e+02,8.0000000000e+00,3.0234228820e-02
2.6100000000e+02,2.8900000000e+02,9.0000000000e+00,3.0274799094e-02
2.6100000000e+02,2.8900000000e+02,1.0000000000e+01,3.0239041895e-02
2.6100000000e+02,2.8900000000e+02,1.1000000000e+01,3.0298167840e-02
2.6100000000e+02,2.8900000000e+02,1.2000000000e+01,3.0299518257e-02
2.6100000000e+02,2.8900000000e+02,1.3000000000e+01,3.0334418640e-02
2.6100000000e+02,2.8900000000e+02,1.4000000000e+01,3.0337259173e-02
2.6100000000e+02,2.8900000000e+02,1.5000000000e+01,3.0355395749e-02
2.6100000000e+02,2.8900000000e+02,1.6000000000e+01,3.0356382951e-02
2.6100000000e+02,2.8900000000e+02,1.7000000000e+01,3.0365686864e-02
2.6100000000e+02,2.8900000000e+02,1.8000000000e+01,3.0365552753e-02
2.6100000000e+02,2.8900000000e+02,1.9000000000e+01,3.0370451510e-02
2.6100000000e+02,2.8900000000e+02,2.0000000000e+01,3.0369902030e-02
2.6100000000e+02,2.8900000000e+02,2.1000000000e+01,3.0372595415e-02
2.6100000000e+02,2.8900000000e+02,2.2000000000e+01,3.0371978879e-02
2.6100000000e+02,2.8900000000e+02,2.3000000000e+01,3.0373539776e-02
2.6100000000e+02,2.8900000000e+02,2.4000000000e+01,3.0372986570e-02
2.6100000000e+02,2.8900000000e+02,2.5000000000e+01,3.0373942107e-02
2.6100000000e+02,2.8900000000e+02,2.6000000000e+01,3.0373491347e-02
2.6100000000e+02,2.8900000000e+02,2.7000000000e+01,3.0374102294e-02
2.6100000000e+02,2.8900000000e+02,2.8000000000e+01,3.0373750255e-02
2.6100000000e+02,2.8900000000e+02,2.9000000000e+01,3.0374160036e-02
2.6100000000e+02,2.8900000000e+02,3.0000000000e+01,3.0373886228e-02
2.6100000000e+02,2.8900000000e+02,3.1000000000e+01,3.0374171212e-02
2.6100000000e+02,3.1600000000e+02,0.0000000000e+00,2.0024507046e+00
2.6100000000e+02,3.1600000000e+02,1.0000000000e+00,3.0925148726e-01
2.6100000000e+02,3.1600000000e+02,2.0000000000e+00,9.4614692032e-02
2.6100000000e+02,3.1600000000e+02,3.0000000000e+00,4.9071613699e-02
2.6100000000e+02,3.1600000000e+02,4.0000000000e+00,3.4174676985e-02
2.6100000000e+02,3.1600000000e+02,5.0000000000e+00,3.0311077833e-02
2.6100000000e+02,3.1600000000e+02,6.0000000000e+00,2.8658708557e-02
2.6100000000e+02,3.1600000000e+02,7.0000000000e+00,2.8363058344e-02
2.6100000000e+02,3.1600000000e+02,8.0000000000e+00,2.8172098100e-02
2.6100000000e+02,3.1600000000e+02,9.0000000000e+00,2.8207222000e-02
2.6100000000e+02,3.1600000000e+02,1.0000000000e+01,2.8195207939e-02
2.6100000000e+02,3.1600000000e+02,1.1000000000e+01,2.8232030571e-02
2.6100000000e+02,3.1600000000e+02,1.2000000000e+01,2.8237067163e-02
2.6100000000e+02,3.1600000000e+02,1.3000000000e+01,2.8255952522e-02
2.6100000000e+02,3.1600000000e+02,1.4000000000e+01,2.8259504586e-02
2.6100000000e+02,3.1600000000e+02,1.5000000000e+01,2.8268106282e-02
2.6100000000e+02,3.1600000000e+02,1.6000000000e+01,2.8269724920e-02
2.6100000000e+02,3.1600000000e+02,1.7000000000e+01,2.8273550794e-02
2.6100000000e+02,3.1600000000e+02,1.8000000000e+01,2.8274187818e-02
2.6100000000e+02,3.1600000000e+02,1.9000000000e+01,2.8275897726e-02
2.6100000000e+02,3.1600000000e+02,2.0000000000e+01,2.8276121244e-02
2.6100000000e+02,3.1600000000e+02,2.1000000000e+01,2.8276897967e-02
2.6100000000e+02,3.1600000000e+02,2.2000000000e+01,2.8276961297e-02
2.6100000000e+02,3.1600000000e+02,2.3000000000e+01,2.8277326375e-02
2.6100000000e+02,3.1600000000e+02,2.4000000000e+01,2.8277331963e-02
2.6100000000e+02,3.1600000000e+02,2.5000000000e+01,2.8277507052e-02
2.6100000000e+02,3.1600000000e+02,2.6000000000e+01,2.8277497739e-02
2.6100000000e+02,3.1600000000e+02,2.7000000000e+01,2.8277581558e-02
2.6100000000e+02,3.1600000000e+02,2.8000000000e+01,2.8277572244e-02
2.6100000000e+02,3.1600000000e+02,2.9000000000e+01,2.8277615085e-02
2.6100000000e+02,3.1600000000e+02,3.0000000000e+01,2.8277605772e-02
2.6100000000e+02,3.1600000000e+02,3.1000000000e+01,2.8277629986e-02
2.6100000000e+02,3.4400000000e+02,0.0000000000e+00,1.9957666397e+00
2.6100000000e+02,3.4400000000e+02,1.0000000000e+00,2.8609597683e-01
2.6100000000e+02,3.4400000000e+02,2.0000000000e+00,8.3759658039e-02
2.6100000000e+02,3.4400000000e+02,3.0000000000e+00,4.3105725199e-02
2.6100000000e+02,3.4400000000e+02,4.0000000000e+00,3.1100213528e-02
2.6100000000e+02,3.4400000000e+02,5.0000000000e+00,2.8137139976e-02
2.6100000000e+02,3.4400000000e+02,6.0000000000e+00,2.7089135721e-02
2.6100000000e+02,3.4400000000e+02,7.0000000000e+00,2.6933945715e-02
2.6100000000e+02,3.4400000000e+02,8.0000000000e+00,2.6876380667e-02
2.6100000000e+02,3.4400000000e+02,9.0000000000e+00,2.6921825483e-02
2.6100000000e+02,3.4400000000e+02,1.0000000000e+01,2.6941649616e-02
2.6100000000e+02,3.4400000000e+02,1.1000000000e+01,2.6972033083e-02
2.6100000000e+02,3.4400000000e+02,1.2000000000e+01,2.6985509321e-02
2.6100000000e+02,3.4400000000e+02,1.3000000000e+01,2.6998959482e-02
2.6100000000e+02,3.4400000000e+02,1.4000000000e+01,2.7005089447e-02
2.6100000000e+02,3.4400000000e+02,1.5000000000e+01,2.7010573074e-02
2.6100000000e+02,3.4400000000e+02,1.6000000000e+01,2.7013119310e-02
2.6100000000e+02,3.4400000000e+02,1.7000000000e+01,2.7015324682e-02
2.6100000000e+02,3.4400000000e+02,1.8000000000e+01,2.7016352862e-02
2.6100000000e+02,3.4400000000e+02,1.9000000000e+01,2.7017248794e-02
2.6100000000e+02,3.4400000000e+02,2.0000000000e+01,2.7017654851e-02
2.6100000000e+02,3.4400000000e+02,2.1000000000e+01,2.7018029243e-02
2.6100000000e+02,3.4400000000e+02,2.2000000000e+01,2.7018187568e-02
2.6100000000e+02,3.4400000000e+02,2.3000000000e+01,2.7018345892e-02
2.6100000000e+02,3.4400000000e+02,2.4000000000e+01,2.7018405497e-02
2.6100000000e+02,3.4400000000e+02,2.5000000000e+01,2.7018476278e-02
2.6100000000e+02,3.4400000000e+02,2.6000000000e+01,2.7018498629e-02
2.6100000000e+02,3.4400000000e+02,2.7000000000e+01,2.7018530294e-02
2.6100000000e+02,3.4400000000e+02,2.8000000000e+01,2.7018534020e-02
2.6100000000e+02,3.4400000000e+02,2.9000000000e+01,2.7018552646e-02
2.6100000000e+02,3.4400000000e+02,3.0000000000e+01,2.7018552646e-02
2.6100000000e+02,3.4400000000e+02,3.1000000000e+01,2.7018561959e-02
2.6100000000e+02,3.7200000000e+02,0.0000000000e+00,1.9911981821e+00
2.6100000000e+02,3.7200000000e+02,1.0000000000e+00,2.6988917589e-01
2.6100000000e+02,3.7200000000e+02,2.0000000000e+00,7.8450679779e-02
2.6100000000e+02,3.7200000000e+02,3.0000000000e+00,4.2097374797e-02
2.6100000000e+02,3.7200000000e+02,4.0000000000e+00,3.2442215830e-02
2.6100000000e+02,3.7200000000e+02,5.0000000000e+00,3.0187888071e-02
2.6100000000e+02,3.7200000000e+02,6.0000000000e+00,2.9572730884e-02
2.6100000000e+02,3.7200000000e+02,7.0000000000e+00,2.9513567686e-02
2.6100000000e+02,3.7200000000e+02,8.0000000000e+00,2.9535017908e-02
2.6100000000e+02,3.7200000000e+02,9.0000000000e+00,2.9584253207e-02
2.6100000000e+02,3.7200000000e+02,1.0000000000e+01,2.9617290944e-02
2.6100000000e+02,3.7200000000e+02,1.1000000000e+01,2.9642352834e-02
2.6100000000e+02,3.7200000000e+02,1.2000000000e+01,2.9657188803e-02
2.6100000000e+02,3.7200000000e+02,1.3000000000e+01,2.9667025432e-02
2.6100000000e+02,3.7200000000e+02,1.4000000000e+01,2.9672749341e-02
2.6100000000e+02,3.7200000000e+02,1.5000000000e+01,2.9676420614e-02
2.6100000000e+02,3.7200000000e+02,1.6000000000e+01,2.9678544030e-02
2.6100000000e+02,3.7200000000e+02,1.7000000000e+01,2.9679916799e-02
2.6100000000e+02,3.7200000000e+02,1.8000000000e+01,2.9680689797e-02
2.6100000000e+02,3.7200000000e+02,1.9000000000e+01,2.9681216925e-02
2.6100000000e+02,3.7200000000e+02,2.0000000000e+01,2.9681496322e-02
2.6100000000e+02,3.7200000000e+02,2.1000000000e+01,2.9681704938e-02
2.6100000000e+02,3.7200000000e+02,2.2000000000e+01,2.9681798071e-02
2.6100000000e+02,3.7200000000e+02,2.3000000000e+01,2.9681889340e-02
2.6100000000e+02,3.7200000000e+02,2.4000000000e+01,2.9681917280e-02
2.6100000000e+02,3.7200000000e+02,2.5000000000e+01,2.9681960121e-02
2.6100000000e+02,3.7200000000e+02,2.6000000000e+01,2.9681965709e-02
2.6100000000e+02,3.7200000000e+02,2.7000000000e+01,2.9681984335e-02
2.6100000000e+02,3.7200000000e+02,2.8000000000e+01,2.9681982473e-02
2.6100000000e+02,3.7200000000e+02,2.9000000000e+01,2.9681993648e-02
2.6100000000e+02,3.7200000000e+02,3.0000000000e+01,2.9681991786e-02
2.6100000000e+02,3.7200000000e+02,3.1000000000e+01,2.9681995511e-02
2.6100000000e+02,4.0000000000e+02,0.0000000000e+00,2.0008435249e+00
2.6100000000e+02,4.0000000000e+02,1.0000000000e+00,2.5189870596e-01
2.6100000000e+02,4.0000000000e+02,2.0000000000e+00,6.7677490413e-02
2.6100000000e+02,4.0000000000e+02,3.0000000000e+00,3.5003416240e-02
2.6100000000e+02,4.0000000000e+02,4.0000000000e+00,2.6139486581e-02
2.6100000000e+02,4.0000000000e+02,5.0000000000e+00,2.4392917752e-02
2.6100000000e+02,4.0000000000e+02,6.0000000000e+00,2.3753644899e-02
2.6100000000e+02,4.0000000000e+02,7.0000000000e+00,2.3742292076e-02
2.6100000000e+02,4.0000000000e+02,8.0000000000e+00,2.3710625246e-02
2.6100000000e+02,4.0000000000e+02,9.0000000000e+00,2.3756239563e-02
2.6100000000e+02,4.0000000000e+02,1.0000000000e+01,2.3763474077e-02
2.6100000000e+02,4.0000000000e+02,1.1000000000e+01,2.3783881217e-02
2.6100000000e+02,4.0000000000e+02,1.2000000000e+01,2.3788282648e-02
2.6100000000e+02,4.0000000000e+02,1.3000000000e+01,2.3795828223e-02
2.6100000000e+02,4.0000000000e+02,1.4000000000e+01,2.3797553033e-02
2.6100000000e+02,4.0000000000e+02,1.5000000000e+01,2.3800248280e-02
2.6100000000e+02,4.0000000000e+02,1.6000000000e+01,2.3800866678e-02
2.6100000000e+02,4.0000000000e+02,1.7000000000e+01,2.3801827803e-02
2.6100000000e+02,4.0000000000e+02,1.8000000000e+01,2.3802045733e-02
2.6100000000e+02,4.0000000000e+02,1.9000000000e+01,2.3802390322e-02
2.6100000000e+02,4.0000000000e+02,2.0000000000e+01,2.3802468553e-02
2.6100000000e+02,4.0000000000e+02,2.1000000000e+01,2.3802597076e-02
2.6100000000e+02,4.0000000000e+02,2.2000000000e+01,2.3802621290e-02
2.6100000000e+02,4.0000000000e+02,2.3000000000e+01,2.3802669719e-02
2.6100000000e+02,4.0000000000e+02,2.4000000000e+01,2.3802679032e-02
2.6100000000e+02,4.0000000000e+02,2.5000000000e+01,2.3802697659e-02
2.6100000000e+02,4.0000000000e+02,2.6000000000e+01,2.3802701384e-02
2.6100000000e+02,4.0000000000e+02,2.7000000000e+01,2.3802708834e-02
2.6100000000e+02,4.0000000000e+02,2.8000000000e+01,2.3802708834e-02
2.6100000000e+02,4.0000000000e+02,2.9000000000e+01,2.3802712560e-02
2.6100000000e+02,4.0000000000e+02,3.0000000000e+01,2.3802712560e-02
2.6100000000e+02,4.0000000000e+02,3.1000000000e+01,2.3802712560e-02
2.8900000000e+02,1.0000000000e+01,0.0000000000e+00,1.9923847914e+00
2.8900000000e+02,1.0000000000e+01,1.0000000000e+00,1.8654484749e+00
2.8900000000e+02,1.0000000000e+01,2.0000000000e+00,1.7992230654e+00
2.8900000000e+02,1.0000000000e+01,3.0000000000e+00,1.8478925228e+00
2.8900000000e+02,1.0000000000e+01,4.0000000000e+00,1.8410508633e+00
2.8900000000e+02,1.0000000000e+01,5.0000000000e+00,1.8779305220e+00
2.8900000000e+02,1.0000000000e+01,6.0000000000e+00,1.8828029633e+00
2.8900000000e+02,1.0000000000e+01,7.0000000000e+00,1.9330940247e+00
2.8900000000e+02,1.0000000000e+01,8.0000000000e+00,1.9754960537e+00
2.8900000000e+02,1.0000000000e+01,9.0000000000e+00,2.1152899265e+00
2.8900000000e+02,1.0000000000e+01,1.0000000000e+01,2.3415789604e+00
2.8900000000e+02,1.0000000000e+01,1.1000000000e+01,2.9133903980e+00
2.8900000000e+02,1.0000000000e+01,1.2000000000e+01,4.0719118118e+00
2.8900000000e+02,1.0000000000e+01,1.3000000000e+01,6.8184785843e+00
2.8900000000e+02,1.0000000000e+01,1.4000000000e+01,1.2901481628e+01
2.8900000000e+02,1.0000000000e+01,1.5000000000e+01,2.7234729767e+01
2.8900000000e+02,1.0000000000e+01,1.6000000000e+01,6.0403301239e+01
2.8900000000e+02,1.0000000000e+01,1.7000000000e+01,1.3929698181e+02
2.8900000000e+02,1.0000000000e+01,1.8000000000e+01,3.2657464600e+02
2.8900000000e+02,1.0000000000e+01,1.9000000000e+01,7.7729101562e+02
2.8900000000e+02,1.0000000000e+01,2.0000000000e+01,1.8647104492e+03
2.8900000000e+02,1.0000000000e+01,2.1000000000e+01,4.5084897461e+03
2.8900000000e+02,1.0000000000e+01,2.2000000000e+01,1.0956333008e+04
2.8900000000e+02,1.0000000000e+01,2.3000000000e+01,2.6755162109e+04
2.8900000000e+02,1.0000000000e+01,2.4000000000e+01,6.5570398438e+04
2.8900000000e+02,1.0000000000e+01,2.5000000000e+01,1.6121781250e+05
2.8900000000e+02,1.0000000000e+01,2.6000000000e+01,3.9739178125e+05
2.8900000000e+02,1.0000000000e+01,2.7000000000e+01,9.8170837500e+05
2.8900000000e+02,1.0000000000e+01,2.8000000000e+01,2.4295115000e+06
2.8900000000e+02,1.0000000000e+01,2.9000000000e+01,6.0216375000e+06
2.8900000000e+02,1.0000000000e+01,3.0000000000e+01,1.4943454000e+07
2.8900000000e+02,1.0000000000e+01,3.1000000000e+01,3.7123128000e+07
2.8900000000e+02,3.8000000000e+01,0.0000000000e+00,1.9914029837e+00
2.8900000000e+02,3.8000000000e+01,1.0000000000e+00,1.2533386946e+00
2.8900000000e+02,3.8000000000e+01,2.0000000000e+00,1.0159041882e+00
2.8900000000e+02,3.8000000000e+01,3.0000000000e+00,9.5350790024e-01
2.8900000000e+02,3.8000000000e+01,4.0000000000e+00,8.8303267956e-01
2.8900000000e+02,3.8000000000e+01,5.0000000000e+00,8.6553049088e-01
2.8900000000e+02,3.8000000000e+01,6.0000000000e+00,8.3184248209e-01
2.8900000000e+02,3.8000000000e+01,7.0000000000e+00,8.3111315966e-01
2.8900000000e+02,3.8000000000e+01,8.0000000000e+00,8.1586265564e-01
2.8900000000e+02,3.8000000000e+01,9.0000000000e+00,8.3007615805e-01
2.8900000000e+02,3.8000000000e+01,1.0000000000e+01,8.3402097225e-01
2.8900000000e+02,3.8000000000e+01,1.1000000000e+01,8.7346261740e-01
2.8900000000e+02,3.8000000000e+01,1.2000000000e+01,9.1342836618e-01
2.8900000000e+02,3.8000000000e+01,1.3000000000e+01,1.0102924109e+00
2.8900000000e+02,3.8000000000e+01,1.4000000000e+01,1.1381045580e+00
2.8900000000e+02,3.8000000000e+01,1.5000000000e+01,1.3819751740e+00
2.8900000000e+02,3.8000000000e+01,1.6000000000e+01,1.7449105978e+00
2.8900000000e+02,3.8000000000e+01,1.7000000000e+01,2.3871994019e+00
2.8900000000e+02,3.8000000000e+01,1.8000000000e+01,3.4064548016e+00
2.8900000000e+02,3.8000000000e+01,1.9000000000e+01,5.1683173180e+00
2.8900000000e+02,3.8000000000e+01,2.0000000000e+01,8.0699701309e+00
2.8900000000e+02,3.8000000000e+01,2.1000000000e+01,1.3064102173e+01
2.8900000000e+02,3.8000000000e+01,2.2000000000e+01,2.1482269287e+01
2.8900000000e+02,3.8000000000e+01,2.3000000000e+01,3.6015625000e+01
2.8900000000e+02,3.8000000000e+01,2.4000000000e+01,6.0905067444e+01
2.8900000000e+02,3.8000000000e+01,2.5000000000e+01,1.0412736511e+02
2.8900000000e+02,3.8000000000e+01,2.6000000000e+01,1.7903422546e+02
2.8900000000e+02,3.8000000000e+01,2.7000000000e+01,3.1000723267e+02
2.8900000000e+02,3.8000000000e+01,2.8000000000e+01,5.3920477295e+02
2.8900000000e+02,3.8000000000e+01,2.9000000000e+01,9.4281335449e+02
2.8900000000e+02,3.8000000000e+01,3.0000000000e+01,1.6551367188e+03
2.8900000000e+02,3.8000000000e+01,3.1000000000e+01,2.9185219727e+03
2.8900000000e+02,6.6000000000e+01,0.0000000000e+00,1.9945988655e+00
2.8900000000e+02,6.6000000000e+01,1.0000000000e+00,9.4627028704e-01
2.8900000000e+02,6.6000000000e+01,2.0000000000e+00,6.4676618576e-01
2.8900000000e+02,6.6000000000e+01,3.0000000000e+00,5.3681093454e-01
2.8900000000e+02,6.6000000000e+01,4.0000000000e+00,4.4790655375e-01
2.8900000000e+02,6.6000000000e+01,5.0000000000e+00,4.0588515997e-01
2.8900000000e+02,6.6000000000e+01,6.0000000000e+00,3.6344388127e-01
2.8900000000e+02,6.6000000000e+01,7.0000000000e+00,3.4551671147e-01
2.8900000000e+02,6.6000000000e+01,8.0000000000e+00,3.2645428181e-01
2.8900000000e+02,6.6000000000e+01,9.0000000000e+00,3.2812437415e-01
2.8900000000e+02,6.6000000000e+01,1.0000000000e+01,3.3526700735e-01
2.8900000000e+02,6.6000000000e+01,1.1000000000e+01,3.7237447500e-01
2.8900000000e+02,6.6000000000e+01,1.2000000000e+01,4.3673008680e-01
2.8900000000e+02,6.6000000000e+01,1.3000000000e+01,5.6841319799e-01
2.8900000000e+02,6.6000000000e+01,1.4000000000e+01,7.9510438442e-01
2.8900000000e+02,6.6000000000e+01,1.5000000000e+01,1.2096827030e+00
2.8900000000e+02,6.6000000000e+01,1.6000000000e+01,1.9320418835e+00
2.8900000000e+02,6.6000000000e+01,1.7000000000e+01,3.2235624790e+00
2.8900000000e+02,6.6000000000e+01,1.8000000000e+01,5.4978771210e+00
2.8900000000e+02,6.6000000000e+01,1.9000000000e+01,9.5537042618e+00
2.8900000000e+02,6.6000000000e+01,2.0000000000e+01,1.6752481461e+01
2.8900000000e+02,6.6000000000e+01,2.1000000000e+01,2.9620012283e+01
2.8900000000e+02,6.6000000000e+01,2.2000000000e+01,5.2595413208e+01
2.8900000000e+02,6.6000000000e+01,2.3000000000e+01,9.3799644470e+01
2.8900000000e+02,6.6000000000e+01,2.4000000000e+01,1.6771549988e+02
2.8900000000e+02,6.6000000000e+01,2.5000000000e+01,3.0071011353e+02
2.8900000000e+02,6.6000000000e+01,2.6000000000e+01,5.4018835449e+02
2.8900000000e+02,6.6000000000e+01,2.7000000000e+01,9.7234478760e+02
2.8900000000e+02,6.6000000000e+01,2.8000000000e+01,1.7529210205e+03
2.8900000000e+02,6.6000000000e+01,2.9000000000e+01,3.1651513672e+03
2.8900000000e+02,6.6000000000e+01,3.0000000000e+01,5.7225234375e+03
2.8900000000e+02,6.6000000000e+01,3.1000000000e+01,1.0359583008e+04
2.8900000000e+02,9.4000000000e+01,0.0000000000e+00,2.0119171143e+00
2.8900000000e+02,9.4000000000e+01,1.0000000000e+00,7.6973849535e-01
2.8900000000e+02,9.4000000000e+01,2.0000000000e+00,4.5194897056e-01
2.8900000000e+02,9.4000000000e+01,3.0000000000e+00,3.3517920971e-01
2.8900000000e+02,9.4000000000e+01,4.0000000000e+00,2.5389581919e-01
2.8900000000e+02,9.4000000000e+01,5.0000000000e+00,2.1429155767e-01
2.8900000000e+02,9.4000000000e+01,6.0000000000e+00,1.7937682569e-01
2.8900000000e+02,9.4000000000e+01,7.0000000000e+00,1.6223135591e-01
2.8900000000e+02,9.4000000000e+01,8.0000000000e+00,1.4468978345e-01
2.8900000000e+02,9.4000000000e+01,9.0000000000e+00,1.3795608282e-01
2.8900000000e+02,9.4000000000e+01,1.0000000000e+01,1.3015586138e-01
2.8900000000e+02,9.4000000000e+01,1.1000000000e+01,1.3150061667e-01
2.8900000000e+02,9.4000000000e+01,1.2000000000e+01,1.3354067504e-01
2.8900000000e+02,9.4000000000e+01,1.3000000000e+01,1.4738261700e-01
2.8900000000e+02,9.4000000000e+01,1.4000000000e+01,1.6848807037e-01
2.8900000000e+02,9.4000000000e+01,1.5000000000e+01,2.1290710568e-01
2.8900000000e+02,9.4000000000e+01,1.6000000000e+01,2.8517490625e-01
2.8900000000e+02,9.4000000000e+01,1.7000000000e+01,4.1744998097e-01
2.8900000000e+02,9.4000000000e+01,1.8000000000e+01,6.4129585028e-01
2.8900000000e+02,9.4000000000e+01,1.9000000000e+01,1.0385581255e+00
2.8900000000e+02,9.4000000000e+01,2.0000000000e+01,1.7251598835e+00
2.8900000000e+02,9.4000000000e+01,2.1000000000e+01,2.9362962246e+00
2.8900000000e+02,9.4000000000e+01,2.2000000000e+01,5.0528917313e+00
2.8900000000e+02,9.4000000000e+01,2.3000000000e+01,8.7866935730e+00
2.8900000000e+02,9.4000000000e+01,2.4000000000e+01,1.5351931572e+01
2.8900000000e+02,9.4000000000e+01,2.5000000000e+01,2.6949708939e+01
2.8900000000e+02,9.4000000000e+01,2.6000000000e+01,4.7416816711e+01
2.8900000000e+02,9.4000000000e+01,2.7000000000e+01,8.3627891541e+01
2.8900000000e+02,9.4000000000e+01,2.8000000000e+01,1.4768304443e+02
2.8900000000e+02,9.4000000000e+01,2.9000000000e+01,2.6116424561e+02
2.8900000000e+02,9.4000000000e+01,3.0000000000e+01,4.6224093628e+02
2.8900000000e+02,9.4000000000e+01,3.1000000000e+01,8.1887542725e+02
2.8900000000e+02,1.2100000000e+02,0.0000000000e+00,1.9876695871e+00
2.8900000000e+02,1.2100000000e+02,1.0000000000e+00,6.4658546448e-01
2.8900000000e+02,1.2100000000e+02,2.0000000000e+00,3.3618795872e-01
2.8900000000e+02,1.2100000000e+02,3.0000000000e+00,2.2995510697e-01
2.8900000000e+02,1.2100000000e+02,4.0000000000e+00,1.6278736293e-01
2.8900000000e+02,1.2100000000e+02,5.0000000000e+00,1.3254709542e-01
2.8900000000e+02,1.2100000000e+02,6.0000000000e+00,1.0788149387e-01
2.8900000000e+02,1.2100000000e+02,7.0000000000e+00,9.6596159041e-02
2.8900000000e+02,1.2100000000e+02,8.0000000000e+00,8.5502661765e-02
2.8900000000e+02,1.2100000000e+02,9.0000000000e+00,8.0926299095e-02
2.8900000000e+02,1.2100000000e+02,1.0000000000e+01,7.5367115438e-02
2.8900000000e+02,1.2100000000e+02,1.1000000000e+01,7.3597885668e-02
2.8900000000e+02,1.2100000000e+02,1.2000000000e+01,7.0644855499e-02
2.8900000000e+02,1.2100000000e+02,1.3000000000e+01,7.0187956095e-02
2.8900000000e+02,1.2100000000e+02,1.4000000000e+01,6.8609431386e-02
2.8900000000e+02,1.2100000000e+02,1.5000000000e+01,6.8841867149e-02
2.8900000000e+02,1.2100000000e+02,1.6000000000e+01,6.8083941936e-02
2.8900000000e+02,1.2100000000e+02,1.7000000000e+01,6.8751908839e-02
2.8900000000e+02,1.2100000000e+02,1.8000000000e+01,6.8573869765e-02
2.8900000000e+02,1.2100000000e+02,1.9000000000e+01,6.9606050849e-02
2.8900000000e+02,1.2100000000e+02,2.0000000000e+01,6.9937452674e-02
2.8900000000e+02,1.2100000000e+02,2.1000000000e+01,7.1374729276e-02
2.8900000000e+02,1.2100000000e+02,2.2000000000e+01,7.2261884809e-02
2.8900000000e+02,1.2100000000e+02,2.3000000000e+01,7.4238821864e-02
2.8900000000e+02,1.2100000000e+02,2.4000000000e+01,7.5835511088e-02
2.8900000000e+02,1.2100000000e+02,2.5000000000e+01,7.8592106700e-02
2.8900000000e+02,1.2100000000e+02,2.6000000000e+01,8.1180147827e-02
2.8900000000e+02,1.2100000000e+02,2.7000000000e+01,8.5099533200e-02
2.8900000000e+02,1.2100000000e+02,2.8000000000e+01,8.9138872921e-02
2.8900000000e+02,1.2100000000e+02,2.9000000000e+01,9.4816744328e-02
2.8900000000e+02,1.2100000000e+02,3.0000000000e+01,1.0103427619e-01
2.8900000000e+02,1.2100000000e+02,3.1000000000e+01,1.0939441621e-01
2.8900000000e+02,1.4900000000e+02,0.0000000000e+00,1.9982031584e+00
2.8900000000e+02,1.4900000000e+02,1.0000000000e+00,5.5871886015e-01
2.8900000000e+02,1.4900000000e+02,2.0000000000e+00,2.6326137781e-01
2.8900000000e+02,1.4900000000e+02,3.0000000000e+00,1.6512149572e-01
2.8900000000e+02,1.4900000000e+02,4.0000000000e+00,1.1196679622e-01
2.8900000000e+02,1.4900000000e+02,5.0000000000e+00,8.8511191308e-02
2.8900000000e+02,1.4900000000e+02,6.0000000000e+00,7.2241343558e-02
2.8900000000e+02,1.4900000000e+02,7.0000000000e+00,6.4938917756e-02
2.8900000000e+02,1.4900000000e+02,8.0000000000e+00,5.8790780604e-02
2.8900000000e+02,1.4900000000e+02,9.0000000000e+00,5.6364364922e-02
2.8900000000e+02,1.4900000000e+02,1.0000000000e+01,5.3735520691e-02
2.8900000000e+02,1.4900000000e+02,1.1000000000e+01,5.3024966270e-02
2.8900000000e+02,1.4900000000e+02,1.2000000000e+01,5.1805533469e-02
2.8900000000e+02,1.4900000000e+02,1.3000000000e+01,5.1765207201e-02
2.8900000000e+02,1.4900000000e+02,1.4000000000e+01,5.1189959049e-02
2.8900000000e+02,1.4900000000e+02,1.5000000000e+01,5.1460072398e-02
2.8900000000e+02,1.4900000000e+02,1.6000000000e+01,5.1250375807e-02
2.8900000000e+02,1.4900000000e+02,1.7000000000e+01,5.1738649607e-02
2.8900000000e+02,1.4900000000e+02,1.8000000000e+01,5.1832903177e-02
2.8900000000e+02,1.4900000000e+02,1.9000000000e+01,5.2588369697e-02
2.8900000000e+02,1.4900000000e+02,2.0000000000e+01,5.3065367043e-02
2.8900000000e+02,1.4900000000e+02,2.1000000000e+01,5.4262347519e-02
2.8900000000e+02,1.4900000000e+02,2.2000000000e+01,5.5351682007e-02
2.8900000000e+02,1.4900000000e+02,2.3000000000e+01,5.7339429855e-02
2.8900000000e+02,1.4900000000e+02,2.4000000000e+01,5.9499658644e-02
2.8900000000e+02,1.4900000000e+02,2.5000000000e+01,6.2923632562e-02
2.8900000000e+02,1.4900000000e+02,2.6000000000e+01,6.7009352148e-02
2.8900000000e+02,1.4900000000e+02,2.7000000000e+01,7.3044344783e-02
2.8900000000e+02,1.4900000000e+02,2.8000000000e+01,8.0621130764e-02
2.8900000000e+02,1.4900000000e+02,2.9000000000e+01,9.1400310397e-02
2.8900000000e+02,1.4900000000e+02,3.0000000000e+01,1.0532242805e-01
2.8900000000e+02,1.4900000000e+02,3.1000000000e+01,1.2471959740e-01
2.8900000000e+02,1.7700000000e+02,0.0000000000e+00,1.9897269011e+00
2.8900000000e+02,1.7700000000e+02,1.0000000000e+00,4.8609477282e-01
2.8900000000e+02,1.7700000000e+02,2.0000000000e+00,2.0568597317e-01
2.8900000000e+02,1.7700000000e+02,3.0000000000e+00,1.2132227421e-01
2.8900000000e+02,1.7700000000e+02,4.0000000000e+00,7.9518936574e-02
2.8900000000e+02,1.7700000000e+02,5.0000000000e+00,6.3016414642e-02
2.8900000000e+02,1.7700000000e+02,6.0000000000e+00,5.2578091621e-02
2.8900000000e+02,1.7700000000e+02,7.0000000000e+00,4.8416841775e-02
2.8900000000e+02,1.7700000000e+02,8.0000000000e+00,4.5280583203e-02
2.8900000000e+02,1.7700000000e+02,9.0000000000e+00,4.4175740331e-02
2.8900000000e+02,1.7700000000e+02,1.0000000000e+01,4.3149206787e-02
2.8900000000e+02,1.7700000000e+02,1.1000000000e+01,4.2890794575e-02
2.8900000000e+02,1.7700000000e+02,1.2000000000e+01,4.2542498559e-02
2.8900000000e+02,1.7700000000e+02,1.3000000000e+01,4.2519561946e-02
2.8900000000e+02,1.7700000000e+02,1.4000000000e+01,4.2400926352e-02
2.8900000000e+02,1.7700000000e+02,1.5000000000e+01,4.2434960604e-02
2.8900000000e+02,1.7700000000e+02,1.6000000000e+01,4.2394898832e-02
2.8900000000e+02,1.7700000000e+02,1.7000000000e+01,4.2435009032e-02
2.8900000000e+02,1.7700000000e+02,1.8000000000e+01,4.2420700192e-02
2.8900000000e+02,1.7700000000e+02,1.9000000000e+01,4.2454674840e-02
2.8900000000e+02,1.7700000000e+02,2.0000000000e+01,4.2447544634e-02
2.8900000000e+02,1.7700000000e+02,2.1000000000e+01,4.2474407703e-02
2.8900000000e+02,1.7700000000e+02,2.2000000000e+01,4.2468123138e-02
2.8900000000e+02,1.7700000000e+02,2.3000000000e+01,4.2489603162e-02
2.8900000000e+02,1.7700000000e+02,2.4000000000e+01,4.2482249439e-02
2.8900000000e+02,1.7700000000e+02,2.5000000000e+01,4.2500257492e-02
2.8900000000e+02,1.7700000000e+02,2.6000000000e+01,4.2491447181e-02
2.8900000000e+02,1.7700000000e+02,2.7000000000e+01,4.2507473379e-02
2.8900000000e+02,1.7700000000e+02,2.8000000000e+01,4.2497307062e-02
2.8900000000e+02,1.7700000000e+02,2.9000000000e+01,4.2512364686e-02
2.8900000000e+02,1.7700000000e+02,3.0000000000e+01,4.2501062155e-02
2.8900000000e+02,1.7700000000e+02,3.1000000000e+01,4.2515806854e-02
2.8900000000e+02,2.0500000000e+02,0.0000000000e+00,2.0032572746e+00
2.8900000000e+02,2.0500000000e+02,1.0000000000e+00,4.3702509999e-01
2.8900000000e+02,2.0500000000e+02,2.0000000000e+00,1.6671176255e-01
2.8900000000e+02,2.0500000000e+02,3.0000000000e+00,9.3512371182e-02
2.8900000000e+02,2.0500000000e+02,4.0000000000e+00,5.9476479888e-02
2.8900000000e+02,2.0500000000e+02,5.0000000000e+00,4.8072464764e-02
2.8900000000e+02,2.0500000000e+02,6.0000000000e+00,4.0822472423e-02
2.8900000000e+02,2.0500000000e+02,7.0000000000e+00,3.8770575076e-02
2.8900000000e+02,2.0500000000e+02,8.0000000000e+00,3.6858681589e-02
2.8900000000e+02,2.0500000000e+02,9.0000000000e+00,3.6633595824e-02
2.8900000000e+02,2.0500000000e+02,1.0000000000e+01,3.6045502871e-02
2.8900000000e+02,2.0500000000e+02,1.1000000000e+01,3.6166343838e-02
2.8900000000e+02,2.0500000000e+02,1.2000000000e+01,3.5948663950e-02
2.8900000000e+02,2.0500000000e+02,1.3000000000e+01,3.6099538207e-02
2.8900000000e+02,2.0500000000e+02,1.4000000000e+01,3.5995323211e-02
2.8900000000e+02,2.0500000000e+02,1.5000000000e+01,3.6117643118e-02
2.8900000000e+02,2.0500000000e+02,1.6000000000e+01,3.6051936448e-02
2.8900000000e+02,2.0500000000e+02,1.7000000000e+01,3.6143861711e-02
2.8900000000e+02,2.0500000000e+02,1.8000000000e+01,3.6093425006e-02
2.8900000000e+02,2.0500000000e+02,1.9000000000e+01,3.6162890494e-02
2.8900000000e+02,2.0500000000e+02,2.0000000000e+01,3.6119956523e-02
2.8900000000e+02,2.0500000000e+02,2.1000000000e+01,3.6174293607e-02
2.8900000000e+02,2.0500000000e+02,2.2000000000e+01,3.6135967821e-02
2.8900000000e+02,2.0500000000e+02,2.3000000000e+01,3.6180339754e-02
2.8900000000e+02,2.0500000000e+02,2.4000000000e+01,3.6145322025e-02
2.8900000000e+02,2.0500000000e+02,2.5000000000e+01,3.6183092743e-02
2.8900000000e+02,2.0500000000e+02,2.6000000000e+01,3.6150652915e-02
2.8900000000e+02,2.0500000000e+02,2.7000000000e+01,3.6183960736e-02
2.8900000000e+02,2.0500000000e+02,2.8000000000e+01,3.6153610796e-02
2.8900000000e+02,2.0500000000e+02,2.9000000000e+01,3.6183819175e-02
2.8900000000e+02,2.0500000000e+02,3.0000000000e+01,3.6155186594e-02
2.8900000000e+02,2.0500000000e+02,3.1000000000e+01,3.6183167249e-02
2.8900000000e+02,2.3300000000e+02,0.0000000000e+00,2.0050644875e+00
2.8900000000e+02,2.3300000000e+02,1.0000000000e+00,3.9620092511e-01
2.8900000000e+02,2.3300000000e+02,2.0000000000e+00,1.4354643226e-01
2.8900000000e+02,2.3300000000e+02,3.0000000000e+00,7.6760455966e-02
2.8900000000e+02,2.3300000000e+02,4.0000000000e+00,4.9652919173e-02
2.8900000000e+02,2.3300000000e+02,5.0000000000e+00,4.0309868753e-02
2.8900000000e+02,2.3300000000e+02,6.0000000000e+00,3.5476166755e-02
2.8900000000e+02,2.3300000000e+02,7.0000000000e+00,3.3889479935e-02
2.8900000000e+02,2.3300000000e+02,8.0000000000e+00,3.2861940563e-02
2.8900000000e+02,2.3300000000e+02,9.0000000000e+00,3.2636187971e-02
2.8900000000e+02,2.3300000000e+02,1.0000000000e+01,3.2401289791e-02
2.8900000000e+02,2.3300000000e+02,1.1000000000e+01,3.2415159047e-02
2.8900000000e+02,2.3300000000e+02,1.2000000000e+01,3.2359857112e-02
2.8900000000e+02,2.3300000000e+02,1.3000000000e+01,3.2399851829e-02
2.8900000000e+02,2.3300000000e+02,1.4000000000e+01,3.2386094332e-02
2.8900000000e+02,2.3300000000e+02,1.5000000000e+01,3.2416343689e-02
2.8900000000e+02,2.3300000000e+02,1.6000000000e+01,3.2411936671e-02
2.8900000000e+02,2.3300000000e+02,1.7000000000e+01,3.2430972904e-02
2.8900000000e+02,2.3300000000e+02,1.8000000000e+01,3.2428592443e-02
2.8900000000e+02,2.3300000000e+02,1.9000000000e+01,3.2439954579e-02
2.8900000000e+02,2.3300000000e+02,2.0000000000e+01,3.2438103110e-02
2.8900000000e+02,2.3300000000e+02,2.1000000000e+01,3.2444808632e-02
2.8900000000e+02,2.3300000000e+02,2.2000000000e+01,3.2443255186e-02
2.8900000000e+02,2.3300000000e+02,2.3000000000e+01,3.2447237521e-02
2.8900000000e+02,2.3300000000e+02,2.4000000000e+01,3.2445970923e-02
2.8900000000e+02,2.3300000000e+02,2.5000000000e+01,3.2448370010e-02
2.8900000000e+02,2.3300000000e+02,2.6000000000e+01,3.2447371632e-02
2.8900000000e+02,2.3300000000e+02,2.7000000000e+01,3.2448839396e-02
2.8900000000e+02,2.3300000000e+02,2.8000000000e+01,3.2448071986e-02
2.8900000000e+02,2.3300000000e+02,2.9000000000e+01,3.2448999584e-02
2.8900000000e+02,2.3300000000e+02,3.0000000000e+01,3.2448418438e-02
2.8900000000e+02,2.3300000000e+02,3.1000000000e+01,3.2449010760e-02
2.8900000000e+02,2.6100000000e+02,0.0000000000e+00,1.9882738590e+00
2.8900000000e+02,2.6100000000e+02,1.0000000000e+00,3.5488995910e-01
2.8900000000e+02,2.6100000000e+02,2.0000000000e+00,1.2156570703e-01
2.8900000000e+02,2.6100000000e+02,3.0000000000e+00,6.2946945429e-02
2.8900000000e+02,2.6100000000e+02,4.0000000000e+00,4.1645158082e-02
2.8900000000e+02,2.6100000000e+02,5.0000000000e+00,3.4529179335e-02
2.8900000000e+02,2.6100000000e+02,6.0000000000e+00,3.1373485923e-02
2.8900000000e+02,2.6100000000e+02,7.0000000000e+00,3.0331168324e-02
2.8900000000e+02,2.6100000000e+02,8.0000000000e+00,2.9814846814e-02
2.8900000000e+02,2.6100000000e+02,9.0000000000e+00,2.9689753428e-02
2.8900000000e+02,2.6100000000e+02,1.0000000000e+01,2.9620936140e-02
2.8900000000e+02,2.6100000000e+02,1.1000000000e+01,2.9629599303e-02
2.8900000000e+02,2.6100000000e+02,1.2000000000e+01,2.9633834958e-02
2.8900000000e+02,2.6100000000e+02,1.3000000000e+01,2.9651157558e-02
2.8900000000e+02,2.6100000000e+02,1.4000000000e+01,2.9662232846e-02
2.8900000000e+02,2.6100000000e+02,1.5000000000e+01,2.9672740027e-02
2.8900000000e+02,2.6100000000e+02,1.6000000000e+01,2.9680844396e-02
2.8900000000e+02,2.6100000000e+02,1.7000000000e+01,2.9685862362e-02
2.8900000000e+02,2.6100000000e+02,1.8000000000e+01,2.9690973461e-02
2.8900000000e+02,2.6100000000e+02,1.9000000000e+01,2.9692959040e-02
2.8900000000e+02,2.6100000000e+02,2.0000000000e+01,2.9696138576e-02
2.8900000000e+02,2.6100000000e+02,2.1000000000e+01,2.9696647078e-02
2.8900000000e+02,2.6100000000e+02,2.2000000000e+01,2.9698697850e-02
2.8900000000e+02,2.6100000000e+02,2.3000000000e+01,2.9698552564e-02
2.8900000000e+02,2.6100000000e+02,2.4000000000e+01,2.9699943960e-02
2.8900000000e+02,2.6100000000e+02,2.5000000000e+01,2.9699545354e-02
2.8900000000e+02,2.6100000000e+02,2.6000000000e+01,2.9700534418e-02
2.8900000000e+02,2.6100000000e+02,2.7000000000e+01,2.9700074345e-02
2.8900000000e+02,2.6100000000e+02,2.8000000000e+01,2.9700804502e-02
2.8900000000e+02,2.6100000000e+02,2.9000000000e+01,2.9700364918e-02
2.8900000000e+02,2.6100000000e+02,3.0000000000e+01,2.9700918123e-02
2.8900000000e+02,2.6100000000e+02,3.1000000000e+01,2.9700528830e-02
2.8900000000e+02,2.8900000000e+02,0.0000000000e+00,1.9961746931e+00
2.8900000000e+02,2.8900000000e+02,1.0000000000e+00,3.2963672280e-01
2.8900000000e+02,2.8900000000e+02,2.0000000000e+00,1.0632561147e-01
2.8900000000e+02,2.8900000000e+02,3.0000000000e+00,5.5157694966e-02
2.8900000000e+02,2.8900000000e+02,4.0000000000e+00,3.7781387568e-02
2.8900000000e+02,2.8900000000e+02,5.0000000000e+00,3.2602261752e-02
2.8900000000e+02,2.8900000000e+02,6.0000000000e+00,3.0431307852e-02
2.8900000000e+02,2.8900000000e+02,7.0000000000e+00,2.9866060242e-02
2.8900000000e+02,2.8900000000e+02,8.0000000000e+00,2.9578695074e-02
2.8900000000e+02,2.8900000000e+02,9.0000000000e+00,2.9569255188e-02
2.8900000000e+02,2.8900000000e+02,1.0000000000e+01,2.9544303194e-02
2.8900000000e+02,2.8900000000e+02,1.1000000000e+01,2.9580075294e-02
2.8900000000e+02,2.8900000000e+02,1.2000000000e+01,2.9586043209e-02
2.8900000000e+02,2.8900000000e+02,1.3000000000e+01,2.9609551653e-02
2.8900000000e+02,2.8900000000e+02,1.4000000000e+01,2.9614988714e-02
2.8900000000e+02,2.8900000000e+02,1.5000000000e+01,2.9627209529e-02
2.8900000000e+02,2.8900000000e+02,1.6000000000e+01,2.9629958794e-02
2.8900000000e+02,2.8900000000e+02,1.7000000000e+01,2.9635958374e-02
2.8900000000e+02,2.8900000000e+02,1.8000000000e+01,2.9637131840e-02
2.8900000000e+02,2.8900000000e+02,1.9000000000e+01,2.9640045017e-02
2.8900000000e+02,2.8900000000e+02,2.0000000000e+01,2.9640486464e-02
2.8900000000e+02,2.8900000000e+02,2.1000000000e+01,2.9641915113e-02
2.8900000000e+02,2.8900000000e+02,2.2000000000e+01,2.9642052948e-02
2.8900000000e+02,2.8900000000e+02,2.3000000000e+01,2.9642764479e-02
2.8900000000e+02,2.8900000000e+02,2.4000000000e+01,2.9642788693e-02
2.8900000000e+02,2.8900000000e+02,2.5000000000e+01,2.9643151909e-02
2.8900000000e+02,2.8900000000e+02,2.6000000000e+01,2.9643137008e-02
2.8900000000e+02,2.8900000000e+02,2.7000000000e+01,2.9643323272e-02
2.8900000000e+02,2.8900000000e+02,2.8000000000e+01,2.9643302783e-02
2.8900000000e+02,2.8900000000e+02,2.9000000000e+01,2.9643399641e-02
2.8900000000e+02,2.8900000000e+02,3.0000000000e+01,2.9643386602e-02
2.8900000000e+02,2.8900000000e+02,3.1000000000e+01,2.9643436894e-02
2.8900000000e+02,3.1600000000e+02,0.0000000000e+00,1.9982783794e+00
2.8900000000e+02,3.1600000000e+02,1.0000000000e+00,3.0756625533e-01
2.8900000000e+02,3.1600000000e+02,2.0000000000e+00,9.4001054764e-02
2.8900000000e+02,3.1600000000e+02,3.0000000000e+00,4.8122376204e-02
2.8900000000e+02,3.1600000000e+02,4.0000000000e+00,3.2905265689e-02
2.8900000000e+02,3.1600000000e+02,5.0000000000e+00,2.8949964792e-02
2.8900000000e+02,3.1600000000e+02,6.0000000000e+00,2.7177654207e-02
2.8900000000e+02,3.1600000000e+02,7.0000000000e+00,2.6854699478e-02
2.8900000000e+02,3.1600000000e+02,8.0000000000e+00,2.6622265577e-02
2.8900000000e+02,3.1600000000e+02,9.0000000000e+00,2.6648681611e-02
2.8900000000e+02,3.1600000000e+02,1.0000000000e+01,2.6621803641e-02
2.8900000000e+02,3.1600000000e+02,1.1000000000e+01,2.6655716822e-02
2.8900000000e+02,3.1600000000e+02,1.2000000000e+01,2.6655148715e-02
2.8900000000e+02,3.1600000000e+02,1.3000000000e+01,2.6673050597e-02
2.8900000000e+02,3.1600000000e+02,1.4000000000e+01,2.6674374938e-02
2.8900000000e+02,3.1600000000e+02,1.5000000000e+01,2.6682658121e-02
2.8900000000e+02,3.1600000000e+02,1.6000000000e+01,2.6683345437e-02
2.8900000000e+02,3.1600000000e+02,1.7000000000e+01,2.6687078178e-02
2.8900000000e+02,3.1600000000e+02,1.8000000000e+01,2.6687301695e-02
2.8900000000e+02,3.1600000000e+02,1.9000000000e+01,2.6689002290e-02
2.8900000000e+02,3.1600000000e+02,2.0000000000e+01,2.6689035818e-02
2.8900000000e+02,3.1600000000e+02,2.1000000000e+01,2.6689819992e-02
2.8900000000e+02,3.1600000000e+02,2.2000000000e+01,2.6689795777e-02
2.8900000000e+02,3.1600000000e+02,2.3000000000e+01,2.6690164581e-02
2.8900000000e+02,3.1600000000e+02,2.4000000000e+01,2.6690129191e-02
2.8900000000e+02,3.1600000000e+02,2.5000000000e+01,2.6690309867e-02
2.8900000000e+02,3.1600000000e+02,2.6000000000e+01,2.6690281928e-02
2.8900000000e+02,3.1600000000e+02,2.7000000000e+01,2.6690367609e-02
2.8900000000e+02,3.1600000000e+02,2.8000000000e+01,2.6690348983e-02
2.8900000000e+02,3.1600000000e+02,2.9000000000e+01,2.6690389961e-02
2.8900000000e+02,3.1600000000e+02,3.0000000000e+01,2.6690382510e-02
2.8900000000e+02,3.1600000000e+02,3.1000000000e+01,2.6690404862e-02
2.8900000000e+02,3.4400000000e+02,0.0000000000e+00,1.9903318882e+00
2.8900000000e+02,3.4400000000e+02,1.0000000000e+00,2.8492656350e-01
2.8900000000e+02,3.4400000000e+02,2.0000000000e+00,8.3391010761e-02
2.8900000000e+02,3.4400000000e+02,3.0000000000e+00,4.2606979609e-02
2.8900000000e+02,3.4400000000e+02,4.0000000000e+00,3.0528727919e-02
2.8900000000e+02,3.4400000000e+02,5.0000000000e+00,2.7546033263e-02
2.8900000000e+02,3.4400000000e+02,6.0000000000e+00,2.6436023414e-02
2.8900000000e+02,3.4400000000e+02,7.0000000000e+00,2.6280544698e-02
2.8900000000e+02,3.4400000000e+02,8.0000000000e+00,2.6191981509e-02
2.8900000000e+02,3.4400000000e+02,9.0000000000e+00,2.6240427047e-02
2.8900000000e+02,3.4400000000e+02,1.0000000000e+01,2.6245793328e-02
2.8900000000e+02,3.4400000000e+02,1.1000000000e+01,2.6278769597e-02
2.8900000000e+02,3.4400000000e+02,1.2000000000e+01,2.6285558939e-02
2.8900000000e+02,3.4400000000e+02,1.3000000000e+01,2.6300679892e-02
2.8900000000e+02,3.4400000000e+02,1.4000000000e+01,2.6303710416e-02
2.8900000000e+02,3.4400000000e+02,1.5000000000e+01,2.6310157031e-02
2.8900000000e+02,3.4400000000e+02,1.6000000000e+01,2.6311270893e-02
2.8900000000e+02,3.4400000000e+02,1.7000000000e+01,2.6313982904e-02
2.8900000000e+02,3.4400000000e+02,1.8000000000e+01,2.6314355433e-02
2.8900000000e+02,3.4400000000e+02,1.9000000000e+01,2.6315504685e-02
2.8900000000e+02,3.4400000000e+02,2.0000000000e+01,2.6315620169e-02
2.8900000000e+02,3.4400000000e+02,2.1000000000e+01,2.6316110045e-02
2.8900000000e+02,3.4400000000e+02,2.2000000000e+01,2.6316143572e-02
2.8900000000e+02,3.4400000000e+02,2.3000000000e+01,2.6316350326e-02
2.8900000000e+02,3.4400000000e+02,2.4000000000e+01,2.6316363364e-02
2.8900000000e+02,3.4400000000e+02,2.5000000000e+01,2.6316450909e-02
2.8900000000e+02,3.4400000000e+02,2.6000000000e+01,2.6316454634e-02
2.8900000000e+02,3.4400000000e+02,2.7000000000e+01,2.6316490024e-02
2.8900000000e+02,3.4400000000e+02,2.8000000000e+01,2.6316495612e-02
2.8900000000e+02,3.4400000000e+02,2.9000000000e+01,2.6316503063e-02
2.8900000000e+02,3.4400000000e+02,3.0000000000e+01,2.6316510513e-02
2.8900000000e+02,3.4400000000e+02,3.1000000000e+01,2.6316516101e-02
2.8900000000e+02,3.7200000000e+02,0.0000000000e+00,2.0026443005e+00
2.8900000000e+02,3.7200000000e+02,1.0000000000e+00,2.6641544700e-01
2.8900000000e+02,3.7200000000e+02,2.0000000000e+00,7.5455091894e-02
2.8900000000e+02,3.7200000000e+02,3.0000000000e+00,3.8139875978e-02
2.8900000000e+02,3.7200000000e+02,4.0000000000e+00,2.8169568628e-02
2.8900000000e+02,3.7200000000e+02,5.0000000000e+00,2.5637660176e-02
2.8900000000e+02,3.7200000000e+02,6.0000000000e+00,2.4897092953e-02
2.8900000000e+02,3.7200000000e+02,7.0000000000e+00,2.4756280705e-02
2.8900000000e+02,3.7200000000e+02,8.0000000000e+00,2.4734828621e-02
2.8900000000e+02,3.7200000000e+02,9.0000000000e+00,2.4759756401e-02
2.8900000000e+02,3.7200000000e+02,1.0000000000e+01,2.4777725339e-02
2.8900000000e+02,3.7200000000e+02,1.1000000000e+01,2.4795476347e-02
2.8900000000e+02,3.7200000000e+02,1.2000000000e+01,2.4804769084e-02
2.8900000000e+02,3.7200000000e+02,1.3000000000e+01,2.4812415242e-02
2.8900000000e+02,3.7200000000e+02,1.4000000000e+01,2.4816019461e-02
2.8900000000e+02,3.7200000000e+02,1.5000000000e+01,2.4819051847e-02
2.8900000000e+02,3.7200000000e+02,1.6000000000e+01,2.4820338935e-02
2.8900000000e+02,3.7200000000e+02,1.7000000000e+01,2.4821534753e-02
2.8900000000e+02,3.7200000000e+02,1.8000000000e+01,2.4821974337e-02
2.8900000000e+02,3.7200000000e+02,1.9000000000e+01,2.4822456762e-02
2.8900000000e+02,3.7200000000e+02,2.0000000000e+01,2.4822600186e-02
2.8900000000e+02,3.7200000000e+02,2.1000000000e+01,2.4822797626e-02
2.8900000000e+02,3.7200000000e+02,2.2000000000e+01,2.4822840467e-02
2.8900000000e+02,3.7200000000e+02,2.3000000000e+01,2.4822926149e-02
2.8900000000e+02,3.7200000000e+02,2.4000000000e+01,2.4822933599e-02
2.8900000000e+02,3.7200000000e+02,2.5000000000e+01,2.4822970852e-02
2.8900000000e+02,3.7200000000e+02,2.6000000000e+01,2.4822974578e-02
2.8900000000e+02,3.7200000000e+02,2.7000000000e+01,2.4822989479e-02
2.8900000000e+02,3.7200000000e+02,2.8000000000e+01,2.4822987616e-02
2.8900000000e+02,3.7200000000e+02,2.9000000000e+01,2.4822996929e-02
2.8900000000e+02,3.7200000000e+02,3.0000000000e+01,2.4822996929e-02
2.8900000000e+02,3.7200000000e+02,3.1000000000e+01,2.4822998792e-02
2.8900000000e+02,4.0000000000e+02,0.0000000000e+00,2.0043694973e+00
2.8900000000e+02,4.0000000000e+02,1.0000000000e+00,2.4902835488e-01
2.8900000000e+02,4.0000000000e+02,2.0000000000e+00,6.5977767110e-02
2.8900000000e+02,4.0000000000e+02,3.0000000000e+00,3.2328233123e-02
2.8900000000e+02,4.0000000000e+02,4.0000000000e+00,2.3501239717e-02
2.8900000000e+02,4.0000000000e+02,5.0000000000e+00,2.1506812423e-02
2.8900000000e+02,4.0000000000e+02,6.0000000000e+00,2.0862983540e-02
2.8900000000e+02,4.0000000000e+02,7.0000000000e+00,2.0780296996e-02
2.8900000000e+02,4.0000000000e+02,8.0000000000e+00,2.0747095346e-02
2.8900000000e+02,4.0000000000e+02,9.0000000000e+00,2.0770860836e-02
2.8900000000e+02,4.0000000000e+02,1.0000000000e+01,2.0777760074e-02
2.8900000000e+02,4.0000000000e+02,1.1000000000e+01,2.0791191608e-02
2.8900000000e+02,4.0000000000e+02,1.2000000000e+01,2.0795492455e-02
2.8900000000e+02,4.0000000000e+02,1.3000000000e+01,2.0800760016e-02
2.8900000000e+02,4.0000000000e+02,1.4000000000e+01,2.0802427083e-02
2.8900000000e+02,4.0000000000e+02,1.5000000000e+01,2.0804375410e-02
2.8900000000e+02,4.0000000000e+02,1.6000000000e+01,2.0804952830e-02
2.8900000000e+02,4.0000000000e+02,1.7000000000e+01,2.0805673674e-02
2.8900000000e+02,4.0000000000e+02,1.8000000000e+01,2.0805863664e-02
2.8900000000e+02,4.0000000000e+02,1.9000000000e+01,2.0806137472e-02
2.8900000000e+02,4.0000000000e+02,2.0000000000e+01,2.0806197077e-02
2.8900000000e+02,4.0000000000e+02,2.1000000000e+01,2.0806301385e-02
2.8900000000e+02,4.0000000000e+02,2.2000000000e+01,2.0806320012e-02
2.8900000000e+02,4.0000000000e+02,2.3000000000e+01,2.0806360990e-02
2.8900000000e+02,4.0000000000e+02,2.4000000000e+01,2.0806366578e-02
2.8900000000e+02,4.0000000000e+02,2.5000000000e+01,2.0806383342e-02
2.8900000000e+02,4.0000000000e+02,2.6000000000e+01,2.0806383342e-02
2.8900000000e+02,4.0000000000e+02,2.7000000000e+01,2.0806390792e-02
2.8900000000e+02,4.0000000000e+02,2.8000000000e+01,2.0806388929e-02
2.8900000000e+02,4.0000000000e+02,2.9000000000e+01,2.0806394517e-02
2.8900000000e+02,4.0000000000e+02,3.0000000000e+01,2.0806390792e-02
2.8900000000e+02,4.0000000000e+02,3.1000000000e+01,2.0806394517e-02
3.1600000000e+02,1.0000000000e+01,0.0000000000e+00,2.0054814816e+00
3.1600000000e+02,1.0000000000e+01,1.0000000000e+00,1.8613677025e+00
3.1600000000e+02,1.0000000000e+01,2.0000000000e+00,1.7905346155e+00
3.1600000000e+02,1.0000000000e+01,3.0000000000e+00,1.8340976238e+00
3.1600000000e+02,1.0000000000e+01,4.0000000000e+00,1.8238793612e+00
3.1600000000e+02,1.0000000000e+01,5.0000000000e+00,1.8540961742e+00
3.1600000000e+02,1.0000000000e+01,6.0000000000e+00,1.8531451225e+00
3.1600000000e+02,1.0000000000e+01,7.0000000000e+00,1.8861476183e+00
3.1600000000e+02,1.0000000000e+01,8.0000000000e+00,1.9072535038e+00
3.1600000000e+02,1.0000000000e+01,9.0000000000e+00,1.9909764528e+00
3.1600000000e+02,1.0000000000e+01,1.0000000000e+01,2.1325483322e+00
3.1600000000e+02,1.0000000000e+01,1.1000000000e+01,2.5148394108e+00
3.1600000000e+02,1.0000000000e+01,1.2000000000e+01,3.3718461990e+00
3.1600000000e+02,1.0000000000e+01,1.3000000000e+01,5.5510387421e+00
3.1600000000e+02,1.0000000000e+01,1.4000000000e+01,1.0882841110e+01
3.1600000000e+02,1.0000000000e+01,1.5000000000e+01,2.4473581314e+01
3.1600000000e+02,1.0000000000e+01,1.6000000000e+01,5.8958732605e+01
3.1600000000e+02,1.0000000000e+01,1.7000000000e+01,1.4794239807e+02
3.1600000000e+02,1.0000000000e+01,1.8000000000e+01,3.7818698120e+02
3.1600000000e+02,1.0000000000e+01,1.9000000000e+01,9.7900933838e+02
3.1600000000e+02,1.0000000000e+01,2.0000000000e+01,2.5525593262e+03
3.1600000000e+02,1.0000000000e+01,2.1000000000e+01,6.6941674805e+03
3.1600000000e+02,1.0000000000e+01,2.2000000000e+01,1.7628318359e+04
3.1600000000e+02,1.0000000000e+01,2.3000000000e+01,4.6587199219e+04
3.1600000000e+02,1.0000000000e+01,2.4000000000e+01,1.2346147656e+05
3.1600000000e+02,1.0000000000e+01,2.5000000000e+01,3.2796921875e+05
3.1600000000e+02,1.0000000000e+01,2.6000000000e+01,8.7293368750e+05
3.1600000000e+02,1.0000000000e+01,2.7000000000e+01,2.3272830000e+06
3.1600000000e+02,1.0000000000e+01,2.8000000000e+01,6.2131890000e+06
3.1600000000e+02,1.0000000000e+01,2.9000000000e+01,1.6606796000e+07
3.1600000000e+02,1.0000000000e+01,3.0000000000e+01,4.4430388000e+07
3.1600000000e+02,1.0000000000e+01,3.1000000000e+01,1.1896851200e+08
3.1600000000e+02,3.8000000000e+01,0.0000000000e+00,2.0055418015e+00
3.1600000000e+02,3.8000000000e+01,1.0000000000e+00,1.2406941652e+00
3.1600000000e+02,3.8000000000e+01,2.0000000000e+00,1.0168546438e+00
3.1600000000e+02,3.8000000000e+01,3.0000000000e+00,9.4101649523e-01
3.1600000000e+02,3.8000000000e+01,4.0000000000e+00,8.7515503168e-01
3.1600000000e+02,3.8000000000e+01,5.0000000000e+00,8.4883594513e-01
3.1600000000e+02,3.8000000000e+01,6.0000000000e+00,8.1817793846e-01
3.1600000000e+02,3.8000000000e+01,7.0000000000e+00,8.0999058485e-01
3.1600000000e+02,3.8000000000e+01,8.0000000000e+00,7.9754149914e-01
3.1600000000e+02,3.8000000000e+01,9.0000000000e+00,8.0470275879e-01
3.1600000000e+02,3.8000000000e+01,1.0000000000e+01,8.1270194054e-01
3.1600000000e+02,3.8000000000e+01,1.1000000000e+01,8.4689831734e-01
3.1600000000e+02,3.8000000000e+01,1.2000000000e+01,8.9794814587e-01
3.1600000000e+02,3.8000000000e+01,1.3000000000e+01,1.0019159317e+00
3.1600000000e+02,3.8000000000e+01,1.4000000000e+01,1.1735219955e+00
3.1600000000e+02,3.8000000000e+01,1.5000000000e+01,1.4880075455e+00
3.1600000000e+02,3.8000000000e+01,1.6000000000e+01,2.0395689011e+00
3.1600000000e+02,3.8000000000e+01,1.7000000000e+01,3.0441455841e+00
3.1600000000e+02,3.8000000000e+01,1.8000000000e+01,4.8792033195e+00
3.1600000000e+02,3.8000000000e+01,1.9000000000e+01,8.2837467194e+00
3.1600000000e+02,3.8000000000e+01,2.0000000000e+01,1.4689050674e+01
3.1600000000e+02,3.8000000000e+01,2.1000000000e+01,2.6844089508e+01
3.1600000000e+02,3.8000000000e+01,2.2000000000e+01,5.0235977173e+01
3.1600000000e+02,3.8000000000e+01,2.3000000000e+01,9.5543159485e+01
3.1600000000e+02,3.8000000000e+01,2.4000000000e+01,1.8429742432e+02
3.1600000000e+02,3.8000000000e+01,2.5000000000e+01,3.5910803223e+02
3.1600000000e+02,3.8000000000e+01,2.6000000000e+01,7.0634954834e+02
3.1600000000e+02,3.8000000000e+01,2.7000000000e+01,1.3992739258e+03
3.1600000000e+02,3.8000000000e+01,2.8000000000e+01,2.7905627441e+03
3.1600000000e+02,3.8000000000e+01,2.9000000000e+01,5.5945424805e+03
3.1600000000e+02,3.8000000000e+01,3.0000000000e+01,1.1270720703e+04
3.1600000000e+02,3.8000000000e+01,3.1000000000e+01,2.2795183594e+04
3.1600000000e+02,6.6000000000e+01,0.0000000000e+00,2.0058045387e+00
3.1600000000e+02,6.6000000000e+01,1.0000000000e+00,9.4673931599e-01
3.1600000000e+02,6.6000000000e+01,2.0000000000e+00,6.4897310734e-01
3.1600000000e+02,6.6000000000e+01,3.0000000000e+00,5.3525221348e-01
3.1600000000e+02,6.6000000000e+01,4.0000000000e+00,4.4589543343e-01
3.1600000000e+02,6.6000000000e+01,5.0000000000e+00,4.0162703395e-01
3.1600000000e+02,6.6000000000e+01,6.0000000000e+00,3.5714074969e-01
3.1600000000e+02,6.6000000000e+01,7.0000000000e+00,3.3549970388e-01
3.1600000000e+02,6.6000000000e+01,8.0000000000e+00,3.1003361940e-01
3.1600000000e+02,6.6000000000e+01,9.0000000000e+00,3.0087882280e-01
3.1600000000e+02,6.6000000000e+01,1.0000000000e+01,2.8777292371e-01
3.1600000000e+02,6.6000000000e+01,1.1000000000e+01,2.8977504373e-01
3.1600000000e+02,6.6000000000e+01,1.2000000000e+01,2.8949779272e-01
3.1600000000e+02,6.6000000000e+01,1.3000000000e+01,3.0709511042e-01
3.1600000000e+02,6.6000000000e+01,1.4000000000e+01,3.2699644566e-01
3.1600000000e+02,6.6000000000e+01,1.5000000000e+01,3.7336754799e-01
3.1600000000e+02,6.6000000000e+01,1.6000000000e+01,4.3321597576e-01
3.1600000000e+02,6.6000000000e+01,1.7000000000e+01,5.3981751204e-01
3.1600000000e+02,6.6000000000e+01,1.8000000000e+01,6.8661540747e-01
3.1600000000e+02,6.6000000000e+01,1.9000000000e+01,9.2636001110e-01
3.1600000000e+02,6.6000000000e+01,2.0000000000e+01,1.2698525190e+00
3.1600000000e+02,6.6000000000e+01,2.1000000000e+01,1.8119881153e+00
3.1600000000e+02,6.6000000000e+01,2.2000000000e+01,2.6088948250e+00
3.1600000000e+02,6.6000000000e+01,2.3000000000e+01,3.8491339684e+00
3.1600000000e+02,6.6000000000e+01,2.4000000000e+01,5.7035875320e+00
3.1600000000e+02,6.6000000000e+01,2.5000000000e+01,8.5742959976e+00
3.1600000000e+02,6.6000000000e+01,2.6000000000e+01,1.2917241096e+01
3.1600000000e+02,6.6000000000e+01,2.7000000000e+01,1.9630895615e+01
3.1600000000e+02,6.6000000000e+01,2.8000000000e+01,2.9872545242e+01
3.1600000000e+02,6.6000000000e+01,2.9000000000e+01,4.5712799072e+01
3.1600000000e+02,6.6000000000e+01,3.0000000000e+01,7.0026351929e+01
3.1600000000e+02,6.6000000000e+01,3.1000000000e+01,1.0768320465e+02
3.1600000000e+02,9.4000000000e+01,0.0000000000e+00,1.9973580837e+00
3.1600000000e+02,9.4000000000e+01,1.0000000000e+00,7.6481157541e-01
3.1600000000e+02,9.4000000000e+01,2.0000000000e+00,4.4867977500e-01
3.1600000000e+02,9.4000000000e+01,3.0000000000e+00,3.3270657063e-01
3.1600000000e+02,9.4000000000e+01,4.0000000000e+00,2.5145423412e-01
3.1600000000e+02,9.4000000000e+01,5.0000000000e+00,2.1256083250e-01
3.1600000000e+02,9.4000000000e+01,6.0000000000e+00,1.7739957571e-01
3.1600000000e+02,9.4000000000e+01,7.0000000000e+00,1.6066086292e-01
3.1600000000e+02,9.4000000000e+01,8.0000000000e+00,1.4239582419e-01
3.1600000000e+02,9.4000000000e+01,9.0000000000e+00,1.3526484370e-01
3.1600000000e+02,9.4000000000e+01,1.0000000000e+01,1.2540173531e-01
3.1600000000e+02,9.4000000000e+01,1.1000000000e+01,1.2392755598e-01
3.1600000000e+02,9.4000000000e+01,1.2000000000e+01,1.1966861039e-01
3.1600000000e+02,9.4000000000e+01,1.3000000000e+01,1.2302031368e-01
3.1600000000e+02,9.4000000000e+01,1.4000000000e+01,1.2422250956e-01
3.1600000000e+02,9.4000000000e+01,1.5000000000e+01,1.3367933035e-01
3.1600000000e+02,9.4000000000e+01,1.6000000000e+01,1.4256870747e-01
3.1600000000e+02,9.4000000000e+01,1.7000000000e+01,1.6211308539e-01
3.1600000000e+02,9.4000000000e+01,1.8000000000e+01,1.8451091647e-01
3.1600000000e+02,9.4000000000e+01,1.9000000000e+01,2.2296917439e-01
3.1600000000e+02,9.4000000000e+01,2.0000000000e+01,2.7152472734e-01
3.1600000000e+02,9.4000000000e+01,2.1000000000e+01,3.4740033746e-01
3.1600000000e+02,9.4000000000e+01,2.2000000000e+01,4.4865047932e-01
3.1600000000e+02,9.4000000000e+01,2.3000000000e+01,6.0043019056e-01
3.1600000000e+02,9.4000000000e+01,2.4000000000e+01,8.0979013443e-01
3.1600000000e+02,9.4000000000e+01,2.5000000000e+01,1.1177570820e+00
3.1600000000e+02,9.4000000000e+01,2.6000000000e+01,1.5512661934e+00
3.1600000000e+02,9.4000000000e+01,2.7000000000e+01,2.1837208271e+00
3.1600000000e+02,9.4000000000e+01,2.8000000000e+01,3.0854139328e+00
3.1600000000e+02,9.4000000000e+01,2.9000000000e+01,4.3968997002e+00
3.1600000000e+02,9.4000000000e+01,3.0000000000e+01,6.2821779251e+00
3.1600000000e+02,9.4000000000e+01,3.1000000000e+01,9.0228090286e+00
3.1600000000e+02,1.2100000000e+02,0.0000000000e+00,2.0009663105e+00
3.1600000000e+02,1.2100000000e+02,1.0000000000e+00,6.4373141527e-01
3.1600000000e+02,1.2100000000e+02,2.0000000000e+00,3.3358478546e-01
3.1600000000e+02,1.2100000000e+02,3.0000000000e+00,2.2468131781e-01
3.1600000000e+02,1.2100000000e+02,4.0000000000e+00,1.5712253749e-01
3.1600000000e+02,1.2100000000e+02,5.0000000000e+00,1.2576562166e-01
3.1600000000e+02,1.2100000000e+02,6.0000000000e+00,1.0093706101e-01
3.1600000000e+02,1.2100000000e+02,7.0000000000e+00,8.8977150619e-02
3.1600000000e+02,1.2100000000e+02,8.0000000000e+00,7.7862136066e-02
3.1600000000e+02,1.2100000000e+02,9.0000000000e+00,7.2845190763e-02
3.1600000000e+02,1.2100000000e+02,1.0000000000e+01,6.7361004651e-02
3.1600000000e+02,1.2100000000e+02,1.1000000000e+01,6.5333463252e-02
3.1600000000e+02,1.2100000000e+02,1.2000000000e+01,6.2560476363e-02
3.1600000000e+02,1.2100000000e+02,1.3000000000e+01,6.2039848417e-02
3.1600000000e+02,1.2100000000e+02,1.4000000000e+01,6.0815110803e-02
3.1600000000e+02,1.2100000000e+02,1.5000000000e+01,6.1260625720e-02
3.1600000000e+02,1.2100000000e+02,1.6000000000e+01,6.1190374196e-02
3.1600000000e+02,1.2100000000e+02,1.7000000000e+01,6.2547378242e-02
3.1600000000e+02,1.2100000000e+02,1.8000000000e+01,6.3714198768e-02
3.1600000000e+02,1.2100000000e+02,1.9000000000e+01,6.6327847540e-02
3.1600000000e+02,1.2100000000e+02,2.0000000000e+01,6.9291733205e-02
3.1600000000e+02,1.2100000000e+02,2.1000000000e+01,7.4034534395e-02
3.1600000000e+02,1.2100000000e+02,2.2000000000e+01,8.0058738589e-02
3.1600000000e+02,1.2100000000e+02,2.3000000000e+01,8.8695079088e-02
3.1600000000e+02,1.2100000000e+02,2.4000000000e+01,1.0027387738e-01
3.1600000000e+02,1.2100000000e+02,2.5000000000e+01,1.1620911956e-01
3.1600000000e+02,1.2100000000e+02,2.6000000000e+01,1.3811761141e-01
3.1600000000e+02,1.2100000000e+02,2.7000000000e+01,1.6785123944e-01
3.1600000000e+02,1.2100000000e+02,2.8000000000e+01,2.0916488767e-01
3.1600000000e+02,1.2100000000e+02,2.9000000000e+01,2.6507234573e-01
3.1600000000e+02,1.2100000000e+02,3.0000000000e+01,3.4302365780e-01
3.1600000000e+02,1.2100000000e+02,3.1000000000e+01,4.4866561890e-01
3.1600000000e+02,1.4900000000e+02,0.0000000000e+00,2.0048048496e+00
3.1600000000e+02,1.4900000000e+02,1.0000000000e+00,5.5545002222e-01
3.1600000000e+02,1.4900000000e+02,2.0000000000e+00,2.6086610556e-01
3.1600000000e+02,1.4900000000e+02,3.0000000000e+00,1.6119556129e-01
3.1600000000e+02,1.4900000000e+02,4.0000000000e+00,1.0921025276e-01
3.1600000000e+02,1.4900000000e+02,5.0000000000e+00,8.5040621459e-02
3.1600000000e+02,1.4900000000e+02,6.0000000000e+00,6.9605596364e-02
3.1600000000e+02,1.4900000000e+02,7.0000000000e+00,6.1837818474e-02
3.1600000000e+02,1.4900000000e+02,8.0000000000e+00,5.6297659874e-02
3.1600000000e+02,1.4900000000e+02,9.0000000000e+00,5.3522437811e-02
3.1600000000e+02,1.4900000000e+02,1.0000000000e+01,5.1367919892e-02
3.1600000000e+02,1.4900000000e+02,1.1000000000e+01,5.0381857902e-02
3.1600000000e+02,1.4900000000e+02,1.2000000000e+01,4.9563195556e-02
3.1600000000e+02,1.4900000000e+02,1.3000000000e+01,4.9303647131e-02
3.1600000000e+02,1.4900000000e+02,1.4000000000e+01,4.9094446003e-02
3.1600000000e+02,1.4900000000e+02,1.5000000000e+01,4.9195133150e-02
3.1600000000e+02,1.4900000000e+02,1.6000000000e+01,4.9343135208e-02
3.1600000000e+02,1.4900000000e+02,1.7000000000e+01,4.9709536135e-02
3.1600000000e+02,1.4900000000e+02,1.8000000000e+01,5.0170466304e-02
3.1600000000e+02,1.4900000000e+02,1.9000000000e+01,5.0847973675e-02
3.1600000000e+02,1.4900000000e+02,2.0000000000e+01,5.1706183702e-02
3.1600000000e+02,1.4900000000e+02,2.1000000000e+01,5.2854076028e-02
3.1600000000e+02,1.4900000000e+02,2.2000000000e+01,5.4321188480e-02
3.1600000000e+02,1.4900000000e+02,2.3000000000e+01,5.6241445243e-02
3.1600000000e+02,1.4900000000e+02,2.4000000000e+01,5.8705668896e-02
3.1600000000e+02,1.4900000000e+02,2.5000000000e+01,6.1920307577e-02
3.1600000000e+02,1.4900000000e+02,2.6000000000e+01,6.6051274538e-02
3.1600000000e+02,1.4900000000e+02,2.7000000000e+01,7.1444794536e-02
3.1600000000e+02,1.4900000000e+02,2.8000000000e+01,7.8379787505e-02
3.1600000000e+02,1.4900000000e+02,2.9000000000e+01,8.7444745004e-02
3.1600000000e+02,1.4900000000e+02,3.0000000000e+01,9.9107749760e-02
3.1600000000e+02,1.4900000000e+02,3.1000000000e+01,1.1436153203e-01
3.1600000000e+02,1.7700000000e+02,0.0000000000e+00,1.9998084307e+00
3.1600000000e+02,1.7700000000e+02,1.0000000000e+00,4.8461574316e-01
3.1600000000e+02,1.7700000000e+02,2.0000000000e+00,2.0421122015e-01
3.1600000000e+02,1.7700000000e+02,3.0000000000e+00,1.1695972085e-01
3.1600000000e+02,1.7700000000e+02,4.0000000000e+00,7.4595369399e-02
3.1600000000e+02,1.7700000000e+02,5.0000000000e+00,5.6972239166e-02
3.1600000000e+02,1.7700000000e+02,6.0000000000e+00,4.6152394265e-02
3.1600000000e+02,1.7700000000e+02,7.0000000000e+00,4.1488170624e-02
3.1600000000e+02,1.7700000000e+02,8.0000000000e+00,3.8109600544e-02
3.1600000000e+02,1.7700000000e+02,9.0000000000e+00,3.6764051765e-02
3.1600000000e+02,1.7700000000e+02,1.0000000000e+01,3.5584975034e-02
3.1600000000e+02,1.7700000000e+02,1.1000000000e+01,3.5205431283e-02
3.1600000000e+02,1.7700000000e+02,1.2000000000e+01,3.4764319658e-02
3.1600000000e+02,1.7700000000e+02,1.3000000000e+01,3.4675620496e-02
3.1600000000e+02,1.7700000000e+02,1.4000000000e+01,3.4505601972e-02
3.1600000000e+02,1.7700000000e+02,1.5000000000e+01,3.4498598427e-02
3.1600000000e+02,1.7700000000e+02,1.6000000000e+01,3.4436948597e-02
3.1600000000e+02,1.7700000000e+02,1.7000000000e+01,3.4445751458e-02
3.1600000000e+02,1.7700000000e+02,1.8000000000e+01,3.4432075918e-02
3.1600000000e+02,1.7700000000e+02,1.9000000000e+01,3.4437105060e-02
3.1600000000e+02,1.7700000000e+02,2.0000000000e+01,3.4447800368e-02
3.1600000000e+02,1.7700000000e+02,2.1000000000e+01,3.4444540739e-02
3.1600000000e+02,1.7700000000e+02,2.2000000000e+01,3.4469924867e-02
3.1600000000e+02,1.7700000000e+02,2.3000000000e+01,3.4458480775e-02
3.1600000000e+02,1.7700000000e+02,2.4000000000e+01,3.4494411200e-02
3.1600000000e+02,1.7700000000e+02,2.5000000000e+01,3.4476049244e-02
3.1600000000e+02,1.7700000000e+02,2.6000000000e+01,3.4520655870e-02
3.1600000000e+02,1.7700000000e+02,2.7000000000e+01,3.4496691078e-02
3.1600000000e+02,1.7700000000e+02,2.8000000000e+01,3.4549139440e-02
3.1600000000e+02,1.7700000000e+02,2.9000000000e+01,3.4520685673e-02
3.1600000000e+02,1.7700000000e+02,3.0000000000e+01,3.4580618143e-02
3.1600000000e+02,1.7700000000e+02,3.1000000000e+01,3.4548539668e-02
3.1600000000e+02,2.0500000000e+02,0.0000000000e+00,1.9999659061e+00
3.1600000000e+02,2.0500000000e+02,1.0000000000e+00,4.3317943811e-01
3.1600000000e+02,2.0500000000e+02,2.0000000000e+00,1.6462442279e-01
3.1600000000e+02,2.0500000000e+02,3.0000000000e+00,9.1323263943e-02
3.1600000000e+02,2.0500000000e+02,4.0000000000e+00,5.7437486947e-02
3.1600000000e+02,2.0500000000e+02,5.0000000000e+00,4.5834310353e-02
3.1600000000e+02,2.0500000000e+02,6.0000000000e+00,3.8568425924e-02
3.1600000000e+02,2.0500000000e+02,7.0000000000e+00,3.6372154951e-02
3.1600000000e+02,2.0500000000e+02,8.0000000000e+00,3.4446507692e-02
3.1600000000e+02,2.0500000000e+02,9.0000000000e+00,3.4121222794e-02
3.1600000000e+02,2.0500000000e+02,1.0000000000e+01,3.3535666764e-02
3.1600000000e+02,2.0500000000e+02,1.1000000000e+01,3.3586457372e-02
3.1600000000e+02,2.0500000000e+02,1.2000000000e+01,3.3382676542e-02
3.1600000000e+02,2.0500000000e+02,1.3000000000e+01,3.3482622355e-02
3.1600000000e+02,2.0500000000e+02,1.4000000000e+01,3.3398430794e-02
3.1600000000e+02,2.0500000000e+02,1.5000000000e+01,3.3481422812e-02
3.1600000000e+02,2.0500000000e+02,1.6000000000e+01,3.3438578248e-02
3.1600000000e+02,2.0500000000e+02,1.7000000000e+01,3.3498093486e-02
3.1600000000e+02,2.0500000000e+02,1.8000000000e+01,3.3471561968e-02
3.1600000000e+02,2.0500000000e+02,1.9000000000e+01,3.3512752503e-02
3.1600000000e+02,2.0500000000e+02,2.0000000000e+01,3.3493880183e-02
3.1600000000e+02,2.0500000000e+02,2.1000000000e+01,3.3522486687e-02
3.1600000000e+02,2.0500000000e+02,2.2000000000e+01,3.3507950604e-02
3.1600000000e+02,2.0500000000e+02,2.3000000000e+01,3.3528234810e-02
3.1600000000e+02,2.0500000000e+02,2.4000000000e+01,3.3516544849e-02
3.1600000000e+02,2.0500000000e+02,2.5000000000e+01,3.3531352878e-02
3.1600000000e+02,2.0500000000e+02,2.6000000000e+01,3.3521726727e-02
3.1600000000e+02,2.0500000000e+02,2.7000000000e+01,3.3532887697e-02
3.1600000000e+02,2.0500000000e+02,2.8000000000e+01,3.3524822444e-02
3.1600000000e+02,2.0500000000e+02,2.9000000000e+01,3.3533513546e-02
3.1600000000e+02,2.0500000000e+02,3.0000000000e+01,3.3526666462e-02
3.1600000000e+02,2.0500000000e+02,3.1000000000e+01,3.3533647656e-02
3.1600000000e+02,2.3300000000e+02,0.0000000000e+00,1.9966032505e+00
3.1600000000e+02,2.3300000000e+02,1.0000000000e+00,3.9067387581e-01
3.1600000000e+02,2.3300000000e+02,2.0000000000e+00,1.4011418819e-01
3.1600000000e+02,2.3300000000e+02,3.0000000000e+00,7.3385506868e-02
3.1600000000e+02,2.3300000000e+02,4.0000000000e+00,4.6276796609e-02
3.1600000000e+02,2.3300000000e+02,5.0000000000e+00,3.6891661584e-02
3.1600000000e+02,2.3300000000e+02,6.0000000000e+00,3.1979754567e-02
3.1600000000e+02,2.3300000000e+02,7.0000000000e+00,3.0375238508e-02
3.1600000000e+02,2.3300000000e+02,8.0000000000e+00,2.9305484146e-02
3.1600000000e+02,2.3300000000e+02,9.0000000000e+00,2.9072910547e-02
3.1600000000e+02,2.3300000000e+02,1.0000000000e+01,2.8820388019e-02
3.1600000000e+02,2.3300000000e+02,1.1000000000e+01,2.8830006719e-02
3.1600000000e+02,2.3300000000e+02,1.2000000000e+01,2.8769653291e-02
3.1600000000e+02,2.3300000000e+02,1.3000000000e+01,2.8805347160e-02
3.1600000000e+02,2.3300000000e+02,1.4000000000e+01,2.8792567551e-02
3.1600000000e+02,2.3300000000e+02,1.5000000000e+01,2.8818003833e-02
3.1600000000e+02,2.3300000000e+02,1.6000000000e+01,2.8817355633e-02
3.1600000000e+02,2.3300000000e+02,1.7000000000e+01,2.8831195086e-02
3.1600000000e+02,2.3300000000e+02,1.8000000000e+01,2.8833761811e-02
3.1600000000e+02,2.3300000000e+02,1.9000000000e+01,2.8839750215e-02
3.1600000000e+02,2.3300000000e+02,2.0000000000e+01,2.8843278065e-02
3.1600000000e+02,2.3300000000e+02,2.1000000000e+01,2.8844585642e-02
3.1600000000e+02,2.3300000000e+02,2.2000000000e+01,2.8848476708e-02
3.1600000000e+02,2.3300000000e+02,2.3000000000e+01,2.8847144917e-02
3.1600000000e+02,2.3300000000e+02,2.4000000000e+01,2.8851214796e-02
3.1600000000e+02,2.3300000000e+02,2.5000000000e+01,2.8848435730e-02
3.1600000000e+02,2.3300000000e+02,2.6000000000e+01,2.8852596879e-02
3.1600000000e+02,2.3300000000e+02,2.7000000000e+01,2.8849057853e-02
3.1600000000e+02,2.3300000000e+02,2.8000000000e+01,2.8853252530e-02
3.1600000000e+02,2.3300000000e+02,2.9000000000e+01,2.8849340975e-02
3.1600000000e+02,2.3300000000e+02,3.0000000000e+01,2.8853524476e-02
3.1600000000e+02,2.3300000000e+02,3.1000000000e+01,2.8849454597e-02
3.1600000000e+02,2.6100000000e+02,0.0000000000e+00,1.9958441257e+00
3.1600000000e+02,2.6100000000e+02,1.0000000000e+00,3.5216698050e-01
3.1600000000e+02,2.6100000000e+02,2.0000000000e+00,1.1662063748e-01
3.1600000000e+02,2.6100000000e+02,3.0000000000e+00,5.8937966824e-02
3.1600000000e+02,2.6100000000e+02,4.0000000000e+00,3.7309877574e-02
3.1600000000e+02,2.6100000000e+02,5.0000000000e+00,3.0528593808e-02
3.1600000000e+02,2.6100000000e+02,6.0000000000e+00,2.7204398066e-02
3.1600000000e+02,2.6100000000e+02,7.0000000000e+00,2.6283521205e-02
3.1600000000e+02,2.6100000000e+02,8.0000000000e+00,2.5675963610e-02
3.1600000000e+02,2.6100000000e+02,9.0000000000e+00,2.5601696223e-02
3.1600000000e+02,2.6100000000e+02,1.0000000000e+01,2.5484297425e-02
3.1600000000e+02,2.6100000000e+02,1.1000000000e+01,2.5517016649e-02
3.1600000000e+02,2.6100000000e+02,1.2000000000e+01,2.5495249778e-02
3.1600000000e+02,2.6100000000e+02,1.3000000000e+01,2.5525040925e-02
3.1600000000e+02,2.6100000000e+02,1.4000000000e+01,2.5521952659e-02
3.1600000000e+02,2.6100000000e+02,1.5000000000e+01,2.5539366528e-02
3.1600000000e+02,2.6100000000e+02,1.6000000000e+01,2.5539569557e-02
3.1600000000e+02,2.6100000000e+02,1.7000000000e+01,2.5548622012e-02
3.1600000000e+02,2.6100000000e+02,1.8000000000e+01,2.5549188256e-02
3.1600000000e+02,2.6100000000e+02,1.9000000000e+01,2.5553636253e-02
3.1600000000e+02,2.6100000000e+02,2.0000000000e+01,2.5554120541e-02
3.1600000000e+02,2.6100000000e+02,2.1000000000e+01,2.5556204841e-02
3.1600000000e+02,2.6100000000e+02,2.2000000000e+01,2.5556584820e-02
3.1600000000e+02,2.6100000000e+02,2.3000000000e+01,2.5557493791e-02
3.1600000000e+02,2.6100000000e+02,2.4000000000e+01,2.5557801127e-02
3.1600000000e+02,2.6100000000e+02,2.5000000000e+01,2.5558141991e-02
3.1600000000e+02,2.6100000000e+02,2.6000000000e+01,2.5558395311e-02
3.1600000000e+02,2.6100000000e+02,2.7000000000e+01,2.5558469817e-02
3.1600000000e+02,2.6100000000e+02,2.8000000000e+01,2.5558678433e-02
3.1600000000e+02,2.6100000000e+02,2.9000000000e+01,2.5558641180e-02
3.1600000000e+02,2.6100000000e+02,3.0000000000e+01,2.5558810681e-02
3.1600000000e+02,2.6100000000e+02,3.1000000000e+01,2.5558734313e-02
3.1600000000e+02,2.8900000000e+02,0.0000000000e+00,1.9993311167e+00
3.1600000000e+02,2.8900000000e+02,1.0000000000e+00,3.2825529575e-01
3.1600000000e+02,2.8900000000e+02,2.0000000000e+00,1.0261437297e-01
3.1600000000e+02,2.8900000000e+02,3.0000000000e+00,5.1868267357e-02
3.1600000000e+02,2.8900000000e+02,4.0000000000e+00,3.4098967910e-02
3.1600000000e+02,2.8900000000e+02,5.0000000000e+00,2.9203055426e-02
3.1600000000e+02,2.8900000000e+02,6.0000000000e+00,2.6912899688e-02
3.1600000000e+02,2.8900000000e+02,7.0000000000e+00,2.6468638331e-02
3.1600000000e+02,2.8900000000e+02,8.0000000000e+00,2.6132488623e-02
3.1600000000e+02,2.8900000000e+02,9.0000000000e+00,2.6176072657e-02
3.1600000000e+02,2.8900000000e+02,1.0000000000e+01,2.6128271595e-02
3.1600000000e+02,2.8900000000e+02,1.1000000000e+01,2.6189018041e-02
3.1600000000e+02,2.8900000000e+02,1.2000000000e+01,2.6183225214e-02
3.1600000000e+02,2.8900000000e+02,1.3000000000e+01,2.6219379157e-02
3.1600000000e+02,2.8900000000e+02,1.4000000000e+01,2.6218287647e-02
3.1600000000e+02,2.8900000000e+02,1.5000000000e+01,2.6237327605e-02
3.1600000000e+02,2.8900000000e+02,1.6000000000e+01,2.6236247271e-02
3.1600000000e+02,2.8900000000e+02,1.7000000000e+01,2.6246108115e-02
3.1600000000e+02,2.8900000000e+02,1.8000000000e+01,2.6244945824e-02
3.1600000000e+02,2.8900000000e+02,1.9000000000e+01,2.6250135154e-02
3.1600000000e+02,2.8900000000e+02,2.0000000000e+01,2.6249118149e-02
3.1600000000e+02,2.8900000000e+02,2.1000000000e+01,2.6251921430e-02
3.1600000000e+02,2.8900000000e+02,2.2000000000e+01,2.6251129806e-02
3.1600000000e+02,2.8900000000e+02,2.3000000000e+01,2.6252696291e-02
3.1600000000e+02,2.8900000000e+02,2.4000000000e+01,2.6252122596e-02
3.1600000000e+02,2.8900000000e+02,2.5000000000e+01,2.6253022254e-02
3.1600000000e+02,2.8900000000e+02,2.6000000000e+01,2.6252619922e-02
3.1600000000e+02,2.8900000000e+02,2.7000000000e+01,2.6253148913e-02
3.1600000000e+02,2.8900000000e+02,2.8000000000e+01,2.6252875105e-02
3.1600000000e+02,2.8900000000e+02,2.9000000000e+01,2.6253195480e-02
3.1600000000e+02,2.8900000000e+02,3.0000000000e+01,2.6253009215e-02
3.1600000000e+02,2.8900000000e+02,3.1000000000e+01,2.6253204793e-02
3.1600000000e+02,3.1600000000e+02,0.0000000000e+00,2.0033361912e+00
3.1600000000e+02,3.1600000000e+02,1.0000000000e+00,3.0412983894e-01
3.1600000000e+02,3.1600000000e+02,2.0000000000e+00,9.1205738485e-02
3.1600000000e+02,3.1600000000e+02,3.0000000000e+00,4.4327192008e-02
3.1600000000e+02,3.1600000000e+02,4.0000000000e+00,2.9359772801e-02
3.1600000000e+02,3.1600000000e+02,5.0000000000e+00,2.5156432763e-02
3.1600000000e+02,3.1600000000e+02,6.0000000000e+00,2.3443449289e-02
3.1600000000e+02,3.1600000000e+02,7.0000000000e+00,2.3042991757e-02
3.1600000000e+02,3.1600000000e+02,8.0000000000e+00,2.2826625034e-02
3.1600000000e+02,3.1600000000e+02,9.0000000000e+00,2.2825295106e-02
3.1600000000e+02,3.1600000000e+02,1.0000000000e+01,2.2804316133e-02
3.1600000000e+02,3.1600000000e+02,1.1000000000e+01,2.2827072069e-02
3.1600000000e+02,3.1600000000e+02,1.2000000000e+01,2.2829579189e-02
3.1600000000e+02,3.1600000000e+02,1.3000000000e+01,2.2842396051e-02
3.1600000000e+02,3.1600000000e+02,1.4000000000e+01,2.2845704108e-02
3.1600000000e+02,3.1600000000e+02,1.5000000000e+01,2.2851349786e-02
3.1600000000e+02,3.1600000000e+02,1.6000000000e+01,2.2853422910e-02
3.1600000000e+02,3.1600000000e+02,1.7000000000e+01,2.2855630144e-02
3.1600000000e+02,3.1600000000e+02,1.8000000000e+01,2.2856842726e-02
3.1600000000e+02,3.1600000000e+02,1.9000000000e+01,2.2857576609e-02
3.1600000000e+02,3.1600000000e+02,2.0000000000e+01,2.2858316079e-02
3.1600000000e+02,3.1600000000e+02,2.1000000000e+01,2.2858459502e-02
3.1600000000e+02,3.1600000000e+02,2.2000000000e+01,2.2858936340e-02
3.1600000000e+02,3.1600000000e+02,2.3000000000e+01,2.2858867422e-02
3.1600000000e+02,3.1600000000e+02,2.4000000000e+01,2.2859193385e-02
3.1600000000e+02,3.1600000000e+02,2.5000000000e+01,2.2859064862e-02
3.1600000000e+02,3.1600000000e+02,2.6000000000e+01,2.2859292105e-02
3.1600000000e+02,3.1600000000e+02,2.7000000000e+01,2.2859161720e-02
3.1600000000e+02,3.1600000000e+02,2.8000000000e+01,2.2859327495e-02
3.1600000000e+02,3.1600000000e+02,2.9000000000e+01,2.2859213874e-02
3.1600000000e+02,3.1600000000e+02,3.0000000000e+01,2.2859336808e-02
3.1600000000e+02,3.1600000000e+02,3.1000000000e+01,2.2859245539e-02
3.1600000000e+02,3.4400000000e+02,0.0000000000e+00,1.9912917614e+00
3.1600000000e+02,3.4400000000e+02,1.0000000000e+00,2.7956271172e-01
3.1600000000e+02,3.4400000000e+02,2.0000000000e+00,7.9346291721e-02
3.1600000000e+02,3.4400000000e+02,3.0000000000e+00,3.8240570575e-02
3.1600000000e+02,3.4400000000e+02,4.0000000000e+00,2.6403993368e-02
3.1600000000e+02,3.4400000000e+02,5.0000000000e+00,2.3296874017e-02
3.1600000000e+02,3.4400000000e+02,6.0000000000e+00,2.2272750735e-02
3.1600000000e+02,3.4400000000e+02,7.0000000000e+00,2.2071953863e-02
3.1600000000e+02,3.4400000000e+02,8.0000000000e+00,2.2020151839e-02
3.1600000000e+02,3.4400000000e+02,9.0000000000e+00,2.2049978375e-02
3.1600000000e+02,3.4400000000e+02,1.0000000000e+01,2.2071747109e-02
3.1600000000e+02,3.4400000000e+02,1.1000000000e+01,2.2096317261e-02
3.1600000000e+02,3.4400000000e+02,1.2000000000e+01,2.2110611200e-02
3.1600000000e+02,3.4400000000e+02,1.3000000000e+01,2.2121733055e-02
3.1600000000e+02,3.4400000000e+02,1.4000000000e+01,2.2128263488e-02
3.1600000000e+02,3.4400000000e+02,1.5000000000e+01,2.2132743150e-02
3.1600000000e+02,3.4400000000e+02,1.6000000000e+01,2.2135518491e-02
3.1600000000e+02,3.4400000000e+02,1.7000000000e+01,2.2137254477e-02
3.1600000000e+02,3.4400000000e+02,1.8000000000e+01,2.2138426080e-02
3.1600000000e+02,3.4400000000e+02,1.9000000000e+01,2.2139083594e-02
3.1600000000e+02,3.4400000000e+02,2.0000000000e+01,2.2139584646e-02
3.1600000000e+02,3.4400000000e+02,2.1000000000e+01,2.2139824927e-02
3.1600000000e+02,3.4400000000e+02,2.2000000000e+01,2.2140050307e-02
3.1600000000e+02,3.4400000000e+02,2.3000000000e+01,2.2140130401e-02
3.1600000000e+02,3.4400000000e+02,2.4000000000e+01,2.2140234709e-02
3.1600000000e+02,3.4400000000e+02,2.5000000000e+01,2.2140260786e-02
3.1600000000e+02,3.4400000000e+02,2.6000000000e+01,2.2140309215e-02
3.1600000000e+02,3.4400000000e+02,2.7000000000e+01,2.2140312940e-02
3.1600000000e+02,3.4400000000e+02,2.8000000000e+01,2.2140340880e-02
3.1600000000e+02,3.4400000000e+02,2.9000000000e+01,2.2140339017e-02
3.1600000000e+02,3.4400000000e+02,3.0000000000e+01,2.2140352055e-02
3.1600000000e+02,3.4400000000e+02,3.1000000000e+01,2.2140346467e-02
3.1600000000e+02,3.7200000000e+02,0.0000000000e+00,1.9995226860e+00
3.1600000000e+02,3.7200000000e+02,1.0000000000e+00,2.6440316439e-01
3.1600000000e+02,3.7200000000e+02,2.0000000000e+00,7.2144664824e-02
3.1600000000e+02,3.7200000000e+02,3.0000000000e+00,3.5361804068e-02
3.1600000000e+02,3.7200000000e+02,4.0000000000e+00,2.5173708797e-02
3.1600000000e+02,3.7200000000e+02,5.0000000000e+00,2.2818390280e-02
3.1600000000e+02,3.7200000000e+02,6.0000000000e+00,2.2004855797e-02
3.1600000000e+02,3.7200000000e+02,7.0000000000e+00,2.1919470280e-02
3.1600000000e+02,3.7200000000e+02,8.0000000000e+00,2.1870702505e-02
3.1600000000e+02,3.7200000000e+02,9.0000000000e+00,2.1914396435e-02
3.1600000000e+02,3.7200000000e+02,1.0000000000e+01,2.1922107786e-02
3.1600000000e+02,3.7200000000e+02,1.1000000000e+01,2.1946661174e-02
3.1600000000e+02,3.7200000000e+02,1.2000000000e+01,2.1952077746e-02
3.1600000000e+02,3.7200000000e+02,1.3000000000e+01,2.1962298080e-02
3.1600000000e+02,3.7200000000e+02,1.4000000000e+01,2.1964423358e-02
3.1600000000e+02,3.7200000000e+02,1.5000000000e+01,2.1968450397e-02
3.1600000000e+02,3.7200000000e+02,1.6000000000e+01,2.1969169378e-02
3.1600000000e+02,3.7200000000e+02,1.7000000000e+01,2.1970752627e-02
3.1600000000e+02,3.7200000000e+02,1.8000000000e+01,2.1970974281e-02
3.1600000000e+02,3.7200000000e+02,1.9000000000e+01,2.1971605718e-02
3.1600000000e+02,3.7200000000e+02,2.0000000000e+01,2.1971665323e-02
3.1600000000e+02,3.7200000000e+02,2.1000000000e+01,2.1971922368e-02
3.1600000000e+02,3.7200000000e+02,2.2000000000e+01,2.1971931681e-02
3.1600000000e+02,3.7200000000e+02,2.3000000000e+01,2.1972041577e-02
3.1600000000e+02,3.7200000000e+02,2.4000000000e+01,2.1972039714e-02
3.1600000000e+02,3.7200000000e+02,2.5000000000e+01,2.1972082555e-02
3.1600000000e+02,3.7200000000e+02,2.6000000000e+01,2.1972078830e-02
3.1600000000e+02,3.7200000000e+02,2.7000000000e+01,2.1972099319e-02
3.1600000000e+02,3.7200000000e+02,2.8000000000e+01,2.1972099319e-02
3.1600000000e+02,3.7200000000e+02,2.9000000000e+01,2.1972104907e-02
3.1600000000e+02,3.7200000000e+02,3.0000000000e+01,2.1972104907e-02
3.1600000000e+02,3.7200000000e+02,3.1000000000e+01,2.1972104907e-02
3.1600000000e+02,4.0000000000e+02,0.0000000000e+00,2.0019528866e+00
3.1600000000e+02,4.0000000000e+02,1.0000000000e+00,2.4695974588e-01
3.1600000000e+02,4.0000000000e+02,2.0000000000e+00,6.5865635872e-02
3.1600000000e+02,4.0000000000e+02,3.0000000000e+00,3.1181603670e-02
3.1600000000e+02,4.0000000000e+02,4.0000000000e+00,2.2683635354e-02
3.1600000000e+02,4.0000000000e+02,5.0000000000e+00,2.0382624120e-02
3.1600000000e+02,4.0000000000e+02,6.0000000000e+00,1.9823662937e-02
3.1600000000e+02,4.0000000000e+02,7.0000000000e+00,1.9649561495e-02
3.1600000000e+02,4.0000000000e+02,8.0000000000e+00,1.9641969353e-02
3.1600000000e+02,4.0000000000e+02,9.0000000000e+00,1.9635964185e-02
3.1600000000e+02,4.0000000000e+02,1.0000000000e+01,1.9651543349e-02
3.1600000000e+02,4.0000000000e+02,1.1000000000e+01,1.9654477015e-02
3.1600000000e+02,4.0000000000e+02,1.2000000000e+01,1.9662039354e-02
3.1600000000e+02,4.0000000000e+02,1.3000000000e+01,1.9663352519e-02
3.1600000000e+02,4.0000000000e+02,1.4000000000e+01,1.9666351378e-02
3.1600000000e+02,4.0000000000e+02,1.5000000000e+01,1.9666722044e-02
3.1600000000e+02,4.0000000000e+02,1.6000000000e+01,1.9667882472e-02
3.1600000000e+02,4.0000000000e+02,1.7000000000e+01,1.9667945802e-02
3.1600000000e+02,4.0000000000e+02,1.8000000000e+01,1.9668400288e-02
3.1600000000e+02,4.0000000000e+02,1.9000000000e+01,1.9668390974e-02
3.1600000000e+02,4.0000000000e+02,2.0000000000e+01,1.9668573514e-02
3.1600000000e+02,4.0000000000e+02,2.1000000000e+01,1.9668553025e-02
3.1600000000e+02,4.0000000000e+02,2.2000000000e+01,1.9668631256e-02
3.1600000000e+02,4.0000000000e+02,2.3000000000e+01,1.9668614492e-02
3.1600000000e+02,4.0000000000e+02,2.4000000000e+01,1.9668648019e-02
3.1600000000e+02,4.0000000000e+02,2.5000000000e+01,1.9668638706e-02
3.1600000000e+02,4.0000000000e+02,2.6000000000e+01,1.9668655470e-02
3.1600000000e+02,4.0000000000e+02,2.7000000000e+01,1.9668648019e-02
3.1600000000e+02,4.0000000000e+02,2.8000000000e+01,1.9668655470e-02
3.1600000000e+02,4.0000000000e+02,2.9000000000e+01,1.9668651745e-02
3.1600000000e+02,4.0000000000e+02,3.0000000000e+01,1.9668653607e-02
3.1600000000e+02,4.0000000000e+02,3.1000000000e+01,1.9668653607e-02
3.4400000000e+02,1.0000000000e+01,0.0000000000e+00,1.9945118427e+00
3.4400000000e+02,1.0000000000e+01,1.0000000000e+00,1.8356758356e+00
3.4400000000e+02,1.0000000000e+01,2.0000000000e+00,1.7724869251e+00
3.4400000000e+02,1.0000000000e+01,3.0000000000e+00,1.8117753267e+00
3.4400000000e+02,1.0000000000e+01,4.0000000000e+00,1.8057476282e+00
3.4400000000e+02,1.0000000000e+01,5.0000000000e+00,1.8354688883e+00
3.4400000000e+02,1.0000000000e+01,6.0000000000e+00,1.8399881124e+00
3.4400000000e+02,1.0000000000e+01,7.0000000000e+00,1.8797054291e+00
3.4400000000e+02,1.0000000000e+01,8.0000000000e+00,1.9172925949e+00
3.4400000000e+02,1.0000000000e+01,9.0000000000e+00,2.0349607468e+00
3.4400000000e+02,1.0000000000e+01,1.0000000000e+01,2.2484827042e+00
3.4400000000e+02,1.0000000000e+01,1.1000000000e+01,2.7959792614e+00
3.4400000000e+02,1.0000000000e+01,1.2000000000e+01,4.0315160751e+00
3.4400000000e+02,1.0000000000e+01,1.3000000000e+01,7.1471939087e+00
3.4400000000e+02,1.0000000000e+01,1.4000000000e+01,1.4853805542e+01
3.4400000000e+02,1.0000000000e+01,1.5000000000e+01,3.4772060394e+01
3.4400000000e+02,1.0000000000e+01,1.6000000000e+01,8.6565505981e+01
3.4400000000e+02,1.0000000000e+01,1.7000000000e+01,2.2413322449e+02
3.4400000000e+02,1.0000000000e+01,1.8000000000e+01,5.9286456299e+02
3.4400000000e+02,1.0000000000e+01,1.9000000000e+01,1.5927388916e+03
3.4400000000e+02,1.0000000000e+01,2.0000000000e+01,4.3232910156e+03
3.4400000000e+02,1.0000000000e+01,2.1000000000e+01,1.1830278320e+04
3.4400000000e+02,1.0000000000e+01,2.2000000000e+01,3.2565630859e+04
3.4400000000e+02,1.0000000000e+01,2.3000000000e+01,9.0065578125e+04
3.4400000000e+02,1.0000000000e+01,2.4000000000e+01,2.4997898438e+05
3.4400000000e+02,1.0000000000e+01,2.5000000000e+01,6.9575075000e+05
3.4400000000e+02,1.0000000000e+01,2.6000000000e+01,1.9405598750e+06
3.4400000000e+02,1.0000000000e+01,2.7000000000e+01,5.4214565000e+06
3.4400000000e+02,1.0000000000e+01,2.8000000000e+01,1.5165411000e+07
3.4400000000e+02,1.0000000000e+01,2.9000000000e+01,4.2463576000e+07
3.4400000000e+02,1.0000000000e+01,3.0000000000e+01,1.1898858400e+08
3.4400000000e+02,1.0000000000e+01,3.1000000000e+01,3.3361504000e+08
3.4400000000e+02,3.8000000000e+01,0.0000000000e+00,1.9852720499e+00
3.4400000000e+02,3.8000000000e+01,1.0000000000e+00,1.2175116539e+00
3.4400000000e+02,3.8000000000e+01,2.0000000000e+00,9.9424999952e-01
3.4400000000e+02,3.8000000000e+01,3.0000000000e+00,9.1912788153e-01
3.4400000000e+02,3.8000000000e+01,4.0000000000e+00,8.5369610786e-01
3.4400000000e+02,3.8000000000e+01,5.0000000000e+00,8.2780945301e-01
3.4400000000e+02,3.8000000000e+01,6.0000000000e+00,7.9759877920e-01
3.4400000000e+02,3.8000000000e+01,7.0000000000e+00,7.9024362564e-01
3.4400000000e+02,3.8000000000e+01,8.0000000000e+00,7.7914631367e-01
3.4400000000e+02,3.8000000000e+01,9.0000000000e+00,7.8876125813e-01
3.4400000000e+02,3.8000000000e+01,1.0000000000e+01,8.0129694939e-01
3.4400000000e+02,3.8000000000e+01,1.1000000000e+01,8.4314256907e-01
3.4400000000e+02,3.8000000000e+01,1.2000000000e+01,9.0831267834e-01
3.4400000000e+02,3.8000000000e+01,1.3000000000e+01,1.0352969170e+00
3.4400000000e+02,3.8000000000e+01,1.4000000000e+01,1.2474548817e+00
3.4400000000e+02,3.8000000000e+01,1.5000000000e+01,1.6256152391e+00
3.4400000000e+02,3.8000000000e+01,1.6000000000e+01,2.2807526588e+00
3.4400000000e+02,3.8000000000e+01,1.7000000000e+01,3.4338860512e+00
3.4400000000e+02,3.8000000000e+01,1.8000000000e+01,5.4710631371e+00
3.4400000000e+02,3.8000000000e+01,1.9000000000e+01,9.0764808655e+00
3.4400000000e+02,3.8000000000e+01,2.0000000000e+01,1.5520327568e+01
3.4400000000e+02,3.8000000000e+01,2.1000000000e+01,2.7024978638e+01
3.4400000000e+02,3.8000000000e+01,2.2000000000e+01,4.7750629425e+01
3.4400000000e+02,3.8000000000e+01,2.3000000000e+01,8.5060081482e+01
3.4400000000e+02,3.8000000000e+01,2.4000000000e+01,1.5269050598e+02
3.4400000000e+02,3.8000000000e+01,2.5000000000e+01,2.7529916382e+02
3.4400000000e+02,3.8000000000e+01,2.6000000000e+01,4.9872778320e+02
3.4400000000e+02,3.8000000000e+01,2.7000000000e+01,9.0622515869e+02
3.4400000000e+02,3.8000000000e+01,2.8000000000e+01,1.6523320312e+03
3.4400000000e+02,3.8000000000e+01,2.9000000000e+01,3.0201948242e+03
3.4400000000e+02,3.8000000000e+01,3.0000000000e+01,5.5356274414e+03
3.4400000000e+02,3.8000000000e+01,3.1000000000e+01,1.0168531250e+04
3.4400000000e+02,6.6000000000e+01,0.0000000000e+00,1.9972785711e+00
3.4400000000e+02,6.6000000000e+01,1.0000000000e+00,9.3758791685e-01
3.4400000000e+02,6.6000000000e+01,2.0000000000e+00,6.3835513592e-01
3.4400000000e+02,6.6000000000e+01,3.0000000000e+00,5.2633219957e-01
3.4400000000e+02,6.6000000000e+01,4.0000000000e+00,4.3667700887e-01
3.4400000000e+02,6.6000000000e+01,5.0000000000e+00,3.9394268394e-01
3.4400000000e+02,6.6000000000e+01,6.0000000000e+00,3.5057899356e-01
3.4400000000e+02,6.6000000000e+01,7.0000000000e+00,3.3170971274e-01
3.4400000000e+02,6.6000000000e+01,8.0000000000e+00,3.1001994014e-01
3.4400000000e+02,6.6000000000e+01,9.0000000000e+00,3.0736631155e-01
3.4400000000e+02,6.6000000000e+01,1.0000000000e+01,3.0458649993e-01
3.4400000000e+02,6.6000000000e+01,1.1000000000e+01,3.2349732518e-01
3.4400000000e+02,6.6000000000e+01,1.2000000000e+01,3.5121941566e-01
3.4400000000e+02,6.6000000000e+01,1.3000000000e+01,4.1491281986e-01
3.4400000000e+02,6.6000000000e+01,1.4000000000e+01,5.1223862171e-01
3.4400000000e+02,6.6000000000e+01,1.5000000000e+01,6.8782383204e-01
3.4400000000e+02,6.6000000000e+01,1.6000000000e+01,9.6654832363e-01
3.4400000000e+02,6.6000000000e+01,1.7000000000e+01,1.4430292845e+00
3.4400000000e+02,6.6000000000e+01,1.8000000000e+01,2.2209901810e+00
3.4400000000e+02,6.6000000000e+01,1.9000000000e+01,3.5382039547e+00
3.4400000000e+02,6.6000000000e+01,2.0000000000e+01,5.7328138351e+00
3.4400000000e+02,6.6000000000e+01,2.1000000000e+01,9.4605913162e+00
3.4400000000e+02,6.6000000000e+01,2.2000000000e+01,1.5763776779e+01
3.4400000000e+02,6.6000000000e+01,2.3000000000e+01,2.6541072845e+01
3.4400000000e+02,6.6000000000e+01,2.4000000000e+01,4.4966320038e+01
3.4400000000e+02,6.6000000000e+01,2.5000000000e+01,7.6686813354e+01
3.4400000000e+02,6.6000000000e+01,2.6000000000e+01,1.3137730408e+02
3.4400000000e+02,6.6000000000e+01,2.7000000000e+01,2.2611245728e+02
3.4400000000e+02,6.6000000000e+01,2.8000000000e+01,3.9052615356e+02
3.4400000000e+02,6.6000000000e+01,2.9000000000e+01,6.7681353760e+02
3.4400000000e+02,6.6000000000e+01,3.0000000000e+01,1.1762445068e+03
3.4400000000e+02,6.6000000000e+01,3.1000000000e+01,2.0496403809e+03
3.4400000000e+02,9.4000000000e+01,0.0000000000e+00,1.9923139811e+00
3.4400000000e+02,9.4000000000e+01,1.0000000000e+00,7.5275075436e-01
3.4400000000e+02,9.4000000000e+01,2.0000000000e+00,4.4187656045e-01
3.4400000000e+02,9.4000000000e+01,3.0000000000e+00,3.2235968113e-01
3.4400000000e+02,9.4000000000e+01,4.0000000000e+00,2.4255621433e-01
3.4400000000e+02,9.4000000000e+01,5.0000000000e+00,2.0143061876e-01
3.4400000000e+02,9.4000000000e+01,6.0000000000e+00,1.6720768809e-01
3.4400000000e+02,9.4000000000e+01,7.0000000000e+00,1.4862082899e-01
3.4400000000e+02,9.4000000000e+01,8.0000000000e+00,1.3122141361e-01
3.4400000000e+02,9.4000000000e+01,9.0000000000e+00,1.2232680619e-01
3.4400000000e+02,9.4000000000e+01,1.0000000000e+01,1.1335167289e-01
3.4400000000e+02,9.4000000000e+01,1.1000000000e+01,1.1002700031e-01
3.4400000000e+02,9.4000000000e+01,1.2000000000e+01,1.0668587685e-01
3.4400000000e+02,9.4000000000e+01,1.3000000000e+01,1.0793077201e-01
3.4400000000e+02,9.4000000000e+01,1.4000000000e+01,1.1004086584e-01
3.4400000000e+02,9.4000000000e+01,1.5000000000e+01,1.1691829562e-01
3.4400000000e+02,9.4000000000e+01,1.6000000000e+01,1.2661804259e-01
3.4400000000e+02,9.4000000000e+01,1.7000000000e+01,1.4281649888e-01
3.4400000000e+02,9.4000000000e+01,1.8000000000e+01,1.6579255462e-01
3.4400000000e+02,9.4000000000e+01,1.9000000000e+01,1.9976687431e-01
3.4400000000e+02,9.4000000000e+01,2.0000000000e+01,2.4854768813e-01
3.4400000000e+02,9.4000000000e+01,2.1000000000e+01,3.1847172976e-01
3.4400000000e+02,9.4000000000e+01,2.2000000000e+01,4.1977301240e-01
3.4400000000e+02,9.4000000000e+01,2.3000000000e+01,5.6436115503e-01
3.4400000000e+02,9.4000000000e+01,2.4000000000e+01,7.7505564690e-01
3.4400000000e+02,9.4000000000e+01,2.5000000000e+01,1.0770571232e+00
3.4400000000e+02,9.4000000000e+01,2.6000000000e+01,1.5188680887e+00
3.4400000000e+02,9.4000000000e+01,2.7000000000e+01,2.1562120914e+00
3.4400000000e+02,9.4000000000e+01,2.8000000000e+01,3.0913548470e+00
3.4400000000e+02,9.4000000000e+01,2.9000000000e+01,4.4489274025e+00
3.4400000000e+02,9.4000000000e+01,3.0000000000e+01,6.4456977844e+00
3.4400000000e+02,9.4000000000e+01,3.1000000000e+01,9.3605594635e+00
3.4400000000e+02,1.2100000000e+02,0.0000000000e+00,2.0016360283e+00
3.4400000000e+02,1.2100000000e+02,1.0000000000e+00,6.3760256767e-01
3.4400000000e+02,1.2100000000e+02,2.0000000000e+00,3.3154952526e-01
3.4400000000e+02,1.2100000000e+02,3.0000000000e+00,2.1891558170e-01
3.4400000000e+02,1.2100000000e+02,4.0000000000e+00,1.5292370319e-01
3.4400000000e+02,1.2100000000e+02,5.0000000000e+00,1.1982083321e-01
3.4400000000e+02,1.2100000000e+02,6.0000000000e+00,9.5838360488e-02
3.4400000000e+02,1.2100000000e+02,7.0000000000e+00,8.2874320447e-02
3.4400000000e+02,1.2100000000e+02,8.0000000000e+00,7.2309359908e-02
3.4400000000e+02,1.2100000000e+02,9.0000000000e+00,6.6619046032e-02
3.4400000000e+02,1.2100000000e+02,1.0000000000e+01,6.1536874622e-02
3.4400000000e+02,1.2100000000e+02,1.1000000000e+01,5.9005115181e-02
3.4400000000e+02,1.2100000000e+02,1.2000000000e+01,5.6538466364e-02
3.4400000000e+02,1.2100000000e+02,1.3000000000e+01,5.5608462542e-02
3.4400000000e+02,1.2100000000e+02,1.4000000000e+01,5.4598394781e-02
3.4400000000e+02,1.2100000000e+02,1.5000000000e+01,5.4683465511e-02
3.4400000000e+02,1.2100000000e+02,1.6000000000e+01,5.4701492190e-02
3.4400000000e+02,1.2100000000e+02,1.7000000000e+01,5.5698484182e-02
3.4400000000e+02,1.2100000000e+02,1.8000000000e+01,5.6743957102e-02
3.4400000000e+02,1.2100000000e+02,1.9000000000e+01,5.8918692172e-02
3.4400000000e+02,1.2100000000e+02,2.0000000000e+01,6.1391413212e-02
3.4400000000e+02,1.2100000000e+02,2.1000000000e+01,6.5465949476e-02
3.4400000000e+02,1.2100000000e+02,2.2000000000e+01,7.0336990058e-02
3.4400000000e+02,1.2100000000e+02,2.3000000000e+01,7.7786296606e-02
3.4400000000e+02,1.2100000000e+02,2.4000000000e+01,8.7028011680e-02
3.4400000000e+02,1.2100000000e+02,2.5000000000e+01,1.0071182251e-01
3.4400000000e+02,1.2100000000e+02,2.6000000000e+01,1.1817990243e-01
3.4400000000e+02,1.2100000000e+02,2.7000000000e+01,1.4359608293e-01
3.4400000000e+02,1.2100000000e+02,2.8000000000e+01,1.7677088082e-01
3.4400000000e+02,1.2100000000e+02,2.9000000000e+01,2.2450751066e-01
3.4400000000e+02,1.2100000000e+02,3.0000000000e+01,2.8790390491e-01
3.4400000000e+02,1.2100000000e+02,3.1000000000e+01,3.7842887640e-01
3.4400000000e+02,1.4900000000e+02,0.0000000000e+00,2.0082366467e+00
3.4400000000e+02,1.4900000000e+02,1.0000000000e+00,5.5261224508e-01
3.4400000000e+02,1.4900000000e+02,2.0000000000e+00,2.5578230619e-01
3.4400000000e+02,1.4900000000e+02,3.0000000000e+00,1.5630215406e-01
3.4400000000e+02,1.4900000000e+02,4.0000000000e+00,1.0323528200e-01
3.4400000000e+02,1.4900000000e+02,5.0000000000e+00,7.9211570323e-02
3.4400000000e+02,1.4900000000e+02,6.0000000000e+00,6.3176080585e-02
3.4400000000e+02,1.4900000000e+02,7.0000000000e+00,5.5474497378e-02
3.4400000000e+02,1.4900000000e+02,8.0000000000e+00,4.9577239901e-02
3.4400000000e+02,1.4900000000e+02,9.0000000000e+00,4.6823523939e-02
3.4400000000e+02,1.4900000000e+02,1.0000000000e+01,4.4430702925e-02
3.4400000000e+02,1.4900000000e+02,1.1000000000e+01,4.3419413269e-02
3.4400000000e+02,1.4900000000e+02,1.2000000000e+01,4.2409118265e-02
3.4400000000e+02,1.4900000000e+02,1.3000000000e+01,4.2059678584e-02
3.4400000000e+02,1.4900000000e+02,1.4000000000e+01,4.1653696448e-02
3.4400000000e+02,1.4900000000e+02,1.5000000000e+01,4.1566848755e-02
3.4400000000e+02,1.4900000000e+02,1.6000000000e+01,4.1459646076e-02
3.4400000000e+02,1.4900000000e+02,1.7000000000e+01,4.1484639049e-02
3.4400000000e+02,1.4900000000e+02,1.8000000000e+01,4.1558433324e-02
3.4400000000e+02,1.4900000000e+02,1.9000000000e+01,4.1645705700e-02
3.4400000000e+02,1.4900000000e+02,2.0000000000e+01,4.1868124157e-02
3.4400000000e+02,1.4900000000e+02,2.1000000000e+01,4.2017035186e-02
3.4400000000e+02,1.4900000000e+02,2.2000000000e+01,4.2404733598e-02
3.4400000000e+02,1.4900000000e+02,2.3000000000e+01,4.2648006231e-02
3.4400000000e+02,1.4900000000e+02,2.4000000000e+01,4.3258480728e-02
3.4400000000e+02,1.4900000000e+02,2.5000000000e+01,4.3664462864e-02
3.4400000000e+02,1.4900000000e+02,2.6000000000e+01,4.4604025781e-02
3.4400000000e+02,1.4900000000e+02,2.7000000000e+01,4.5291893184e-02
3.4400000000e+02,1.4900000000e+02,2.8000000000e+01,4.6737890691e-02
3.4400000000e+02,1.4900000000e+02,2.9000000000e+01,4.7907654196e-02
3.4400000000e+02,1.4900000000e+02,3.0000000000e+01,5.0148949027e-02
3.4400000000e+02,1.4900000000e+02,3.1000000000e+01,5.2132837474e-02
3.4400000000e+02,1.7700000000e+02,0.0000000000e+00,1.9936497211e+00
3.4400000000e+02,1.7700000000e+02,1.0000000000e+00,4.8246127367e-01
3.4400000000e+02,1.7700000000e+02,2.0000000000e+00,2.0172265172e-01
3.4400000000e+02,1.7700000000e+02,3.0000000000e+00,1.1577253044e-01
3.4400000000e+02,1.7700000000e+02,4.0000000000e+00,7.3856703937e-02
3.4400000000e+02,1.7700000000e+02,5.0000000000e+00,5.6854039431e-02
3.4400000000e+02,1.7700000000e+02,6.0000000000e+00,4.6276073903e-02
3.4400000000e+02,1.7700000000e+02,7.0000000000e+00,4.1914135218e-02
3.4400000000e+02,1.7700000000e+02,8.0000000000e+00,3.8649078459e-02
3.4400000000e+02,1.7700000000e+02,9.0000000000e+00,3.7461355329e-02
3.4400000000e+02,1.7700000000e+02,1.0000000000e+01,3.6331780255e-02
3.4400000000e+02,1.7700000000e+02,1.1000000000e+01,3.6042869091e-02
3.4400000000e+02,1.7700000000e+02,1.2000000000e+01,3.5617530346e-02
3.4400000000e+02,1.7700000000e+02,1.3000000000e+01,3.5587869585e-02
3.4400000000e+02,1.7700000000e+02,1.4000000000e+01,3.5414002836e-02
3.4400000000e+02,1.7700000000e+02,1.5000000000e+01,3.5451348871e-02
3.4400000000e+02,1.7700000000e+02,1.6000000000e+01,3.5373229533e-02
3.4400000000e+02,1.7700000000e+02,1.7000000000e+01,3.5419911146e-02
3.4400000000e+02,1.7700000000e+02,1.8000000000e+01,3.5380851477e-02
3.4400000000e+02,1.7700000000e+02,1.9000000000e+01,3.5421296954e-02
3.4400000000e+02,1.7700000000e+02,2.0000000000e+01,3.5399802029e-02
3.4400000000e+02,1.7700000000e+02,2.1000000000e+01,3.5431466997e-02
3.4400000000e+02,1.7700000000e+02,2.2000000000e+01,3.5419091582e-02
3.4400000000e+02,1.7700000000e+02,2.3000000000e+01,3.5443034023e-02
3.4400000000e+02,1.7700000000e+02,2.4000000000e+01,3.5436347127e-02
3.4400000000e+02,1.7700000000e+02,2.5000000000e+01,3.5454295576e-02
3.4400000000e+02,1.7700000000e+02,2.6000000000e+01,3.5451836884e-02
3.4400000000e+02,1.7700000000e+02,2.7000000000e+01,3.5465333611e-02
3.4400000000e+02,1.7700000000e+02,2.8000000000e+01,3.5466443747e-02
3.4400000000e+02,1.7700000000e+02,2.9000000000e+01,3.5476684570e-02
3.4400000000e+02,1.7700000000e+02,3.0000000000e+01,3.5481046885e-02
3.4400000000e+02,1.7700000000e+02,3.1000000000e+01,3.5488914698e-02
3.4400000000e+02,2.0500000000e+02,0.0000000000e+00,2.0038280487e+00
3.4400000000e+02,2.0500000000e+02,1.0000000000e+00,4.2907851934e-01
3.4400000000e+02,2.0500000000e+02,2.0000000000e+00,1.6705071926e-01
3.4400000000e+02,2.0500000000e+02,3.0000000000e+00,8.9740164578e-02
3.4400000000e+02,2.0500000000e+02,4.0000000000e+00,5.6994915009e-02
3.4400000000e+02,2.0500000000e+02,5.0000000000e+00,4.3775718659e-02
3.4400000000e+02,2.0500000000e+02,6.0000000000e+00,3.6875206977e-02
3.4400000000e+02,2.0500000000e+02,7.0000000000e+00,3.3933021128e-02
3.4400000000e+02,2.0500000000e+02,8.0000000000e+00,3.2175943255e-02
3.4400000000e+02,2.0500000000e+02,9.0000000000e+00,3.1479354948e-02
3.4400000000e+02,2.0500000000e+02,1.0000000000e+01,3.0988769606e-02
3.4400000000e+02,2.0500000000e+02,1.1000000000e+01,3.0842088163e-02
3.4400000000e+02,2.0500000000e+02,1.2000000000e+01,3.0697770417e-02
3.4400000000e+02,2.0500000000e+02,1.3000000000e+01,3.0686151236e-02
3.4400000000e+02,2.0500000000e+02,1.4000000000e+01,3.0641706660e-02
3.4400000000e+02,2.0500000000e+02,1.5000000000e+01,3.0658086762e-02
3.4400000000e+02,2.0500000000e+02,1.6000000000e+01,3.0643114820e-02
3.4400000000e+02,2.0500000000e+02,1.7000000000e+01,3.0660782009e-02
3.4400000000e+02,2.0500000000e+02,1.8000000000e+01,3.0654560775e-02
3.4400000000e+02,2.0500000000e+02,1.9000000000e+01,3.0668189749e-02
3.4400000000e+02,2.0500000000e+02,2.0000000000e+01,3.0664620921e-02
3.4400000000e+02,2.0500000000e+02,2.1000000000e+01,3.0674230307e-02
3.4400000000e+02,2.0500000000e+02,2.2000000000e+01,3.0671574175e-02
3.4400000000e+02,2.0500000000e+02,2.3000000000e+01,3.0678188428e-02
3.4400000000e+02,2.0500000000e+02,2.4000000000e+01,3.0675970018e-02
3.4400000000e+02,2.0500000000e+02,2.5000000000e+01,3.0680531636e-02
3.4400000000e+02,2.0500000000e+02,2.6000000000e+01,3.0678633600e-02
3.4400000000e+02,2.0500000000e+02,2.7000000000e+01,3.0681833625e-02
3.4400000000e+02,2.0500000000e+02,2.8000000000e+01,3.0680207536e-02
3.4400000000e+02,2.0500000000e+02,2.9000000000e+01,3.0682504177e-02
3.4400000000e+02,2.0500000000e+02,3.0000000000e+01,3.0681127682e-02
3.4400000000e+02,2.0500000000e+02,3.1000000000e+01,3.0682817101e-02
3.4400000000e+02,2.3300000000e+02,0.0000000000e+00,2.0081822872e+00
3.4400000000e+02,2.3300000000e+02,1.0000000000e+00,3.8954401016e-01
3.4400000000e+02,2.3300000000e+02,2.0000000000e+00,1.3930198550e-01
3.4400000000e+02,2.3300000000e+02,3.0000000000e+00,7.1444265544e-02
3.4400000000e+02,2.3300000000e+02,4.0000000000e+00,4.5363742858e-02
3.4400000000e+02,2.3300000000e+02,5.0000000000e+00,3.5639680922e-02
3.4400000000e+02,2.3300000000e+02,6.0000000000e+00,3.1162403524e-02
3.4400000000e+02,2.3300000000e+02,7.0000000000e+00,2.9404874891e-02
3.4400000000e+02,2.3300000000e+02,8.0000000000e+00,2.8515696526e-02
3.4400000000e+02,2.3300000000e+02,9.0000000000e+00,2.8209125623e-02
3.4400000000e+02,2.3300000000e+02,1.0000000000e+01,2.8033541515e-02
3.4400000000e+02,2.3300000000e+02,1.1000000000e+01,2.8008375317e-02
3.4400000000e+02,2.3300000000e+02,1.2000000000e+01,2.7980335057e-02
3.4400000000e+02,2.3300000000e+02,1.3000000000e+01,2.8001384810e-02
3.4400000000e+02,2.3300000000e+02,1.4000000000e+01,2.8000708669e-02
3.4400000000e+02,2.3300000000e+02,1.5000000000e+01,2.8021899983e-02
3.4400000000e+02,2.3300000000e+02,1.6000000000e+01,2.8023885563e-02
3.4400000000e+02,2.3300000000e+02,1.7000000000e+01,2.8038799763e-02
3.4400000000e+02,2.3300000000e+02,1.8000000000e+01,2.8039503843e-02
3.4400000000e+02,2.3300000000e+02,1.9000000000e+01,2.8049211949e-02
3.4400000000e+02,2.3300000000e+02,2.0000000000e+01,2.8048768640e-02
3.4400000000e+02,2.3300000000e+02,2.1000000000e+01,2.8055027127e-02
3.4400000000e+02,2.3300000000e+02,2.2000000000e+01,2.8054023162e-02
3.4400000000e+02,2.3300000000e+02,2.3000000000e+01,2.8058119118e-02
3.4400000000e+02,2.3300000000e+02,2.4000000000e+01,2.8056962416e-02
3.4400000000e+02,2.3300000000e+02,2.5000000000e+01,2.8059713542e-02
3.4400000000e+02,2.3300000000e+02,2.6000000000e+01,2.8058610857e-02
3.4400000000e+02,2.3300000000e+02,2.7000000000e+01,2.8060510755e-02
3.4400000000e+02,2.3300000000e+02,2.8000000000e+01,2.8059544042e-02
3.4400000000e+02,2.3300000000e+02,2.9000000000e+01,2.8060892597e-02
3.4400000000e+02,2.3300000000e+02,3.0000000000e+01,2.8060082346e-02
3.4400000000e+02,2.3300000000e+02,3.1000000000e+01,2.8061063960e-02
3.4400000000e+02,2.6100000000e+02,0.0000000000e+00,2.0050394535e+00
3.4400000000e+02,2.6100000000e+02,1.0000000000e+00,3.5437452793e-01
3.4400000000e+02,2.6100000000e+02,2.0000000000e+00,1.1647393554e-01
3.4400000000e+02,2.6100000000e+02,3.0000000000e+00,5.9095341712e-02
3.4400000000e+02,2.6100000000e+02,4.0000000000e+00,3.7524498999e-02
3.4400000000e+02,2.6100000000e+02,5.0000000000e+00,3.0972499400e-02
3.4400000000e+02,2.6100000000e+02,6.0000000000e+00,2.7757104486e-02
3.4400000000e+02,2.6100000000e+02,7.0000000000e+00,2.6942444965e-02
3.4400000000e+02,2.6100000000e+02,8.0000000000e+00,2.6396088302e-02
3.4400000000e+02,2.6100000000e+02,9.0000000000e+00,2.6369301602e-02
3.4400000000e+02,2.6100000000e+02,1.0000000000e+01,2.6282645762e-02
3.4400000000e+02,2.6100000000e+02,1.1000000000e+01,2.6336928830e-02
3.4400000000e+02,2.6100000000e+02,1.2000000000e+01,2.6330098510e-02
3.4400000000e+02,2.6100000000e+02,1.3000000000e+01,2.6370089501e-02
3.4400000000e+02,2.6100000000e+02,1.4000000000e+01,2.6374040172e-02
3.4400000000e+02,2.6100000000e+02,1.5000000000e+01,2.6396613568e-02
3.4400000000e+02,2.6100000000e+02,1.6000000000e+01,2.6399945840e-02
3.4400000000e+02,2.6100000000e+02,1.7000000000e+01,2.6411846280e-02
3.4400000000e+02,2.6100000000e+02,1.8000000000e+01,2.6413638145e-02
3.4400000000e+02,2.6100000000e+02,1.9000000000e+01,2.6419816539e-02
3.4400000000e+02,2.6100000000e+02,2.0000000000e+01,2.6420619339e-02
3.4400000000e+02,2.6100000000e+02,2.1000000000e+01,2.6423845440e-02
3.4400000000e+02,2.6100000000e+02,2.2000000000e+01,2.6424143463e-02
3.4400000000e+02,2.6100000000e+02,2.3000000000e+01,2.6425853372e-02
3.4400000000e+02,2.6100000000e+02,2.4000000000e+01,2.6425924152e-02
3.4400000000e+02,2.6100000000e+02,2.5000000000e+01,2.6426848024e-02
3.4400000000e+02,2.6100000000e+02,2.6000000000e+01,2.6426833123e-02
3.4400000000e+02,2.6100000000e+02,2.7000000000e+01,2.6427341625e-02
3.4400000000e+02,2.6100000000e+02,2.8000000000e+01,2.6427296922e-02
3.4400000000e+02,2.6100000000e+02,2.9000000000e+01,2.6427583769e-02
3.4400000000e+02,2.6100000000e+02,3.0000000000e+01,2.6427540928e-02
3.4400000000e+02,2.6100000000e+02,3.1000000000e+01,2.6427701116e-02
3.4400000000e+02,2.8900000000e+02,0.0000000000e+00,2.0015826225e+00
3.4400000000e+02,2.8900000000e+02,1.0000000000e+00,3.2812345028e-01
3.4400000000e+02,2.8900000000e+02,2.0000000000e+00,1.0322414339e-01
3.4400000000e+02,2.8900000000e+02,3.0000000000e+00,5.0721574575e-02
3.4400000000e+02,2.8900000000e+02,4.0000000000e+00,3.2568514347e-02
3.4400000000e+02,2.8900000000e+02,5.0000000000e+00,2.7165250853e-02
3.4400000000e+02,2.8900000000e+02,6.0000000000e+00,2.4736750871e-02
3.4400000000e+02,2.8900000000e+02,7.0000000000e+00,2.4121368304e-02
3.4400000000e+02,2.8900000000e+02,8.0000000000e+00,2.3741217330e-02
3.4400000000e+02,2.8900000000e+02,9.0000000000e+00,2.3718368262e-02
3.4400000000e+02,2.8900000000e+02,1.0000000000e+01,2.3657787591e-02
3.4400000000e+02,2.8900000000e+02,1.1000000000e+01,2.3689646274e-02
3.4400000000e+02,2.8900000000e+02,1.2000000000e+01,2.3681228980e-02
3.4400000000e+02,2.8900000000e+02,1.3000000000e+01,2.3703644052e-02
3.4400000000e+02,2.8900000000e+02,1.4000000000e+01,2.3702999577e-02
3.4400000000e+02,2.8900000000e+02,1.5000000000e+01,2.3715022951e-02
3.4400000000e+02,2.8900000000e+02,1.6000000000e+01,2.3715082556e-02
3.4400000000e+02,2.8900000000e+02,1.7000000000e+01,2.3721149191e-02
3.4400000000e+02,2.8900000000e+02,1.8000000000e+01,2.3721076548e-02
3.4400000000e+02,2.8900000000e+02,1.9000000000e+01,2.3724114522e-02
3.4400000000e+02,2.8900000000e+02,2.0000000000e+01,2.3723952472e-02
3.4400000000e+02,2.8900000000e+02,2.1000000000e+01,2.3725496605e-02
3.4400000000e+02,2.8900000000e+02,2.2000000000e+01,2.3725327104e-02
3.4400000000e+02,2.8900000000e+02,2.3000000000e+01,2.3726124316e-02
3.4400000000e+02,2.8900000000e+02,2.4000000000e+01,2.3725986481e-02
3.4400000000e+02,2.8900000000e+02,2.5000000000e+01,2.3726411164e-02
3.4400000000e+02,2.8900000000e+02,2.6000000000e+01,2.3726306856e-02
3.4400000000e+02,2.8900000000e+02,2.7000000000e+01,2.3726537824e-02
3.4400000000e+02,2.8900000000e+02,2.8000000000e+01,2.3726467043e-02
3.4400000000e+02,2.8900000000e+02,2.9000000000e+01,2.3726593703e-02
3.4400000000e+02,2.8900000000e+02,3.0000000000e+01,2.3726543412e-02
3.4400000000e+02,2.8900000000e+02,3.1000000000e+01,2.3726617917e-02
3.4400000000e+02,3.1600000000e+02,0.0000000000e+00,2.0086147785e+00
3.4400000000e+02,3.1600000000e+02,1.0000000000e+00,3.0214008689e-01
3.4400000000e+02,3.1600000000e+02,2.0000000000e+00,8.8783219457e-02
3.4400000000e+02,3.1600000000e+02,3.0000000000e+00,4.2393226177e-02
3.4400000000e+02,3.1600000000e+02,4.0000000000e+00,2.7390623465e-02
3.4400000000e+02,3.1600000000e+02,5.0000000000e+00,2.3263044655e-02
3.4400000000e+02,3.1600000000e+02,6.0000000000e+00,2.1541638300e-02
3.4400000000e+02,3.1600000000e+02,7.0000000000e+00,2.1160721779e-02
3.4400000000e+02,3.1600000000e+02,8.0000000000e+00,2.0941013470e-02
3.4400000000e+02,3.1600000000e+02,9.0000000000e+00,2.0947190002e-02
3.4400000000e+02,3.1600000000e+02,1.0000000000e+01,2.0923567936e-02
3.4400000000e+02,3.1600000000e+02,1.1000000000e+01,2.0950157195e-02
3.4400000000e+02,3.1600000000e+02,1.2000000000e+01,2.0950425416e-02
3.4400000000e+02,3.1600000000e+02,1.3000000000e+01,2.0965572447e-02
3.4400000000e+02,3.1600000000e+02,1.4000000000e+01,2.0967133343e-02
3.4400000000e+02,3.1600000000e+02,1.5000000000e+01,2.0974332467e-02
3.4400000000e+02,3.1600000000e+02,1.6000000000e+01,2.0975107327e-02
3.4400000000e+02,3.1600000000e+02,1.7000000000e+01,2.0978391171e-02
3.4400000000e+02,3.1600000000e+02,1.8000000000e+01,2.0978670567e-02
3.4400000000e+02,3.1600000000e+02,1.9000000000e+01,2.0980166271e-02
3.4400000000e+02,3.1600000000e+02,2.0000000000e+01,2.0980238914e-02
3.4400000000e+02,3.1600000000e+02,2.1000000000e+01,2.0980926231e-02
3.4400000000e+02,3.1600000000e+02,2.2000000000e+01,2.0980929956e-02
3.4400000000e+02,3.1600000000e+02,2.3000000000e+01,2.0981252193e-02
3.4400000000e+02,3.1600000000e+02,2.4000000000e+01,2.0981235430e-02
3.4400000000e+02,3.1600000000e+02,2.5000000000e+01,2.0981390029e-02
3.4400000000e+02,3.1600000000e+02,2.6000000000e+01,2.0981373265e-02
3.4400000000e+02,3.1600000000e+02,2.7000000000e+01,2.0981449634e-02
3.4400000000e+02,3.1600000000e+02,2.8000000000e+01,2.0981436595e-02
3.4400000000e+02,3.1600000000e+02,2.9000000000e+01,2.0981471986e-02
3.4400000000e+02,3.1600000000e+02,3.0000000000e+01,2.0981464535e-02
3.4400000000e+02,3.1600000000e+02,3.1000000000e+01,2.0981485024e-02
3.4400000000e+02,3.4400000000e+02,0.0000000000e+00,2.0017678738e+00
3.4400000000e+02,3.4400000000e+02,1.0000000000e+00,2.8240519762e-01
3.4400000000e+02,3.4400000000e+02,2.0000000000e+00,7.9061269760e-02
3.4400000000e+02,3.4400000000e+02,3.0000000000e+00,3.7088148296e-02
3.4400000000e+02,3.4400000000e+02,4.0000000000e+00,2.4892309681e-02
3.4400000000e+02,3.4400000000e+02,5.0000000000e+00,2.1619638428e-02
3.4400000000e+02,3.4400000000e+02,6.0000000000e+00,2.0514501259e-02
3.4400000000e+02,3.4400000000e+02,7.0000000000e+00,2.0270958543e-02
3.4400000000e+02,3.4400000000e+02,8.0000000000e+00,2.0192991942e-02
3.4400000000e+02,3.4400000000e+02,9.0000000000e+00,2.0211035386e-02
3.4400000000e+02,3.4400000000e+02,1.0000000000e+01,2.0222662017e-02
3.4400000000e+02,3.4400000000e+02,1.1000000000e+01,2.0244160667e-02
3.4400000000e+02,3.4400000000e+02,1.2000000000e+01,2.0254116505e-02
3.4400000000e+02,3.4400000000e+02,1.3000000000e+01,2.0264603198e-02
3.4400000000e+02,3.4400000000e+02,1.4000000000e+01,2.0269175991e-02
3.4400000000e+02,3.4400000000e+02,1.5000000000e+01,2.0273648202e-02
3.4400000000e+02,3.4400000000e+02,1.6000000000e+01,2.0275510848e-02
3.4400000000e+02,3.4400000000e+02,1.7000000000e+01,2.0277349278e-02
3.4400000000e+02,3.4400000000e+02,1.8000000000e+01,2.0278085023e-02
3.4400000000e+02,3.4400000000e+02,1.9000000000e+01,2.0278839394e-02
3.4400000000e+02,3.4400000000e+02,2.0000000000e+01,2.0279128104e-02
3.4400000000e+02,3.4400000000e+02,2.1000000000e+01,2.0279437304e-02
3.4400000000e+02,3.4400000000e+02,2.2000000000e+01,2.0279552788e-02
3.4400000000e+02,3.4400000000e+02,2.3000000000e+01,2.0279677585e-02
3.4400000000e+02,3.4400000000e+02,2.4000000000e+01,2.0279727876e-02
3.4400000000e+02,3.4400000000e+02,2.5000000000e+01,2.0279778168e-02
3.4400000000e+02,3.4400000000e+02,2.6000000000e+01,2.0279798657e-02
3.4400000000e+02,3.4400000000e+02,2.7000000000e+01,2.0279817283e-02
3.4400000000e+02,3.4400000000e+02,2.8000000000e+01,2.0279828459e-02
3.4400000000e+02,3.4400000000e+02,2.9000000000e+01,2.0279834047e-02
3.4400000000e+02,3.4400000000e+02,3.0000000000e+01,2.0279841498e-02
3.4400000000e+02,3.4400000000e+02,3.1000000000e+01,2.0279843360e-02
3.4400000000e+02,3.7200000000e+02,0.0000000000e+00,2.0077676773e+00
3.4400000000e+02,3.7200000000e+02,1.0000000000e+00,2.6367968321e-01
3.4400000000e+02,3.7200000000e+02,2.0000000000e+00,7.0619739592e-02
3.4400000000e+02,3.7200000000e+02,3.0000000000e+00,3.3604145050e-02
3.4400000000e+02,3.7200000000e+02,4.0000000000e+00,2.3492632434e-02
3.4400000000e+02,3.7200000000e+02,5.0000000000e+00,2.1037021652e-02
3.4400000000e+02,3.7200000000e+02,6.0000000000e+00,2.0258154720e-02
3.4400000000e+02,3.7200000000e+02,7.0000000000e+00,2.0125847310e-02
3.4400000000e+02,3.7200000000e+02,8.0000000000e+00,2.0090788603e-02
3.4400000000e+02,3.7200000000e+02,9.0000000000e+00,2.0114663988e-02
3.4400000000e+02,3.7200000000e+02,1.0000000000e+01,2.0128369331e-02
3.4400000000e+02,3.7200000000e+02,1.1000000000e+01,2.0144660026e-02
3.4400000000e+02,3.7200000000e+02,1.2000000000e+01,2.0152878016e-02
3.4400000000e+02,3.7200000000e+02,1.3000000000e+01,2.0159564912e-02
3.4400000000e+02,3.7200000000e+02,1.4000000000e+01,2.0163057372e-02
3.4400000000e+02,3.7200000000e+02,1.5000000000e+01,2.0165514201e-02
3.4400000000e+02,3.7200000000e+02,1.6000000000e+01,2.0166920498e-02
3.4400000000e+02,3.7200000000e+02,1.7000000000e+01,2.0167781040e-02
3.4400000000e+02,3.7200000000e+02,1.8000000000e+01,2.0168352872e-02
3.4400000000e+02,3.7200000000e+02,1.9000000000e+01,2.0168635994e-02
3.4400000000e+02,3.7200000000e+02,2.0000000000e+01,2.0168881863e-02
3.4400000000e+02,3.7200000000e+02,2.1000000000e+01,2.0168963820e-02
3.4400000000e+02,3.7200000000e+02,2.2000000000e+01,2.0169079304e-02
3.4400000000e+02,3.7200000000e+02,2.3000000000e+01,2.0169092342e-02
3.4400000000e+02,3.7200000000e+02,2.4000000000e+01,2.0169148222e-02
3.4400000000e+02,3.7200000000e+02,2.5000000000e+01,2.0169146359e-02
3.4400000000e+02,3.7200000000e+02,2.6000000000e+01,2.0169172436e-02
3.4400000000e+02,3.7200000000e+02,2.7000000000e+01,2.0169168711e-02
3.4400000000e+02,3.7200000000e+02,2.8000000000e+01,2.0169179887e-02
3.4400000000e+02,3.7200000000e+02,2.9000000000e+01,2.0169176161e-02
3.4400000000e+02,3.7200000000e+02,3.0000000000e+01,2.0169183612e-02
3.4400000000e+02,3.7200000000e+02,3.1000000000e+01,2.0169179887e-02
3.4400000000e+02,4.0000000000e+02,0.0000000000e+00,1.9943768978e+00
3.4400000000e+02,4.0000000000e+02,1.0000000000e+00,2.4409186840e-01
3.4400000000e+02,4.0000000000e+02,2.0000000000e+00,6.3386723399e-02
3.4400000000e+02,4.0000000000e+02,3.0000000000e+00,2.9740013182e-02
3.4400000000e+02,4.0000000000e+02,4.0000000000e+00,2.1077537909e-02
3.4400000000e+02,4.0000000000e+02,5.0000000000e+00,1.8997970968e-02
3.4400000000e+02,4.0000000000e+02,6.0000000000e+00,1.8362009898e-02
3.4400000000e+02,4.0000000000e+02,7.0000000000e+00,1.8245423213e-02
3.4400000000e+02,4.0000000000e+02,8.0000000000e+00,1.8209440634e-02
3.4400000000e+02,4.0000000000e+02,9.0000000000e+00,1.8221179023e-02
3.4400000000e+02,4.0000000000e+02,1.0000000000e+01,1.8226487562e-02
3.4400000000e+02,4.0000000000e+02,1.1000000000e+01,1.8235560507e-02
3.4400000000e+02,4.0000000000e+02,1.2000000000e+01,1.8239298835e-02
3.4400000000e+02,4.0000000000e+02,1.3000000000e+01,1.8242904916e-02
3.4400000000e+02,4.0000000000e+02,1.4000000000e+01,1.8244424835e-02
3.4400000000e+02,4.0000000000e+02,1.5000000000e+01,1.8245704472e-02
3.4400000000e+02,4.0000000000e+02,1.6000000000e+01,1.8246268854e-02
3.4400000000e+02,4.0000000000e+02,1.7000000000e+01,1.8246710300e-02
3.4400000000e+02,4.0000000000e+02,1.8000000000e+01,1.8246917054e-02
3.4400000000e+02,4.0000000000e+02,1.9000000000e+01,1.8247064203e-02
3.4400000000e+02,4.0000000000e+02,2.0000000000e+01,1.8247140571e-02
3.4400000000e+02,4.0000000000e+02,2.1000000000e+01,1.8247190863e-02
3.4400000000e+02,4.0000000000e+02,2.2000000000e+01,1.8247222528e-02
3.4400000000e+02,4.0000000000e+02,2.3000000000e+01,1.8247237429e-02
3.4400000000e+02,4.0000000000e+02,2.4000000000e+01,1.8247250468e-02
3.4400000000e+02,4.0000000000e+02,2.5000000000e+01,1.8247256055e-02
3.4400000000e+02,4.0000000000e+02,2.6000000000e+01,1.8247261643e-02
3.4400000000e+02,4.0000000000e+02,2.7000000000e+01,1.8247261643e-02
3.4400000000e+02,4.0000000000e+02,2.8000000000e+01,1.8247263506e-02
3.4400000000e+02,4.0000000000e+02,2.9000000000e+01,1.8247265369e-02
3.4400000000e+02,4.0000000000e+02,3.0000000000e+01,1.8247265369e-02
3.4400000000e+02,4.0000000000e+02,3.1000000000e+01,1.8247265369e-02
3.7200000000e+02,1.0000000000e+01,0.0000000000e+00,1.9942363501e+00
3.7200000000e+02,1.0000000000e+01,1.0000000000e+00,1.8255693913e+00
3.7200000000e+02,1.0000000000e+01,2.0000000000e+00,1.7617219687e+00
3.7200000000e+02,1.0000000000e+01,3.0000000000e+00,1.7978491783e+00
3.7200000000e+02,1.0000000000e+01,4.0000000000e+00,1.7902926207e+00
3.7200000000e+02,1.0000000000e+01,5.0000000000e+00,1.8167861700e+00
3.7200000000e+02,1.0000000000e+01,6.0000000000e+00,1.8163981438e+00
3.7200000000e+02,1.0000000000e+01,7.0000000000e+00,1.8445383310e+00
3.7200000000e+02,1.0000000000e+01,8.0000000000e+00,1.8557322025e+00
3.7200000000e+02,1.0000000000e+01,9.0000000000e+00,1.9077221155e+00
3.7200000000e+02,1.0000000000e+01,1.0000000000e+01,1.9620950222e+00
3.7200000000e+02,1.0000000000e+01,1.1000000000e+01,2.1067252159e+00
3.7200000000e+02,1.0000000000e+01,1.2000000000e+01,2.3296613693e+00
3.7200000000e+02,1.0000000000e+01,1.3000000000e+01,2.8268005848e+00
3.7200000000e+02,1.0000000000e+01,1.4000000000e+01,3.7280602455e+00
3.7200000000e+02,1.0000000000e+01,1.5000000000e+01,5.6335420609e+00
3.7200000000e+02,1.0000000000e+01,1.6000000000e+01,9.3586502075e+00
3.7200000000e+02,1.0000000000e+01,1.7000000000e+01,1.7152059555e+01
3.7200000000e+02,1.0000000000e+01,1.8000000000e+01,3.3005203247e+01
3.7200000000e+02,1.0000000000e+01,1.9000000000e+01,6.6298103333e+01
3.7200000000e+02,1.0000000000e+01,2.0000000000e+01,1.3562245178e+02
3.7200000000e+02,1.0000000000e+01,2.1000000000e+01,2.8232162476e+02
3.7200000000e+02,1.0000000000e+01,2.2000000000e+01,5.9238452148e+02
3.7200000000e+02,1.0000000000e+01,2.3000000000e+01,1.2535548096e+03
3.7200000000e+02,1.0000000000e+01,2.4000000000e+01,2.6651931152e+03
3.7200000000e+02,1.0000000000e+01,2.5000000000e+01,5.6949931641e+03
3.7200000000e+02,1.0000000000e+01,2.6000000000e+01,1.2209765625e+04
3.7200000000e+02,1.0000000000e+01,2.7000000000e+01,2.6264982422e+04
3.7200000000e+02,1.0000000000e+01,2.8000000000e+01,5.6640980469e+04
3.7200000000e+02,1.0000000000e+01,2.9000000000e+01,1.2243743750e+05
3.7200000000e+02,1.0000000000e+01,3.0000000000e+01,2.6516515625e+05
3.7200000000e+02,1.0000000000e+01,3.1000000000e+01,5.7526587500e+05
3.7200000000e+02,3.8000000000e+01,0.0000000000e+00,2.0075147152e+00
3.7200000000e+02,3.8000000000e+01,1.0000000000e+00,1.2345646620e+00
3.7200000000e+02,3.8000000000e+01,2.0000000000e+00,1.0034964085e+00
3.7200000000e+02,3.8000000000e+01,3.0000000000e+00,9.3131113052e-01
3.7200000000e+02,3.8000000000e+01,4.0000000000e+00,8.6221498251e-01
3.7200000000e+02,3.8000000000e+01,5.0000000000e+00,8.3807092905e-01
3.7200000000e+02,3.8000000000e+01,6.0000000000e+00,8.0474841595e-01
3.7200000000e+02,3.8000000000e+01,7.0000000000e+00,7.9797089100e-01
3.7200000000e+02,3.8000000000e+01,8.0000000000e+00,7.8252071142e-01
3.7200000000e+02,3.8000000000e+01,9.0000000000e+00,7.9067373276e-01
3.7200000000e+02,3.8000000000e+01,1.0000000000e+01,7.9467725754e-01
3.7200000000e+02,3.8000000000e+01,1.1000000000e+01,8.2981842756e-01
3.7200000000e+02,3.8000000000e+01,1.2000000000e+01,8.7534534931e-01
3.7200000000e+02,3.8000000000e+01,1.3000000000e+01,9.8145550489e-01
3.7200000000e+02,3.8000000000e+01,1.4000000000e+01,1.1466691494e+00
3.7200000000e+02,3.8000000000e+01,1.5000000000e+01,1.4696156979e+00
3.7200000000e+02,3.8000000000e+01,1.6000000000e+01,2.0206022263e+00
3.7200000000e+02,3.8000000000e+01,1.7000000000e+01,3.0591483116e+00
3.7200000000e+02,3.8000000000e+01,1.8000000000e+01,4.9282164574e+00
3.7200000000e+02,3.8000000000e+01,1.9000000000e+01,8.4532203674e+00
3.7200000000e+02,3.8000000000e+01,2.0000000000e+01,1.5012639046e+01
3.7200000000e+02,3.8000000000e+01,2.1000000000e+01,2.7509950638e+01
3.7200000000e+02,3.8000000000e+01,2.2000000000e+01,5.1279308319e+01
3.7200000000e+02,3.8000000000e+01,2.3000000000e+01,9.7069747925e+01
3.7200000000e+02,3.8000000000e+01,2.4000000000e+01,1.8545236206e+02
3.7200000000e+02,3.8000000000e+01,2.5000000000e+01,3.5731692505e+02
3.7200000000e+02,3.8000000000e+01,2.6000000000e+01,6.9238977051e+02
3.7200000000e+02,3.8000000000e+01,2.7000000000e+01,1.3486464844e+03
3.7200000000e+02,3.8000000000e+01,2.8000000000e+01,2.6369538574e+03
3.7200000000e+02,3.8000000000e+01,2.9000000000e+01,5.1734335938e+03
3.7200000000e+02,3.8000000000e+01,3.0000000000e+01,1.0176463867e+04
3.7200000000e+02,3.8000000000e+01,3.1000000000e+01,2.0063521484e+04
3.7200000000e+02,6.6000000000e+01,0.0000000000e+00,2.0061342716e+00
3.7200000000e+02,6.6000000000e+01,1.0000000000e+00,9.3420898914e-01
3.7200000000e+02,6.6000000000e+01,2.0000000000e+00,6.4030516148e-01
3.7200000000e+02,6.6000000000e+01,3.0000000000e+00,5.1978659630e-01
3.7200000000e+02,6.6000000000e+01,4.0000000000e+00,4.3223077059e-01
3.7200000000e+02,6.6000000000e+01,5.0000000000e+00,3.8381204009e-01
3.7200000000e+02,6.6000000000e+01,6.0000000000e+00,3.4070140123e-01
3.7200000000e+02,6.6000000000e+01,7.0000000000e+00,3.1597942114e-01
3.7200000000e+02,6.6000000000e+01,8.0000000000e+00,2.9171520472e-01
3.7200000000e+02,6.6000000000e+01,9.0000000000e+00,2.8012806177e-01
3.7200000000e+02,6.6000000000e+01,1.0000000000e+01,2.6845484972e-01
3.7200000000e+02,6.6000000000e+01,1.1000000000e+01,2.6912888885e-01
3.7200000000e+02,6.6000000000e+01,1.2000000000e+01,2.7198150754e-01
3.7200000000e+02,6.6000000000e+01,1.3000000000e+01,2.9201099277e-01
3.7200000000e+02,6.6000000000e+01,1.4000000000e+01,3.2198596001e-01
3.7200000000e+02,6.6000000000e+01,1.5000000000e+01,3.8424631953e-01
3.7200000000e+02,6.6000000000e+01,1.6000000000e+01,4.7890335321e-01
3.7200000000e+02,6.6000000000e+01,1.7000000000e+01,6.4723974466e-01
3.7200000000e+02,6.6000000000e+01,1.8000000000e+01,9.1171401739e-01
3.7200000000e+02,6.6000000000e+01,1.9000000000e+01,1.3634128571e+00
3.7200000000e+02,6.6000000000e+01,2.0000000000e+01,2.0928907394e+00
3.7200000000e+02,6.6000000000e+01,2.1000000000e+01,3.3269565105e+00
3.7200000000e+02,6.6000000000e+01,2.2000000000e+01,5.3605585098e+00
3.7200000000e+02,6.6000000000e+01,2.3000000000e+01,8.8017807007e+00
3.7200000000e+02,6.6000000000e+01,2.4000000000e+01,1.4554252625e+01
3.7200000000e+02,6.6000000000e+01,2.5000000000e+01,2.4321197510e+01
3.7200000000e+02,6.6000000000e+01,2.6000000000e+01,4.0815788269e+01
3.7200000000e+02,6.6000000000e+01,2.7000000000e+01,6.8936721802e+01
3.7200000000e+02,6.6000000000e+01,2.8000000000e+01,1.1678632355e+02
3.7200000000e+02,6.6000000000e+01,2.9000000000e+01,1.9869450378e+02
3.7200000000e+02,6.6000000000e+01,3.0000000000e+01,3.3886834717e+02
3.7200000000e+02,6.6000000000e+01,3.1000000000e+01,5.7971539307e+02
3.7200000000e+02,9.4000000000e+01,0.0000000000e+00,1.9928885698e+00
3.7200000000e+02,9.4000000000e+01,1.0000000000e+00,7.5148433447e-01
3.7200000000e+02,9.4000000000e+01,2.0000000000e+00,4.4330307841e-01
3.7200000000e+02,9.4000000000e+01,3.0000000000e+00,3.2126891613e-01
3.7200000000e+02,9.4000000000e+01,4.0000000000e+00,2.4213886261e-01
3.7200000000e+02,9.4000000000e+01,5.0000000000e+00,1.9949179888e-01
3.7200000000e+02,9.4000000000e+01,6.0000000000e+00,1.6570590436e-01
3.7200000000e+02,9.4000000000e+01,7.0000000000e+00,1.4627999067e-01
3.7200000000e+02,9.4000000000e+01,8.0000000000e+00,1.2943826616e-01
3.7200000000e+02,9.4000000000e+01,9.0000000000e+00,1.2037131190e-01
3.7200000000e+02,9.4000000000e+01,1.0000000000e+01,1.1248120666e-01
3.7200000000e+02,9.4000000000e+01,1.1000000000e+01,1.1011878401e-01
3.7200000000e+02,9.4000000000e+01,1.2000000000e+01,1.0937558115e-01
3.7200000000e+02,9.4000000000e+01,1.3000000000e+01,1.1428043246e-01
3.7200000000e+02,9.4000000000e+01,1.4000000000e+01,1.2318880111e-01
3.7200000000e+02,9.4000000000e+01,1.5000000000e+01,1.4088967443e-01
3.7200000000e+02,9.4000000000e+01,1.6000000000e+01,1.6901096702e-01
3.7200000000e+02,9.4000000000e+01,1.7000000000e+01,2.1557225287e-01
3.7200000000e+02,9.4000000000e+01,1.8000000000e+01,2.8902781010e-01
3.7200000000e+02,9.4000000000e+01,1.9000000000e+01,4.0685564280e-01
3.7200000000e+02,9.4000000000e+01,2.0000000000e+01,5.9412157536e-01
3.7200000000e+02,9.4000000000e+01,2.1000000000e+01,8.9399313927e-01
3.7200000000e+02,9.4000000000e+01,2.2000000000e+01,1.3741884232e+00
3.7200000000e+02,9.4000000000e+01,2.3000000000e+01,2.1462950706e+00
3.7200000000e+02,9.4000000000e+01,2.4000000000e+01,3.3896765709e+00
3.7200000000e+02,9.4000000000e+01,2.5000000000e+01,5.3972554207e+00
3.7200000000e+02,9.4000000000e+01,2.6000000000e+01,8.6429243088e+00
3.7200000000e+02,9.4000000000e+01,2.7000000000e+01,1.3899897575e+01
3.7200000000e+02,9.4000000000e+01,2.8000000000e+01,2.2421796799e+01
3.7200000000e+02,9.4000000000e+01,2.9000000000e+01,3.6254722595e+01
3.7200000000e+02,9.4000000000e+01,3.0000000000e+01,5.8720268250e+01
3.7200000000e+02,9.4000000000e+01,3.1000000000e+01,9.5240600586e+01
3.7200000000e+02,1.2100000000e+02,0.0000000000e+00,1.9993205070e+00
3.7200000000e+02,1.2100000000e+02,1.0000000000e+00,6.3236039877e-01
3.7200000000e+02,1.2100000000e+02,2.0000000000e+00,3.2880309224e-01
3.7200000000e+02,1.2100000000e+02,3.0000000000e+00,2.1521797776e-01
3.7200000000e+02,1.2100000000e+02,4.0000000000e+00,1.4982250333e-01
3.7200000000e+02,1.2100000000e+02,5.0000000000e+00,1.1631149054e-01
3.7200000000e+02,1.2100000000e+02,6.0000000000e+00,9.2503055930e-02
3.7200000000e+02,1.2100000000e+02,7.0000000000e+00,7.9305887222e-02
3.7200000000e+02,1.2100000000e+02,8.0000000000e+00,6.8755775690e-02
3.7200000000e+02,1.2100000000e+02,9.0000000000e+00,6.2927857041e-02
3.7200000000e+02,1.2100000000e+02,1.0000000000e+01,5.7772286236e-02
3.7200000000e+02,1.2100000000e+02,1.1000000000e+01,5.5138602853e-02
3.7200000000e+02,1.2100000000e+02,1.2000000000e+01,5.2516166121e-02
3.7200000000e+02,1.2100000000e+02,1.3000000000e+01,5.1451951265e-02
3.7200000000e+02,1.2100000000e+02,1.4000000000e+01,5.0165612251e-02
3.7200000000e+02,1.2100000000e+02,1.5000000000e+01,4.9983453006e-02
3.7200000000e+02,1.2100000000e+02,1.6000000000e+01,4.9505922943e-02
3.7200000000e+02,1.2100000000e+02,1.7000000000e+01,4.9926787615e-02
3.7200000000e+02,1.2100000000e+02,1.8000000000e+01,5.0048053265e-02
3.7200000000e+02,1.2100000000e+02,1.9000000000e+01,5.1007822156e-02
3.7200000000e+02,1.2100000000e+02,2.0000000000e+01,5.1704052836e-02
3.7200000000e+02,1.2100000000e+02,2.1000000000e+01,5.3289003670e-02
3.7200000000e+02,1.2100000000e+02,2.2000000000e+01,5.4686993361e-02
3.7200000000e+02,1.2100000000e+02,2.3000000000e+01,5.7135086507e-02
3.7200000000e+02,1.2100000000e+02,2.4000000000e+01,5.9534743428e-02
3.7200000000e+02,1.2100000000e+02,2.5000000000e+01,6.3288927078e-02
3.7200000000e+02,1.2100000000e+02,2.6000000000e+01,6.7242570221e-02
3.7200000000e+02,1.2100000000e+02,2.7000000000e+01,7.3068611324e-02
3.7200000000e+02,1.2100000000e+02,2.8000000000e+01,7.9540386796e-02
3.7200000000e+02,1.2100000000e+02,2.9000000000e+01,8.8746719062e-02
3.7200000000e+02,1.2100000000e+02,3.0000000000e+01,9.9405340850e-02
3.7200000000e+02,1.2100000000e+02,3.1000000000e+01,1.1423939466e-01
3.7200000000e+02,1.4900000000e+02,0.0000000000e+00,2.0010938644e+00
3.7200000000e+02,1.4900000000e+02,1.0000000000e+00,5.4839646816e-01
3.7200000000e+02,1.4900000000e+02,2.0000000000e+00,2.4953570962e-01
3.7200000000e+02,1.4900000000e+02,3.0000000000e+00,1.5159727633e-01
3.7200000000e+02,1.4900000000e+02,4.0000000000e+00,9.7942374647e-02
3.7200000000e+02,1.4900000000e+02,5.0000000000e+00,7.4784003198e-02
3.7200000000e+02,1.4900000000e+02,6.0000000000e+00,5.8492667973e-02
3.7200000000e+02,1.4900000000e+02,7.0000000000e+00,5.1319587976e-02
3.7200000000e+02,1.4900000000e+02,8.0000000000e+00,4.5243646950e-02
3.7200000000e+02,1.4900000000e+02,9.0000000000e+00,4.2830120772e-02
3.7200000000e+02,1.4900000000e+02,1.0000000000e+01,4.0279105306e-02
3.7200000000e+02,1.4900000000e+02,1.1000000000e+01,3.9501376450e-02
3.7200000000e+02,1.4900000000e+02,1.2000000000e+01,3.8336388767e-02
3.7200000000e+02,1.4900000000e+02,1.3000000000e+01,3.8158044219e-02
3.7200000000e+02,1.4900000000e+02,1.4000000000e+01,3.7590324879e-02
3.7200000000e+02,1.4900000000e+02,1.5000000000e+01,3.7635184824e-02
3.7200000000e+02,1.4900000000e+02,1.6000000000e+01,3.7347909063e-02
3.7200000000e+02,1.4900000000e+02,1.7000000000e+01,3.7475734949e-02
3.7200000000e+02,1.4900000000e+02,1.8000000000e+01,3.7336446345e-02
3.7200000000e+02,1.4900000000e+02,1.9000000000e+01,3.7499085069e-02
3.7200000000e+02,1.4900000000e+02,2.0000000000e+01,3.7454821169e-02
3.7200000000e+02,1.4900000000e+02,2.1000000000e+01,3.7644058466e-02
3.7200000000e+02,1.4900000000e+02,2.2000000000e+01,3.7681065500e-02
3.7200000000e+02,1.4900000000e+02,2.3000000000e+01,3.7910234183e-02
3.7200000000e+02,1.4900000000e+02,2.4000000000e+01,3.8039650768e-02
3.7200000000e+02,1.4900000000e+02,2.5000000000e+01,3.8339566439e-02
3.7200000000e+02,1.4900000000e+02,2.6000000000e+01,3.8595318794e-02
3.7200000000e+02,1.4900000000e+02,2.7000000000e+01,3.9018142968e-02
3.7200000000e+02,1.4900000000e+02,2.8000000000e+01,3.9462782443e-02
3.7200000000e+02,1.4900000000e+02,2.9000000000e+01,4.0092568845e-02
3.7200000000e+02,1.4900000000e+02,3.0000000000e+01,4.0830895305e-02
3.7200000000e+02,1.4900000000e+02,3.1000000000e+01,4.1802383959e-02
3.7200000000e+02,1.7700000000e+02,0.0000000000e+00,2.0090246201e+00
3.7200000000e+02,1.7700000000e+02,1.0000000000e+00,4.8061957955e-01
3.7200000000e+02,1.7700000000e+02,2.0000000000e+00,2.0133668184e-01
3.7200000000e+02,1.7700000000e+02,3.0000000000e+00,1.1272041500e-01
3.7200000000e+02,1.7700000000e+02,4.0000000000e+00,7.0698417723e-02
3.7200000000e+02,1.7700000000e+02,5.0000000000e+00,5.2682396024e-02
3.7200000000e+02,1.7700000000e+02,6.0000000000e+00,4.1959814727e-02
3.7200000000e+02,1.7700000000e+02,7.0000000000e+00,3.7111628801e-02
3.7200000000e+02,1.7700000000e+02,8.0000000000e+00,3.3778883517e-02
3.7200000000e+02,1.7700000000e+02,9.0000000000e+00,3.2326340675e-02
3.7200000000e+02,1.7700000000e+02,1.0000000000e+01,3.1182849780e-02
3.7200000000e+02,1.7700000000e+02,1.1000000000e+01,3.0734557658e-02
3.7200000000e+02,1.7700000000e+02,1.2000000000e+01,3.0323991552e-02
3.7200000000e+02,1.7700000000e+02,1.3000000000e+01,3.0189314857e-02
3.7200000000e+02,1.7700000000e+02,1.4000000000e+01,3.0043784529e-02
3.7200000000e+02,1.7700000000e+02,1.5000000000e+01,3.0006101355e-02
3.7200000000e+02,1.7700000000e+02,1.6000000000e+01,2.9961761087e-02
3.7200000000e+02,1.7700000000e+02,1.7000000000e+01,2.9951088130e-02
3.7200000000e+02,1.7700000000e+02,1.8000000000e+01,2.9947081581e-02
3.7200000000e+02,1.7700000000e+02,1.9000000000e+01,2.9941353947e-02
3.7200000000e+02,1.7700000000e+02,2.0000000000e+01,2.9954072088e-02
3.7200000000e+02,1.7700000000e+02,2.1000000000e+01,2.9947163537e-02
3.7200000000e+02,1.7700000000e+02,2.2000000000e+01,2.9967127368e-02
3.7200000000e+02,1.7700000000e+02,2.3000000000e+01,2.9958039522e-02
3.7200000000e+02,1.7700000000e+02,2.4000000000e+01,2.9981330037e-02
3.7200000000e+02,1.7700000000e+02,2.5000000000e+01,2.9970539734e-02
3.7200000000e+02,1.7700000000e+02,2.6000000000e+01,2.9995499179e-02
3.7200000000e+02,1.7700000000e+02,2.7000000000e+01,2.9983734712e-02
3.7200000000e+02,1.7700000000e+02,2.8000000000e+01,3.0009645969e-02
3.7200000000e+02,1.7700000000e+02,2.9000000000e+01,2.9997555539e-02
3.7200000000e+02,1.7700000000e+02,3.0000000000e+01,3.0024090782e-02
3.7200000000e+02,1.7700000000e+02,3.1000000000e+01,3.0012166128e-02
3.7200000000e+02,2.0500000000e+02,0.0000000000e+00,2.0069303513e+00
3.7200000000e+02,2.0500000000e+02,1.0000000000e+00,4.3243387341e-01
3.7200000000e+02,2.0500000000e+02,2.0000000000e+00,1.6524490714e-01
3.7200000000e+02,2.0500000000e+02,3.0000000000e+00,8.9682675898e-02
3.7200000000e+02,2.0500000000e+02,4.0000000000e+00,5.6253749877e-02
3.7200000000e+02,2.0500000000e+02,5.0000000000e+00,4.4014126062e-02
3.7200000000e+02,2.0500000000e+02,6.0000000000e+00,3.7058927119e-02
3.7200000000e+02,2.0500000000e+02,7.0000000000e+00,3.4639701247e-02
3.7200000000e+02,2.0500000000e+02,8.0000000000e+00,3.2903719693e-02
3.7200000000e+02,2.0500000000e+02,9.0000000000e+00,3.2486617565e-02
3.7200000000e+02,2.0500000000e+02,1.0000000000e+01,3.2012071460e-02
3.7200000000e+02,2.0500000000e+02,1.1000000000e+01,3.2019261271e-02
3.7200000000e+02,2.0500000000e+02,1.2000000000e+01,3.1879492104e-02
3.7200000000e+02,2.0500000000e+02,1.3000000000e+01,3.1956296414e-02
3.7200000000e+02,2.0500000000e+02,1.4000000000e+01,3.1908597797e-02
3.7200000000e+02,2.0500000000e+02,1.5000000000e+01,3.1978528947e-02
3.7200000000e+02,2.0500000000e+02,1.6000000000e+01,3.1956005841e-02
3.7200000000e+02,2.0500000000e+02,1.7000000000e+01,3.2008156180e-02
3.7200000000e+02,2.0500000000e+02,1.8000000000e+01,3.1992312521e-02
3.7200000000e+02,2.0500000000e+02,1.9000000000e+01,3.2029721886e-02
3.7200000000e+02,2.0500000000e+02,2.0000000000e+01,3.2015711069e-02
3.7200000000e+02,2.0500000000e+02,2.1000000000e+01,3.2042913139e-02
3.7200000000e+02,2.0500000000e+02,2.2000000000e+01,3.2029654831e-02
3.7200000000e+02,2.0500000000e+02,2.3000000000e+01,3.2050181180e-02
3.7200000000e+02,2.0500000000e+02,2.4000000000e+01,3.2037548721e-02
3.7200000000e+02,2.0500000000e+02,2.5000000000e+01,3.2053757459e-02
3.7200000000e+02,2.0500000000e+02,2.6000000000e+01,3.2041784376e-02
3.7200000000e+02,2.0500000000e+02,2.7000000000e+01,3.2055173069e-02
3.7200000000e+02,2.0500000000e+02,2.8000000000e+01,3.2043874264e-02
3.7200000000e+02,2.0500000000e+02,2.9000000000e+01,3.2055377960e-02
3.7200000000e+02,2.0500000000e+02,3.0000000000e+01,3.2044745982e-02
3.7200000000e+02,2.0500000000e+02,3.1000000000e+01,3.2054953277e-02
3.7200000000e+02,2.3300000000e+02,0.0000000000e+00,1.9941488504e+00
3.7200000000e+02,2.3300000000e+02,1.0000000000e+00,3.8173025846e-01
3.7200000000e+02,2.3300000000e+02,2.0000000000e+00,1.3638055325e-01
3.7200000000e+02,2.3300000000e+02,3.0000000000e+00,6.9607377052e-02
3.7200000000e+02,2.3300000000e+02,4.0000000000e+00,4.3849021196e-02
3.7200000000e+02,2.3300000000e+02,5.0000000000e+00,3.4211214632e-02
3.7200000000e+02,2.3300000000e+02,6.0000000000e+00,2.9729558155e-02
3.7200000000e+02,2.3300000000e+02,7.0000000000e+00,2.7941469103e-02
3.7200000000e+02,2.3300000000e+02,8.0000000000e+00,2.7040537447e-02
3.7200000000e+02,2.3300000000e+02,9.0000000000e+00,2.6700366288e-02
3.7200000000e+02,2.3300000000e+02,1.0000000000e+01,2.6523802429e-02
3.7200000000e+02,2.3300000000e+02,1.1000000000e+01,2.6474444196e-02
3.7200000000e+02,2.3300000000e+02,1.2000000000e+01,2.6450533420e-02
3.7200000000e+02,2.3300000000e+02,1.3000000000e+01,2.6455424726e-02
3.7200000000e+02,2.3300000000e+02,1.4000000000e+01,2.6460001245e-02
3.7200000000e+02,2.3300000000e+02,1.5000000000e+01,2.6470556855e-02
3.7200000000e+02,2.3300000000e+02,1.6000000000e+01,2.6477271691e-02
3.7200000000e+02,2.3300000000e+02,1.7000000000e+01,2.6485167444e-02
3.7200000000e+02,2.3300000000e+02,1.8000000000e+01,2.6489637792e-02
3.7200000000e+02,2.3300000000e+02,1.9000000000e+01,2.6494670659e-02
3.7200000000e+02,2.3300000000e+02,2.0000000000e+01,2.6497054845e-02
3.7200000000e+02,2.3300000000e+02,2.1000000000e+01,2.6500172913e-02
3.7200000000e+02,2.3300000000e+02,2.2000000000e+01,2.6501229033e-02
3.7200000000e+02,2.3300000000e+02,2.3000000000e+01,2.6503194124e-02
3.7200000000e+02,2.3300000000e+02,2.4000000000e+01,2.6503510773e-02
3.7200000000e+02,2.3300000000e+02,2.5000000000e+01,2.6504814625e-02
3.7200000000e+02,2.3300000000e+02,2.6000000000e+01,2.6504755020e-02
3.7200000000e+02,2.3300000000e+02,2.7000000000e+01,2.6505656540e-02
3.7200000000e+02,2.3300000000e+02,2.8000000000e+01,2.6505421847e-02
3.7200000000e+02,2.3300000000e+02,2.9000000000e+01,2.6506086811e-02
3.7200000000e+02,2.3300000000e+02,3.0000000000e+01,2.6505790651e-02
3.7200000000e+02,2.3300000000e+02,3.1000000000e+01,2.6506295428e-02
3.7200000000e+02,2.6100000000e+02,0.0000000000e+00,1.9962369204e+00
3.7200000000e+02,2.6100000000e+02,1.0000000000e+00,3.5156399012e-01
3.7200000000e+02,2.6100000000e+02,2.0000000000e+00,1.1757244915e-01
3.7200000000e+02,2.6100000000e+02,3.0000000000e+00,5.6843172759e-02
3.7200000000e+02,2.6100000000e+02,4.0000000000e+00,3.5259112716e-02
3.7200000000e+02,2.6100000000e+02,5.0000000000e+00,2.7605753392e-02
3.7200000000e+02,2.6100000000e+02,6.0000000000e+00,2.4286719039e-02
3.7200000000e+02,2.6100000000e+02,7.0000000000e+00,2.3055125028e-02
3.7200000000e+02,2.6100000000e+02,8.0000000000e+00,2.2447111085e-02
3.7200000000e+02,2.6100000000e+02,9.0000000000e+00,2.2250235081e-02
3.7200000000e+02,2.6100000000e+02,1.0000000000e+01,2.2131703794e-02
3.7200000000e+02,2.6100000000e+02,1.1000000000e+01,2.2113217041e-02
3.7200000000e+02,2.6100000000e+02,1.2000000000e+01,2.2090299055e-02
3.7200000000e+02,2.6100000000e+02,1.3000000000e+01,2.2097975016e-02
3.7200000000e+02,2.6100000000e+02,1.4000000000e+01,2.2093798965e-02
3.7200000000e+02,2.6100000000e+02,1.5000000000e+01,2.2101534531e-02
3.7200000000e+02,2.6100000000e+02,1.6000000000e+01,2.2100754082e-02
3.7200000000e+02,2.6100000000e+02,1.7000000000e+01,2.2105600685e-02
3.7200000000e+02,2.6100000000e+02,1.8000000000e+01,2.2105328739e-02
3.7200000000e+02,2.6100000000e+02,1.9000000000e+01,2.2108023986e-02
3.7200000000e+02,2.6100000000e+02,2.0000000000e+01,2.2107819095e-02
3.7200000000e+02,2.6100000000e+02,2.1000000000e+01,2.2109236568e-02
3.7200000000e+02,2.6100000000e+02,2.2000000000e+01,2.2109080106e-02
3.7200000000e+02,2.6100000000e+02,2.3000000000e+01,2.2109797224e-02
3.7200000000e+02,2.6100000000e+02,2.4000000000e+01,2.2109696642e-02
3.7200000000e+02,2.6100000000e+02,2.5000000000e+01,2.2110039368e-02
3.7200000000e+02,2.6100000000e+02,2.6000000000e+01,2.2109990939e-02
3.7200000000e+02,2.6100000000e+02,2.7000000000e+01,2.2110134363e-02
3.7200000000e+02,2.6100000000e+02,2.8000000000e+01,2.2110126913e-02
3.7200000000e+02,2.6100000000e+02,2.9000000000e+01,2.2110167891e-02
3.7200000000e+02,2.6100000000e+02,3.0000000000e+01,2.2110186517e-02
3.7200000000e+02,2.6100000000e+02,3.1000000000e+01,2.2110177204e-02
3.7200000000e+02,2.8900000000e+02,0.0000000000e+00,2.0093863010e+00
3.7200000000e+02,2.8900000000e+02,1.0000000000e+00,3.2510492206e-01
3.7200000000e+02,2.8900000000e+02,2.0000000000e+00,1.0066910088e-01
3.7200000000e+02,2.8900000000e+02,3.0000000000e+00,4.8332829028e-02
3.7200000000e+02,2.8900000000e+02,4.0000000000e+00,3.0621651560e-02
3.7200000000e+02,2.8900000000e+02,5.0000000000e+00,2.5160875171e-02
3.7200000000e+02,2.8900000000e+02,6.0000000000e+00,2.2884124890e-02
3.7200000000e+02,2.8900000000e+02,7.0000000000e+00,2.2211924195e-02
3.7200000000e+02,2.8900000000e+02,8.0000000000e+00,2.1890759468e-02
3.7200000000e+02,2.8900000000e+02,9.0000000000e+00,2.1834986284e-02
3.7200000000e+02,2.8900000000e+02,1.0000000000e+01,2.1799374372e-02
3.7200000000e+02,2.8900000000e+02,1.1000000000e+01,2.1814027801e-02
3.7200000000e+02,2.8900000000e+02,1.2000000000e+01,2.1816724911e-02
3.7200000000e+02,2.8900000000e+02,1.3000000000e+01,2.1830335259e-02
3.7200000000e+02,2.8900000000e+02,1.4000000000e+01,2.1834842861e-02
3.7200000000e+02,2.8900000000e+02,1.5000000000e+01,2.1842330694e-02
3.7200000000e+02,2.8900000000e+02,1.6000000000e+01,2.1844871342e-02
3.7200000000e+02,2.8900000000e+02,1.7000000000e+01,2.1848563105e-02
3.7200000000e+02,2.8900000000e+02,1.8000000000e+01,2.1849729121e-02
3.7200000000e+02,2.8900000000e+02,1.9000000000e+01,2.1851506084e-02
3.7200000000e+02,2.8900000000e+02,2.0000000000e+01,2.1851984784e-02
3.7200000000e+02,2.8900000000e+02,2.1000000000e+01,2.1852841601e-02
3.7200000000e+02,2.8900000000e+02,2.2000000000e+01,2.1853016689e-02
3.7200000000e+02,2.8900000000e+02,2.3000000000e+01,2.1853446960e-02
3.7200000000e+02,2.8900000000e+02,2.4000000000e+01,2.1853484213e-02
3.7200000000e+02,2.8900000000e+02,2.5000000000e+01,2.1853707731e-02
3.7200000000e+02,2.8900000000e+02,2.6000000000e+01,2.1853696555e-02
3.7200000000e+02,2.8900000000e+02,2.7000000000e+01,2.1853826940e-02
3.7200000000e+02,2.8900000000e+02,2.8000000000e+01,2.1853793412e-02
3.7200000000e+02,2.8900000000e+02,2.9000000000e+01,2.1853879094e-02
3.7200000000e+02,2.8900000000e+02,3.0000000000e+01,2.1853836253e-02
3.7200000000e+02,2.8900000000e+02,3.1000000000e+01,2.1853897721e-02
3.7200000000e+02,3.1600000000e+02,0.0000000000e+00,1.9867802858e+00
3.7200000000e+02,3.1600000000e+02,1.0000000000e+00,2.9799142480e-01
3.7200000000e+02,3.1600000000e+02,2.0000000000e+00,8.8304243982e-02
3.7200000000e+02,3.1600000000e+02,3.0000000000e+00,4.0469381958e-02
3.7200000000e+02,3.1600000000e+02,4.0000000000e+00,2.5885092095e-02
3.7200000000e+02,3.1600000000e+02,5.0000000000e+00,2.1336043254e-02
3.7200000000e+02,3.1600000000e+02,6.0000000000e+00,1.9730597734e-02
3.7200000000e+02,3.1600000000e+02,7.0000000000e+00,1.9217737019e-02
3.7200000000e+02,3.1600000000e+02,8.0000000000e+00,1.9039757550e-02
3.7200000000e+02,3.1600000000e+02,9.0000000000e+00,1.9001210108e-02
3.7200000000e+02,3.1600000000e+02,1.0000000000e+01,1.8993815407e-02
3.7200000000e+02,3.1600000000e+02,1.1000000000e+01,1.9004356116e-02
3.7200000000e+02,3.1600000000e+02,1.2000000000e+01,1.9011093304e-02
3.7200000000e+02,3.1600000000e+02,1.3000000000e+01,1.9020268694e-02
3.7200000000e+02,3.1600000000e+02,1.4000000000e+01,1.9024409354e-02
3.7200000000e+02,3.1600000000e+02,1.5000000000e+01,1.9029341638e-02
3.7200000000e+02,3.1600000000e+02,1.6000000000e+01,1.9031133503e-02
3.7200000000e+02,3.1600000000e+02,1.7000000000e+01,1.9033549353e-02
3.7200000000e+02,3.1600000000e+02,1.8000000000e+01,1.9034221768e-02
3.7200000000e+02,3.1600000000e+02,1.9000000000e+01,1.9035380334e-02
3.7200000000e+02,3.1600000000e+02,2.0000000000e+01,1.9035600126e-02
3.7200000000e+02,3.1600000000e+02,2.1000000000e+01,1.9036155194e-02
3.7200000000e+02,3.1600000000e+02,2.2000000000e+01,1.9036216661e-02
3.7200000000e+02,3.1600000000e+02,2.3000000000e+01,1.9036481157e-02
3.7200000000e+02,3.1600000000e+02,2.4000000000e+01,1.9036490470e-02
3.7200000000e+02,3.1600000000e+02,2.5000000000e+01,1.9036613405e-02
3.7200000000e+02,3.1600000000e+02,2.6000000000e+01,1.9036617130e-02
3.7200000000e+02,3.1600000000e+02,2.7000000000e+01,1.9036669284e-02
3.7200000000e+02,3.1600000000e+02,2.8000000000e+01,1.9036673009e-02
3.7200000000e+02,3.1600000000e+02,2.9000000000e+01,1.9036691636e-02
3.7200000000e+02,3.1600000000e+02,3.0000000000e+01,1.9036697224e-02
3.7200000000e+02,3.1600000000e+02,3.1000000000e+01,1.9036700949e-02
3.7200000000e+02,3.4400000000e+02,0.0000000000e+00,1.9999369383e+00
3.7200000000e+02,3.4400000000e+02,1.0000000000e+00,2.7868443727e-01
3.7200000000e+02,3.4400000000e+02,2.0000000000e+00,7.7465057373e-02
3.7200000000e+02,3.4400000000e+02,3.0000000000e+00,3.6034256220e-02
3.7200000000e+02,3.4400000000e+02,4.0000000000e+00,2.3743309081e-02
3.7200000000e+02,3.4400000000e+02,5.0000000000e+00,2.0506763831e-02
3.7200000000e+02,3.4400000000e+02,6.0000000000e+00,1.9303241745e-02
3.7200000000e+02,3.4400000000e+02,7.0000000000e+00,1.9053898752e-02
3.7200000000e+02,3.4400000000e+02,8.0000000000e+00,1.8932424486e-02
3.7200000000e+02,3.4400000000e+02,9.0000000000e+00,1.8946178257e-02
3.7200000000e+02,3.4400000000e+02,1.0000000000e+01,1.8940810114e-02
3.7200000000e+02,3.4400000000e+02,1.1000000000e+01,1.8960334361e-02
3.7200000000e+02,3.4400000000e+02,1.2000000000e+01,1.8963960931e-02
3.7200000000e+02,3.4400000000e+02,1.3000000000e+01,1.8973501399e-02
3.7200000000e+02,3.4400000000e+02,1.4000000000e+01,1.8975837156e-02
3.7200000000e+02,3.4400000000e+02,1.5000000000e+01,1.8979776651e-02
3.7200000000e+02,3.4400000000e+02,1.6000000000e+01,1.8980931491e-02
3.7200000000e+02,3.4400000000e+02,1.7000000000e+01,1.8982430920e-02
3.7200000000e+02,3.4400000000e+02,1.8000000000e+01,1.8983012065e-02
3.7200000000e+02,3.4400000000e+02,1.9000000000e+01,1.8983526155e-02
3.7200000000e+02,3.4400000000e+02,2.0000000000e+01,1.8983848393e-02
3.7200000000e+02,3.4400000000e+02,2.1000000000e+01,1.8983980641e-02
3.7200000000e+02,3.4400000000e+02,2.2000000000e+01,1.8984178081e-02
3.7200000000e+02,3.4400000000e+02,2.3000000000e+01,1.8984174356e-02
3.7200000000e+02,3.4400000000e+02,2.4000000000e+01,1.8984306604e-02
3.7200000000e+02,3.4400000000e+02,2.5000000000e+01,1.8984261900e-02
3.7200000000e+02,3.4400000000e+02,2.6000000000e+01,1.8984351307e-02
3.7200000000e+02,3.4400000000e+02,2.7000000000e+01,1.8984301016e-02
3.7200000000e+02,3.4400000000e+02,2.8000000000e+01,1.8984366208e-02
3.7200000000e+02,3.4400000000e+02,2.9000000000e+01,1.8984325230e-02
3.7200000000e+02,3.4400000000e+02,3.0000000000e+01,1.8984369934e-02
3.7200000000e+02,3.4400000000e+02,3.1000000000e+01,1.8984336406e-02
3.7200000000e+02,3.7200000000e+02,0.0000000000e+00,1.9967300892e+00
3.7200000000e+02,3.7200000000e+02,1.0000000000e+00,2.6063799858e-01
3.7200000000e+02,3.7200000000e+02,2.0000000000e+00,6.8428024650e-02
3.7200000000e+02,3.7200000000e+02,3.0000000000e+00,3.1909503043e-02
3.7200000000e+02,3.7200000000e+02,4.0000000000e+00,2.1651962772e-02
3.7200000000e+02,3.7200000000e+02,5.0000000000e+00,1.9334213808e-02
3.7200000000e+02,3.7200000000e+02,6.0000000000e+00,1.8514497206e-02
3.7200000000e+02,3.7200000000e+02,7.0000000000e+00,1.8431056291e-02
3.7200000000e+02,3.7200000000e+02,8.0000000000e+00,1.8384387717e-02
3.7200000000e+02,3.7200000000e+02,9.0000000000e+00,1.8426034600e-02
3.7200000000e+02,3.7200000000e+02,1.0000000000e+01,1.8435662612e-02
3.7200000000e+02,3.7200000000e+02,1.1000000000e+01,1.8458606675e-02
3.7200000000e+02,3.7200000000e+02,1.2000000000e+01,1.8465159461e-02
3.7200000000e+02,3.7200000000e+02,1.3000000000e+01,1.8474431708e-02
3.7200000000e+02,3.7200000000e+02,1.4000000000e+01,1.8477184698e-02
3.7200000000e+02,3.7200000000e+02,1.5000000000e+01,1.8480684608e-02
3.7200000000e+02,3.7200000000e+02,1.6000000000e+01,1.8481748179e-02
3.7200000000e+02,3.7200000000e+02,1.7000000000e+01,1.8483042717e-02
3.7200000000e+02,3.7200000000e+02,1.8000000000e+01,1.8483458087e-02
3.7200000000e+02,3.7200000000e+02,1.9000000000e+01,1.8483927473e-02
3.7200000000e+02,3.7200000000e+02,2.0000000000e+01,1.8484095111e-02
3.7200000000e+02,3.7200000000e+02,2.1000000000e+01,1.8484262750e-02
3.7200000000e+02,3.7200000000e+02,2.2000000000e+01,1.8484335393e-02
3.7200000000e+02,3.7200000000e+02,2.3000000000e+01,1.8484391272e-02
3.7200000000e+02,3.7200000000e+02,2.4000000000e+01,1.8484424800e-02
3.7200000000e+02,3.7200000000e+02,2.5000000000e+01,1.8484439701e-02
3.7200000000e+02,3.7200000000e+02,2.6000000000e+01,1.8484458327e-02
3.7200000000e+02,3.7200000000e+02,2.7000000000e+01,1.8484462053e-02
3.7200000000e+02,3.7200000000e+02,2.8000000000e+01,1.8484471366e-02
3.7200000000e+02,3.7200000000e+02,2.9000000000e+01,1.8484471366e-02
3.7200000000e+02,3.7200000000e+02,3.0000000000e+01,1.8484475091e-02
3.7200000000e+02,3.7200000000e+02,3.1000000000e+01,1.8484473228e-02
3.7200000000e+02,4.0000000000e+02,0.0000000000e+00,2.0039167404e+00
3.7200000000e+02,4.0000000000e+02,1.0000000000e+00,2.4534487724e-01
3.7200000000e+02,4.0000000000e+02,2.0000000000e+00,6.2270555645e-02
3.7200000000e+02,4.0000000000e+02,3.0000000000e+00,2.8506992385e-02
3.7200000000e+02,4.0000000000e+02,4.0000000000e+00,1.9688643515e-02
3.7200000000e+02,4.0000000000e+02,5.0000000000e+00,1.7703052610e-02
3.7200000000e+02,4.0000000000e+02,6.0000000000e+00,1.7072286457e-02
3.7200000000e+02,4.0000000000e+02,7.0000000000e+00,1.6996193677e-02
3.7200000000e+02,4.0000000000e+02,8.0000000000e+00,1.6968147829e-02
3.7200000000e+02,4.0000000000e+02,9.0000000000e+00,1.6993675381e-02
3.7200000000e+02,4.0000000000e+02,1.0000000000e+01,1.7002644017e-02
3.7200000000e+02,4.0000000000e+02,1.1000000000e+01,1.7016191036e-02
3.7200000000e+02,4.0000000000e+02,1.2000000000e+01,1.7021447420e-02
3.7200000000e+02,4.0000000000e+02,1.3000000000e+01,1.7026478425e-02
3.7200000000e+02,4.0000000000e+02,1.4000000000e+01,1.7028635368e-02
3.7200000000e+02,4.0000000000e+02,1.5000000000e+01,1.7030352727e-02
3.7200000000e+02,4.0000000000e+02,1.6000000000e+01,1.7031192780e-02
3.7200000000e+02,4.0000000000e+02,1.7000000000e+01,1.7031757161e-02
3.7200000000e+02,4.0000000000e+02,1.8000000000e+01,1.7032086849e-02
3.7200000000e+02,4.0000000000e+02,1.9000000000e+01,1.7032267526e-02
3.7200000000e+02,4.0000000000e+02,2.0000000000e+01,1.7032399774e-02
3.7200000000e+02,4.0000000000e+02,2.1000000000e+01,1.7032453790e-02
3.7200000000e+02,4.0000000000e+02,2.2000000000e+01,1.7032511532e-02
3.7200000000e+02,4.0000000000e+02,2.3000000000e+01,1.7032524571e-02
3.7200000000e+02,4.0000000000e+02,2.4000000000e+01,1.7032548785e-02
3.7200000000e+02,4.0000000000e+02,2.5000000000e+01,1.7032550648e-02
3.7200000000e+02,4.0000000000e+02,2.6000000000e+01,1.7032561824e-02
3.7200000000e+02,4.0000000000e+02,2.7000000000e+01,1.7032561824e-02
3.7200000000e+02,4.0000000000e+02,2.8000000000e+01,1.7032567412e-02
3.7200000000e+02,4.0000000000e+02,2.9000000000e+01,1.7032565549e-02
3.7200000000e+02,4.0000000000e+02,3.0000000000e+01,1.7032569274e-02
3.7200000000e+02,4.0000000000e+02,3.1000000000e+01,1.7032567412e-02
4.0000000000e+02,1.0000000000e+01,0.0000000000e+00,2.0016937256e+00
4.0000000000e+02,1.0000000000e+01,1.0000000000e+00,1.8118013144e+00
4.0000000000e+02,1.0000000000e+01,2.0000000000e+00,1.7487956285e+00
4.0000000000e+02,1.0000000000e+01,3.0000000000e+00,1.7756991386e+00
4.0000000000e+02,1.0000000000e+01,4.0000000000e+00,1.7677173615e+00
4.0000000000e+02,1.0000000000e+01,5.0000000000e+00,1.7867918015e+00
4.0000000000e+02,1.0000000000e+01,6.0000000000e+00,1.7841517925e+00
4.0000000000e+02,1.0000000000e+01,7.0000000000e+00,1.8005605936e+00
4.0000000000e+02,1.0000000000e+01,8.0000000000e+00,1.8014427423e+00
4.0000000000e+02,1.0000000000e+01,9.0000000000e+00,1.8236162663e+00
4.0000000000e+02,1.0000000000e+01,1.0000000000e+01,1.8358873129e+00
4.0000000000e+02,1.0000000000e+01,1.1000000000e+01,1.8833007812e+00
4.0000000000e+02,1.0000000000e+01,1.2000000000e+01,1.9374886751e+00
4.0000000000e+02,1.0000000000e+01,1.3000000000e+01,2.0735158920e+00
4.0000000000e+02,1.0000000000e+01,1.4000000000e+01,2.2839639187e+00
4.0000000000e+02,1.0000000000e+01,1.5000000000e+01,2.7388362885e+00
4.0000000000e+02,1.0000000000e+01,1.6000000000e+01,3.5433740616e+00
4.0000000000e+02,1.0000000000e+01,1.7000000000e+01,5.1931653023e+00
4.0000000000e+02,1.0000000000e+01,1.8000000000e+01,8.3025302887e+00
4.0000000000e+02,1.0000000000e+01,1.9000000000e+01,1.4573849678e+01
4.0000000000e+02,1.0000000000e+01,2.0000000000e+01,2.6783653259e+01
4.0000000000e+02,1.0000000000e+01,2.1000000000e+01,5.1334251404e+01
4.0000000000e+02,1.0000000000e+01,2.2000000000e+01,9.9997848511e+01
4.0000000000e+02,1.0000000000e+01,2.3000000000e+01,1.9801426697e+02
4.0000000000e+02,1.0000000000e+01,2.4000000000e+01,3.9439385986e+02
4.0000000000e+02,1.0000000000e+01,2.5000000000e+01,7.9116302490e+02
4.0000000000e+02,1.0000000000e+01,2.6000000000e+01,1.5916162109e+03
4.0000000000e+02,1.0000000000e+01,2.7000000000e+01,3.2140817871e+03
4.0000000000e+02,1.0000000000e+01,2.8000000000e+01,6.5029057617e+03
4.0000000000e+02,1.0000000000e+01,2.9000000000e+01,1.3188483398e+04
4.0000000000e+02,1.0000000000e+01,3.0000000000e+01,2.6787490234e+04
4.0000000000e+02,1.0000000000e+01,3.1000000000e+01,5.4500222656e+04
4.0000000000e+02,3.8000000000e+01,0.0000000000e+00,1.9896974564e+00
4.0000000000e+02,3.8000000000e+01,1.0000000000e+00,1.2170209885e+00
4.0000000000e+02,3.8000000000e+01,2.0000000000e+00,9.8469018936e-01
4.0000000000e+02,3.8000000000e+01,3.0000000000e+00,9.1134119034e-01
4.0000000000e+02,3.8000000000e+01,4.0000000000e+00,8.4180265665e-01
4.0000000000e+02,3.8000000000e+01,5.0000000000e+00,8.1779867411e-01
4.0000000000e+02,3.8000000000e+01,6.0000000000e+00,7.8475409746e-01
4.0000000000e+02,3.8000000000e+01,7.0000000000e+00,7.7985054255e-01
4.0000000000e+02,3.8000000000e+01,8.0000000000e+00,7.6721650362e-01
4.0000000000e+02,3.8000000000e+01,9.0000000000e+00,7.8265416622e-01
4.0000000000e+02,3.8000000000e+01,1.0000000000e+01,8.0031210184e-01
4.0000000000e+02,3.8000000000e+01,1.1000000000e+01,8.6578261852e-01
4.0000000000e+02,3.8000000000e+01,1.2000000000e+01,9.7389650345e-01
4.0000000000e+02,3.8000000000e+01,1.3000000000e+01,1.2149828672e+00
4.0000000000e+02,3.8000000000e+01,1.4000000000e+01,1.6669291258e+00
4.0000000000e+02,3.8000000000e+01,1.5000000000e+01,2.6049351692e+00
4.0000000000e+02,3.8000000000e+01,1.6000000000e+01,4.4709696770e+00
4.0000000000e+02,3.8000000000e+01,1.7000000000e+01,8.3257083893e+00
4.0000000000e+02,3.8000000000e+01,1.8000000000e+01,1.6219026566e+01
4.0000000000e+02,3.8000000000e+01,1.9000000000e+01,3.2630432129e+01
4.0000000000e+02,3.8000000000e+01,2.0000000000e+01,6.6738235474e+01
4.0000000000e+02,3.8000000000e+01,2.1000000000e+01,1.3811505127e+02
4.0000000000e+02,3.8000000000e+01,2.2000000000e+01,2.8768264771e+02
4.0000000000e+02,3.8000000000e+01,2.3000000000e+01,6.0220458984e+02
4.0000000000e+02,3.8000000000e+01,2.4000000000e+01,1.2645466309e+03
4.0000000000e+02,3.8000000000e+01,2.5000000000e+01,2.6621936035e+03
4.0000000000e+02,3.8000000000e+01,2.6000000000e+01,5.6149160156e+03
4.0000000000e+02,3.8000000000e+01,2.7000000000e+01,1.1861065430e+04
4.0000000000e+02,3.8000000000e+01,2.8000000000e+01,2.5086171875e+04
4.0000000000e+02,3.8000000000e+01,2.9000000000e+01,5.3113062500e+04
4.0000000000e+02,3.8000000000e+01,3.0000000000e+01,1.1255007031e+05
4.0000000000e+02,3.8000000000e+01,3.1000000000e+01,2.3868129688e+05
4.0000000000e+02,6.6000000000e+01,0.0000000000e+00,2.0075683594e+00
4.0000000000e+02,6.6000000000e+01,1.0000000000e+00,9.2500084639e-01
4.0000000000e+02,6.6000000000e+01,2.0000000000e+00,6.3252389431e-01
4.0000000000e+02,6.6000000000e+01,3.0000000000e+00,5.1165741682e-01
4.0000000000e+02,6.6000000000e+01,4.0000000000e+00,4.2492398620e-01
4.0000000000e+02,6.6000000000e+01,5.0000000000e+00,3.7625464797e-01
4.0000000000e+02,6.6000000000e+01,6.0000000000e+00,3.3356487751e-01
4.0000000000e+02,6.6000000000e+01,7.0000000000e+00,3.0829495192e-01
4.0000000000e+02,6.6000000000e+01,8.0000000000e+00,2.8406697512e-01
4.0000000000e+02,6.6000000000e+01,9.0000000000e+00,2.7116021514e-01
4.0000000000e+02,6.6000000000e+01,1.0000000000e+01,2.5858864188e-01
4.0000000000e+02,6.6000000000e+01,1.1000000000e+01,2.5589641929e-01
4.0000000000e+02,6.6000000000e+01,1.2000000000e+01,2.5500795245e-01
4.0000000000e+02,6.6000000000e+01,1.3000000000e+01,2.6596054435e-01
4.0000000000e+02,6.6000000000e+01,1.4000000000e+01,2.8347846866e-01
4.0000000000e+02,6.6000000000e+01,1.5000000000e+01,3.2032582164e-01
4.0000000000e+02,6.6000000000e+01,1.6000000000e+01,3.7629228830e-01
4.0000000000e+02,6.6000000000e+01,1.7000000000e+01,4.7209998965e-01
4.0000000000e+02,6.6000000000e+01,1.8000000000e+01,6.2029325962e-01
4.0000000000e+02,6.6000000000e+01,1.9000000000e+01,8.6365056038e-01
4.0000000000e+02,6.6000000000e+01,2.0000000000e+01,1.2506413460e+00
4.0000000000e+02,6.6000000000e+01,2.1000000000e+01,1.8868457079e+00
4.0000000000e+02,6.6000000000e+01,2.2000000000e+01,2.9266605377e+00
4.0000000000e+02,6.6000000000e+01,2.3000000000e+01,4.6612749100e+00
4.0000000000e+02,6.6000000000e+01,2.4000000000e+01,7.5667152405e+00
4.0000000000e+02,6.6000000000e+01,2.5000000000e+01,1.2500782013e+01
4.0000000000e+02,6.6000000000e+01,2.6000000000e+01,2.0938934326e+01
4.0000000000e+02,6.6000000000e+01,2.7000000000e+01,3.5512500763e+01
4.0000000000e+02,6.6000000000e+01,2.8000000000e+01,6.0860992432e+01
4.0000000000e+02,6.6000000000e+01,2.9000000000e+01,1.0527072144e+02
4.0000000000e+02,6.6000000000e+01,3.0000000000e+01,1.8354512024e+02
4.0000000000e+02,6.6000000000e+01,3.1000000000e+01,3.2224542236e+02
4.0000000000e+02,9.4000000000e+01,0.0000000000e+00,1.9991608858e+00
4.0000000000e+02,9.4000000000e+01,1.0000000000e+00,7.4629461765e-01
4.0000000000e+02,9.4000000000e+01,2.0000000000e+00,4.3622189760e-01
4.0000000000e+02,9.4000000000e+01,3.0000000000e+00,3.1547895074e-01
4.0000000000e+02,9.4000000000e+01,4.0000000000e+00,2.3584067822e-01
4.0000000000e+02,9.4000000000e+01,5.0000000000e+00,1.9395312667e-01
4.0000000000e+02,9.4000000000e+01,6.0000000000e+00,1.5949262679e-01
4.0000000000e+02,9.4000000000e+01,7.0000000000e+00,1.4028860629e-01
4.0000000000e+02,9.4000000000e+01,8.0000000000e+00,1.2230124325e-01
4.0000000000e+02,9.4000000000e+01,9.0000000000e+00,1.1273551732e-01
4.0000000000e+02,9.4000000000e+01,1.0000000000e+01,1.0261514783e-01
4.0000000000e+02,9.4000000000e+01,1.1000000000e+01,9.8221004009e-02
4.0000000000e+02,9.4000000000e+01,1.2000000000e+01,9.2685356736e-02
4.0000000000e+02,9.4000000000e+01,1.3000000000e+01,9.1793052852e-02
4.0000000000e+02,9.4000000000e+01,1.4000000000e+01,8.9629776776e-02
4.0000000000e+02,9.4000000000e+01,1.5000000000e+01,9.1906614602e-02
4.0000000000e+02,9.4000000000e+01,1.6000000000e+01,9.3091309071e-02
4.0000000000e+02,9.4000000000e+01,1.7000000000e+01,9.9225997925e-02
4.0000000000e+02,9.4000000000e+01,1.8000000000e+01,1.0484055430e-01
4.0000000000e+02,9.4000000000e+01,1.9000000000e+01,1.1676250398e-01
4.0000000000e+02,9.4000000000e+01,2.0000000000e+01,1.2942101061e-01
4.0000000000e+02,9.4000000000e+01,2.1000000000e+01,1.5102662146e-01
4.0000000000e+02,9.4000000000e+01,2.2000000000e+01,1.7591243982e-01
4.0000000000e+02,9.4000000000e+01,2.3000000000e+01,2.1455405653e-01
4.0000000000e+02,9.4000000000e+01,2.4000000000e+01,2.6146221161e-01
4.0000000000e+02,9.4000000000e+01,2.5000000000e+01,3.3077985048e-01
4.0000000000e+02,9.4000000000e+01,2.6000000000e+01,4.1797274351e-01
4.0000000000e+02,9.4000000000e+01,2.7000000000e+01,5.4318952560e-01
4.0000000000e+02,9.4000000000e+01,2.8000000000e+01,7.0460259914e-01
4.0000000000e+02,9.4000000000e+01,2.9000000000e+01,9.3239456415e-01
4.0000000000e+02,9.4000000000e+01,3.0000000000e+01,1.2310760021e+00
4.0000000000e+02,9.4000000000e+01,3.1000000000e+01,1.6479585171e+00
4.0000000000e+02,1.2100000000e+02,0.0000000000e+00,1.9978442192e+00
4.0000000000e+02,1.2100000000e+02,1.0000000000e+00,6.2907165289e-01
4.0000000000e+02,1.2100000000e+02,2.0000000000e+00,3.2344895601e-01
4.0000000000e+02,1.2100000000e+02,3.0000000000e+00,2.1134936810e-01
4.0000000000e+02,1.2100000000e+02,4.0000000000e+00,1.4559479058e-01
4.0000000000e+02,1.2100000000e+02,5.0000000000e+00,1.1278222501e-01
4.0000000000e+02,1.2100000000e+02,6.0000000000e+00,8.8837333024e-02
4.0000000000e+02,1.2100000000e+02,7.0000000000e+00,7.6052039862e-02
4.0000000000e+02,1.2100000000e+02,8.0000000000e+00,6.5425306559e-02
4.0000000000e+02,1.2100000000e+02,9.0000000000e+00,5.9873554856e-02
4.0000000000e+02,1.2100000000e+02,1.0000000000e+01,5.4664716125e-02
4.0000000000e+02,1.2100000000e+02,1.1000000000e+01,5.2231673151e-02
4.0000000000e+02,1.2100000000e+02,1.2000000000e+01,4.9573000520e-02
4.0000000000e+02,1.2100000000e+02,1.3000000000e+01,4.8659976572e-02
4.0000000000e+02,1.2100000000e+02,1.4000000000e+01,4.7359012067e-02
4.0000000000e+02,1.2100000000e+02,1.5000000000e+01,4.7289468348e-02
4.0000000000e+02,1.2100000000e+02,1.6000000000e+01,4.6829804778e-02
4.0000000000e+02,1.2100000000e+02,1.7000000000e+01,4.7328807414e-02
4.0000000000e+02,1.2100000000e+02,1.8000000000e+01,4.7518219799e-02
4.0000000000e+02,1.2100000000e+02,1.9000000000e+01,4.8524554819e-02
4.0000000000e+02,1.2100000000e+02,2.0000000000e+01,4.9367889762e-02
4.0000000000e+02,1.2100000000e+02,2.1000000000e+01,5.0975814462e-02
4.0000000000e+02,1.2100000000e+02,2.2000000000e+01,5.2647583187e-02
4.0000000000e+02,1.2100000000e+02,2.3000000000e+01,5.5117674172e-02
4.0000000000e+02,1.2100000000e+02,2.4000000000e+01,5.7999528944e-02
4.0000000000e+02,1.2100000000e+02,2.5000000000e+01,6.1829309911e-02
4.0000000000e+02,1.2100000000e+02,2.6000000000e+01,6.6616237164e-02
4.0000000000e+02,1.2100000000e+02,2.7000000000e+01,7.2689808905e-02
4.0000000000e+02,1.2100000000e+02,2.8000000000e+01,8.0597810447e-02
4.0000000000e+02,1.2100000000e+02,2.9000000000e+01,9.0464495122e-02
4.0000000000e+02,1.2100000000e+02,3.0000000000e+01,1.0360996425e-01
4.0000000000e+02,1.2100000000e+02,3.1000000000e+01,1.1998869479e-01
4.0000000000e+02,1.4900000000e+02,0.0000000000e+00,2.0058357716e+00
4.0000000000e+02,1.4900000000e+02,1.0000000000e+00,5.4755276442e-01
4.0000000000e+02,1.4900000000e+02,2.0000000000e+00,2.5325059891e-01
4.0000000000e+02,1.4900000000e+02,3.0000000000e+00,1.5279409289e-01
4.0000000000e+02,1.4900000000e+02,4.0000000000e+00,9.9478393793e-02
4.0000000000e+02,1.4900000000e+02,5.0000000000e+00,7.4965991080e-02
4.0000000000e+02,1.4900000000e+02,6.0000000000e+00,5.8635637164e-02
4.0000000000e+02,1.4900000000e+02,7.0000000000e+00,5.0718292594e-02
4.0000000000e+02,1.4900000000e+02,8.0000000000e+00,4.4595379382e-02
4.0000000000e+02,1.4900000000e+02,9.0000000000e+00,4.1774358600e-02
4.0000000000e+02,1.4900000000e+02,1.0000000000e+01,3.9204578847e-02
4.0000000000e+02,1.4900000000e+02,1.1000000000e+01,3.8216412067e-02
4.0000000000e+02,1.4900000000e+02,1.2000000000e+01,3.7054538727e-02
4.0000000000e+02,1.4900000000e+02,1.3000000000e+01,3.6790151149e-02
4.0000000000e+02,1.4900000000e+02,1.4000000000e+01,3.6239061505e-02
4.0000000000e+02,1.4900000000e+02,1.5000000000e+01,3.6283805966e-02
4.0000000000e+02,1.4900000000e+02,1.6000000000e+01,3.6021038890e-02
4.0000000000e+02,1.4900000000e+02,1.7000000000e+01,3.6213710904e-02
4.0000000000e+02,1.4900000000e+02,1.8000000000e+01,3.6102920771e-02
4.0000000000e+02,1.4900000000e+02,1.9000000000e+01,3.6383010447e-02
4.0000000000e+02,1.4900000000e+02,2.0000000000e+01,3.6367122084e-02
4.0000000000e+02,1.4900000000e+02,2.1000000000e+01,3.6717146635e-02
4.0000000000e+02,1.4900000000e+02,2.2000000000e+01,3.6775793880e-02
4.0000000000e+02,1.4900000000e+02,2.3000000000e+01,3.7198591977e-02
4.0000000000e+02,1.4900000000e+02,2.4000000000e+01,3.7330430001e-02
4.0000000000e+02,1.4900000000e+02,2.5000000000e+01,3.7840206176e-02
4.0000000000e+02,1.4900000000e+02,2.6000000000e+01,3.8055755198e-02
4.0000000000e+02,1.4900000000e+02,2.7000000000e+01,3.8675162941e-02
4.0000000000e+02,1.4900000000e+02,2.8000000000e+01,3.8994349539e-02
4.0000000000e+02,1.4900000000e+02,2.9000000000e+01,3.9754267782e-02
4.0000000000e+02,1.4900000000e+02,3.0000000000e+01,4.0206469595e-02
4.0000000000e+02,1.4900000000e+02,3.1000000000e+01,4.1147381067e-02
4.0000000000e+02,1.7700000000e+02,0.0000000000e+00,2.0080304146e+00
4.0000000000e+02,1.7700000000e+02,1.0000000000e+00,4.8108765483e-01
4.0000000000e+02,1.7700000000e+02,2.0000000000e+00,2.0103800297e-01
4.0000000000e+02,1.7700000000e+02,3.0000000000e+00,1.1257583648e-01
4.0000000000e+02,1.7700000000e+02,4.0000000000e+00,7.0873066783e-02
4.0000000000e+02,1.7700000000e+02,5.0000000000e+00,5.2973438054e-02
4.0000000000e+02,1.7700000000e+02,6.0000000000e+00,4.2501226068e-02
4.0000000000e+02,1.7700000000e+02,7.0000000000e+00,3.7736911327e-02
4.0000000000e+02,1.7700000000e+02,8.0000000000e+00,3.4544140100e-02
4.0000000000e+02,1.7700000000e+02,9.0000000000e+00,3.3143542707e-02
4.0000000000e+02,1.7700000000e+02,1.0000000000e+01,3.2072510570e-02
4.0000000000e+02,1.7700000000e+02,1.1000000000e+01,3.1656514853e-02
4.0000000000e+02,1.7700000000e+02,1.2000000000e+01,3.1280841678e-02
4.0000000000e+02,1.7700000000e+02,1.3000000000e+01,3.1167995185e-02
4.0000000000e+02,1.7700000000e+02,1.4000000000e+01,3.1036112458e-02
4.0000000000e+02,1.7700000000e+02,1.5000000000e+01,3.1015144661e-02
4.0000000000e+02,1.7700000000e+02,1.6000000000e+01,3.0971819535e-02
4.0000000000e+02,1.7700000000e+02,1.7000000000e+01,3.0975641683e-02
4.0000000000e+02,1.7700000000e+02,1.8000000000e+01,3.0964639038e-02
4.0000000000e+02,1.7700000000e+02,1.9000000000e+01,3.0972739682e-02
4.0000000000e+02,1.7700000000e+02,2.0000000000e+01,3.0973013490e-02
4.0000000000e+02,1.7700000000e+02,2.1000000000e+01,3.0980078503e-02
4.0000000000e+02,1.7700000000e+02,2.2000000000e+01,3.0983615667e-02
4.0000000000e+02,1.7700000000e+02,2.3000000000e+01,3.0989091843e-02
4.0000000000e+02,1.7700000000e+02,2.4000000000e+01,3.0992837623e-02
4.0000000000e+02,1.7700000000e+02,2.5000000000e+01,3.0997434631e-02
4.0000000000e+02,1.7700000000e+02,2.6000000000e+01,3.1000237912e-02
4.0000000000e+02,1.7700000000e+02,2.7000000000e+01,3.1004836783e-02
4.0000000000e+02,1.7700000000e+02,2.8000000000e+01,3.1006285921e-02
4.0000000000e+02,1.7700000000e+02,2.9000000000e+01,3.1011616811e-02
4.0000000000e+02,1.7700000000e+02,3.0000000000e+01,3.1011566520e-02
4.0000000000e+02,1.7700000000e+02,3.1000000000e+01,3.1018186361e-02
4.0000000000e+02,2.0500000000e+02,0.0000000000e+00,2.0085129738e+00
4.0000000000e+02,2.0500000000e+02,1.0000000000e+00,4.2721754313e-01
4.0000000000e+02,2.0500000000e+02,2.0000000000e+00,1.6386415064e-01
4.0000000000e+02,2.0500000000e+02,3.0000000000e+00,8.5679501295e-02
4.0000000000e+02,2.0500000000e+02,4.0000000000e+00,5.2568104118e-02
4.0000000000e+02,2.0500000000e+02,5.0000000000e+00,3.9195310324e-02
4.0000000000e+02,2.0500000000e+02,6.0000000000e+00,3.2205715775e-02
4.0000000000e+02,2.0500000000e+02,7.0000000000e+00,2.9226604849e-02
4.0000000000e+02,2.0500000000e+02,8.0000000000e+00,2.7449924499e-02
4.0000000000e+02,2.0500000000e+02,9.0000000000e+00,2.6737453416e-02
4.0000000000e+02,2.0500000000e+02,1.0000000000e+01,2.6245523244e-02
4.0000000000e+02,2.0500000000e+02,1.1000000000e+01,2.6088623330e-02
4.0000000000e+02,2.0500000000e+02,1.2000000000e+01,2.5946849957e-02
4.0000000000e+02,2.0500000000e+02,1.3000000000e+01,2.5928251445e-02
4.0000000000e+02,2.0500000000e+02,1.4000000000e+01,2.5886034593e-02
4.0000000000e+02,2.0500000000e+02,1.5000000000e+01,2.5898057967e-02
4.0000000000e+02,2.0500000000e+02,1.6000000000e+01,2.5883967057e-02
4.0000000000e+02,2.0500000000e+02,1.7000000000e+01,2.5899400935e-02
4.0000000000e+02,2.0500000000e+02,1.8000000000e+01,2.5892699137e-02
4.0000000000e+02,2.0500000000e+02,1.9000000000e+01,2.5905719027e-02
4.0000000000e+02,2.0500000000e+02,2.0000000000e+01,2.5900572538e-02
4.0000000000e+02,2.0500000000e+02,2.1000000000e+01,2.5910766795e-02
4.0000000000e+02,2.0500000000e+02,2.2000000000e+01,2.5905724615e-02
4.0000000000e+02,2.0500000000e+02,2.3000000000e+01,2.5913763791e-02
4.0000000000e+02,2.0500000000e+02,2.4000000000e+01,2.5908609852e-02
4.0000000000e+02,2.0500000000e+02,2.5000000000e+01,2.5915171951e-02
4.0000000000e+02,2.0500000000e+02,2.6000000000e+01,2.5909975171e-02
4.0000000000e+02,2.0500000000e+02,2.7000000000e+01,2.5915550068e-02
4.0000000000e+02,2.0500000000e+02,2.8000000000e+01,2.5910418481e-02
4.0000000000e+02,2.0500000000e+02,2.9000000000e+01,2.5915322825e-02
4.0000000000e+02,2.0500000000e+02,3.0000000000e+01,2.5910329074e-02
4.0000000000e+02,2.0500000000e+02,3.1000000000e+01,2.5914765894e-02
4.0000000000e+02,2.3300000000e+02,0.0000000000e+00,1.9983917475e+00
4.0000000000e+02,2.3300000000e+02,1.0000000000e+00,3.8192671537e-01
4.0000000000e+02,2.3300000000e+02,2.0000000000e+00,1.3330650330e-01
4.0000000000e+02,2.3300000000e+02,3.0000000000e+00,6.6536799073e-02
4.0000000000e+02,2.3300000000e+02,4.0000000000e+00,3.9735596627e-02
4.0000000000e+02,2.3300000000e+02,5.0000000000e+00,3.0279764906e-02
4.0000000000e+02,2.3300000000e+02,6.0000000000e+00,2.5372322649e-02
4.0000000000e+02,2.3300000000e+02,7.0000000000e+00,2.3704079911e-02
4.0000000000e+02,2.3300000000e+02,8.0000000000e+00,2.2594831884e-02
4.0000000000e+02,2.3300000000e+02,9.0000000000e+00,2.2326240316e-02
4.0000000000e+02,2.3300000000e+02,1.0000000000e+01,2.2038001567e-02
4.0000000000e+02,2.3300000000e+02,1.1000000000e+01,2.2032257169e-02
4.0000000000e+02,2.3300000000e+02,1.2000000000e+01,2.1945314482e-02
4.0000000000e+02,2.3300000000e+02,1.3000000000e+01,2.1977398545e-02
4.0000000000e+02,2.3300000000e+02,1.4000000000e+01,2.1945152432e-02
4.0000000000e+02,2.3300000000e+02,1.5000000000e+01,2.1972917020e-02
4.0000000000e+02,2.3300000000e+02,1.6000000000e+01,2.1957570687e-02
4.0000000000e+02,2.3300000000e+02,1.7000000000e+01,2.1976467222e-02
4.0000000000e+02,2.3300000000e+02,1.8000000000e+01,2.1967448294e-02
4.0000000000e+02,2.3300000000e+02,1.9000000000e+01,2.1979568526e-02
4.0000000000e+02,2.3300000000e+02,2.0000000000e+01,2.1973561496e-02
4.0000000000e+02,2.3300000000e+02,2.1000000000e+01,2.1981272846e-02
4.0000000000e+02,2.3300000000e+02,2.2000000000e+01,2.1977033466e-02
4.0000000000e+02,2.3300000000e+02,2.3000000000e+01,2.1981999278e-02
4.0000000000e+02,2.3300000000e+02,2.4000000000e+01,2.1978935227e-02
4.0000000000e+02,2.3300000000e+02,2.5000000000e+01,2.1982196718e-02
4.0000000000e+02,2.3300000000e+02,2.6000000000e+01,2.1979955956e-02
4.0000000000e+02,2.3300000000e+02,2.7000000000e+01,2.1982148290e-02
4.0000000000e+02,2.3300000000e+02,2.8000000000e+01,2.1980499849e-02
4.0000000000e+02,2.3300000000e+02,2.9000000000e+01,2.1982008591e-02
4.0000000000e+02,2.3300000000e+02,3.0000000000e+01,2.1980790421e-02
4.0000000000e+02,2.3300000000e+02,3.1000000000e+01,2.1981850266e-02
4.0000000000e+02,2.6100000000e+02,0.0000000000e+00,2.0009706020e+00
4.0000000000e+02,2.6100000000e+02,1.0000000000e+00,3.5020795465e-01
4.0000000000e+02,2.6100000000e+02,2.0000000000e+00,1.1534123123e-01
4.0000000000e+02,2.6100000000e+02,3.0000000000e+00,5.5498801172e-02
4.0000000000e+02,2.6100000000e+02,4.0000000000e+00,3.4072071314e-02
4.0000000000e+02,2.6100000000e+02,5.0000000000e+00,2.6661623269e-02
4.0000000000e+02,2.6100000000e+02,6.0000000000e+00,2.3443201557e-02
4.0000000000e+02,2.6100000000e+02,7.0000000000e+00,2.2296305746e-02
4.0000000000e+02,2.6100000000e+02,8.0000000000e+00,2.1745409817e-02
4.0000000000e+02,2.6100000000e+02,9.0000000000e+00,2.1581258625e-02
4.0000000000e+02,2.6100000000e+02,1.0000000000e+01,2.1494163200e-02
4.0000000000e+02,2.6100000000e+02,1.1000000000e+01,2.1488748491e-02
4.0000000000e+02,2.6100000000e+02,1.2000000000e+01,2.1482923999e-02
4.0000000000e+02,2.6100000000e+02,1.3000000000e+01,2.1495861933e-02
4.0000000000e+02,2.6100000000e+02,1.4000000000e+01,2.1500956267e-02
4.0000000000e+02,2.6100000000e+02,1.5000000000e+01,2.1510818973e-02
4.0000000000e+02,2.6100000000e+02,1.6000000000e+01,2.1515069529e-02
4.0000000000e+02,2.6100000000e+02,1.7000000000e+01,2.1520802751e-02
4.0000000000e+02,2.6100000000e+02,1.8000000000e+01,2.1523240954e-02
4.0000000000e+02,2.6100000000e+02,1.9000000000e+01,2.1526347846e-02
4.0000000000e+02,2.6100000000e+02,2.0000000000e+01,2.1527579054e-02
4.0000000000e+02,2.6100000000e+02,2.1000000000e+01,2.1529240534e-02
4.0000000000e+02,2.6100000000e+02,2.2000000000e+01,2.1529814228e-02
4.0000000000e+02,2.6100000000e+02,2.3000000000e+01,2.1530713886e-02
4.0000000000e+02,2.6100000000e+02,2.4000000000e+01,2.1530950442e-02
4.0000000000e+02,2.6100000000e+02,2.5000000000e+01,2.1531455219e-02
4.0000000000e+02,2.6100000000e+02,2.6000000000e+01,2.1531533450e-02
4.0000000000e+02,2.6100000000e+02,2.7000000000e+01,2.1531827748e-02
4.0000000000e+02,2.6100000000e+02,2.8000000000e+01,2.1531827748e-02
4.0000000000e+02,2.6100000000e+02,2.9000000000e+01,2.1532010287e-02
4.0000000000e+02,2.6100000000e+02,3.0000000000e+01,2.1531986073e-02
4.0000000000e+02,2.6100000000e+02,3.1000000000e+01,2.1532103419e-02
4.0000000000e+02,2.8900000000e+02,0.0000000000e+00,2.0031871796e+00
4.0000000000e+02,2.8900000000e+02,1.0000000000e+00,3.2283651829e-01
4.0000000000e+02,2.8900000000e+02,2.0000000000e+00,1.0022401810e-01
4.0000000000e+02,2.8900000000e+02,3.0000000000e+00,4.8013973981e-02
4.0000000000e+02,2.8900000000e+02,4.0000000000e+00,3.0425982550e-02
4.0000000000e+02,2.8900000000e+02,5.0000000000e+00,2.4986406788e-02
4.0000000000e+02,2.8900000000e+02,6.0000000000e+00,2.2704550996e-02
4.0000000000e+02,2.8900000000e+02,7.0000000000e+00,2.2055095062e-02
4.0000000000e+02,2.8900000000e+02,8.0000000000e+00,2.1722150967e-02
4.0000000000e+02,2.8900000000e+02,9.0000000000e+00,2.1682098508e-02
4.0000000000e+02,2.8900000000e+02,1.0000000000e+01,2.1639883518e-02
4.0000000000e+02,2.8900000000e+02,1.1000000000e+01,2.1663300693e-02
4.0000000000e+02,2.8900000000e+02,1.2000000000e+01,2.1663190797e-02
4.0000000000e+02,2.8900000000e+02,1.3000000000e+01,2.1681139246e-02
4.0000000000e+02,2.8900000000e+02,1.4000000000e+01,2.1684724838e-02
4.0000000000e+02,2.8900000000e+02,1.5000000000e+01,2.1694172174e-02
4.0000000000e+02,2.8900000000e+02,1.6000000000e+01,2.1696578711e-02
4.0000000000e+02,2.8900000000e+02,1.7000000000e+01,2.1701067686e-02
4.0000000000e+02,2.8900000000e+02,1.8000000000e+01,2.1702375263e-02
4.0000000000e+02,2.8900000000e+02,1.9000000000e+01,2.1704418585e-02
4.0000000000e+02,2.8900000000e+02,2.0000000000e+01,2.1705094725e-02
4.0000000000e+02,2.8900000000e+02,2.1000000000e+01,2.1705999970e-02
4.0000000000e+02,2.8900000000e+02,2.2000000000e+01,2.1706355736e-02
4.0000000000e+02,2.8900000000e+02,2.3000000000e+01,2.1706745028e-02
4.0000000000e+02,2.8900000000e+02,2.4000000000e+01,2.1706936881e-02
4.0000000000e+02,2.8900000000e+02,2.5000000000e+01,2.1707097068e-02
4.0000000000e+02,2.8900000000e+02,2.6000000000e+01,2.1707203239e-02
4.0000000000e+02,2.8900000000e+02,2.7000000000e+01,2.1707262844e-02
4.0000000000e+02,2.8900000000e+02,2.8000000000e+01,2.1707324311e-02
4.0000000000e+02,2.8900000000e+02,2.9000000000e+01,2.1707344800e-02
4.0000000000e+02,2.8900000000e+02,3.0000000000e+01,2.1707380190e-02
4.0000000000e+02,2.8900000000e+02,3.1000000000e+01,2.1707385778e-02
4.0000000000e+02,3.1600000000e+02,0.0000000000e+00,2.0020904541e+00
4.0000000000e+02,3.1600000000e+02,1.0000000000e+00,2.9832416773e-01
4.0000000000e+02,3.1600000000e+02,2.0000000000e+00,8.5862383246e-02
4.0000000000e+02,3.1600000000e+02,3.0000000000e+00,3.9618276060e-02
4.0000000000e+02,3.1600000000e+02,4.0000000000e+00,2.4560434744e-02
4.0000000000e+02,3.1600000000e+02,5.0000000000e+00,2.0477924496e-02
4.0000000000e+02,3.1600000000e+02,6.0000000000e+00,1.8709762022e-02
4.0000000000e+02,3.1600000000e+02,7.0000000000e+00,1.8339999020e-02
4.0000000000e+02,3.1600000000e+02,8.0000000000e+00,1.8099093810e-02
4.0000000000e+02,3.1600000000e+02,9.0000000000e+00,1.8108472228e-02
4.0000000000e+02,3.1600000000e+02,1.0000000000e+01,1.8076075241e-02
4.0000000000e+02,3.1600000000e+02,1.1000000000e+01,1.8103897572e-02
4.0000000000e+02,3.1600000000e+02,1.2000000000e+01,1.8100539222e-02
4.0000000000e+02,3.1600000000e+02,1.3000000000e+01,1.8116306514e-02
4.0000000000e+02,3.1600000000e+02,1.4000000000e+01,1.8116306514e-02
4.0000000000e+02,3.1600000000e+02,1.5000000000e+01,1.8123868853e-02
4.0000000000e+02,3.1600000000e+02,1.6000000000e+01,1.8123928457e-02
4.0000000000e+02,3.1600000000e+02,1.7000000000e+01,1.8127441406e-02
4.0000000000e+02,3.1600000000e+02,1.8000000000e+01,1.8127366900e-02
4.0000000000e+02,3.1600000000e+02,1.9000000000e+01,1.8129009753e-02
4.0000000000e+02,3.1600000000e+02,2.0000000000e+01,1.8128890544e-02
4.0000000000e+02,3.1600000000e+02,2.1000000000e+01,1.8129682168e-02
4.0000000000e+02,3.1600000000e+02,2.2000000000e+01,1.8129574135e-02
4.0000000000e+02,3.1600000000e+02,2.3000000000e+01,1.8129961565e-02
4.0000000000e+02,3.1600000000e+02,2.4000000000e+01,1.8129879609e-02
4.0000000000e+02,3.1600000000e+02,2.5000000000e+01,1.8130078912e-02
4.0000000000e+02,3.1600000000e+02,2.6000000000e+01,1.8130023032e-02
4.0000000000e+02,3.1600000000e+02,2.7000000000e+01,1.8130127341e-02
4.0000000000e+02,3.1600000000e+02,2.8000000000e+01,1.8130088225e-02
4.0000000000e+02,3.1600000000e+02,2.9000000000e+01,1.8130145967e-02
4.0000000000e+02,3.1600000000e+02,3.0000000000e+01,1.8130119890e-02
4.0000000000e+02,3.1600000000e+02,3.1000000000e+01,1.8130151555e-02
4.0000000000e+02,3.4400000000e+02,0.0000000000e+00,1.9977116585e+00
4.0000000000e+02,3.4400000000e+02,1.0000000000e+00,2.7707624435e-01
4.0000000000e+02,3.4400000000e+02,2.0000000000e+00,7.6046831906e-02
4.0000000000e+02,3.4400000000e+02,3.0000000000e+00,3.4533556551e-02
4.0000000000e+02,3.4400000000e+02,4.0000000000e+00,2.2289372981e-02
4.0000000000e+02,3.4400000000e+02,5.0000000000e+00,1.9138887525e-02
4.0000000000e+02,3.4400000000e+02,6.0000000000e+00,1.7973052338e-02
4.0000000000e+02,3.4400000000e+02,7.0000000000e+00,1.7762361094e-02
4.0000000000e+02,3.4400000000e+02,8.0000000000e+00,1.7657889053e-02
4.0000000000e+02,3.4400000000e+02,9.0000000000e+00,1.7685830593e-02
4.0000000000e+02,3.4400000000e+02,1.0000000000e+01,1.7687110230e-02
4.0000000000e+02,3.4400000000e+02,1.1000000000e+01,1.7711928114e-02
4.0000000000e+02,3.4400000000e+02,1.2000000000e+01,1.7717914656e-02
4.0000000000e+02,3.4400000000e+02,1.3000000000e+01,1.7729625106e-02
4.0000000000e+02,3.4400000000e+02,1.4000000000e+01,1.7732655630e-02
4.0000000000e+02,3.4400000000e+02,1.5000000000e+01,1.7737617716e-02
4.0000000000e+02,3.4400000000e+02,1.6000000000e+01,1.7738863826e-02
4.0000000000e+02,3.4400000000e+02,1.7000000000e+01,1.7740920186e-02
4.0000000000e+02,3.4400000000e+02,1.8000000000e+01,1.7741398886e-02
4.0000000000e+02,3.4400000000e+02,1.9000000000e+01,1.7742251977e-02
4.0000000000e+02,3.4400000000e+02,2.0000000000e+01,1.7742430791e-02
4.0000000000e+02,3.4400000000e+02,2.1000000000e+01,1.7742788419e-02
4.0000000000e+02,3.4400000000e+02,2.2000000000e+01,1.7742853612e-02
4.0000000000e+02,3.4400000000e+02,2.3000000000e+01,1.7743006349e-02
4.0000000000e+02,3.4400000000e+02,2.4000000000e+01,1.7743028700e-02
4.0000000000e+02,3.4400000000e+02,2.5000000000e+01,1.7743093893e-02
4.0000000000e+02,3.4400000000e+02,2.6000000000e+01,1.7743101344e-02
4.0000000000e+02,3.4400000000e+02,2.7000000000e+01,1.7743129283e-02
4.0000000000e+02,3.4400000000e+02,2.8000000000e+01,1.7743134871e-02
4.0000000000e+02,3.4400000000e+02,2.9000000000e+01,1.7743144184e-02
4.0000000000e+02,3.4400000000e+02,3.0000000000e+01,1.7743146047e-02
4.0000000000e+02,3.4400000000e+02,3.1000000000e+01,1.7743151635e-02
4.0000000000e+02,3.7200000000e+02,0.0000000000e+00,2.0029740334e+00
4.0000000000e+02,3.7200000000e+02,1.0000000000e+00,2.5711765885e-01
4.0000000000e+02,3.7200000000e+02,2.0000000000e+00,6.8915799260e-02
4.0000000000e+02,3.7200000000e+02,3.0000000000e+00,3.0254097655e-02
4.0000000000e+02,3.7200000000e+02,4.0000000000e+00,2.0523579791e-02
4.0000000000e+02,3.7200000000e+02,5.0000000000e+00,1.7594603822e-02
4.0000000000e+02,3.7200000000e+02,6.0000000000e+00,1.6882332042e-02
4.0000000000e+02,3.7200000000e+02,7.0000000000e+00,1.6609050333e-02
4.0000000000e+02,3.7200000000e+02,8.0000000000e+00,1.6593359411e-02
4.0000000000e+02,3.7200000000e+02,9.0000000000e+00,1.6572073102e-02
4.0000000000e+02,3.7200000000e+02,1.0000000000e+01,1.6592759639e-02
4.0000000000e+02,3.7200000000e+02,1.1000000000e+01,1.6593720764e-02
4.0000000000e+02,3.7200000000e+02,1.2000000000e+01,1.6604652628e-02
4.0000000000e+02,3.7200000000e+02,1.3000000000e+01,1.6605930403e-02
4.0000000000e+02,3.7200000000e+02,1.4000000000e+01,1.6610492021e-02
4.0000000000e+02,3.7200000000e+02,1.5000000000e+01,1.6611002386e-02
4.0000000000e+02,3.7200000000e+02,1.6000000000e+01,1.6612820327e-02
4.0000000000e+02,3.7200000000e+02,1.7000000000e+01,1.6612976789e-02
4.0000000000e+02,3.7200000000e+02,1.8000000000e+01,1.6613699496e-02
4.0000000000e+02,3.7200000000e+02,1.9000000000e+01,1.6613736749e-02
4.0000000000e+02,3.7200000000e+02,2.0000000000e+01,1.6614029184e-02
4.0000000000e+02,3.7200000000e+02,2.1000000000e+01,1.6614029184e-02
4.0000000000e+02,3.7200000000e+02,2.2000000000e+01,1.6614150256e-02
4.0000000000e+02,3.7200000000e+02,2.3000000000e+01,1.6614144668e-02
4.0000000000e+02,3.7200000000e+02,2.4000000000e+01,1.6614194959e-02
4.0000000000e+02,3.7200000000e+02,2.5000000000e+01,1.6614189371e-02
4.0000000000e+02,3.7200000000e+02,2.6000000000e+01,1.6614211723e-02
4.0000000000e+02,3.7200000000e+02,2.7000000000e+01,1.6614209861e-02
4.0000000000e+02,3.7200000000e+02,2.8000000000e+01,1.6614217311e-02
4.0000000000e+02,3.7200000000e+02,2.9000000000e+01,1.6614217311e-02
4.0000000000e+02,3.7200000000e+02,3.0000000000e+01,1.6614221036e-02
4.0000000000e+02,3.7200000000e+02,3.1000000000e+01,1.6614221036e-02
4.0000000000e+02,4.0000000000e+02,0.0000000000e+00,2.0017225742e+00
4.0000000000e+02,4.0000000000e+02,1.0000000000e+00,2.4302308261e-01
4.0000000000e+02,4.0000000000e+02,2.0000000000e+00,6.0185290873e-02
4.0000000000e+02,4.0000000000e+02,3.0000000000e+00,2.6313222945e-02
4.0000000000e+02,4.0000000000e+02,4.0000000000e+00,1.7530318350e-02
4.0000000000e+02,4.0000000000e+02,5.0000000000e+00,1.5476837754e-02
4.0000000000e+02,4.0000000000e+02,6.0000000000e+00,1.4820855111e-02
4.0000000000e+02,4.0000000000e+02,7.0000000000e+00,1.4717198908e-02
4.0000000000e+02,4.0000000000e+02,8.0000000000e+00,1.4674039558e-02
4.0000000000e+02,4.0000000000e+02,9.0000000000e+00,1.4690652490e-02
4.0000000000e+02,4.0000000000e+02,1.0000000000e+01,1.4693009667e-02
4.0000000000e+02,4.0000000000e+02,1.1000000000e+01,1.4703998342e-02
4.0000000000e+02,4.0000000000e+02,1.2000000000e+01,1.4706498943e-02
4.0000000000e+02,4.0000000000e+02,1.3000000000e+01,1.4710897580e-02
4.0000000000e+02,4.0000000000e+02,1.4000000000e+01,1.4711886644e-02
4.0000000000e+02,4.0000000000e+02,1.5000000000e+01,1.4713509008e-02
4.0000000000e+02,4.0000000000e+02,1.6000000000e+01,1.4713835903e-02
4.0000000000e+02,4.0000000000e+02,1.7000000000e+01,1.4714430086e-02
4.0000000000e+02,4.0000000000e+02,1.8000000000e+01,1.4714528807e-02
4.0000000000e+02,4.0000000000e+02,1.9000000000e+01,1.4714749530e-02
4.0000000000e+02,4.0000000000e+02,2.0000000000e+01,1.4714775607e-02
4.0000000000e+02,4.0000000000e+02,2.1000000000e+01,1.4714860357e-02
4.0000000000e+02,4.0000000000e+02,2.2000000000e+01,1.4714865945e-02
4.0000000000e+02,4.0000000000e+02,2.3000000000e+01,1.4714898542e-02
4.0000000000e+02,4.0000000000e+02,2.4000000000e+01,1.4714898542e-02
4.0000000000e+02,4.0000000000e+02,2.5000000000e+01,1.4714911580e-02
4.0000000000e+02,4.0000000000e+02,2.6000000000e+01,1.4714910649e-02
4.0000000000e+02,4.0000000000e+02,2.7000000000e+01,1.4714916237e-02
4.0000000000e+02,4.0000000000e+02,2.8000000000e+01,1.4714914374e-02
4.0000000000e+02,4.0000000000e+02,2.9000000000e+01,1.4714917168e-02
4.0000000000e+02,4.0000000000e+02,3.0000000000e+01,1.4714917168e-02
4.0000000000e+02,4.0000000000e+02,3.1000000000e+01,1.4714917168e-02
