1.0000000000e+01,1.0000000000e+01,0.0000000000e+00,1.9984153509e+00
1.0000000000e+01,1.0000000000e+01,1.0000000000e+00,2.7105967999e+00
1.0000000000e+01,1.0000000000e+01,2.0000000000e+00,2.9593572617e+00
1.0000000000e+01,1.0000000000e+01,3.0000000000e+00,8.4008417130e+00
1.0000000000e+01,1.0000000000e+01,4.0000000000e+00,3.8233695984e+01
1.0000000000e+01,1.0000000000e+01,5.0000000000e+00,2.9777011108e+02
1.0000000000e+01,1.0000000000e+01,6.0000000000e+00,2.6180561523e+03
1.0000000000e+01,1.0000000000e+01,7.0000000000e+00,2.5824392578e+04
1.0000000000e+01,1.0000000000e+01,8.0000000000e+00,2.7468334375e+05
1.0000000000e+01,1.0000000000e+01,9.0000000000e+00,3.1221230000e+06
1.0000000000e+01,1.0000000000e+01,1.0000000000e+01,3.7476380000e+07
1.0000000000e+01,1.0000000000e+01,1.1000000000e+01,4.7075692800e+08
1.0000000000e+01,1.0000000000e+01,1.2000000000e+01,6.1363947520e+09
1.0000000000e+01,1.0000000000e+01,1.3000000000e+01,8.2407874560e+10
1.0000000000e+01,1.0000000000e+01,1.4000000000e+01,1.1332419584e+12
1.0000000000e+01,1.0000000000e+01,1.5000000000e+01,1.5879256408e+13
1.0000000000e+01,1.0000000000e+01,1.6000000000e+01,2.2583474913e+14
1.0000000000e+01,1.0000000000e+01,1.7000000000e+01,3.2499749093e+15
1.0000000000e+01,1.0000000000e+01,1.8000000000e+01,4.7214747284e+16
1.0000000000e+01,1.0000000000e+01,1.9000000000e+01,6.9119637121e+17
1.0000000000e+01,1.0000000000e+01,2.0000000000e+01,1.0182465035e+19
1.0000000000e+01,1.0000000000e+01,2.1000000000e+01,1.5078989216e+20
1.0000000000e+01,1.0000000000e+01,2.2000000000e+01,2.2428738200e+21
1.0000000000e+01,1.0000000000e+01,2.3000000000e+01,3.3486911346e+22
1.0000000000e+01,1.0000000000e+01,2.4000000000e+01,5.0161085444e+23
1.0000000000e+01,1.0000000000e+01,2.5000000000e+01,7.5354546019e+24
1.0000000000e+01,1.0000000000e+01,2.6000000000e+01,1.1349219096e+26
1.0000000000e+01,1.0000000000e+01,2.7000000000e+01,1.7132707231e+27
1.0000000000e+01,1.0000000000e+01,2.8000000000e+01,2.5917865499e+28
1.0000000000e+01,1.0000000000e+01,2.9000000000e+01,3.9283576050e+29
1.0000000000e+01,1.0000000000e+01,3.0000000000e+01,5.9648412029e+30
1.0000000000e+01,1.0000000000e+01,3.1000000000e+01,9.0721487981e+31
1.0000000000e+01,3.8000000000e+01,0.0000000000e+00,1.9955447912e+00
1.0000000000e+01,3.8000000000e+01,1.0000000000e+00,2.8625254631e+00
1.0000000000e+01,3.8000000000e+01,2.0000000000e+00,2.7536919117e+00
1.0000000000e+01,3.8000000000e+01,3.0000000000e+00,7.1493196487e+00
1.0000000000e+01,3.8000000000e+01,4.0000000000e+00,1.9241001129e+01
1.0000000000e+01,3.8000000000e+01,5.0000000000e+00,9.6591300964e+01
1.0000000000e+01,3.8000000000e+01,6.0000000000e+00,5.2978161621e+02
1.0000000000e+01,3.8000000000e+01,7.0000000000e+00,3.5371030273e+03
1.0000000000e+01,3.8000000000e+01,8.0000000000e+00,2.6464093750e+04
1.0000000000e+01,3.8000000000e+01,9.0000000000e+00,2.2103578125e+05
1.0000000000e+01,3.8000000000e+01,1.0000000000e+01,1.9981622500e+06
1.0000000000e+01,3.8000000000e+01,1.1000000000e+01,1.9123748000e+07
1.0000000000e+01,3.8000000000e+01,1.2000000000e+01,1.9016619200e+08
1.0000000000e+01,3.8000000000e+01,1.3000000000e+01,1.9397788160e+09
1.0000000000e+01,3.8000000000e+01,1.4000000000e+01,2.0123811840e+10
1.0000000000e+01,3.8000000000e+01,1.5000000000e+01,2.1116036710e+11
1.0000000000e+01,3.8000000000e+01,1.6000000000e+01,2.2331245199e+12
1.0000000000e+01,3.8000000000e+01,1.7000000000e+01,2.3746857402e+13
1.0000000000e+01,3.8000000000e+01,1.8000000000e+01,2.5352893314e+14
1.0000000000e+01,3.8000000000e+01,1.9000000000e+01,2.7147457486e+15
1.0000000000e+01,3.8000000000e+01,2.0000000000e+01,2.9134171918e+16
1.0000000000e+01,3.8000000000e+01,2.1000000000e+01,3.1320708845e+17
1.0000000000e+01,3.8000000000e+01,2.2000000000e+01,3.3717920446e+18
1.0000000000e+01,3.8000000000e+01,2.3000000000e+01,3.6339318894e+19
1.0000000000e+01,3.8000000000e+01,2.4000000000e+01,3.9200865195e+20
1.0000000000e+01,3.8000000000e+01,2.5000000000e+01,4.2320764799e+21
1.0000000000e+01,3.8000000000e+01,2.6000000000e+01,4.5719471560e+22
1.0000000000e+01,3.8000000000e+01,2.7000000000e+01,4.9419785739e+23
1.0000000000e+01,3.8000000000e+01,2.8000000000e+01,5.3446818057e+24
1.0000000000e+01,3.8000000000e+01,2.9000000000e+01,5.7828282945e+25
1.0000000000e+01,3.8000000000e+01,3.0000000000e+01,6.2594465979e+26
1.0000000000e+01,3.8000000000e+01,3.1000000000e+01,6.7778638583e+27
1.0000000000e+01,6.6000000000e+01,0.0000000000e+00,2.0036792755e+00
1.0000000000e+01,6.6000000000e+01,1.0000000000e+00,2.4155564308e+00
1.0000000000e+01,6.6000000000e+01,2.0000000000e+00,2.0175366402e+00
1.0000000000e+01,6.6000000000e+01,3.0000000000e+00,2.9412643909e+00
1.0000000000e+01,6.6000000000e+01,4.0000000000e+00,3.1511530876e+00
1.0000000000e+01,6.6000000000e+01,5.0000000000e+00,5.9943361282e+00
1.0000000000e+01,6.6000000000e+01,6.0000000000e+00,1.0552426338e+01
1.0000000000e+01,6.6000000000e+01,7.0000000000e+00,2.8537349701e+01
1.0000000000e+01,6.6000000000e+01,8.0000000000e+00,7.7951286316e+01
1.0000000000e+01,6.6000000000e+01,9.0000000000e+00,2.5191958618e+02
1.0000000000e+01,6.6000000000e+01,1.0000000000e+01,8.4037219238e+02
1.0000000000e+01,6.6000000000e+01,1.1000000000e+01,3.0076457520e+03
1.0000000000e+01,6.6000000000e+01,1.2000000000e+01,1.1165396484e+04
1.0000000000e+01,6.6000000000e+01,1.3000000000e+01,4.3175882812e+04
1.0000000000e+01,6.6000000000e+01,1.4000000000e+01,1.7202492188e+05
1.0000000000e+01,6.6000000000e+01,1.5000000000e+01,7.0388050000e+05
1.0000000000e+01,6.6000000000e+01,1.6000000000e+01,2.9413135000e+06
1.0000000000e+01,6.6000000000e+01,1.7000000000e+01,1.2506767000e+07
1.0000000000e+01,6.6000000000e+01,1.8000000000e+01,5.3927556000e+07
1.0000000000e+01,6.6000000000e+01,1.9000000000e+01,2.3518147200e+08
1.0000000000e+01,6.6000000000e+01,2.0000000000e+01,1.0350990720e+09
1.0000000000e+01,6.6000000000e+01,2.1000000000e+01,4.5900359680e+09
1.0000000000e+01,6.6000000000e+01,2.2000000000e+01,2.0479729664e+10
1.0000000000e+01,6.6000000000e+01,2.3000000000e+01,9.1843854336e+10
1.0000000000e+01,6.6000000000e+01,2.4000000000e+01,4.1365087846e+11
1.0000000000e+01,6.6000000000e+01,2.5000000000e+01,1.8697810084e+12
1.0000000000e+01,6.6000000000e+01,2.6000000000e+01,8.4780137841e+12
1.0000000000e+01,6.6000000000e+01,2.7000000000e+01,3.8544529687e+13
1.0000000000e+01,6.6000000000e+01,2.8000000000e+01,1.7565102585e+14
1.0000000000e+01,6.6000000000e+01,2.9000000000e+01,8.0212044179e+14
1.0000000000e+01,6.6000000000e+01,3.0000000000e+01,3.6697185735e+15
1.0000000000e+01,6.6000000000e+01,3.1000000000e+01,1.6817075444e+16
1.0000000000e+01,9.4000000000e+01,0.0000000000e+00,1.9983086586e+00
1.0000000000e+01,9.4000000000e+01,1.0000000000e+00,2.4343538284e+00
1.0000000000e+01,9.4000000000e+01,2.0000000000e+00,1.9150161743e+00
1.0000000000e+01,9.4000000000e+01,3.0000000000e+00,2.6072716713e+00
1.0000000000e+01,9.4000000000e+01,4.0000000000e+00,2.3688671589e+00
1.0000000000e+01,9.4000000000e+01,5.0000000000e+00,3.3902244568e+00
1.0000000000e+01,9.4000000000e+01,6.0000000000e+00,3.6140909195e+00
1.0000000000e+01,9.4000000000e+01,7.0000000000e+00,6.1731023788e+00
1.0000000000e+01,9.4000000000e+01,8.0000000000e+00,8.9905462265e+00
1.0000000000e+01,9.4000000000e+01,9.0000000000e+00,1.8769460678e+01
1.0000000000e+01,9.4000000000e+01,1.0000000000e+01,3.6715133667e+01
1.0000000000e+01,9.4000000000e+01,1.1000000000e+01,8.5527687073e+01
1.0000000000e+01,9.4000000000e+01,1.2000000000e+01,1.9534907532e+02
1.0000000000e+01,9.4000000000e+01,1.3000000000e+01,4.7915258789e+02
1.0000000000e+01,9.4000000000e+01,1.4000000000e+01,1.1766749268e+03
1.0000000000e+01,9.4000000000e+01,1.5000000000e+01,2.9833781738e+03
1.0000000000e+01,9.4000000000e+01,1.6000000000e+01,7.6249428711e+03
1.0000000000e+01,9.4000000000e+01,1.7000000000e+01,1.9827177734e+04
1.0000000000e+01,9.4000000000e+01,1.8000000000e+01,5.2011050781e+04
1.0000000000e+01,9.4000000000e+01,1.9000000000e+01,1.3795209375e+05
1.0000000000e+01,9.4000000000e+01,2.0000000000e+01,3.6874384375e+05
1.0000000000e+01,9.4000000000e+01,2.1000000000e+01,9.9353843750e+05
1.0000000000e+01,9.4000000000e+01,2.2000000000e+01,2.6944865000e+06
1.0000000000e+01,9.4000000000e+01,2.3000000000e+01,7.3534345000e+06
1.0000000000e+01,9.4000000000e+01,2.4000000000e+01,2.0179728000e+07
1.0000000000e+01,9.4000000000e+01,2.5000000000e+01,5.5671428000e+07
1.0000000000e+01,9.4000000000e+01,2.6000000000e+01,1.5434057600e+08
1.0000000000e+01,9.4000000000e+01,2.7000000000e+01,4.2991081600e+08
1.0000000000e+01,9.4000000000e+01,2.8000000000e+01,1.2029579520e+09
1.0000000000e+01,9.4000000000e+01,2.9000000000e+01,3.3811171840e+09
1.0000000000e+01,9.4000000000e+01,3.0000000000e+01,9.5452160000e+09
1.0000000000e+01,9.4000000000e+01,3.1000000000e+01,2.7066288128e+10
1.0000000000e+01,1.2100000000e+02,0.0000000000e+00,2.0021286011e+00
1.0000000000e+01,1.2100000000e+02,1.0000000000e+00,2.2882804871e+00
1.0000000000e+01,1.2100000000e+02,2.0000000000e+00,1.8749790192e+00
1.0000000000e+01,1.2100000000e+02,3.0000000000e+00,2.3619027138e+00
1.0000000000e+01,1.2100000000e+02,4.0000000000e+00,2.1799607277e+00
1.0000000000e+01,1.2100000000e+02,5.0000000000e+00,2.6559560299e+00
1.0000000000e+01,1.2100000000e+02,6.0000000000e+00,2.5538625717e+00
1.0000000000e+01,1.2100000000e+02,7.0000000000e+00,3.2485232353e+00
1.0000000000e+01,1.2100000000e+02,8.0000000000e+00,3.4366674423e+00
1.0000000000e+01,1.2100000000e+02,9.0000000000e+00,4.9686527252e+00
1.0000000000e+01,1.2100000000e+02,1.0000000000e+01,6.4887008667e+00
1.0000000000e+01,1.2100000000e+02,1.1000000000e+01,1.1274954796e+01
1.0000000000e+01,1.2100000000e+02,1.2000000000e+01,1.8932666779e+01
1.0000000000e+01,1.2100000000e+02,1.3000000000e+01,3.7768165588e+01
1.0000000000e+01,1.2100000000e+02,1.4000000000e+01,7.4655914307e+01
1.0000000000e+01,1.2100000000e+02,1.5000000000e+01,1.5963363647e+02
1.0000000000e+01,1.2100000000e+02,1.6000000000e+01,3.4187768555e+02
1.0000000000e+01,1.2100000000e+02,1.7000000000e+01,7.5868115234e+02
1.0000000000e+01,1.2100000000e+02,1.8000000000e+01,1.6947353516e+03
1.0000000000e+01,1.2100000000e+02,1.9000000000e+01,3.8573698730e+03
1.0000000000e+01,1.2100000000e+02,2.0000000000e+01,8.8493623047e+03
1.0000000000e+01,1.2100000000e+02,2.1000000000e+01,2.0543128906e+04
1.0000000000e+01,1.2100000000e+02,2.2000000000e+01,4.8048183594e+04
1.0000000000e+01,1.2100000000e+02,2.3000000000e+01,1.1333439062e+05
1.0000000000e+01,1.2100000000e+02,2.4000000000e+01,2.6907981250e+05
1.0000000000e+01,1.2100000000e+02,2.5000000000e+01,6.4302537500e+05
1.0000000000e+01,1.2100000000e+02,2.6000000000e+01,1.5451290000e+06
1.0000000000e+01,1.2100000000e+02,2.7000000000e+01,3.7322027500e+06
1.0000000000e+01,1.2100000000e+02,2.8000000000e+01,9.0565880000e+06
1.0000000000e+01,1.2100000000e+02,2.9000000000e+01,2.2071056000e+07
1.0000000000e+01,1.2100000000e+02,3.0000000000e+01,5.3996188000e+07
1.0000000000e+01,1.2100000000e+02,3.1000000000e+01,1.3257537600e+08
1.0000000000e+01,1.4900000000e+02,0.0000000000e+00,1.9992201328e+00
1.0000000000e+01,1.4900000000e+02,1.0000000000e+00,2.2386815548e+00
1.0000000000e+01,1.4900000000e+02,2.0000000000e+00,1.7349504232e+00
1.0000000000e+01,1.4900000000e+02,3.0000000000e+00,2.1987040043e+00
1.0000000000e+01,1.4900000000e+02,4.0000000000e+00,1.9642107487e+00
1.0000000000e+01,1.4900000000e+02,5.0000000000e+00,2.3390073776e+00
1.0000000000e+01,1.4900000000e+02,6.0000000000e+00,2.1482589245e+00
1.0000000000e+01,1.4900000000e+02,7.0000000000e+00,2.5391378403e+00
1.0000000000e+01,1.4900000000e+02,8.0000000000e+00,2.3902366161e+00
1.0000000000e+01,1.4900000000e+02,9.0000000000e+00,2.9235470295e+00
1.0000000000e+01,1.4900000000e+02,1.0000000000e+01,2.9269182682e+00
1.0000000000e+01,1.4900000000e+02,1.1000000000e+01,3.9097454548e+00
1.0000000000e+01,1.4900000000e+02,1.2000000000e+01,4.5242819786e+00
1.0000000000e+01,1.4900000000e+02,1.3000000000e+01,6.9846210480e+00
1.0000000000e+01,1.4900000000e+02,1.4000000000e+01,1.0080710411e+01
1.0000000000e+01,1.4900000000e+02,1.5000000000e+01,1.8038431168e+01
1.0000000000e+01,1.4900000000e+02,1.6000000000e+01,3.1667922974e+01
1.0000000000e+01,1.4900000000e+02,1.7000000000e+01,6.2494152069e+01
1.0000000000e+01,1.4900000000e+02,1.8000000000e+01,1.2342178345e+02
1.0000000000e+01,1.4900000000e+02,1.9000000000e+01,2.5775347900e+02
1.0000000000e+01,1.4900000000e+02,2.0000000000e+01,5.4266094971e+02
1.0000000000e+01,1.4900000000e+02,2.1000000000e+01,1.1750241699e+03
1.0000000000e+01,1.4900000000e+02,2.2000000000e+01,2.5687907715e+03
1.0000000000e+01,1.4900000000e+02,2.3000000000e+01,5.7063676758e+03
1.0000000000e+01,1.4900000000e+02,2.4000000000e+01,1.2786340820e+04
1.0000000000e+01,1.4900000000e+02,2.5000000000e+01,2.8945611328e+04
1.0000000000e+01,1.4900000000e+02,2.6000000000e+01,6.5991132812e+04
1.0000000000e+01,1.4900000000e+02,2.7000000000e+01,1.5152287500e+05
1.0000000000e+01,1.4900000000e+02,2.8000000000e+01,3.4985031250e+05
1.0000000000e+01,1.4900000000e+02,2.9000000000e+01,8.1197556250e+05
1.0000000000e+01,1.4900000000e+02,3.0000000000e+01,1.8926861250e+06
1.0000000000e+01,1.4900000000e+02,3.1000000000e+01,4.4290750000e+06
1.0000000000e+01,1.7700000000e+02,0.0000000000e+00,1.9984600544e+00
1.0000000000e+01,1.7700000000e+02,1.0000000000e+00,2.1531345844e+00
1.0000000000e+01,1.7700000000e+02,2.0000000000e+00,1.7574392557e+00
1.0000000000e+01,1.7700000000e+02,3.0000000000e+00,2.1136922836e+00
1.0000000000e+01,1.7700000000e+02,4.0000000000e+00,1.9658569098e+00
1.0000000000e+01,1.7700000000e+02,5.0000000000e+00,2.1981320381e+00
1.0000000000e+01,1.7700000000e+02,6.0000000000e+00,2.0853958130e+00
1.0000000000e+01,1.7700000000e+02,7.0000000000e+00,2.2722342014e+00
1.0000000000e+01,1.7700000000e+02,8.0000000000e+00,2.1730773449e+00
1.0000000000e+01,1.7700000000e+02,9.0000000000e+00,2.3564028740e+00
1.0000000000e+01,1.7700000000e+02,1.0000000000e+01,2.2761819363e+00
1.0000000000e+01,1.7700000000e+02,1.1000000000e+01,2.4983139038e+00
1.0000000000e+01,1.7700000000e+02,1.2000000000e+01,2.4692614079e+00
1.0000000000e+01,1.7700000000e+02,1.3000000000e+01,2.8095879555e+00
1.0000000000e+01,1.7700000000e+02,1.4000000000e+01,2.9334123135e+00
1.0000000000e+01,1.7700000000e+02,1.5000000000e+01,3.5925612450e+00
1.0000000000e+01,1.7700000000e+02,1.6000000000e+01,4.1766848564e+00
1.0000000000e+01,1.7700000000e+02,1.7000000000e+01,5.7210578918e+00
1.0000000000e+01,1.7700000000e+02,1.8000000000e+01,7.6993274689e+00
1.0000000000e+01,1.7700000000e+02,1.9000000000e+01,1.1809762001e+01
1.0000000000e+01,1.7700000000e+02,2.0000000000e+01,1.8055839539e+01
1.0000000000e+01,1.7700000000e+02,2.1000000000e+01,2.9868782043e+01
1.0000000000e+01,1.7700000000e+02,2.2000000000e+01,4.9346382141e+01
1.0000000000e+01,1.7700000000e+02,2.3000000000e+01,8.4877189636e+01
1.0000000000e+01,1.7700000000e+02,2.4000000000e+01,1.4589315796e+02
1.0000000000e+01,1.7700000000e+02,2.5000000000e+01,2.5582696533e+02
1.0000000000e+01,1.7700000000e+02,2.6000000000e+01,4.4873068237e+02
1.0000000000e+01,1.7700000000e+02,2.7000000000e+01,7.9533306885e+02
1.0000000000e+01,1.7700000000e+02,2.8000000000e+01,1.4111304932e+03
1.0000000000e+01,1.7700000000e+02,2.9000000000e+01,2.5186909180e+03
1.0000000000e+01,1.7700000000e+02,3.0000000000e+01,4.5019311523e+03
1.0000000000e+01,1.7700000000e+02,3.1000000000e+01,8.0772529297e+03
1.0000000000e+01,2.0500000000e+02,0.0000000000e+00,1.9982923269e+00
1.0000000000e+01,2.0500000000e+02,1.0000000000e+00,2.0198493004e+00
1.0000000000e+01,2.0500000000e+02,2.0000000000e+00,1.6855980158e+00
1.0000000000e+01,2.0500000000e+02,3.0000000000e+00,1.9608311653e+00
1.0000000000e+01,2.0500000000e+02,4.0000000000e+00,1.8544533253e+00
1.0000000000e+01,2.0500000000e+02,5.0000000000e+00,2.0107474327e+00
1.0000000000e+01,2.0500000000e+02,6.0000000000e+00,1.9378550053e+00
1.0000000000e+01,2.0500000000e+02,7.0000000000e+00,2.0424385071e+00
1.0000000000e+01,2.0500000000e+02,8.0000000000e+00,1.9820566177e+00
1.0000000000e+01,2.0500000000e+02,9.0000000000e+00,2.0626125336e+00
1.0000000000e+01,2.0500000000e+02,1.0000000000e+01,2.0099458694e+00
1.0000000000e+01,2.0500000000e+02,1.1000000000e+01,2.0801258087e+00
1.0000000000e+01,2.0500000000e+02,1.2000000000e+01,2.0341358185e+00
1.0000000000e+01,2.0500000000e+02,1.3000000000e+01,2.1029140949e+00
1.0000000000e+01,2.0500000000e+02,1.4000000000e+01,2.0652577877e+00
1.0000000000e+01,2.0500000000e+02,1.5000000000e+01,2.1417698860e+00
1.0000000000e+01,2.0500000000e+02,1.6000000000e+01,2.1187062263e+00
1.0000000000e+01,2.0500000000e+02,1.7000000000e+01,2.2173414230e+00
1.0000000000e+01,2.0500000000e+02,1.8000000000e+01,2.2253353596e+00
1.0000000000e+01,2.0500000000e+02,1.9000000000e+01,2.3753528595e+00
1.0000000000e+01,2.0500000000e+02,2.0000000000e+01,2.4551093578e+00
1.0000000000e+01,2.0500000000e+02,2.1000000000e+01,2.7230839729e+00
1.0000000000e+01,2.0500000000e+02,2.2000000000e+01,2.9745659828e+00
1.0000000000e+01,2.0500000000e+02,2.3000000000e+01,3.5198864937e+00
1.0000000000e+01,2.0500000000e+02,2.4000000000e+01,4.1904129982e+00
1.0000000000e+01,2.0500000000e+02,2.5000000000e+01,5.4052219391e+00
1.0000000000e+01,2.0500000000e+02,2.6000000000e+01,7.1129951477e+00
1.0000000000e+01,2.0500000000e+02,2.7000000000e+01,9.9785575867e+00
1.0000000000e+01,2.0500000000e+02,2.8000000000e+01,1.4283711433e+01
1.0000000000e+01,2.0500000000e+02,2.9000000000e+01,2.1283868790e+01
1.0000000000e+01,2.0500000000e+02,3.0000000000e+01,3.2155281067e+01
1.0000000000e+01,2.0500000000e+02,3.1000000000e+01,4.9629005432e+01
1.0000000000e+01,2.3300000000e+02,0.0000000000e+00,2.0060553551e+00
1.0000000000e+01,2.3300000000e+02,1.0000000000e+00,2.0812597275e+00
1.0000000000e+01,2.3300000000e+02,2.0000000000e+00,1.7207151651e+00
1.0000000000e+01,2.3300000000e+02,3.0000000000e+00,2.0011956692e+00
1.0000000000e+01,2.3300000000e+02,4.0000000000e+00,1.9034541845e+00
1.0000000000e+01,2.3300000000e+02,5.0000000000e+00,2.0411827564e+00
1.0000000000e+01,2.3300000000e+02,6.0000000000e+00,1.9838662148e+00
1.0000000000e+01,2.3300000000e+02,7.0000000000e+00,2.0624814034e+00
1.0000000000e+01,2.3300000000e+02,8.0000000000e+00,2.0209400654e+00
1.0000000000e+01,2.3300000000e+02,9.0000000000e+00,2.0714979172e+00
1.0000000000e+01,2.3300000000e+02,1.0000000000e+01,2.0391893387e+00
1.0000000000e+01,2.3300000000e+02,1.1000000000e+01,2.0748934746e+00
1.0000000000e+01,2.3300000000e+02,1.2000000000e+01,2.0488519669e+00
1.0000000000e+01,2.3300000000e+02,1.3000000000e+01,2.0760071278e+00
1.0000000000e+01,2.3300000000e+02,1.4000000000e+01,2.0544576645e+00
1.0000000000e+01,2.3300000000e+02,1.5000000000e+01,2.0763773918e+00
1.0000000000e+01,2.3300000000e+02,1.6000000000e+01,2.0581307411e+00
1.0000000000e+01,2.3300000000e+02,1.7000000000e+01,2.0767133236e+00
1.0000000000e+01,2.3300000000e+02,1.8000000000e+01,2.0609352589e+00
1.0000000000e+01,2.3300000000e+02,1.9000000000e+01,2.0773608685e+00
1.0000000000e+01,2.3300000000e+02,2.0000000000e+01,2.0634577274e+00
1.0000000000e+01,2.3300000000e+02,2.1000000000e+01,2.0785229206e+00
1.0000000000e+01,2.3300000000e+02,2.2000000000e+01,2.0660717487e+00
1.0000000000e+01,2.3300000000e+02,2.3000000000e+01,2.0803632736e+00
1.0000000000e+01,2.3300000000e+02,2.4000000000e+01,2.0690674782e+00
1.0000000000e+01,2.3300000000e+02,2.5000000000e+01,2.0830607414e+00
1.0000000000e+01,2.3300000000e+02,2.6000000000e+01,2.0727248192e+00
1.0000000000e+01,2.3300000000e+02,2.7000000000e+01,2.0868425369e+00
1.0000000000e+01,2.3300000000e+02,2.8000000000e+01,2.0773582458e+00
1.0000000000e+01,2.3300000000e+02,2.9000000000e+01,2.0920150280e+00
1.0000000000e+01,2.3300000000e+02,3.0000000000e+01,2.0833561420e+00
1.0000000000e+01,2.3300000000e+02,3.1000000000e+01,2.0989940166e+00
1.0000000000e+01,2.6100000000e+02,0.0000000000e+00,1.9993460178e+00
1.0000000000e+01,2.6100000000e+02,1.0000000000e+00,2.0178422928e+00
1.0000000000e+01,2.6100000000e+02,2.0000000000e+00,1.7022435665e+00
1.0000000000e+01,2.6100000000e+02,3.0000000000e+00,1.9581615925e+00
1.0000000000e+01,2.6100000000e+02,4.0000000000e+00,1.8851124048e+00
1.0000000000e+01,2.6100000000e+02,5.0000000000e+00,2.0000166893e+00
1.0000000000e+01,2.6100000000e+02,6.0000000000e+00,1.9603075981e+00
1.0000000000e+01,2.6100000000e+02,7.0000000000e+00,2.0195879936e+00
1.0000000000e+01,2.6100000000e+02,8.0000000000e+00,1.9926173687e+00
1.0000000000e+01,2.6100000000e+02,9.0000000000e+00,2.0269911289e+00
1.0000000000e+01,2.6100000000e+02,1.0000000000e+01,2.0074133873e+00
1.0000000000e+01,2.6100000000e+02,1.1000000000e+01,2.0293459892e+00
1.0000000000e+01,2.6100000000e+02,1.2000000000e+01,2.0146462917e+00
1.0000000000e+01,2.6100000000e+02,1.3000000000e+01,2.0297892094e+00
1.0000000000e+01,2.6100000000e+02,1.4000000000e+01,2.0184459686e+00
1.0000000000e+01,2.6100000000e+02,1.5000000000e+01,2.0296142101e+00
1.0000000000e+01,2.6100000000e+02,1.6000000000e+01,2.0206260681e+00
1.0000000000e+01,2.6100000000e+02,1.7000000000e+01,2.0293440819e+00
1.0000000000e+01,2.6100000000e+02,1.8000000000e+01,2.0220329762e+00
1.0000000000e+01,2.6100000000e+02,1.9000000000e+01,2.0291948318e+00
1.0000000000e+01,2.6100000000e+02,2.0000000000e+01,2.0230953693e+00
1.0000000000e+01,2.6100000000e+02,2.1000000000e+01,2.0292694569e+00
1.0000000000e+01,2.6100000000e+02,2.2000000000e+01,2.0240600109e+00
1.0000000000e+01,2.6100000000e+02,2.3000000000e+01,2.0296416283e+00
1.0000000000e+01,2.6100000000e+02,2.4000000000e+01,2.0251052380e+00
1.0000000000e+01,2.6100000000e+02,2.5000000000e+01,2.0304002762e+00
1.0000000000e+01,2.6100000000e+02,2.6000000000e+01,2.0263988972e+00
1.0000000000e+01,2.6100000000e+02,2.7000000000e+01,2.0316770077e+00
1.0000000000e+01,2.6100000000e+02,2.8000000000e+01,2.0281405449e+00
1.0000000000e+01,2.6100000000e+02,2.9000000000e+01,2.0336725712e+00
1.0000000000e+01,2.6100000000e+02,3.0000000000e+01,2.0306015015e+00
1.0000000000e+01,2.6100000000e+02,3.1000000000e+01,2.0366978645e+00
1.0000000000e+01,2.8900000000e+02,0.0000000000e+00,2.0096216202e+00
1.0000000000e+01,2.8900000000e+02,1.0000000000e+00,2.1109325886e+00
1.0000000000e+01,2.8900000000e+02,2.0000000000e+00,1.8254328966e+00
1.0000000000e+01,2.8900000000e+02,3.0000000000e+00,2.0890388489e+00
1.0000000000e+01,2.8900000000e+02,4.0000000000e+00,2.0282783508e+00
1.0000000000e+01,2.8900000000e+02,5.0000000000e+00,2.1351854801e+00
1.0000000000e+01,2.8900000000e+02,6.0000000000e+00,2.1031503677e+00
1.0000000000e+01,2.8900000000e+02,7.0000000000e+00,2.1533625126e+00
1.0000000000e+01,2.8900000000e+02,8.0000000000e+00,2.1327075958e+00
1.0000000000e+01,2.8900000000e+02,9.0000000000e+00,2.1593198776e+00
1.0000000000e+01,2.8900000000e+02,1.0000000000e+01,2.1452910900e+00
1.0000000000e+01,2.8900000000e+02,1.1000000000e+01,2.1608436108e+00
1.0000000000e+01,2.8900000000e+02,1.2000000000e+01,2.1510479450e+00
1.0000000000e+01,2.8900000000e+02,1.3000000000e+01,2.1608877182e+00
1.0000000000e+01,2.8900000000e+02,1.4000000000e+01,2.1538753510e+00
1.0000000000e+01,2.8900000000e+02,1.5000000000e+01,2.1605172157e+00
1.0000000000e+01,2.8900000000e+02,1.6000000000e+01,2.1553659439e+00
1.0000000000e+01,2.8900000000e+02,1.7000000000e+01,2.1600954533e+00
1.0000000000e+01,2.8900000000e+02,1.8000000000e+01,2.1562092304e+00
1.0000000000e+01,2.8900000000e+02,1.9000000000e+01,2.1597325802e+00
1.0000000000e+01,2.8900000000e+02,2.0000000000e+01,2.1567208767e+00
1.0000000000e+01,2.8900000000e+02,2.1000000000e+01,2.1594502926e+00
1.0000000000e+01,2.8900000000e+02,2.2000000000e+01,2.1570525169e+00
1.0000000000e+01,2.8900000000e+02,2.3000000000e+01,2.1592414379e+00
1.0000000000e+01,2.8900000000e+02,2.4000000000e+01,2.1572816372e+00
1.0000000000e+01,2.8900000000e+02,2.5000000000e+01,2.1590931416e+00
1.0000000000e+01,2.8900000000e+02,2.6000000000e+01,2.1574509144e+00
1.0000000000e+01,2.8900000000e+02,2.7000000000e+01,2.1589932442e+00
1.0000000000e+01,2.8900000000e+02,2.8000000000e+01,2.1575839520e+00
1.0000000000e+01,2.8900000000e+02,2.9000000000e+01,2.1589317322e+00
1.0000000000e+01,2.8900000000e+02,3.0000000000e+01,2.1576962471e+00
1.0000000000e+01,2.8900000000e+02,3.1000000000e+01,2.1589019299e+00
1.0000000000e+01,3.1600000000e+02,0.0000000000e+00,2.0090527534e+00
1.0000000000e+01,3.1600000000e+02,1.0000000000e+00,1.9461853504e+00
1.0000000000e+01,3.1600000000e+02,2.0000000000e+00,1.6469199657e+00
1.0000000000e+01,3.1600000000e+02,3.0000000000e+00,1.8686363697e+00
1.0000000000e+01,3.1600000000e+02,4.0000000000e+00,1.8046826124e+00
1.0000000000e+01,3.1600000000e+02,5.0000000000e+00,1.8929873705e+00
1.0000000000e+01,3.1600000000e+02,6.0000000000e+00,1.8616350889e+00
1.0000000000e+01,3.1600000000e+02,7.0000000000e+00,1.9020918608e+00
1.0000000000e+01,3.1600000000e+02,8.0000000000e+00,1.8833785057e+00
1.0000000000e+01,3.1600000000e+02,9.0000000000e+00,1.9042582512e+00
1.0000000000e+01,3.1600000000e+02,1.0000000000e+01,1.8923954964e+00
1.0000000000e+01,3.1600000000e+02,1.1000000000e+01,1.9042314291e+00
1.0000000000e+01,3.1600000000e+02,1.2000000000e+01,1.8964573145e+00
1.0000000000e+01,3.1600000000e+02,1.3000000000e+01,1.9036762714e+00
1.0000000000e+01,3.1600000000e+02,1.4000000000e+01,1.8984410763e+00
1.0000000000e+01,3.1600000000e+02,1.5000000000e+01,1.9031038284e+00
1.0000000000e+01,3.1600000000e+02,1.6000000000e+01,1.8994882107e+00
1.0000000000e+01,3.1600000000e+02,1.7000000000e+01,1.9026399851e+00
1.0000000000e+01,3.1600000000e+02,1.8000000000e+01,1.9000823498e+00
1.0000000000e+01,3.1600000000e+02,1.9000000000e+01,1.9022922516e+00
1.0000000000e+01,3.1600000000e+02,2.0000000000e+01,1.9004415274e+00
1.0000000000e+01,3.1600000000e+02,2.1000000000e+01,1.9020392895e+00
1.0000000000e+01,3.1600000000e+02,2.2000000000e+01,1.9006707668e+00
1.0000000000e+01,3.1600000000e+02,2.3000000000e+01,1.9018566608e+00
1.0000000000e+01,3.1600000000e+02,2.4000000000e+01,1.9008238316e+00
1.0000000000e+01,3.1600000000e+02,2.5000000000e+01,1.9017245770e+00
1.0000000000e+01,3.1600000000e+02,2.6000000000e+01,1.9009298086e+00
1.0000000000e+01,3.1600000000e+02,2.7000000000e+01,1.9016283751e+00
1.0000000000e+01,3.1600000000e+02,2.8000000000e+01,1.9010057449e+00
1.0000000000e+01,3.1600000000e+02,2.9000000000e+01,1.9015575647e+00
1.0000000000e+01,3.1600000000e+02,3.0000000000e+01,1.9010610580e+00
1.0000000000e+01,3.1600000000e+02,3.1000000000e+01,1.9015055895e+00
1.0000000000e+01,3.4400000000e+02,0.0000000000e+00,2.0021820068e+00
1.0000000000e+01,3.4400000000e+02,1.0000000000e+00,1.9538682699e+00
1.0000000000e+01,3.4400000000e+02,2.0000000000e+00,1.7140188217e+00
1.0000000000e+01,3.4400000000e+02,3.0000000000e+00,1.9174122810e+00
1.0000000000e+01,3.4400000000e+02,4.0000000000e+00,1.8818395138e+00
1.0000000000e+01,3.4400000000e+02,5.0000000000e+00,1.9512879848e+00
1.0000000000e+01,3.4400000000e+02,6.0000000000e+00,1.9364171028e+00
1.0000000000e+01,3.4400000000e+02,7.0000000000e+00,1.9634071589e+00
1.0000000000e+01,3.4400000000e+02,8.0000000000e+00,1.9553229809e+00
1.0000000000e+01,3.4400000000e+02,9.0000000000e+00,1.9670511484e+00
1.0000000000e+01,3.4400000000e+02,1.0000000000e+01,1.9623882771e+00
1.0000000000e+01,3.4400000000e+02,1.1000000000e+01,1.9679788351e+00
1.0000000000e+01,3.4400000000e+02,1.2000000000e+01,1.9652222395e+00
1.0000000000e+01,3.4400000000e+02,1.3000000000e+01,1.9681019783e+00
1.0000000000e+01,3.4400000000e+02,1.4000000000e+01,1.9664381742e+00
1.0000000000e+01,3.4400000000e+02,1.5000000000e+01,1.9680218697e+00
1.0000000000e+01,3.4400000000e+02,1.6000000000e+01,1.9669953585e+00
1.0000000000e+01,3.4400000000e+02,1.7000000000e+01,1.9679155350e+00
1.0000000000e+01,3.4400000000e+02,1.8000000000e+01,1.9672678709e+00
1.0000000000e+01,3.4400000000e+02,1.9000000000e+01,1.9678279161e+00
1.0000000000e+01,3.4400000000e+02,2.0000000000e+01,1.9674096107e+00
1.0000000000e+01,3.4400000000e+02,2.1000000000e+01,1.9677643776e+00
1.0000000000e+01,3.4400000000e+02,2.2000000000e+01,1.9674876928e+00
1.0000000000e+01,3.4400000000e+02,2.3000000000e+01,1.9677202702e+00
1.0000000000e+01,3.4400000000e+02,2.4000000000e+01,1.9675334692e+00
1.0000000000e+01,3.4400000000e+02,2.5000000000e+01,1.9676903486e+00
1.0000000000e+01,3.4400000000e+02,2.6000000000e+01,1.9675611258e+00
1.0000000000e+01,3.4400000000e+02,2.7000000000e+01,1.9676697254e+00
1.0000000000e+01,3.4400000000e+02,2.8000000000e+01,1.9675787687e+00
1.0000000000e+01,3.4400000000e+02,2.9000000000e+01,1.9676558971e+00
1.0000000000e+01,3.4400000000e+02,3.0000000000e+01,1.9675903320e+00
1.0000000000e+01,3.4400000000e+02,3.1000000000e+01,1.9676461220e+00
1.0000000000e+01,3.7200000000e+02,0.0000000000e+00,2.0089793205e+00
1.0000000000e+01,3.7200000000e+02,1.0000000000e+00,1.9081261158e+00
1.0000000000e+01,3.7200000000e+02,2.0000000000e+00,1.6344321966e+00
1.0000000000e+01,3.7200000000e+02,3.0000000000e+00,1.8206019402e+00
1.0000000000e+01,3.7200000000e+02,4.0000000000e+00,1.7743705511e+00
1.0000000000e+01,3.7200000000e+02,5.0000000000e+00,1.8358000517e+00
1.0000000000e+01,3.7200000000e+02,6.0000000000e+00,1.8176134825e+00
1.0000000000e+01,3.7200000000e+02,7.0000000000e+00,1.8409370184e+00
1.0000000000e+01,3.7200000000e+02,8.0000000000e+00,1.8319828510e+00
1.0000000000e+01,3.7200000000e+02,9.0000000000e+00,1.8419513702e+00
1.0000000000e+01,3.7200000000e+02,1.0000000000e+01,1.8372082710e+00
1.0000000000e+01,3.7200000000e+02,1.1000000000e+01,1.8418896198e+00
1.0000000000e+01,3.7200000000e+02,1.2000000000e+01,1.8392752409e+00
1.0000000000e+01,3.7200000000e+02,1.3000000000e+01,1.8416473866e+00
1.0000000000e+01,3.7200000000e+02,1.4000000000e+01,1.8401595354e+00
1.0000000000e+01,3.7200000000e+02,1.5000000000e+01,1.8414396048e+00
1.0000000000e+01,3.7200000000e+02,1.6000000000e+01,1.8405667543e+00
1.0000000000e+01,3.7200000000e+02,1.7000000000e+01,1.8412952423e+00
1.0000000000e+01,3.7200000000e+02,1.8000000000e+01,1.8407670259e+00
1.0000000000e+01,3.7200000000e+02,1.9000000000e+01,1.8412016630e+00
1.0000000000e+01,3.7200000000e+02,2.0000000000e+01,1.8408720493e+00
1.0000000000e+01,3.7200000000e+02,2.1000000000e+01,1.8411422968e+00
1.0000000000e+01,3.7200000000e+02,2.2000000000e+01,1.8409298658e+00
1.0000000000e+01,3.7200000000e+02,2.3000000000e+01,1.8411051035e+00
1.0000000000e+01,3.7200000000e+02,2.4000000000e+01,1.8409631252e+00
1.0000000000e+01,3.7200000000e+02,2.5000000000e+01,1.8410810232e+00
1.0000000000e+01,3.7200000000e+02,2.6000000000e+01,1.8409833908e+00
1.0000000000e+01,3.7200000000e+02,2.7000000000e+01,1.8410657644e+00
1.0000000000e+01,3.7200000000e+02,2.8000000000e+01,1.8409960270e+00
1.0000000000e+01,3.7200000000e+02,2.9000000000e+01,1.8410555124e+00
1.0000000000e+01,3.7200000000e+02,3.0000000000e+01,1.8410042524e+00
1.0000000000e+01,3.7200000000e+02,3.1000000000e+01,1.8410488367e+00
1.0000000000e+01,4.0000000000e+02,0.0000000000e+00,2.0025799274e+00
1.0000000000e+01,4.0000000000e+02,1.0000000000e+00,1.8714842796e+00
1.0000000000e+01,4.0000000000e+02,2.0000000000e+00,1.6109563112e+00
1.0000000000e+01,4.0000000000e+02,3.0000000000e+00,1.7981622219e+00
1.0000000000e+01,4.0000000000e+02,4.0000000000e+00,1.7559465170e+00
1.0000000000e+01,4.0000000000e+02,5.0000000000e+00,1.8155479431e+00
1.0000000000e+01,4.0000000000e+02,6.0000000000e+00,1.7988561392e+00
1.0000000000e+01,4.0000000000e+02,7.0000000000e+00,1.8205748796e+00
1.0000000000e+01,4.0000000000e+02,8.0000000000e+00,1.8124876022e+00
1.0000000000e+01,4.0000000000e+02,9.0000000000e+00,1.8213969469e+00
1.0000000000e+01,4.0000000000e+02,1.0000000000e+01,1.8172378540e+00
1.0000000000e+01,4.0000000000e+02,1.1000000000e+01,1.8212580681e+00
1.0000000000e+01,4.0000000000e+02,1.2000000000e+01,1.8190447092e+00
1.0000000000e+01,4.0000000000e+02,1.3000000000e+01,1.8210047483e+00
1.0000000000e+01,4.0000000000e+02,1.4000000000e+01,1.8197907209e+00
1.0000000000e+01,4.0000000000e+02,1.5000000000e+01,1.8208093643e+00
1.0000000000e+01,4.0000000000e+02,1.6000000000e+01,1.8201235533e+00
1.0000000000e+01,4.0000000000e+02,1.7000000000e+01,1.8206820488e+00
1.0000000000e+01,4.0000000000e+02,1.8000000000e+01,1.8202830553e+00
1.0000000000e+01,4.0000000000e+02,1.9000000000e+01,1.8206034899e+00
1.0000000000e+01,4.0000000000e+02,2.0000000000e+01,1.8203644753e+00
1.0000000000e+01,4.0000000000e+02,2.1000000000e+01,1.8205556870e+00
1.0000000000e+01,4.0000000000e+02,2.2000000000e+01,1.8204083443e+00
1.0000000000e+01,4.0000000000e+02,2.3000000000e+01,1.8205265999e+00
1.0000000000e+01,4.0000000000e+02,2.4000000000e+01,1.8204333782e+00
1.0000000000e+01,4.0000000000e+02,2.5000000000e+01,1.8205089569e+00
1.0000000000e+01,4.0000000000e+02,2.6000000000e+01,1.8204481602e+00
1.0000000000e+01,4.0000000000e+02,2.7000000000e+01,1.8204976320e+00
1.0000000000e+01,4.0000000000e+02,2.8000000000e+01,1.8204572201e+00
1.0000000000e+01,4.0000000000e+02,2.9000000000e+01,1.8204904795e+00
1.0000000000e+01,4.0000000000e+02,3.0000000000e+01,1.8204629421e+00
1.0000000000e+01,4.0000000000e+02,3.1000000000e+01,1.8204858303e+00
3.8000000000e+01,1.0000000000e+01,0.0000000000e+00,2.0022597313e+00
3.8000000000e+01,1.0000000000e+01,1.0000000000e+00,4.3807287216e+00
3.8000000000e+01,1.0000000000e+01,2.0000000000e+00,3.6980514526e+00
3.8000000000e+01,1.0000000000e+01,3.0000000000e+00,5.7836012840e+00
3.8000000000e+01,1.0000000000e+01,4.0000000000e+00,5.9462614059e+00
3.8000000000e+01,1.0000000000e+01,5.0000000000e+00,1.2170290947e+01
3.8000000000e+01,1.0000000000e+01,6.0000000000e+00,2.5033756256e+01
3.8000000000e+01,1.0000000000e+01,7.0000000000e+00,8.8674392700e+01
3.8000000000e+01,1.0000000000e+01,8.0000000000e+00,3.3713043213e+02
3.8000000000e+01,1.0000000000e+01,9.0000000000e+00,1.5013928223e+03
3.8000000000e+01,1.0000000000e+01,1.0000000000e+01,7.0282041016e+03
3.8000000000e+01,1.0000000000e+01,1.1000000000e+01,3.4917839844e+04
3.8000000000e+01,1.0000000000e+01,1.2000000000e+01,1.8007493750e+05
3.8000000000e+01,1.0000000000e+01,1.3000000000e+01,9.5889025000e+05
3.8000000000e+01,1.0000000000e+01,1.4000000000e+01,5.2266315000e+06
3.8000000000e+01,1.0000000000e+01,1.5000000000e+01,2.9008802000e+07
3.8000000000e+01,1.0000000000e+01,1.6000000000e+01,1.6318902400e+08
3.8000000000e+01,1.0000000000e+01,1.7000000000e+01,9.2743929600e+08
3.8000000000e+01,1.0000000000e+01,1.8000000000e+01,5.3116226560e+09
3.8000000000e+01,1.0000000000e+01,1.9000000000e+01,3.0600392704e+10
3.8000000000e+01,1.0000000000e+01,2.0000000000e+01,1.7709262438e+11
3.8000000000e+01,1.0000000000e+01,2.1000000000e+01,1.0285341737e+12
3.8000000000e+01,1.0000000000e+01,2.2000000000e+01,5.9905021051e+12
3.8000000000e+01,1.0000000000e+01,2.3000000000e+01,3.4970066223e+13
3.8000000000e+01,1.0000000000e+01,2.4000000000e+01,2.0452157791e+14
3.8000000000e+01,1.0000000000e+01,2.5000000000e+01,1.1979924093e+15
3.8000000000e+01,1.0000000000e+01,2.6000000000e+01,7.0264371104e+15
3.8000000000e+01,1.0000000000e+01,2.7000000000e+01,4.1257095068e+16
3.8000000000e+01,1.0000000000e+01,2.8000000000e+01,2.4248110607e+17
3.8000000000e+01,1.0000000000e+01,2.9000000000e+01,1.4263267532e+18
3.8000000000e+01,1.0000000000e+01,3.0000000000e+01,8.3960923413e+18
3.8000000000e+01,1.0000000000e+01,3.1000000000e+01,4.9455615203e+19
3.8000000000e+01,3.8000000000e+01,0.0000000000e+00,2.0053389072e+00
3.8000000000e+01,3.8000000000e+01,1.0000000000e+00,2.8190820217e+00
3.8000000000e+01,3.8000000000e+01,2.0000000000e+00,2.2900485992e+00
3.8000000000e+01,3.8000000000e+01,3.0000000000e+00,2.9977471828e+00
3.8000000000e+01,3.8000000000e+01,4.0000000000e+00,2.7658727169e+00
3.8000000000e+01,3.8000000000e+01,5.0000000000e+00,3.4989581108e+00
3.8000000000e+01,3.8000000000e+01,6.0000000000e+00,3.4928667545e+00
3.8000000000e+01,3.8000000000e+01,7.0000000000e+00,4.8759460449e+00
3.8000000000e+01,3.8000000000e+01,8.0000000000e+00,6.1189045906e+00
3.8000000000e+01,3.8000000000e+01,9.0000000000e+00,1.1083772659e+01
3.8000000000e+01,3.8000000000e+01,1.0000000000e+01,2.0548248291e+01
3.8000000000e+01,3.8000000000e+01,1.1000000000e+01,4.7945793152e+01
3.8000000000e+01,3.8000000000e+01,1.2000000000e+01,1.1512891388e+02
3.8000000000e+01,3.8000000000e+01,1.3000000000e+01,3.0085064697e+02
3.8000000000e+01,3.8000000000e+01,1.4000000000e+01,7.9923229980e+02
3.8000000000e+01,3.8000000000e+01,1.5000000000e+01,2.1904914551e+03
3.8000000000e+01,3.8000000000e+01,1.6000000000e+01,6.0766909180e+03
3.8000000000e+01,3.8000000000e+01,1.7000000000e+01,1.7116585938e+04
3.8000000000e+01,3.8000000000e+01,1.8000000000e+01,4.8672738281e+04
3.8000000000e+01,3.8000000000e+01,1.9000000000e+01,1.3974668750e+05
3.8000000000e+01,3.8000000000e+01,2.0000000000e+01,4.0427393750e+05
3.8000000000e+01,3.8000000000e+01,2.1000000000e+01,1.1778908750e+06
3.8000000000e+01,3.8000000000e+01,2.2000000000e+01,3.4531887500e+06
3.8000000000e+01,3.8000000000e+01,2.3000000000e+01,1.0182075000e+07
3.8000000000e+01,3.8000000000e+01,2.4000000000e+01,3.0180572000e+07
3.8000000000e+01,3.8000000000e+01,2.5000000000e+01,8.9897360000e+07
3.8000000000e+01,3.8000000000e+01,2.6000000000e+01,2.6899830400e+08
3.8000000000e+01,3.8000000000e+01,2.7000000000e+01,8.0839225600e+08
3.8000000000e+01,3.8000000000e+01,2.8000000000e+01,2.4392729600e+09
3.8000000000e+01,3.8000000000e+01,2.9000000000e+01,7.3888322560e+09
3.8000000000e+01,3.8000000000e+01,3.0000000000e+01,2.2464038912e+10
3.8000000000e+01,3.8000000000e+01,3.1000000000e+01,6.8536991744e+10
3.8000000000e+01,6.6000000000e+01,0.0000000000e+00,2.0049631596e+00
3.8000000000e+01,6.6000000000e+01,1.0000000000e+00,2.2138395309e+00
3.8000000000e+01,6.6000000000e+01,2.0000000000e+00,1.6825509071e+00
3.8000000000e+01,6.6000000000e+01,3.0000000000e+00,2.0626115799e+00
3.8000000000e+01,6.6000000000e+01,4.0000000000e+00,1.8608838320e+00
3.8000000000e+01,6.6000000000e+01,5.0000000000e+00,2.1548678875e+00
3.8000000000e+01,6.6000000000e+01,6.0000000000e+00,2.0261175632e+00
3.8000000000e+01,6.6000000000e+01,7.0000000000e+00,2.3291718960e+00
3.8000000000e+01,6.6000000000e+01,8.0000000000e+00,2.2680416107e+00
3.8000000000e+01,6.6000000000e+01,9.0000000000e+00,2.6951251030e+00
3.8000000000e+01,6.6000000000e+01,1.0000000000e+01,2.8254649639e+00
3.8000000000e+01,6.6000000000e+01,1.1000000000e+01,3.6879308224e+00
3.8000000000e+01,6.6000000000e+01,1.2000000000e+01,4.5324740410e+00
3.8000000000e+01,6.6000000000e+01,1.3000000000e+01,6.9425897598e+00
3.8000000000e+01,6.6000000000e+01,1.4000000000e+01,1.0619149208e+01
3.8000000000e+01,6.6000000000e+01,1.5000000000e+01,1.8979778290e+01
3.8000000000e+01,6.6000000000e+01,1.6000000000e+01,3.4320510864e+01
3.8000000000e+01,6.6000000000e+01,1.7000000000e+01,6.7029647827e+01
3.8000000000e+01,6.6000000000e+01,1.8000000000e+01,1.3194522095e+02
3.8000000000e+01,6.6000000000e+01,1.9000000000e+01,2.6852203369e+02
3.8000000000e+01,6.6000000000e+01,2.0000000000e+01,5.4945361328e+02
3.8000000000e+01,6.6000000000e+01,2.1000000000e+01,1.1415064697e+03
3.8000000000e+01,6.6000000000e+01,2.2000000000e+01,2.3818691406e+03
3.8000000000e+01,6.6000000000e+01,2.3000000000e+01,5.0097099609e+03
3.8000000000e+01,6.6000000000e+01,2.4000000000e+01,1.0574838867e+04
3.8000000000e+01,6.6000000000e+01,2.5000000000e+01,2.2430789062e+04
3.8000000000e+01,6.6000000000e+01,2.6000000000e+01,4.7722640625e+04
3.8000000000e+01,6.6000000000e+01,2.7000000000e+01,1.0187837500e+05
3.8000000000e+01,6.6000000000e+01,2.8000000000e+01,2.1805115625e+05
3.8000000000e+01,6.6000000000e+01,2.9000000000e+01,4.6794321875e+05
3.8000000000e+01,6.6000000000e+01,3.0000000000e+01,1.0065092500e+06
3.8000000000e+01,6.6000000000e+01,3.1000000000e+01,2.1698655000e+06
3.8000000000e+01,9.4000000000e+01,0.0000000000e+00,1.9993274212e+00
3.8000000000e+01,9.4000000000e+01,1.0000000000e+00,1.9831701517e+00
3.8000000000e+01,9.4000000000e+01,2.0000000000e+00,1.5806778669e+00
3.8000000000e+01,9.4000000000e+01,3.0000000000e+00,1.8257880211e+00
3.8000000000e+01,9.4000000000e+01,4.0000000000e+00,1.7344572544e+00
3.8000000000e+01,9.4000000000e+01,5.0000000000e+00,1.8933897018e+00
3.8000000000e+01,9.4000000000e+01,6.0000000000e+00,1.8528708220e+00
3.8000000000e+01,9.4000000000e+01,7.0000000000e+00,1.9765522480e+00
3.8000000000e+01,9.4000000000e+01,8.0000000000e+00,1.9537781477e+00
3.8000000000e+01,9.4000000000e+01,9.0000000000e+00,2.0661985874e+00
3.8000000000e+01,9.4000000000e+01,1.0000000000e+01,2.0580646992e+00
3.8000000000e+01,9.4000000000e+01,1.1000000000e+01,2.1805472374e+00
3.8000000000e+01,9.4000000000e+01,1.2000000000e+01,2.2009658813e+00
3.8000000000e+01,9.4000000000e+01,1.3000000000e+01,2.3695583344e+00
3.8000000000e+01,9.4000000000e+01,1.4000000000e+01,2.4645032883e+00
3.8000000000e+01,9.4000000000e+01,1.5000000000e+01,2.7645936012e+00
3.8000000000e+01,9.4000000000e+01,1.6000000000e+01,3.0661423206e+00
3.8000000000e+01,9.4000000000e+01,1.7000000000e+01,3.7282590866e+00
3.8000000000e+01,9.4000000000e+01,1.8000000000e+01,4.6180400848e+00
3.8000000000e+01,9.4000000000e+01,1.9000000000e+01,6.3032197952e+00
3.8000000000e+01,9.4000000000e+01,2.0000000000e+01,8.9108886719e+00
3.8000000000e+01,9.4000000000e+01,2.1000000000e+01,1.3587821960e+01
3.8000000000e+01,9.4000000000e+01,2.2000000000e+01,2.1342788696e+01
3.8000000000e+01,9.4000000000e+01,2.3000000000e+01,3.5044673920e+01
3.8000000000e+01,9.4000000000e+01,2.4000000000e+01,5.8599922180e+01
3.8000000000e+01,9.4000000000e+01,2.5000000000e+01,1.0024812317e+02
3.8000000000e+01,9.4000000000e+01,2.6000000000e+01,1.7336242676e+02
3.8000000000e+01,9.4000000000e+01,2.7000000000e+01,3.0343515015e+02
3.8000000000e+01,9.4000000000e+01,2.8000000000e+01,5.3490759277e+02
3.8000000000e+01,9.4000000000e+01,2.9000000000e+01,9.4974890137e+02
3.8000000000e+01,9.4000000000e+01,3.0000000000e+01,1.6951608887e+03
3.8000000000e+01,9.4000000000e+01,3.1000000000e+01,3.0403747559e+03
3.8000000000e+01,1.2100000000e+02,0.0000000000e+00,1.9942990541e+00
3.8000000000e+01,1.2100000000e+02,1.0000000000e+00,1.6269233227e+00
3.8000000000e+01,1.2100000000e+02,2.0000000000e+00,1.2042568922e+00
3.8000000000e+01,1.2100000000e+02,3.0000000000e+00,1.3674297333e+00
3.8000000000e+01,1.2100000000e+02,4.0000000000e+00,1.2659001350e+00
3.8000000000e+01,1.2100000000e+02,5.0000000000e+00,1.3724126816e+00
3.8000000000e+01,1.2100000000e+02,6.0000000000e+00,1.3247481585e+00
3.8000000000e+01,1.2100000000e+02,7.0000000000e+00,1.4020757675e+00
3.8000000000e+01,1.2100000000e+02,8.0000000000e+00,1.3712780476e+00
3.8000000000e+01,1.2100000000e+02,9.0000000000e+00,1.4332315922e+00
3.8000000000e+01,1.2100000000e+02,1.0000000000e+01,1.4098608494e+00
3.8000000000e+01,1.2100000000e+02,1.1000000000e+01,1.4645156860e+00
3.8000000000e+01,1.2100000000e+02,1.2000000000e+01,1.4463667870e+00
3.8000000000e+01,1.2100000000e+02,1.3000000000e+01,1.5002312660e+00
3.8000000000e+01,1.2100000000e+02,1.4000000000e+01,1.4888049364e+00
3.8000000000e+01,1.2100000000e+02,1.5000000000e+01,1.5495539904e+00
3.8000000000e+01,1.2100000000e+02,1.6000000000e+01,1.5506141186e+00
3.8000000000e+01,1.2100000000e+02,1.7000000000e+01,1.6305266619e+00
3.8000000000e+01,1.2100000000e+02,1.8000000000e+01,1.6576273441e+00
3.8000000000e+01,1.2100000000e+02,1.9000000000e+01,1.7799011469e+00
3.8000000000e+01,1.2100000000e+02,2.0000000000e+01,1.8628405333e+00
3.8000000000e+01,1.2100000000e+02,2.1000000000e+01,2.0747177601e+00
3.8000000000e+01,1.2100000000e+02,2.2000000000e+01,2.2783169746e+00
3.8000000000e+01,1.2100000000e+02,2.3000000000e+01,2.6794121265e+00
3.8000000000e+01,1.2100000000e+02,2.4000000000e+01,3.1449186802e+00
3.8000000000e+01,1.2100000000e+02,2.5000000000e+01,3.9493021965e+00
3.8000000000e+01,1.2100000000e+02,2.6000000000e+01,4.9860630035e+00
3.8000000000e+01,1.2100000000e+02,2.7000000000e+01,6.6596908569e+00
3.8000000000e+01,1.2100000000e+02,2.8000000000e+01,8.9494562149e+00
3.8000000000e+01,1.2100000000e+02,2.9000000000e+01,1.2517005920e+01
3.8000000000e+01,1.2100000000e+02,3.0000000000e+01,1.7572614670e+01
3.8000000000e+01,1.2100000000e+02,3.1000000000e+01,2.5308267593e+01
3.8000000000e+01,1.4900000000e+02,0.0000000000e+00,1.9922337532e+00
3.8000000000e+01,1.4900000000e+02,1.0000000000e+00,1.4735867977e+00
3.8000000000e+01,1.4900000000e+02,2.0000000000e+00,1.0743873119e+00
3.8000000000e+01,1.4900000000e+02,3.0000000000e+00,1.1980437040e+00
3.8000000000e+01,1.4900000000e+02,4.0000000000e+00,1.1217164993e+00
3.8000000000e+01,1.4900000000e+02,5.0000000000e+00,1.1991827488e+00
3.8000000000e+01,1.4900000000e+02,6.0000000000e+00,1.1711776257e+00
3.8000000000e+01,1.4900000000e+02,7.0000000000e+00,1.2215944529e+00
3.8000000000e+01,1.4900000000e+02,8.0000000000e+00,1.2065355778e+00
3.8000000000e+01,1.4900000000e+02,9.0000000000e+00,1.2414923906e+00
3.8000000000e+01,1.4900000000e+02,1.0000000000e+01,1.2308750153e+00
3.8000000000e+01,1.4900000000e+02,1.1000000000e+01,1.2567394972e+00
3.8000000000e+01,1.4900000000e+02,1.2000000000e+01,1.2479703426e+00
3.8000000000e+01,1.4900000000e+02,1.3000000000e+01,1.2685818672e+00
3.8000000000e+01,1.4900000000e+02,1.4000000000e+01,1.2608561516e+00
3.8000000000e+01,1.4900000000e+02,1.5000000000e+01,1.2788801193e+00
3.8000000000e+01,1.4900000000e+02,1.6000000000e+01,1.2721810341e+00
3.8000000000e+01,1.4900000000e+02,1.7000000000e+01,1.2899408340e+00
3.8000000000e+01,1.4900000000e+02,1.8000000000e+01,1.2849466801e+00
3.8000000000e+01,1.4900000000e+02,1.9000000000e+01,1.3051894903e+00
3.8000000000e+01,1.4900000000e+02,2.0000000000e+01,1.3037109375e+00
3.8000000000e+01,1.4900000000e+02,2.1000000000e+01,1.3306854963e+00
3.8000000000e+01,1.4900000000e+02,2.2000000000e+01,1.3368110657e+00
3.8000000000e+01,1.4900000000e+02,2.3000000000e+01,1.3782193661e+00
3.8000000000e+01,1.4900000000e+02,2.4000000000e+01,1.4008200169e+00
3.8000000000e+01,1.4900000000e+02,2.5000000000e+01,1.4717167616e+00
3.8000000000e+01,1.4900000000e+02,2.6000000000e+01,1.5297846794e+00
3.8000000000e+01,1.4900000000e+02,2.7000000000e+01,1.6606353521e+00
3.8000000000e+01,1.4900000000e+02,2.8000000000e+01,1.7946158648e+00
3.8000000000e+01,1.4900000000e+02,2.9000000000e+01,2.0481810570e+00
3.8000000000e+01,1.4900000000e+02,3.0000000000e+01,2.3440454006e+00
3.8000000000e+01,1.4900000000e+02,3.1000000000e+01,2.8509969711e+00
3.8000000000e+01,1.7700000000e+02,0.0000000000e+00,2.0034534931e+00
3.8000000000e+01,1.7700000000e+02,1.0000000000e+00,1.3917516470e+00
3.8000000000e+01,1.7700000000e+02,2.0000000000e+00,1.0334488153e+00
3.8000000000e+01,1.7700000000e+02,3.0000000000e+00,1.1415877342e+00
3.8000000000e+01,1.7700000000e+02,4.0000000000e+00,1.0896730423e+00
3.8000000000e+01,1.7700000000e+02,5.0000000000e+00,1.1524834633e+00
3.8000000000e+01,1.7700000000e+02,6.0000000000e+00,1.1376612186e+00
3.8000000000e+01,1.7700000000e+02,7.0000000000e+00,1.1743351221e+00
3.8000000000e+01,1.7700000000e+02,8.0000000000e+00,1.1674841642e+00
3.8000000000e+01,1.7700000000e+02,9.0000000000e+00,1.1900348663e+00
3.8000000000e+01,1.7700000000e+02,1.0000000000e+01,1.1854541302e+00
3.8000000000e+01,1.7700000000e+02,1.1000000000e+01,1.2000977993e+00
3.8000000000e+01,1.7700000000e+02,1.2000000000e+01,1.1963958740e+00
3.8000000000e+01,1.7700000000e+02,1.3000000000e+01,1.2064723969e+00
3.8000000000e+01,1.7700000000e+02,1.4000000000e+01,1.2032639980e+00
3.8000000000e+01,1.7700000000e+02,1.5000000000e+01,1.2106614113e+00
3.8000000000e+01,1.7700000000e+02,1.6000000000e+01,1.2078279257e+00
3.8000000000e+01,1.7700000000e+02,1.7000000000e+01,1.2136749029e+00
3.8000000000e+01,1.7700000000e+02,1.8000000000e+01,1.2111815214e+00
3.8000000000e+01,1.7700000000e+02,1.9000000000e+01,1.2162044048e+00
3.8000000000e+01,1.7700000000e+02,2.0000000000e+01,1.2140599489e+00
3.8000000000e+01,1.7700000000e+02,2.1000000000e+01,1.2187798023e+00
3.8000000000e+01,1.7700000000e+02,2.2000000000e+01,1.2170377970e+00
3.8000000000e+01,1.7700000000e+02,2.3000000000e+01,1.2218904495e+00
3.8000000000e+01,1.7700000000e+02,2.4000000000e+01,1.2206671238e+00
3.8000000000e+01,1.7700000000e+02,2.5000000000e+01,1.2260893583e+00
3.8000000000e+01,1.7700000000e+02,2.6000000000e+01,1.2255955935e+00
3.8000000000e+01,1.7700000000e+02,2.7000000000e+01,1.2321022749e+00
3.8000000000e+01,1.7700000000e+02,2.8000000000e+01,1.2326940298e+00
3.8000000000e+01,1.7700000000e+02,2.9000000000e+01,1.2409650087e+00
3.8000000000e+01,1.7700000000e+02,3.0000000000e+01,1.2432200909e+00
3.8000000000e+01,1.7700000000e+02,3.1000000000e+01,1.2542141676e+00
3.8000000000e+01,2.0500000000e+02,0.0000000000e+00,1.9990520477e+00
3.8000000000e+01,2.0500000000e+02,1.0000000000e+00,1.2760318518e+00
3.8000000000e+01,2.0500000000e+02,2.0000000000e+00,9.7127240896e-01
3.8000000000e+01,2.0500000000e+02,3.0000000000e+00,1.0483443737e+00
3.8000000000e+01,2.0500000000e+02,4.0000000000e+00,1.0150920153e+00
3.8000000000e+01,2.0500000000e+02,5.0000000000e+00,1.0577485561e+00
3.8000000000e+01,2.0500000000e+02,6.0000000000e+00,1.0516673326e+00
3.8000000000e+01,2.0500000000e+02,7.0000000000e+00,1.0740542412e+00
3.8000000000e+01,2.0500000000e+02,8.0000000000e+00,1.0723271370e+00
3.8000000000e+01,2.0500000000e+02,9.0000000000e+00,1.0844854116e+00
3.8000000000e+01,2.0500000000e+02,1.0000000000e+01,1.0835356712e+00
3.8000000000e+01,2.0500000000e+02,1.1000000000e+01,1.0904157162e+00
3.8000000000e+01,2.0500000000e+02,1.2000000000e+01,1.0896377563e+00
3.8000000000e+01,2.0500000000e+02,1.3000000000e+01,1.0936933756e+00
3.8000000000e+01,2.0500000000e+02,1.4000000000e+01,1.0930061340e+00
3.8000000000e+01,2.0500000000e+02,1.5000000000e+01,1.0954943895e+00
3.8000000000e+01,2.0500000000e+02,1.6000000000e+01,1.0948965549e+00
3.8000000000e+01,2.0500000000e+02,1.7000000000e+01,1.0964845419e+00
3.8000000000e+01,2.0500000000e+02,1.8000000000e+01,1.0959761143e+00
3.8000000000e+01,2.0500000000e+02,1.9000000000e+01,1.0970296860e+00
3.8000000000e+01,2.0500000000e+02,2.0000000000e+01,1.0966031551e+00
3.8000000000e+01,2.0500000000e+02,2.1000000000e+01,1.0973294973e+00
3.8000000000e+01,2.0500000000e+02,2.2000000000e+01,1.0969736576e+00
3.8000000000e+01,2.0500000000e+02,2.3000000000e+01,1.0974937677e+00
3.8000000000e+01,2.0500000000e+02,2.4000000000e+01,1.0971963406e+00
3.8000000000e+01,2.0500000000e+02,2.5000000000e+01,1.0975826979e+00
3.8000000000e+01,2.0500000000e+02,2.6000000000e+01,1.0973324776e+00
3.8000000000e+01,2.0500000000e+02,2.7000000000e+01,1.0976297855e+00
3.8000000000e+01,2.0500000000e+02,2.8000000000e+01,1.0974173546e+00
3.8000000000e+01,2.0500000000e+02,2.9000000000e+01,1.0976537466e+00
3.8000000000e+01,2.0500000000e+02,3.0000000000e+01,1.0974711180e+00
3.8000000000e+01,2.0500000000e+02,3.1000000000e+01,1.0976651907e+00
3.8000000000e+01,2.3300000000e+02,0.0000000000e+00,1.9928159714e+00
3.8000000000e+01,2.3300000000e+02,1.0000000000e+00,1.2792954445e+00
3.8000000000e+01,2.3300000000e+02,2.0000000000e+00,9.8699867725e-01
3.8000000000e+01,2.3300000000e+02,3.0000000000e+00,1.0729484558e+00
3.8000000000e+01,2.3300000000e+02,4.0000000000e+00,1.0485988855e+00
3.8000000000e+01,2.3300000000e+02,5.0000000000e+00,1.0909847021e+00
3.8000000000e+01,2.3300000000e+02,6.0000000000e+00,1.0883659124e+00
3.8000000000e+01,2.3300000000e+02,7.0000000000e+00,1.1084741354e+00
3.8000000000e+01,2.3300000000e+02,8.0000000000e+00,1.1082450151e+00
3.8000000000e+01,2.3300000000e+02,9.0000000000e+00,1.1181410551e+00
3.8000000000e+01,2.3300000000e+02,1.0000000000e+01,1.1180036068e+00
3.8000000000e+01,2.3300000000e+02,1.1000000000e+01,1.1230801344e+00
3.8000000000e+01,2.3300000000e+02,1.2000000000e+01,1.1228563786e+00
3.8000000000e+01,2.3300000000e+02,1.3000000000e+01,1.1255666018e+00
3.8000000000e+01,2.3300000000e+02,1.4000000000e+01,1.1253168583e+00
3.8000000000e+01,2.3300000000e+02,1.5000000000e+01,1.1268198490e+00
3.8000000000e+01,2.3300000000e+02,1.6000000000e+01,1.1265902519e+00
3.8000000000e+01,2.3300000000e+02,1.7000000000e+01,1.1274544001e+00
3.8000000000e+01,2.3300000000e+02,1.8000000000e+01,1.1272625923e+00
3.8000000000e+01,2.3300000000e+02,1.9000000000e+01,1.1277770996e+00
3.8000000000e+01,2.3300000000e+02,2.0000000000e+01,1.1276245117e+00
3.8000000000e+01,2.3300000000e+02,2.1000000000e+01,1.1279413700e+00
3.8000000000e+01,2.3300000000e+02,2.2000000000e+01,1.1278232336e+00
3.8000000000e+01,2.3300000000e+02,2.3000000000e+01,1.1280248165e+00
3.8000000000e+01,2.3300000000e+02,2.4000000000e+01,1.1279345751e+00
3.8000000000e+01,2.3300000000e+02,2.5000000000e+01,1.1280667782e+00
3.8000000000e+01,2.3300000000e+02,2.6000000000e+01,1.1279981136e+00
3.8000000000e+01,2.3300000000e+02,2.7000000000e+01,1.1280875206e+00
3.8000000000e+01,2.3300000000e+02,2.8000000000e+01,1.1280354261e+00
3.8000000000e+01,2.3300000000e+02,2.9000000000e+01,1.1280975342e+00
3.8000000000e+01,2.3300000000e+02,3.0000000000e+01,1.1280577183e+00
3.8000000000e+01,2.3300000000e+02,3.1000000000e+01,1.1281020641e+00
3.8000000000e+01,2.6100000000e+02,0.0000000000e+00,2.0023238659e+00
3.8000000000e+01,2.6100000000e+02,1.0000000000e+00,1.2438452244e+00
3.8000000000e+01,2.6100000000e+02,2.0000000000e+00,9.5470768213e-01
3.8000000000e+01,2.6100000000e+02,3.0000000000e+00,1.0463149548e+00
3.8000000000e+01,2.6100000000e+02,4.0000000000e+00,1.0218657255e+00
3.8000000000e+01,2.6100000000e+02,5.0000000000e+00,1.0625076294e+00
3.8000000000e+01,2.6100000000e+02,6.0000000000e+00,1.0591322184e+00
3.8000000000e+01,2.6100000000e+02,7.0000000000e+00,1.0766342878e+00
3.8000000000e+01,2.6100000000e+02,8.0000000000e+00,1.0758663416e+00
3.8000000000e+01,2.6100000000e+02,9.0000000000e+00,1.0837473869e+00
3.8000000000e+01,2.6100000000e+02,1.0000000000e+01,1.0833479166e+00
3.8000000000e+01,2.6100000000e+02,1.1000000000e+01,1.0870707035e+00
3.8000000000e+01,2.6100000000e+02,1.2000000000e+01,1.0867633820e+00
3.8000000000e+01,2.6100000000e+02,1.3000000000e+01,1.0886037350e+00
3.8000000000e+01,2.6100000000e+02,1.4000000000e+01,1.0883618593e+00
3.8000000000e+01,2.6100000000e+02,1.5000000000e+01,1.0893119574e+00
3.8000000000e+01,2.6100000000e+02,1.6000000000e+01,1.0891286135e+00
3.8000000000e+01,2.6100000000e+02,1.7000000000e+01,1.0896400213e+00
3.8000000000e+01,2.6100000000e+02,1.8000000000e+01,1.0895051956e+00
3.8000000000e+01,2.6100000000e+02,1.9000000000e+01,1.0897920132e+00
3.8000000000e+01,2.6100000000e+02,2.0000000000e+01,1.0896943808e+00
3.8000000000e+01,2.6100000000e+02,2.1000000000e+01,1.0898617506e+00
3.8000000000e+01,2.6100000000e+02,2.2000000000e+01,1.0897917747e+00
3.8000000000e+01,2.6100000000e+02,2.3000000000e+01,1.0898932219e+00
3.8000000000e+01,2.6100000000e+02,2.4000000000e+01,1.0898430347e+00
3.8000000000e+01,2.6100000000e+02,2.5000000000e+01,1.0899066925e+00
3.8000000000e+01,2.6100000000e+02,2.6000000000e+01,1.0898706913e+00
3.8000000000e+01,2.6100000000e+02,2.7000000000e+01,1.0899120569e+00
3.8000000000e+01,2.6100000000e+02,2.8000000000e+01,1.0898860693e+00
3.8000000000e+01,2.6100000000e+02,2.9000000000e+01,1.0899137259e+00
3.8000000000e+01,2.6100000000e+02,3.0000000000e+01,1.0898947716e+00
3.8000000000e+01,2.6100000000e+02,3.1000000000e+01,1.0899137259e+00
3.8000000000e+01,2.8900000000e+02,0.0000000000e+00,2.0058062077e+00
3.8000000000e+01,2.8900000000e+02,1.0000000000e+00,1.1760092974e+00
3.8000000000e+01,2.8900000000e+02,2.0000000000e+00,8.9885473251e-01
3.8000000000e+01,2.8900000000e+02,3.0000000000e+00,9.7892302275e-01
3.8000000000e+01,2.8900000000e+02,4.0000000000e+00,9.5491790771e-01
3.8000000000e+01,2.8900000000e+02,5.0000000000e+00,9.8767554760e-01
3.8000000000e+01,2.8900000000e+02,6.0000000000e+00,9.8335844278e-01
3.8000000000e+01,2.8900000000e+02,7.0000000000e+00,9.9637305737e-01
3.8000000000e+01,2.8900000000e+02,8.0000000000e+00,9.9497705698e-01
3.8000000000e+01,2.8900000000e+02,9.0000000000e+00,1.0004240274e+00
3.8000000000e+01,2.8900000000e+02,1.0000000000e+01,9.9973809719e-01
3.8000000000e+01,2.8900000000e+02,1.1000000000e+01,1.0021460056e+00
3.8000000000e+01,2.8900000000e+02,1.2000000000e+01,1.0017442703e+00
3.8000000000e+01,2.8900000000e+02,1.3000000000e+01,1.0028649569e+00
3.8000000000e+01,2.8900000000e+02,1.4000000000e+01,1.0026166439e+00
3.8000000000e+01,2.8900000000e+02,1.5000000000e+01,1.0031638145e+00
3.8000000000e+01,2.8900000000e+02,1.6000000000e+01,1.0030075312e+00
3.8000000000e+01,2.8900000000e+02,1.7000000000e+01,1.0032873154e+00
3.8000000000e+01,2.8900000000e+02,1.8000000000e+01,1.0031878948e+00
3.8000000000e+01,2.8900000000e+02,1.9000000000e+01,1.0033375025e+00
3.8000000000e+01,2.8900000000e+02,2.0000000000e+01,1.0032734871e+00
3.8000000000e+01,2.8900000000e+02,2.1000000000e+01,1.0033571720e+00
3.8000000000e+01,2.8900000000e+02,2.2000000000e+01,1.0033153296e+00
3.8000000000e+01,2.8900000000e+02,2.3000000000e+01,1.0033640862e+00
3.8000000000e+01,2.8900000000e+02,2.4000000000e+01,1.0033364296e+00
3.8000000000e+01,2.8900000000e+02,2.5000000000e+01,1.0033658743e+00
3.8000000000e+01,2.8900000000e+02,2.6000000000e+01,1.0033473969e+00
3.8000000000e+01,2.8900000000e+02,2.7000000000e+01,1.0033659935e+00
3.8000000000e+01,2.8900000000e+02,2.8000000000e+01,1.0033532381e+00
3.8000000000e+01,2.8900000000e+02,2.9000000000e+01,1.0033653975e+00
3.8000000000e+01,2.8900000000e+02,3.0000000000e+01,1.0033565760e+00
3.8000000000e+01,2.8900000000e+02,3.1000000000e+01,1.0033648014e+00
3.8000000000e+01,3.1600000000e+02,0.0000000000e+00,2.0050773621e+00
3.8000000000e+01,3.1600000000e+02,1.0000000000e+00,1.0690907240e+00
3.8000000000e+01,3.1600000000e+02,2.0000000000e+00,8.2865679264e-01
3.8000000000e+01,3.1600000000e+02,3.0000000000e+00,8.9073753357e-01
3.8000000000e+01,3.1600000000e+02,4.0000000000e+00,8.8122117519e-01
3.8000000000e+01,3.1600000000e+02,5.0000000000e+00,9.0771639347e-01
3.8000000000e+01,3.1600000000e+02,6.0000000000e+00,9.0872395039e-01
3.8000000000e+01,3.1600000000e+02,7.0000000000e+00,9.1880530119e-01
3.8000000000e+01,3.1600000000e+02,8.0000000000e+00,9.1956573725e-01
3.8000000000e+01,3.1600000000e+02,9.0000000000e+00,9.2350530624e-01
3.8000000000e+01,3.1600000000e+02,1.0000000000e+01,9.2378771305e-01
3.8000000000e+01,3.1600000000e+02,1.1000000000e+01,9.2539250851e-01
3.8000000000e+01,3.1600000000e+02,1.2000000000e+01,9.2546725273e-01
3.8000000000e+01,3.1600000000e+02,1.3000000000e+01,9.2614942789e-01
3.8000000000e+01,3.1600000000e+02,1.4000000000e+01,9.2615360022e-01
3.8000000000e+01,3.1600000000e+02,1.5000000000e+01,9.2645597458e-01
3.8000000000e+01,3.1600000000e+02,1.6000000000e+01,9.2644172907e-01
3.8000000000e+01,3.1600000000e+02,1.7000000000e+01,9.2658138275e-01
3.8000000000e+01,3.1600000000e+02,1.8000000000e+01,9.2656576633e-01
3.8000000000e+01,3.1600000000e+02,1.9000000000e+01,9.2663311958e-01
3.8000000000e+01,3.1600000000e+02,2.0000000000e+01,9.2662048340e-01
3.8000000000e+01,3.1600000000e+02,2.1000000000e+01,9.2665427923e-01
3.8000000000e+01,3.1600000000e+02,2.2000000000e+01,9.2664521933e-01
3.8000000000e+01,3.1600000000e+02,2.3000000000e+01,9.2666310072e-01
3.8000000000e+01,3.1600000000e+02,2.4000000000e+01,9.2665660381e-01
3.8000000000e+01,3.1600000000e+02,2.5000000000e+01,9.2666649818e-01
3.8000000000e+01,3.1600000000e+02,2.6000000000e+01,9.2666208744e-01
3.8000000000e+01,3.1600000000e+02,2.7000000000e+01,9.2666769028e-01
3.8000000000e+01,3.1600000000e+02,2.8000000000e+01,9.2666476965e-01
3.8000000000e+01,3.1600000000e+02,2.9000000000e+01,9.2666810751e-01
3.8000000000e+01,3.1600000000e+02,3.0000000000e+01,9.2666608095e-01
3.8000000000e+01,3.1600000000e+02,3.1000000000e+01,9.2666822672e-01
3.8000000000e+01,3.4400000000e+02,0.0000000000e+00,1.9945988655e+00
3.8000000000e+01,3.4400000000e+02,1.0000000000e+00,1.1314990520e+00
3.8000000000e+01,3.4400000000e+02,2.0000000000e+00,8.9165985584e-01
3.8000000000e+01,3.4400000000e+02,3.0000000000e+00,9.6474260092e-01
3.8000000000e+01,3.4400000000e+02,4.0000000000e+00,9.5325356722e-01
3.8000000000e+01,3.4400000000e+02,5.0000000000e+00,9.8010540009e-01
3.8000000000e+01,3.4400000000e+02,6.0000000000e+00,9.7966593504e-01
3.8000000000e+01,3.4400000000e+02,7.0000000000e+00,9.8901796341e-01
3.8000000000e+01,3.4400000000e+02,8.0000000000e+00,9.8906165361e-01
3.8000000000e+01,3.4400000000e+02,9.0000000000e+00,9.9246495962e-01
3.8000000000e+01,3.4400000000e+02,1.0000000000e+01,9.9243420362e-01
3.8000000000e+01,3.4400000000e+02,1.1000000000e+01,9.9373596907e-01
3.8000000000e+01,3.4400000000e+02,1.2000000000e+01,9.9368351698e-01
3.8000000000e+01,3.4400000000e+02,1.3000000000e+01,9.9420499802e-01
3.8000000000e+01,3.4400000000e+02,1.4000000000e+01,9.9416172504e-01
3.8000000000e+01,3.4400000000e+02,1.5000000000e+01,9.9437963963e-01
3.8000000000e+01,3.4400000000e+02,1.6000000000e+01,9.9435055256e-01
3.8000000000e+01,3.4400000000e+02,1.7000000000e+01,9.9444508553e-01
3.8000000000e+01,3.4400000000e+02,1.8000000000e+01,9.9442708492e-01
3.8000000000e+01,3.4400000000e+02,1.9000000000e+01,9.9446964264e-01
3.8000000000e+01,3.4400000000e+02,2.0000000000e+01,9.9445903301e-01
3.8000000000e+01,3.4400000000e+02,2.1000000000e+01,9.9447870255e-01
3.8000000000e+01,3.4400000000e+02,2.2000000000e+01,9.9447268248e-01
3.8000000000e+01,3.4400000000e+02,2.3000000000e+01,9.9448198080e-01
3.8000000000e+01,3.4400000000e+02,2.4000000000e+01,9.9447858334e-01
3.8000000000e+01,3.4400000000e+02,2.5000000000e+01,9.9448323250e-01
3.8000000000e+01,3.4400000000e+02,2.6000000000e+01,9.9448120594e-01
3.8000000000e+01,3.4400000000e+02,2.7000000000e+01,9.9448353052e-01
3.8000000000e+01,3.4400000000e+02,2.8000000000e+01,9.9448239803e-01
3.8000000000e+01,3.4400000000e+02,2.9000000000e+01,9.9448364973e-01
3.8000000000e+01,3.4400000000e+02,3.0000000000e+01,9.9448305368e-01
3.8000000000e+01,3.4400000000e+02,3.1000000000e+01,9.9448359013e-01
3.8000000000e+01,3.7200000000e+02,0.0000000000e+00,2.0122811794e+00
3.8000000000e+01,3.7200000000e+02,1.0000000000e+00,9.5767736435e-01
3.8000000000e+01,3.7200000000e+02,2.0000000000e+00,7.3171567917e-01
3.8000000000e+01,3.7200000000e+02,3.0000000000e+00,7.8040969372e-01
3.8000000000e+01,3.7200000000e+02,4.0000000000e+00,7.7024787664e-01
3.8000000000e+01,3.7200000000e+02,5.0000000000e+00,7.8922551870e-01
3.8000000000e+01,3.7200000000e+02,6.0000000000e+00,7.8874325752e-01
3.8000000000e+01,3.7200000000e+02,7.0000000000e+00,7.9512995481e-01
3.8000000000e+01,3.7200000000e+02,8.0000000000e+00,7.9509627819e-01
3.8000000000e+01,3.7200000000e+02,9.0000000000e+00,7.9731345177e-01
3.8000000000e+01,3.7200000000e+02,1.0000000000e+01,7.9726094007e-01
3.8000000000e+01,3.7200000000e+02,1.1000000000e+01,7.9806792736e-01
3.8000000000e+01,3.7200000000e+02,1.2000000000e+01,7.9801964760e-01
3.8000000000e+01,3.7200000000e+02,1.3000000000e+01,7.9832726717e-01
3.8000000000e+01,3.7200000000e+02,1.4000000000e+01,7.9829436541e-01
3.8000000000e+01,3.7200000000e+02,1.5000000000e+01,7.9841685295e-01
3.8000000000e+01,3.7200000000e+02,1.6000000000e+01,7.9839706421e-01
3.8000000000e+01,3.7200000000e+02,1.7000000000e+01,7.9844790697e-01
3.8000000000e+01,3.7200000000e+02,1.8000000000e+01,7.9843658209e-01
3.8000000000e+01,3.7200000000e+02,1.9000000000e+01,7.9845851660e-01
3.8000000000e+01,3.7200000000e+02,2.0000000000e+01,7.9845225811e-01
3.8000000000e+01,3.7200000000e+02,2.1000000000e+01,7.9846221209e-01
3.8000000000e+01,3.7200000000e+02,2.2000000000e+01,7.9845869541e-01
3.8000000000e+01,3.7200000000e+02,2.3000000000e+01,7.9846334457e-01
3.8000000000e+01,3.7200000000e+02,2.4000000000e+01,7.9846131802e-01
3.8000000000e+01,3.7200000000e+02,2.5000000000e+01,7.9846358299e-01
3.8000000000e+01,3.7200000000e+02,2.6000000000e+01,7.9846245050e-01
3.8000000000e+01,3.7200000000e+02,2.7000000000e+01,7.9846364260e-01
3.8000000000e+01,3.7200000000e+02,2.8000000000e+01,7.9846304655e-01
3.8000000000e+01,3.7200000000e+02,2.9000000000e+01,7.9846364260e-01
3.8000000000e+01,3.7200000000e+02,3.0000000000e+01,7.9846316576e-01
3.8000000000e+01,3.7200000000e+02,3.1000000000e+01,7.9846358299e-01
3.8000000000e+01,4.0000000000e+02,0.0000000000e+00,1.9956232309e+00
3.8000000000e+01,4.0000000000e+02,1.0000000000e+00,9.8944079876e-01
3.8000000000e+01,4.0000000000e+02,2.0000000000e+00,7.9298001528e-01
3.8000000000e+01,4.0000000000e+02,3.0000000000e+00,8.4613859653e-01
3.8000000000e+01,4.0000000000e+02,4.0000000000e+00,8.4170389175e-01
3.8000000000e+01,4.0000000000e+02,5.0000000000e+00,8.5966974497e-01
3.8000000000e+01,4.0000000000e+02,6.0000000000e+00,8.6054569483e-01
3.8000000000e+01,4.0000000000e+02,7.0000000000e+00,8.6605787277e-01
3.8000000000e+01,4.0000000000e+02,8.0000000000e+00,8.6644756794e-01
3.8000000000e+01,4.0000000000e+02,9.0000000000e+00,8.6820906401e-01
3.8000000000e+01,4.0000000000e+02,1.0000000000e+01,8.6831986904e-01
3.8000000000e+01,4.0000000000e+02,1.1000000000e+01,8.6891156435e-01
3.8000000000e+01,4.0000000000e+02,1.2000000000e+01,8.6893534660e-01
3.8000000000e+01,4.0000000000e+02,1.3000000000e+01,8.6914318800e-01
3.8000000000e+01,4.0000000000e+02,1.4000000000e+01,8.6914485693e-01
3.8000000000e+01,4.0000000000e+02,1.5000000000e+01,8.6922073364e-01
3.8000000000e+01,4.0000000000e+02,1.6000000000e+01,8.6921846867e-01
3.8000000000e+01,4.0000000000e+02,1.7000000000e+01,8.6924719810e-01
3.8000000000e+01,4.0000000000e+02,1.8000000000e+01,8.6924493313e-01
3.8000000000e+01,4.0000000000e+02,1.9000000000e+01,8.6925625801e-01
3.8000000000e+01,4.0000000000e+02,2.0000000000e+01,8.6925470829e-01
3.8000000000e+01,4.0000000000e+02,2.1000000000e+01,8.6925929785e-01
3.8000000000e+01,4.0000000000e+02,2.2000000000e+01,8.6925846338e-01
3.8000000000e+01,4.0000000000e+02,2.3000000000e+01,8.6926031113e-01
3.8000000000e+01,4.0000000000e+02,2.4000000000e+01,8.6925995350e-01
3.8000000000e+01,4.0000000000e+02,2.5000000000e+01,8.6926078796e-01
3.8000000000e+01,4.0000000000e+02,2.6000000000e+01,8.6926048994e-01
3.8000000000e+01,4.0000000000e+02,2.7000000000e+01,8.6926090717e-01
3.8000000000e+01,4.0000000000e+02,2.8000000000e+01,8.6926072836e-01
3.8000000000e+01,4.0000000000e+02,2.9000000000e+01,8.6926078796e-01
3.8000000000e+01,4.0000000000e+02,3.0000000000e+01,8.6926078796e-01
3.8000000000e+01,4.0000000000e+02,3.1000000000e+01,8.6926084757e-01
6.6000000000e+01,1.0000000000e+01,0.0000000000e+00,1.9933962822e+00
6.6000000000e+01,1.0000000000e+01,1.0000000000e+00,4.2954039574e+00
6.6000000000e+01,1.0000000000e+01,2.0000000000e+00,4.0444111824e+00
6.6000000000e+01,1.0000000000e+01,3.0000000000e+00,5.6637563705e+00
6.6000000000e+01,1.0000000000e+01,4.0000000000e+00,5.8078022003e+00
6.6000000000e+01,1.0000000000e+01,5.0000000000e+00,8.5943584442e+00
6.6000000000e+01,1.0000000000e+01,6.0000000000e+00,1.2879006386e+01
6.6000000000e+01,1.0000000000e+01,7.0000000000e+00,3.3709312439e+01
6.6000000000e+01,1.0000000000e+01,8.0000000000e+00,1.0800703430e+02
6.6000000000e+01,1.0000000000e+01,9.0000000000e+00,4.3387377930e+02
6.6000000000e+01,1.0000000000e+01,1.0000000000e+01,1.8512956543e+03
6.6000000000e+01,1.0000000000e+01,1.1000000000e+01,8.3372050781e+03
6.6000000000e+01,1.0000000000e+01,1.2000000000e+01,3.8526539062e+04
6.6000000000e+01,1.0000000000e+01,1.3000000000e+01,1.8184009375e+05
6.6000000000e+01,1.0000000000e+01,1.4000000000e+01,8.7031087500e+05
6.6000000000e+01,1.0000000000e+01,1.5000000000e+01,4.2098560000e+06
6.6000000000e+01,1.0000000000e+01,1.6000000000e+01,2.0520232000e+07
6.6000000000e+01,1.0000000000e+01,1.7000000000e+01,1.0060014400e+08
6.6000000000e+01,1.0000000000e+01,1.8000000000e+01,4.9532531200e+08
6.6000000000e+01,1.0000000000e+01,1.9000000000e+01,2.4469125120e+09
6.6000000000e+01,1.0000000000e+01,2.0000000000e+01,1.2118685696e+10
6.6000000000e+01,1.0000000000e+01,2.1000000000e+01,6.0139753472e+10
6.6000000000e+01,1.0000000000e+01,2.2000000000e+01,2.9892090266e+11
6.6000000000e+01,1.0000000000e+01,2.3000000000e+01,1.4876572385e+12
6.6000000000e+01,1.0000000000e+01,2.4000000000e+01,7.4113204879e+12
6.6000000000e+01,1.0000000000e+01,2.5000000000e+01,3.6953240109e+13
6.6000000000e+01,1.0000000000e+01,2.6000000000e+01,1.8437787930e+14
6.6000000000e+01,1.0000000000e+01,2.7000000000e+01,9.2047605026e+14
6.6000000000e+01,1.0000000000e+01,2.8000000000e+01,4.5975058661e+15
6.6000000000e+01,1.0000000000e+01,2.9000000000e+01,2.2972302598e+16
6.6000000000e+01,1.0000000000e+01,3.0000000000e+01,1.1482366574e+17
6.6000000000e+01,1.0000000000e+01,3.1000000000e+01,5.7409041139e+17
6.6000000000e+01,3.8000000000e+01,0.0000000000e+00,1.9932549000e+00
6.6000000000e+01,3.8000000000e+01,1.0000000000e+00,2.2978391647e+00
6.6000000000e+01,3.8000000000e+01,2.0000000000e+00,1.9147994518e+00
6.6000000000e+01,3.8000000000e+01,3.0000000000e+00,2.3295152187e+00
6.6000000000e+01,3.8000000000e+01,4.0000000000e+00,2.2133817673e+00
6.6000000000e+01,3.8000000000e+01,5.0000000000e+00,2.5717124939e+00
6.6000000000e+01,3.8000000000e+01,6.0000000000e+00,2.5369057655e+00
6.6000000000e+01,3.8000000000e+01,7.0000000000e+00,3.0131812096e+00
6.6000000000e+01,3.8000000000e+01,8.0000000000e+00,3.2303638458e+00
6.6000000000e+01,3.8000000000e+01,9.0000000000e+00,4.3753266335e+00
6.6000000000e+01,3.8000000000e+01,1.0000000000e+01,5.9713764191e+00
6.6000000000e+01,3.8000000000e+01,1.1000000000e+01,1.0627409935e+01
6.6000000000e+01,3.8000000000e+01,1.2000000000e+01,2.0276134491e+01
6.6000000000e+01,3.8000000000e+01,1.3000000000e+01,4.5080677032e+01
6.6000000000e+01,3.8000000000e+01,1.4000000000e+01,1.0367347717e+02
6.6000000000e+01,3.8000000000e+01,1.5000000000e+01,2.5135302734e+02
6.6000000000e+01,3.8000000000e+01,1.6000000000e+01,6.1664013672e+02
6.6000000000e+01,3.8000000000e+01,1.7000000000e+01,1.5399554443e+03
6.6000000000e+01,3.8000000000e+01,1.8000000000e+01,3.8675825195e+03
6.6000000000e+01,3.8000000000e+01,1.9000000000e+01,9.7849208984e+03
6.6000000000e+01,3.8000000000e+01,2.0000000000e+01,2.4841371094e+04
6.6000000000e+01,3.8000000000e+01,2.1000000000e+01,6.3300460938e+04
6.6000000000e+01,3.8000000000e+01,2.2000000000e+01,1.6166953125e+05
6.6000000000e+01,3.8000000000e+01,2.3000000000e+01,4.1379912500e+05
6.6000000000e+01,3.8000000000e+01,2.4000000000e+01,1.0607750000e+06
6.6000000000e+01,3.8000000000e+01,2.5000000000e+01,2.7230605000e+06
6.6000000000e+01,3.8000000000e+01,2.6000000000e+01,6.9977645000e+06
6.6000000000e+01,3.8000000000e+01,2.7000000000e+01,1.7999896000e+07
6.6000000000e+01,3.8000000000e+01,2.8000000000e+01,4.6335712000e+07
6.6000000000e+01,3.8000000000e+01,2.9000000000e+01,1.1935843200e+08
6.6000000000e+01,3.8000000000e+01,3.0000000000e+01,3.0763628800e+08
6.6000000000e+01,3.8000000000e+01,3.1000000000e+01,7.9330092800e+08
6.6000000000e+01,6.6000000000e+01,0.0000000000e+00,1.9953471422e+00
6.6000000000e+01,6.6000000000e+01,1.0000000000e+00,1.5263512135e+00
6.6000000000e+01,6.6000000000e+01,2.0000000000e+00,1.1088831425e+00
6.6000000000e+01,6.6000000000e+01,3.0000000000e+00,1.2072001696e+00
6.6000000000e+01,6.6000000000e+01,4.0000000000e+00,1.0673843622e+00
6.6000000000e+01,6.6000000000e+01,5.0000000000e+00,1.1550378799e+00
6.6000000000e+01,6.6000000000e+01,6.0000000000e+00,1.0738923550e+00
6.6000000000e+01,6.6000000000e+01,7.0000000000e+00,1.1611514091e+00
6.6000000000e+01,6.6000000000e+01,8.0000000000e+00,1.1081193686e+00
6.6000000000e+01,6.6000000000e+01,9.0000000000e+00,1.2123391628e+00
6.6000000000e+01,6.6000000000e+01,1.0000000000e+01,1.1906197071e+00
6.6000000000e+01,6.6000000000e+01,1.1000000000e+01,1.3451029062e+00
6.6000000000e+01,6.6000000000e+01,1.2000000000e+01,1.3923088312e+00
6.6000000000e+01,6.6000000000e+01,1.3000000000e+01,1.6802490950e+00
6.6000000000e+01,6.6000000000e+01,1.4000000000e+01,1.9208250046e+00
6.6000000000e+01,6.6000000000e+01,1.5000000000e+01,2.5771856308e+00
6.6000000000e+01,6.6000000000e+01,1.6000000000e+01,3.3996798992e+00
6.6000000000e+01,6.6000000000e+01,1.7000000000e+01,5.1342787743e+00
6.6000000000e+01,6.6000000000e+01,1.8000000000e+01,7.7710514069e+00
6.6000000000e+01,6.6000000000e+01,1.9000000000e+01,1.2826801300e+01
6.6000000000e+01,6.6000000000e+01,2.0000000000e+01,2.1282852173e+01
6.6000000000e+01,6.6000000000e+01,2.1000000000e+01,3.6983364105e+01
6.6000000000e+01,6.6000000000e+01,2.2000000000e+01,6.4571777344e+01
6.6000000000e+01,6.6000000000e+01,2.3000000000e+01,1.1542839813e+02
6.6000000000e+01,6.6000000000e+01,2.4000000000e+01,2.0725041199e+02
6.6000000000e+01,6.6000000000e+01,2.5000000000e+01,3.7685855103e+02
6.6000000000e+01,6.6000000000e+01,2.6000000000e+01,6.8805987549e+02
6.6000000000e+01,6.6000000000e+01,2.7000000000e+01,1.2656600342e+03
6.6000000000e+01,6.6000000000e+01,2.8000000000e+01,2.3364387207e+03
6.6000000000e+01,6.6000000000e+01,2.9000000000e+01,4.3339555664e+03
6.6000000000e+01,6.6000000000e+01,3.0000000000e+01,8.0631679688e+03
6.6000000000e+01,6.6000000000e+01,3.1000000000e+01,1.5051253906e+04
6.6000000000e+01,9.4000000000e+01,0.0000000000e+00,2.0058856010e+00
6.6000000000e+01,9.4000000000e+01,1.0000000000e+00,1.3216105700e+00
6.6000000000e+01,9.4000000000e+01,2.0000000000e+00,9.0502792597e-01
6.6000000000e+01,9.4000000000e+01,3.0000000000e+00,9.5841181278e-01
6.6000000000e+01,9.4000000000e+01,4.0000000000e+00,8.4705245495e-01
6.6000000000e+01,9.4000000000e+01,5.0000000000e+00,8.9731574059e-01
6.6000000000e+01,9.4000000000e+01,6.0000000000e+00,8.4444153309e-01
6.6000000000e+01,9.4000000000e+01,7.0000000000e+00,8.8898396492e-01
6.6000000000e+01,9.4000000000e+01,8.0000000000e+00,8.5817593336e-01
6.6000000000e+01,9.4000000000e+01,9.0000000000e+00,9.0279489756e-01
6.6000000000e+01,9.4000000000e+01,1.0000000000e+01,8.8636642694e-01
6.6000000000e+01,9.4000000000e+01,1.1000000000e+01,9.4030618668e-01
6.6000000000e+01,9.4000000000e+01,1.2000000000e+01,9.4352138042e-01
6.6000000000e+01,9.4000000000e+01,1.3000000000e+01,1.0263642073e+00
6.6000000000e+01,9.4000000000e+01,1.4000000000e+01,1.0741013288e+00
6.6000000000e+01,9.4000000000e+01,1.5000000000e+01,1.2349336147e+00
6.6000000000e+01,9.4000000000e+01,1.6000000000e+01,1.4015160799e+00
6.6000000000e+01,9.4000000000e+01,1.7000000000e+01,1.7723231316e+00
6.6000000000e+01,9.4000000000e+01,1.8000000000e+01,2.2700579166e+00
6.6000000000e+01,9.4000000000e+01,1.9000000000e+01,3.2177810669e+00
6.6000000000e+01,9.4000000000e+01,2.0000000000e+01,4.6532950401e+00
6.6000000000e+01,9.4000000000e+01,2.1000000000e+01,7.2181496620e+00
6.6000000000e+01,9.4000000000e+01,2.2000000000e+01,1.1336853027e+01
6.6000000000e+01,9.4000000000e+01,2.3000000000e+01,1.8506244659e+01
6.6000000000e+01,9.4000000000e+01,2.4000000000e+01,3.0365905762e+01
6.6000000000e+01,9.4000000000e+01,2.5000000000e+01,5.0799365997e+01
6.6000000000e+01,9.4000000000e+01,2.6000000000e+01,8.5145797729e+01
6.6000000000e+01,9.4000000000e+01,2.7000000000e+01,1.4411744690e+02
6.6000000000e+01,9.4000000000e+01,2.8000000000e+01,2.4415667725e+02
6.6000000000e+01,9.4000000000e+01,2.9000000000e+01,4.1581604004e+02
6.6000000000e+01,9.4000000000e+01,3.0000000000e+01,7.0865234375e+02
6.6000000000e+01,9.4000000000e+01,3.1000000000e+01,1.2114025879e+03
6.6000000000e+01,1.2100000000e+02,0.0000000000e+00,1.9988371134e+00
6.6000000000e+01,1.2100000000e+02,1.0000000000e+00,1.0413962603e+00
6.6000000000e+01,1.2100000000e+02,2.0000000000e+00,6.7059773207e-01
6.6000000000e+01,1.2100000000e+02,3.0000000000e+00,6.6524410248e-01
6.6000000000e+01,1.2100000000e+02,4.0000000000e+00,5.8580601215e-01
6.6000000000e+01,1.2100000000e+02,5.0000000000e+00,6.0267031193e-01
6.6000000000e+01,1.2100000000e+02,6.0000000000e+00,5.7261908054e-01
6.6000000000e+01,1.2100000000e+02,7.0000000000e+00,5.8952003717e-01
6.6000000000e+01,1.2100000000e+02,8.0000000000e+00,5.7490748167e-01
6.6000000000e+01,1.2100000000e+02,9.0000000000e+00,5.8988195658e-01
6.6000000000e+01,1.2100000000e+02,1.0000000000e+01,5.8158946037e-01
6.6000000000e+01,1.2100000000e+02,1.1000000000e+01,5.9509742260e-01
6.6000000000e+01,1.2100000000e+02,1.2000000000e+01,5.9006810188e-01
6.6000000000e+01,1.2100000000e+02,1.3000000000e+01,6.0308283567e-01
6.6000000000e+01,1.2100000000e+02,1.4000000000e+01,6.0043281317e-01
6.6000000000e+01,1.2100000000e+02,1.5000000000e+01,6.1428135633e-01
6.6000000000e+01,1.2100000000e+02,1.6000000000e+01,6.1434328556e-01
6.6000000000e+01,1.2100000000e+02,1.7000000000e+01,6.3098728657e-01
6.6000000000e+01,1.2100000000e+02,1.8000000000e+01,6.3532578945e-01
6.6000000000e+01,1.2100000000e+02,1.9000000000e+01,6.5800940990e-01
6.6000000000e+01,1.2100000000e+02,2.0000000000e+01,6.7011284828e-01
6.6000000000e+01,1.2100000000e+02,2.1000000000e+01,7.0463323593e-01
6.6000000000e+01,1.2100000000e+02,2.2000000000e+01,7.3155593872e-01
6.6000000000e+01,1.2100000000e+02,2.3000000000e+01,7.8876423836e-01
6.6000000000e+01,1.2100000000e+02,2.4000000000e+01,8.4453719854e-01
6.6000000000e+01,1.2100000000e+02,2.5000000000e+01,9.4532167912e-01
6.6000000000e+01,1.2100000000e+02,2.6000000000e+01,1.0579000711e+00
6.6000000000e+01,1.2100000000e+02,2.7000000000e+01,1.2432321310e+00
6.6000000000e+01,1.2100000000e+02,2.8000000000e+01,1.4686583281e+00
6.6000000000e+01,1.2100000000e+02,2.9000000000e+01,1.8200215101e+00
6.6000000000e+01,1.2100000000e+02,3.0000000000e+01,2.2714400291e+00
6.6000000000e+01,1.2100000000e+02,3.1000000000e+01,2.9526810646e+00
6.6000000000e+01,1.4900000000e+02,0.0000000000e+00,2.0062232018e+00
6.6000000000e+01,1.4900000000e+02,1.0000000000e+00,8.7500888109e-01
6.6000000000e+01,1.4900000000e+02,2.0000000000e+00,5.2693974972e-01
6.6000000000e+01,1.4900000000e+02,3.0000000000e+00,5.0746470690e-01
6.6000000000e+01,1.4900000000e+02,4.0000000000e+00,4.4853073359e-01
6.6000000000e+01,1.4900000000e+02,5.0000000000e+00,4.5926162601e-01
6.6000000000e+01,1.4900000000e+02,6.0000000000e+00,4.4230088592e-01
6.6000000000e+01,1.4900000000e+02,7.0000000000e+00,4.5346581936e-01
6.6000000000e+01,1.4900000000e+02,8.0000000000e+00,4.4731169939e-01
6.6000000000e+01,1.4900000000e+02,9.0000000000e+00,4.5598948002e-01
6.6000000000e+01,1.4900000000e+02,1.0000000000e+01,4.5329713821e-01
6.6000000000e+01,1.4900000000e+02,1.1000000000e+01,4.5971634984e-01
6.6000000000e+01,1.4900000000e+02,1.2000000000e+01,4.5827636123e-01
6.6000000000e+01,1.4900000000e+02,1.3000000000e+01,4.6302396059e-01
6.6000000000e+01,1.4900000000e+02,1.4000000000e+01,4.6209037304e-01
6.6000000000e+01,1.4900000000e+02,1.5000000000e+01,4.6566963196e-01
6.6000000000e+01,1.4900000000e+02,1.6000000000e+01,4.6498200297e-01
6.6000000000e+01,1.4900000000e+02,1.7000000000e+01,4.6776857972e-01
6.6000000000e+01,1.4900000000e+02,1.8000000000e+01,4.6724498272e-01
6.6000000000e+01,1.4900000000e+02,1.9000000000e+01,4.6951490641e-01
6.6000000000e+01,1.4900000000e+02,2.0000000000e+01,4.6914690733e-01
6.6000000000e+01,1.4900000000e+02,2.1000000000e+01,4.7111102939e-01
6.6000000000e+01,1.4900000000e+02,2.2000000000e+01,4.7092893720e-01
6.6000000000e+01,1.4900000000e+02,2.3000000000e+01,4.7276332974e-01
6.6000000000e+01,1.4900000000e+02,2.4000000000e+01,4.7282826900e-01
6.6000000000e+01,1.4900000000e+02,2.5000000000e+01,4.7470071912e-01
6.6000000000e+01,1.4900000000e+02,2.6000000000e+01,4.7511053085e-01
6.6000000000e+01,1.4900000000e+02,2.7000000000e+01,4.7720646858e-01
6.6000000000e+01,1.4900000000e+02,2.8000000000e+01,4.7811141610e-01
6.6000000000e+01,1.4900000000e+02,2.9000000000e+01,4.8066356778e-01
6.6000000000e+01,1.4900000000e+02,3.0000000000e+01,4.8229235411e-01
6.6000000000e+01,1.4900000000e+02,3.1000000000e+01,4.8561987281e-01
6.6000000000e+01,1.7700000000e+02,0.0000000000e+00,1.9954638481e+00
6.6000000000e+01,1.7700000000e+02,1.0000000000e+00,7.8827685118e-01
6.6000000000e+01,1.7700000000e+02,2.0000000000e+00,4.7182685137e-01
6.6000000000e+01,1.7700000000e+02,3.0000000000e+00,4.4868016243e-01
6.6000000000e+01,1.7700000000e+02,4.0000000000e+00,4.0232056379e-01
6.6000000000e+01,1.7700000000e+02,5.0000000000e+00,4.1030126810e-01
6.6000000000e+01,1.7700000000e+02,6.0000000000e+00,3.9851978421e-01
6.6000000000e+01,1.7700000000e+02,7.0000000000e+00,4.0664801002e-01
6.6000000000e+01,1.7700000000e+02,8.0000000000e+00,4.0270295739e-01
6.6000000000e+01,1.7700000000e+02,9.0000000000e+00,4.0851876140e-01
6.6000000000e+01,1.7700000000e+02,1.0000000000e+01,4.0681245923e-01
6.6000000000e+01,1.7700000000e+02,1.1000000000e+01,4.1076305509e-01
6.6000000000e+01,1.7700000000e+02,1.2000000000e+01,4.0981483459e-01
6.6000000000e+01,1.7700000000e+02,1.3000000000e+01,4.1251650453e-01
6.6000000000e+01,1.7700000000e+02,1.4000000000e+01,4.1188797355e-01
6.6000000000e+01,1.7700000000e+02,1.5000000000e+01,4.1379106045e-01
6.6000000000e+01,1.7700000000e+02,1.6000000000e+01,4.1334798932e-01
6.6000000000e+01,1.7700000000e+02,1.7000000000e+01,4.1474956274e-01
6.6000000000e+01,1.7700000000e+02,1.8000000000e+01,4.1445624828e-01
6.6000000000e+01,1.7700000000e+02,1.9000000000e+01,4.1555058956e-01
6.6000000000e+01,1.7700000000e+02,2.0000000000e+01,4.1540884972e-01
6.6000000000e+01,1.7700000000e+02,2.1000000000e+01,4.1632843018e-01
6.6000000000e+01,1.7700000000e+02,2.2000000000e+01,4.1636049747e-01
6.6000000000e+01,1.7700000000e+02,2.3000000000e+01,4.1720473766e-01
6.6000000000e+01,1.7700000000e+02,2.4000000000e+01,4.1745081544e-01
6.6000000000e+01,1.7700000000e+02,2.5000000000e+01,4.1830632091e-01
6.6000000000e+01,1.7700000000e+02,2.6000000000e+01,4.1882857680e-01
6.6000000000e+01,1.7700000000e+02,2.7000000000e+01,4.1978576779e-01
6.6000000000e+01,1.7700000000e+02,2.8000000000e+01,4.2067670822e-01
6.6000000000e+01,1.7700000000e+02,2.9000000000e+01,4.2184555531e-01
6.6000000000e+01,1.7700000000e+02,3.0000000000e+01,4.2324113846e-01
6.6000000000e+01,1.7700000000e+02,3.1000000000e+01,4.2476961017e-01
6.6000000000e+01,2.0500000000e+02,0.0000000000e+00,1.9975576401e+00
6.6000000000e+01,2.0500000000e+02,1.0000000000e+00,7.1435415745e-01
6.6000000000e+01,2.0500000000e+02,2.0000000000e+00,4.1051340103e-01
6.6000000000e+01,2.0500000000e+02,3.0000000000e+00,3.8952553272e-01
6.6000000000e+01,2.0500000000e+02,4.0000000000e+00,3.5376238823e-01
6.6000000000e+01,2.0500000000e+02,5.0000000000e+00,3.6132472754e-01
6.6000000000e+01,2.0500000000e+02,6.0000000000e+00,3.5440105200e-01
6.6000000000e+01,2.0500000000e+02,7.0000000000e+00,3.6097553372e-01
6.6000000000e+01,2.0500000000e+02,8.0000000000e+00,3.5928630829e-01
6.6000000000e+01,2.0500000000e+02,9.0000000000e+00,3.6344078183e-01
6.6000000000e+01,2.0500000000e+02,1.0000000000e+01,3.6287501454e-01
6.6000000000e+01,2.0500000000e+02,1.1000000000e+01,3.6538106203e-01
6.6000000000e+01,2.0500000000e+02,1.2000000000e+01,3.6507627368e-01
6.6000000000e+01,2.0500000000e+02,1.3000000000e+01,3.6659640074e-01
6.6000000000e+01,2.0500000000e+02,1.4000000000e+01,3.6636397243e-01
6.6000000000e+01,2.0500000000e+02,1.5000000000e+01,3.6730754375e-01
6.6000000000e+01,2.0500000000e+02,1.6000000000e+01,3.6710846424e-01
6.6000000000e+01,2.0500000000e+02,1.7000000000e+01,3.6771249771e-01
6.6000000000e+01,2.0500000000e+02,1.8000000000e+01,3.6753961444e-01
6.6000000000e+01,2.0500000000e+02,1.9000000000e+01,3.6794009805e-01
6.6000000000e+01,2.0500000000e+02,2.0000000000e+01,3.6779102683e-01
6.6000000000e+01,2.0500000000e+02,2.1000000000e+01,3.6806672812e-01
6.6000000000e+01,2.0500000000e+02,2.2000000000e+01,3.6793905497e-01
6.6000000000e+01,2.0500000000e+02,2.3000000000e+01,3.6813637614e-01
6.6000000000e+01,2.0500000000e+02,2.4000000000e+01,3.6802715063e-01
6.6000000000e+01,2.0500000000e+02,2.5000000000e+01,3.6817389727e-01
6.6000000000e+01,2.0500000000e+02,2.6000000000e+01,3.6808010936e-01
6.6000000000e+01,2.0500000000e+02,2.7000000000e+01,3.6819350719e-01
6.6000000000e+01,2.0500000000e+02,2.8000000000e+01,3.6811232567e-01
6.6000000000e+01,2.0500000000e+02,2.9000000000e+01,3.6820304394e-01
6.6000000000e+01,2.0500000000e+02,3.0000000000e+01,3.6813208461e-01
6.6000000000e+01,2.0500000000e+02,3.1000000000e+01,3.6820709705e-01
6.6000000000e+01,2.3300000000e+02,0.0000000000e+00,1.9981582165e+00
6.6000000000e+01,2.3300000000e+02,1.0000000000e+00,6.0927289724e-01
6.6000000000e+01,2.3300000000e+02,2.0000000000e+00,3.2126817107e-01
6.6000000000e+01,2.3300000000e+02,3.0000000000e+00,3.0061358213e-01
6.6000000000e+01,2.3300000000e+02,4.0000000000e+00,2.7222692966e-01
6.6000000000e+01,2.3300000000e+02,5.0000000000e+00,2.7907502651e-01
6.6000000000e+01,2.3300000000e+02,6.0000000000e+00,2.7485498786e-01
6.6000000000e+01,2.3300000000e+02,7.0000000000e+00,2.8013578057e-01
6.6000000000e+01,2.3300000000e+02,8.0000000000e+00,2.7955675125e-01
6.6000000000e+01,2.3300000000e+02,9.0000000000e+00,2.8250449896e-01
6.6000000000e+01,2.3300000000e+02,1.0000000000e+01,2.8249832988e-01
6.6000000000e+01,2.3300000000e+02,1.1000000000e+01,2.8405168653e-01
6.6000000000e+01,2.3300000000e+02,1.2000000000e+01,2.8410482407e-01
6.6000000000e+01,2.3300000000e+02,1.3000000000e+01,2.8491276503e-01
6.6000000000e+01,2.3300000000e+02,1.4000000000e+01,2.8495419025e-01
6.6000000000e+01,2.3300000000e+02,1.5000000000e+01,2.8537064791e-01
6.6000000000e+01,2.3300000000e+02,1.6000000000e+01,2.8540226817e-01
6.6000000000e+01,2.3300000000e+02,1.7000000000e+01,2.8561139107e-01
6.6000000000e+01,2.3300000000e+02,1.8000000000e+01,2.8564119339e-01
6.6000000000e+01,2.3300000000e+02,1.9000000000e+01,2.8573855758e-01
6.6000000000e+01,2.3300000000e+02,2.0000000000e+01,2.8577113152e-01
6.6000000000e+01,2.3300000000e+02,2.1000000000e+01,2.8580686450e-01
6.6000000000e+01,2.3300000000e+02,2.2000000000e+01,2.8584399819e-01
6.6000000000e+01,2.3300000000e+02,2.3000000000e+01,2.8584483266e-01
6.6000000000e+01,2.3300000000e+02,2.4000000000e+01,2.8588679433e-01
6.6000000000e+01,2.3300000000e+02,2.5000000000e+01,2.8586721420e-01
6.6000000000e+01,2.3300000000e+02,2.6000000000e+01,2.8591373563e-01
6.6000000000e+01,2.3300000000e+02,2.7000000000e+01,2.8588184714e-01
6.6000000000e+01,2.3300000000e+02,2.8000000000e+01,2.8593233228e-01
6.6000000000e+01,2.3300000000e+02,2.9000000000e+01,2.8589263558e-01
6.6000000000e+01,2.3300000000e+02,3.0000000000e+01,2.8594666719e-01
6.6000000000e+01,2.3300000000e+02,3.1000000000e+01,2.8590175509e-01
6.6000000000e+01,2.6100000000e+02,0.0000000000e+00,2.0114541054e+00
6.6000000000e+01,2.6100000000e+02,1.0000000000e+00,5.6359946728e-01
6.6000000000e+01,2.6100000000e+02,2.0000000000e+00,3.0034148693e-01
6.6000000000e+01,2.6100000000e+02,3.0000000000e+00,2.7776533365e-01
6.6000000000e+01,2.6100000000e+02,4.0000000000e+00,2.5734549761e-01
6.6000000000e+01,2.6100000000e+02,5.0000000000e+00,2.6246732473e-01
6.6000000000e+01,2.6100000000e+02,6.0000000000e+00,2.6054111123e-01
6.6000000000e+01,2.6100000000e+02,7.0000000000e+00,2.6441591978e-01
6.6000000000e+01,2.6100000000e+02,8.0000000000e+00,2.6449263096e-01
6.6000000000e+01,2.6100000000e+02,9.0000000000e+00,2.6650348306e-01
6.6000000000e+01,2.6100000000e+02,1.0000000000e+01,2.6667639613e-01
6.6000000000e+01,2.6100000000e+02,1.1000000000e+01,2.6766240597e-01
6.6000000000e+01,2.6100000000e+02,1.2000000000e+01,2.6775366068e-01
6.6000000000e+01,2.6100000000e+02,1.3000000000e+01,2.6823693514e-01
6.6000000000e+01,2.6100000000e+02,1.4000000000e+01,2.6827275753e-01
6.6000000000e+01,2.6100000000e+02,1.5000000000e+01,2.6851329207e-01
6.6000000000e+01,2.6100000000e+02,1.6000000000e+01,2.6852330565e-01
6.6000000000e+01,2.6100000000e+02,1.7000000000e+01,2.6864543557e-01
6.6000000000e+01,2.6100000000e+02,1.8000000000e+01,2.6864546537e-01
6.6000000000e+01,2.6100000000e+02,1.9000000000e+01,2.6870873570e-01
6.6000000000e+01,2.6100000000e+02,2.0000000000e+01,2.6870584488e-01
6.6000000000e+01,2.6100000000e+02,2.1000000000e+01,2.6873922348e-01
6.6000000000e+01,2.6100000000e+02,2.2000000000e+01,2.6873606443e-01
6.6000000000e+01,2.6100000000e+02,2.3000000000e+01,2.6875397563e-01
6.6000000000e+01,2.6100000000e+02,2.4000000000e+01,2.6875144243e-01
6.6000000000e+01,2.6100000000e+02,2.5000000000e+01,2.6876106858e-01
6.6000000000e+01,2.6100000000e+02,2.6000000000e+01,2.6875939965e-01
6.6000000000e+01,2.6100000000e+02,2.7000000000e+01,2.6876455545e-01
6.6000000000e+01,2.6100000000e+02,2.8000000000e+01,2.6876345277e-01
6.6000000000e+01,2.6100000000e+02,2.9000000000e+01,2.6876625419e-01
6.6000000000e+01,2.6100000000e+02,3.0000000000e+01,2.6876565814e-01
6.6000000000e+01,2.6100000000e+02,3.1000000000e+01,2.6876708865e-01
6.6000000000e+01,2.8900000000e+02,0.0000000000e+00,2.0041198730e+00
6.6000000000e+01,2.8900000000e+02,1.0000000000e+00,5.8242827654e-01
6.6000000000e+01,2.8900000000e+02,2.0000000000e+00,3.3009013534e-01
6.6000000000e+01,2.8900000000e+02,3.0000000000e+00,3.2115215063e-01
6.6000000000e+01,2.8900000000e+02,4.0000000000e+00,3.0430585146e-01
6.6000000000e+01,2.8900000000e+02,5.0000000000e+00,3.1173446774e-01
6.6000000000e+01,2.8900000000e+02,6.0000000000e+00,3.1050923467e-01
6.6000000000e+01,2.8900000000e+02,7.0000000000e+00,3.1448245049e-01
6.6000000000e+01,2.8900000000e+02,8.0000000000e+00,3.1461873651e-01
6.6000000000e+01,2.8900000000e+02,9.0000000000e+00,3.1640297174e-01
6.6000000000e+01,2.8900000000e+02,1.0000000000e+01,3.1653255224e-01
6.6000000000e+01,2.8900000000e+02,1.1000000000e+01,3.1732317805e-01
6.6000000000e+01,2.8900000000e+02,1.2000000000e+01,3.1737586856e-01
6.6000000000e+01,2.8900000000e+02,1.3000000000e+01,3.1773316860e-01
6.6000000000e+01,2.8900000000e+02,1.4000000000e+01,3.1774678826e-01
6.6000000000e+01,2.8900000000e+02,1.5000000000e+01,3.1791299582e-01
6.6000000000e+01,2.8900000000e+02,1.6000000000e+01,3.1791204214e-01
6.6000000000e+01,2.8900000000e+02,1.7000000000e+01,3.1799191236e-01
6.6000000000e+01,2.8900000000e+02,1.8000000000e+01,3.1798699498e-01
6.6000000000e+01,2.8900000000e+02,1.9000000000e+01,3.1802666187e-01
6.6000000000e+01,2.8900000000e+02,2.0000000000e+01,3.1802162528e-01
6.6000000000e+01,2.8900000000e+02,2.1000000000e+01,3.1804203987e-01
6.6000000000e+01,2.8900000000e+02,2.2000000000e+01,3.1803798676e-01
6.6000000000e+01,2.8900000000e+02,2.3000000000e+01,3.1804883480e-01
6.6000000000e+01,2.8900000000e+02,2.4000000000e+01,3.1804579496e-01
6.6000000000e+01,2.8900000000e+02,2.5000000000e+01,3.1805178523e-01
6.6000000000e+01,2.8900000000e+02,2.6000000000e+01,3.1804966927e-01
6.6000000000e+01,2.8900000000e+02,2.7000000000e+01,3.1805303693e-01
6.6000000000e+01,2.8900000000e+02,2.8000000000e+01,3.1805157661e-01
6.6000000000e+01,2.8900000000e+02,2.9000000000e+01,3.1805360317e-01
6.6000000000e+01,2.8900000000e+02,3.0000000000e+01,3.1805258989e-01
6.6000000000e+01,2.8900000000e+02,3.1000000000e+01,3.1805378199e-01
6.6000000000e+01,3.1600000000e+02,0.0000000000e+00,2.0068755150e+00
6.6000000000e+01,3.1600000000e+02,1.0000000000e+00,5.5432140827e-01
6.6000000000e+01,3.1600000000e+02,2.0000000000e+00,3.2638317347e-01
6.6000000000e+01,3.1600000000e+02,3.0000000000e+00,3.1902283430e-01
6.6000000000e+01,3.1600000000e+02,4.0000000000e+00,3.0962166190e-01
6.6000000000e+01,3.1600000000e+02,5.0000000000e+00,3.1645712256e-01
6.6000000000e+01,3.1600000000e+02,6.0000000000e+00,3.1719782948e-01
6.6000000000e+01,3.1600000000e+02,7.0000000000e+00,3.2049155235e-01
6.6000000000e+01,3.1600000000e+02,8.0000000000e+00,3.2119810581e-01
6.6000000000e+01,3.1600000000e+02,9.0000000000e+00,3.2254827023e-01
6.6000000000e+01,3.1600000000e+02,1.0000000000e+01,3.2286840677e-01
6.6000000000e+01,3.1600000000e+02,1.1000000000e+01,3.2341548800e-01
6.6000000000e+01,3.1600000000e+02,1.2000000000e+01,3.2354408503e-01
6.6000000000e+01,3.1600000000e+02,1.3000000000e+01,3.2376947999e-01
6.6000000000e+01,3.1600000000e+02,1.4000000000e+01,3.2381927967e-01
6.6000000000e+01,3.1600000000e+02,1.5000000000e+01,3.2391420007e-01
6.6000000000e+01,3.1600000000e+02,1.6000000000e+01,3.2393321395e-01
6.6000000000e+01,3.1600000000e+02,1.7000000000e+01,3.2397404313e-01
6.6000000000e+01,3.1600000000e+02,1.8000000000e+01,3.2398122549e-01
6.6000000000e+01,3.1600000000e+02,1.9000000000e+01,3.2399907708e-01
6.6000000000e+01,3.1600000000e+02,2.0000000000e+01,3.2400178909e-01
6.6000000000e+01,3.1600000000e+02,2.1000000000e+01,3.2400968671e-01
6.6000000000e+01,3.1600000000e+02,2.2000000000e+01,3.2401072979e-01
6.6000000000e+01,3.1600000000e+02,2.3000000000e+01,3.2401427627e-01
6.6000000000e+01,3.1600000000e+02,2.4000000000e+01,3.2401466370e-01
6.6000000000e+01,3.1600000000e+02,2.5000000000e+01,3.2401627302e-01
6.6000000000e+01,3.1600000000e+02,2.6000000000e+01,3.2401642203e-01
6.6000000000e+01,3.1600000000e+02,2.7000000000e+01,3.2401710749e-01
6.6000000000e+01,3.1600000000e+02,2.8000000000e+01,3.2401722670e-01
6.6000000000e+01,3.1600000000e+02,2.9000000000e+01,3.2401752472e-01
6.6000000000e+01,3.1600000000e+02,3.0000000000e+01,3.2401752472e-01
6.6000000000e+01,3.1600000000e+02,3.1000000000e+01,3.2401767373e-01
6.6000000000e+01,3.4400000000e+02,0.0000000000e+00,1.9951739311e+00
6.6000000000e+01,3.4400000000e+02,1.0000000000e+00,4.4455826283e-01
6.6000000000e+01,3.4400000000e+02,2.0000000000e+00,2.2278535366e-01
6.6000000000e+01,3.4400000000e+02,3.0000000000e+00,2.0715875924e-01
6.6000000000e+01,3.4400000000e+02,4.0000000000e+00,1.9683364034e-01
6.6000000000e+01,3.4400000000e+02,5.0000000000e+00,2.0093645155e-01
6.6000000000e+01,3.4400000000e+02,6.0000000000e+00,2.0093876123e-01
6.6000000000e+01,3.4400000000e+02,7.0000000000e+00,2.0307512581e-01
6.6000000000e+01,3.4400000000e+02,8.0000000000e+00,2.0342974365e-01
6.6000000000e+01,3.4400000000e+02,9.0000000000e+00,2.0427189767e-01
6.6000000000e+01,3.4400000000e+02,1.0000000000e+01,2.0444355905e-01
6.6000000000e+01,3.4400000000e+02,1.1000000000e+01,2.0476362109e-01
6.6000000000e+01,3.4400000000e+02,1.2000000000e+01,2.0483344793e-01
6.6000000000e+01,3.4400000000e+02,1.3000000000e+01,2.0495516062e-01
6.6000000000e+01,3.4400000000e+02,1.4000000000e+01,2.0498321950e-01
6.6000000000e+01,3.4400000000e+02,1.5000000000e+01,2.0502954721e-01
6.6000000000e+01,3.4400000000e+02,1.6000000000e+01,2.0504142344e-01
6.6000000000e+01,3.4400000000e+02,1.7000000000e+01,2.0505878329e-01
6.6000000000e+01,3.4400000000e+02,1.8000000000e+01,2.0506434143e-01
6.6000000000e+01,3.4400000000e+02,1.9000000000e+01,2.0507049561e-01
6.6000000000e+01,3.4400000000e+02,2.0000000000e+01,2.0507343113e-01
6.6000000000e+01,3.4400000000e+02,2.1000000000e+01,2.0507530868e-01
6.6000000000e+01,3.4400000000e+02,2.2000000000e+01,2.0507706702e-01
6.6000000000e+01,3.4400000000e+02,2.3000000000e+01,2.0507732034e-01
6.6000000000e+01,3.4400000000e+02,2.4000000000e+01,2.0507848263e-01
6.6000000000e+01,3.4400000000e+02,2.5000000000e+01,2.0507822931e-01
6.6000000000e+01,3.4400000000e+02,2.6000000000e+01,2.0507901907e-01
6.6000000000e+01,3.4400000000e+02,2.7000000000e+01,2.0507863164e-01
6.6000000000e+01,3.4400000000e+02,2.8000000000e+01,2.0507921278e-01
6.6000000000e+01,3.4400000000e+02,2.9000000000e+01,2.0507885516e-01
6.6000000000e+01,3.4400000000e+02,3.0000000000e+01,2.0507925749e-01
6.6000000000e+01,3.4400000000e+02,3.1000000000e+01,2.0507895947e-01
6.6000000000e+01,3.7200000000e+02,0.0000000000e+00,1.9990822077e+00
6.6000000000e+01,3.7200000000e+02,1.0000000000e+00,4.0430670977e-01
6.6000000000e+01,3.7200000000e+02,2.0000000000e+00,1.9644650817e-01
6.6000000000e+01,3.7200000000e+02,3.0000000000e+00,1.7988711596e-01
6.6000000000e+01,3.7200000000e+02,4.0000000000e+00,1.7223393917e-01
6.6000000000e+01,3.7200000000e+02,5.0000000000e+00,1.7518258095e-01
6.6000000000e+01,3.7200000000e+02,6.0000000000e+00,1.7558974028e-01
6.6000000000e+01,3.7200000000e+02,7.0000000000e+00,1.7710907757e-01
6.6000000000e+01,3.7200000000e+02,8.0000000000e+00,1.7750421166e-01
6.6000000000e+01,3.7200000000e+02,9.0000000000e+00,1.7806829512e-01
6.6000000000e+01,3.7200000000e+02,1.0000000000e+01,1.7823252082e-01
6.6000000000e+01,3.7200000000e+02,1.1000000000e+01,1.7843420804e-01
6.6000000000e+01,3.7200000000e+02,1.2000000000e+01,1.7849537730e-01
6.6000000000e+01,3.7200000000e+02,1.3000000000e+01,1.7856818438e-01
6.6000000000e+01,3.7200000000e+02,1.4000000000e+01,1.7859058082e-01
6.6000000000e+01,3.7200000000e+02,1.5000000000e+01,1.7861732841e-01
6.6000000000e+01,3.7200000000e+02,1.6000000000e+01,1.7862562835e-01
6.6000000000e+01,3.7200000000e+02,1.7000000000e+01,1.7863561213e-01
6.6000000000e+01,3.7200000000e+02,1.8000000000e+01,1.7863874137e-01
6.6000000000e+01,3.7200000000e+02,1.9000000000e+01,1.7864252627e-01
6.6000000000e+01,3.7200000000e+02,2.0000000000e+01,1.7864374816e-01
6.6000000000e+01,3.7200000000e+02,2.1000000000e+01,1.7864516377e-01
6.6000000000e+01,3.7200000000e+02,2.2000000000e+01,1.7864565551e-01
6.6000000000e+01,3.7200000000e+02,2.3000000000e+01,1.7864620686e-01
6.6000000000e+01,3.7200000000e+02,2.4000000000e+01,1.7864643037e-01
6.6000000000e+01,3.7200000000e+02,2.5000000000e+01,1.7864660919e-01
6.6000000000e+01,3.7200000000e+02,2.6000000000e+01,1.7864671350e-01
6.6000000000e+01,3.7200000000e+02,2.7000000000e+01,1.7864678800e-01
6.6000000000e+01,3.7200000000e+02,2.8000000000e+01,1.7864683270e-01
6.6000000000e+01,3.7200000000e+02,2.9000000000e+01,1.7864684761e-01
6.6000000000e+01,3.7200000000e+02,3.0000000000e+01,1.7864687741e-01
6.6000000000e+01,3.7200000000e+02,3.1000000000e+01,1.7864687741e-01
6.6000000000e+01,4.0000000000e+02,0.0000000000e+00,1.9898231030e+00
6.6000000000e+01,4.0000000000e+02,1.0000000000e+00,4.5192006230e-01
6.6000000000e+01,4.0000000000e+02,2.0000000000e+00,2.5768202543e-01
6.6000000000e+01,4.0000000000e+02,3.0000000000e+00,2.5247275829e-01
6.6000000000e+01,4.0000000000e+02,4.0000000000e+00,2.4799415469e-01
6.6000000000e+01,4.0000000000e+02,5.0000000000e+00,2.5298660994e-01
6.6000000000e+01,4.0000000000e+02,6.0000000000e+00,2.5395300984e-01
6.6000000000e+01,4.0000000000e+02,7.0000000000e+00,2.5585651398e-01
6.6000000000e+01,4.0000000000e+02,8.0000000000e+00,2.5634002686e-01
6.6000000000e+01,4.0000000000e+02,9.0000000000e+00,2.5697377324e-01
6.6000000000e+01,4.0000000000e+02,1.0000000000e+01,2.5714439154e-01
6.6000000000e+01,4.0000000000e+02,1.1000000000e+01,2.5735643506e-01
6.6000000000e+01,4.0000000000e+02,1.2000000000e+01,2.5741261244e-01
6.6000000000e+01,4.0000000000e+02,1.3000000000e+01,2.5748589635e-01
6.6000000000e+01,4.0000000000e+02,1.4000000000e+01,2.5750377774e-01
6.6000000000e+01,4.0000000000e+02,1.5000000000e+01,2.5753012300e-01
6.6000000000e+01,4.0000000000e+02,1.6000000000e+01,2.5753554702e-01
6.6000000000e+01,4.0000000000e+02,1.7000000000e+01,2.5754547119e-01
6.6000000000e+01,4.0000000000e+02,1.8000000000e+01,2.5754690170e-01
6.6000000000e+01,4.0000000000e+02,1.9000000000e+01,2.5755083561e-01
6.6000000000e+01,4.0000000000e+02,2.0000000000e+01,2.5755107403e-01
6.6000000000e+01,4.0000000000e+02,2.1000000000e+01,2.5755271316e-01
6.6000000000e+01,4.0000000000e+02,2.2000000000e+01,2.5755265355e-01
6.6000000000e+01,4.0000000000e+02,2.3000000000e+01,2.5755336881e-01
6.6000000000e+01,4.0000000000e+02,2.4000000000e+01,2.5755327940e-01
6.6000000000e+01,4.0000000000e+02,2.5000000000e+01,2.5755360723e-01
6.6000000000e+01,4.0000000000e+02,2.6000000000e+01,2.5755351782e-01
6.6000000000e+01,4.0000000000e+02,2.7000000000e+01,2.5755363703e-01
6.6000000000e+01,4.0000000000e+02,2.8000000000e+01,2.5755360723e-01
6.6000000000e+01,4.0000000000e+02,2.9000000000e+01,2.5755369663e-01
6.6000000000e+01,4.0000000000e+02,3.0000000000e+01,2.5755363703e-01
6.6000000000e+01,4.0000000000e+02,3.1000000000e+01,2.5755372643e-01
9.4000000000e+01,1.0000000000e+01,0.0000000000e+00,1.9994379282e+00
9.4000000000e+01,1.0000000000e+01,1.0000000000e+00,2.9605262280e+00
9.4000000000e+01,1.0000000000e+01,2.0000000000e+00,2.8494689465e+00
9.4000000000e+01,1.0000000000e+01,3.0000000000e+00,3.4946665764e+00
9.4000000000e+01,1.0000000000e+01,4.0000000000e+00,3.5222854614e+00
9.4000000000e+01,1.0000000000e+01,5.0000000000e+00,4.3216991425e+00
9.4000000000e+01,1.0000000000e+01,6.0000000000e+00,5.0590147972e+00
9.4000000000e+01,1.0000000000e+01,7.0000000000e+00,8.9427394867e+00
9.4000000000e+01,1.0000000000e+01,8.0000000000e+00,2.0268205643e+01
9.4000000000e+01,1.0000000000e+01,9.0000000000e+00,6.7825614929e+01
9.4000000000e+01,1.0000000000e+01,1.0000000000e+01,2.5769915771e+02
9.4000000000e+01,1.0000000000e+01,1.1000000000e+01,1.0898771973e+03
9.4000000000e+01,1.0000000000e+01,1.2000000000e+01,4.8222329102e+03
9.4000000000e+01,1.0000000000e+01,1.3000000000e+01,2.2224892578e+04
9.4000000000e+01,1.0000000000e+01,1.4000000000e+01,1.0525708594e+05
9.4000000000e+01,1.0000000000e+01,1.5000000000e+01,5.0985712500e+05
9.4000000000e+01,1.0000000000e+01,1.6000000000e+01,2.5115617500e+06
9.4000000000e+01,1.0000000000e+01,1.7000000000e+01,1.2535868000e+07
9.4000000000e+01,1.0000000000e+01,1.8000000000e+01,6.3198036000e+07
9.4000000000e+01,1.0000000000e+01,1.9000000000e+01,3.2106195200e+08
9.4000000000e+01,1.0000000000e+01,2.0000000000e+01,1.6406698240e+09
9.4000000000e+01,1.0000000000e+01,2.1000000000e+01,8.4218987520e+09
9.4000000000e+01,1.0000000000e+01,2.2000000000e+01,4.3381436416e+10
9.4000000000e+01,1.0000000000e+01,2.3000000000e+01,2.2405873664e+11
9.4000000000e+01,1.0000000000e+01,2.4000000000e+01,1.1596416942e+12
9.4000000000e+01,1.0000000000e+01,2.5000000000e+01,6.0116282900e+12
9.4000000000e+01,1.0000000000e+01,2.6000000000e+01,3.1204336206e+13
9.4000000000e+01,1.0000000000e+01,2.7000000000e+01,1.6213467988e+14
9.4000000000e+01,1.0000000000e+01,2.8000000000e+01,8.4310999905e+14
9.4000000000e+01,1.0000000000e+01,2.9000000000e+01,4.3870215985e+15
9.4000000000e+01,1.0000000000e+01,3.0000000000e+01,2.2839029762e+16
9.4000000000e+01,1.0000000000e+01,3.1000000000e+01,1.1894991813e+17
9.4000000000e+01,3.8000000000e+01,0.0000000000e+00,1.9978836775e+00
9.4000000000e+01,3.8000000000e+01,1.0000000000e+00,1.7204138041e+00
9.4000000000e+01,3.8000000000e+01,2.0000000000e+00,1.4047000408e+00
9.4000000000e+01,3.8000000000e+01,3.0000000000e+00,1.5315430164e+00
9.4000000000e+01,3.8000000000e+01,4.0000000000e+00,1.4328827858e+00
9.4000000000e+01,3.8000000000e+01,5.0000000000e+00,1.5481041670e+00
9.4000000000e+01,3.8000000000e+01,6.0000000000e+00,1.4997168779e+00
9.4000000000e+01,3.8000000000e+01,7.0000000000e+00,1.6372721195e+00
9.4000000000e+01,3.8000000000e+01,8.0000000000e+00,1.6436750889e+00
9.4000000000e+01,3.8000000000e+01,9.0000000000e+00,1.8814344406e+00
9.4000000000e+01,3.8000000000e+01,1.0000000000e+01,2.0553779602e+00
9.4000000000e+01,3.8000000000e+01,1.1000000000e+01,2.6540484428e+00
9.4000000000e+01,3.8000000000e+01,1.2000000000e+01,3.4753012657e+00
9.4000000000e+01,3.8000000000e+01,1.3000000000e+01,5.4449567795e+00
9.4000000000e+01,3.8000000000e+01,1.4000000000e+01,8.9149751663e+00
9.4000000000e+01,3.8000000000e+01,1.5000000000e+01,1.6439579010e+01
9.4000000000e+01,3.8000000000e+01,1.6000000000e+01,3.1148862839e+01
9.4000000000e+01,3.8000000000e+01,1.7000000000e+01,6.2317359924e+01
9.4000000000e+01,3.8000000000e+01,1.8000000000e+01,1.2622273254e+02
9.4000000000e+01,3.8000000000e+01,1.9000000000e+01,2.6178100586e+02
9.4000000000e+01,3.8000000000e+01,2.0000000000e+01,5.4696075439e+02
9.4000000000e+01,3.8000000000e+01,2.1000000000e+01,1.1568181152e+03
9.4000000000e+01,3.8000000000e+01,2.2000000000e+01,2.4613398438e+03
9.4000000000e+01,3.8000000000e+01,2.3000000000e+01,5.2782377930e+03
9.4000000000e+01,3.8000000000e+01,2.4000000000e+01,1.1379802734e+04
9.4000000000e+01,3.8000000000e+01,2.5000000000e+01,2.4682390625e+04
9.4000000000e+01,3.8000000000e+01,2.6000000000e+01,5.3798656250e+04
9.4000000000e+01,3.8000000000e+01,2.7000000000e+01,1.1785530469e+05
9.4000000000e+01,3.8000000000e+01,2.8000000000e+01,2.5934803125e+05
9.4000000000e+01,3.8000000000e+01,2.9000000000e+01,5.7325725000e+05
9.4000000000e+01,3.8000000000e+01,3.0000000000e+01,1.2723496250e+06
9.4000000000e+01,3.8000000000e+01,3.1000000000e+01,2.8352905000e+06
9.4000000000e+01,6.6000000000e+01,0.0000000000e+00,1.9992500544e+00
9.4000000000e+01,6.6000000000e+01,1.0000000000e+00,1.2455161810e+00
9.4000000000e+01,6.6000000000e+01,2.0000000000e+00,9.0034556389e-01
9.4000000000e+01,6.6000000000e+01,3.0000000000e+00,8.8816052675e-01
9.4000000000e+01,6.6000000000e+01,4.0000000000e+00,7.8579539061e-01
9.4000000000e+01,6.6000000000e+01,5.0000000000e+00,8.0226278305e-01
9.4000000000e+01,6.6000000000e+01,6.0000000000e+00,7.5146585703e-01
9.4000000000e+01,6.6000000000e+01,7.0000000000e+00,7.8125208616e-01
9.4000000000e+01,6.6000000000e+01,8.0000000000e+00,7.5795888901e-01
9.4000000000e+01,6.6000000000e+01,9.0000000000e+00,8.1136798859e-01
9.4000000000e+01,6.6000000000e+01,1.0000000000e+01,8.2647114992e-01
9.4000000000e+01,6.6000000000e+01,1.1000000000e+01,9.4387125969e-01
9.4000000000e+01,6.6000000000e+01,1.2000000000e+01,1.0633076429e+00
9.4000000000e+01,6.6000000000e+01,1.3000000000e+01,1.3830361366e+00
9.4000000000e+01,6.6000000000e+01,1.4000000000e+01,1.8578685522e+00
9.4000000000e+01,6.6000000000e+01,1.5000000000e+01,2.8799180984e+00
9.4000000000e+01,6.6000000000e+01,1.6000000000e+01,4.6622629166e+00
9.4000000000e+01,6.6000000000e+01,1.7000000000e+01,8.2782621384e+00
9.4000000000e+01,6.6000000000e+01,1.8000000000e+01,1.5066341400e+01
9.4000000000e+01,6.6000000000e+01,1.9000000000e+01,2.8660823822e+01
9.4000000000e+01,6.6000000000e+01,2.0000000000e+01,5.5117530823e+01
9.4000000000e+01,6.6000000000e+01,2.1000000000e+01,1.0812920380e+02
9.4000000000e+01,6.6000000000e+01,2.2000000000e+01,2.1326957703e+02
9.4000000000e+01,6.6000000000e+01,2.3000000000e+01,4.2472308350e+02
9.4000000000e+01,6.6000000000e+01,2.4000000000e+01,8.4861187744e+02
9.4000000000e+01,6.6000000000e+01,2.5000000000e+01,1.7043852539e+03
9.4000000000e+01,6.6000000000e+01,2.6000000000e+01,3.4309509277e+03
9.4000000000e+01,6.6000000000e+01,2.7000000000e+01,6.9277192383e+03
9.4000000000e+01,6.6000000000e+01,2.8000000000e+01,1.4011378906e+04
9.4000000000e+01,6.6000000000e+01,2.9000000000e+01,2.8392816406e+04
9.4000000000e+01,6.6000000000e+01,3.0000000000e+01,5.7604882812e+04
9.4000000000e+01,6.6000000000e+01,3.1000000000e+01,1.1702090625e+05
9.4000000000e+01,9.4000000000e+01,0.0000000000e+00,2.0010011196e+00
9.4000000000e+01,9.4000000000e+01,1.0000000000e+00,9.7242462635e-01
9.4000000000e+01,9.4000000000e+01,2.0000000000e+00,6.1307752132e-01
9.4000000000e+01,9.4000000000e+01,3.0000000000e+00,5.5896753073e-01
9.4000000000e+01,9.4000000000e+01,4.0000000000e+00,4.6599423885e-01
9.4000000000e+01,9.4000000000e+01,5.0000000000e+00,4.5884615183e-01
9.4000000000e+01,9.4000000000e+01,6.0000000000e+00,4.1745114326e-01
9.4000000000e+01,9.4000000000e+01,7.0000000000e+00,4.2168104649e-01
9.4000000000e+01,9.4000000000e+01,8.0000000000e+00,3.9905780554e-01
9.4000000000e+01,9.4000000000e+01,9.0000000000e+00,4.0821015835e-01
9.4000000000e+01,9.4000000000e+01,1.0000000000e+01,3.9516091347e-01
9.4000000000e+01,9.4000000000e+01,1.1000000000e+01,4.0843418241e-01
9.4000000000e+01,9.4000000000e+01,1.2000000000e+01,4.0271383524e-01
9.4000000000e+01,9.4000000000e+01,1.3000000000e+01,4.2228057981e-01
9.4000000000e+01,9.4000000000e+01,1.4000000000e+01,4.2611956596e-01
9.4000000000e+01,9.4000000000e+01,1.5000000000e+01,4.5849028230e-01
9.4000000000e+01,9.4000000000e+01,1.6000000000e+01,4.8091369867e-01
9.4000000000e+01,9.4000000000e+01,1.7000000000e+01,5.4235613346e-01
9.4000000000e+01,9.4000000000e+01,1.8000000000e+01,6.0779118538e-01
9.4000000000e+01,9.4000000000e+01,1.9000000000e+01,7.3890227079e-01
9.4000000000e+01,9.4000000000e+01,2.0000000000e+01,9.1053742170e-01
9.4000000000e+01,9.4000000000e+01,2.1000000000e+01,1.2144171000e+00
9.4000000000e+01,9.4000000000e+01,2.2000000000e+01,1.6558318138e+00
9.4000000000e+01,9.4000000000e+01,2.3000000000e+01,2.3984024525e+00
9.4000000000e+01,9.4000000000e+01,2.4000000000e+01,3.5362684727e+00
9.4000000000e+01,9.4000000000e+01,2.5000000000e+01,5.4112854004e+00
9.4000000000e+01,9.4000000000e+01,2.6000000000e+01,8.3664445877e+00
9.4000000000e+01,9.4000000000e+01,2.7000000000e+01,1.3198493004e+01
9.4000000000e+01,9.4000000000e+01,2.8000000000e+01,2.0931829453e+01
9.4000000000e+01,9.4000000000e+01,2.9000000000e+01,3.3546939850e+01
9.4000000000e+01,9.4000000000e+01,3.0000000000e+01,5.3912715912e+01
9.4000000000e+01,9.4000000000e+01,3.1000000000e+01,8.7127235413e+01
9.4000000000e+01,1.2100000000e+02,0.0000000000e+00,1.9971352816e+00
9.4000000000e+01,1.2100000000e+02,1.0000000000e+00,8.0906343460e-01
9.4000000000e+01,1.2100000000e+02,2.0000000000e+00,4.4779214263e-01
9.4000000000e+01,1.2100000000e+02,3.0000000000e+00,3.9183133841e-01
9.4000000000e+01,1.2100000000e+02,4.0000000000e+00,3.1216803193e-01
9.4000000000e+01,1.2100000000e+02,5.0000000000e+00,3.0566030741e-01
9.4000000000e+01,1.2100000000e+02,6.0000000000e+00,2.7563264966e-01
9.4000000000e+01,1.2100000000e+02,7.0000000000e+00,2.7861583233e-01
9.4000000000e+01,1.2100000000e+02,8.0000000000e+00,2.6485985518e-01
9.4000000000e+01,1.2100000000e+02,9.0000000000e+00,2.7064839005e-01
9.4000000000e+01,1.2100000000e+02,1.0000000000e+01,2.6438239217e-01
9.4000000000e+01,1.2100000000e+02,1.1000000000e+01,2.7207881212e-01
9.4000000000e+01,1.2100000000e+02,1.2000000000e+01,2.7122247219e-01
9.4000000000e+01,1.2100000000e+02,1.3000000000e+01,2.8243827820e-01
9.4000000000e+01,1.2100000000e+02,1.4000000000e+01,2.8870305419e-01
9.4000000000e+01,1.2100000000e+02,1.5000000000e+01,3.0828496814e-01
9.4000000000e+01,1.2100000000e+02,1.6000000000e+01,3.2852616906e-01
9.4000000000e+01,1.2100000000e+02,1.7000000000e+01,3.6823624372e-01
9.4000000000e+01,1.2100000000e+02,1.8000000000e+01,4.2014229298e-01
9.4000000000e+01,1.2100000000e+02,1.9000000000e+01,5.0808984041e-01
9.4000000000e+01,1.2100000000e+02,2.0000000000e+01,6.3479089737e-01
9.4000000000e+01,1.2100000000e+02,2.1000000000e+01,8.3841747046e-01
9.4000000000e+01,1.2100000000e+02,2.2000000000e+01,1.1441944838e+00
9.4000000000e+01,1.2100000000e+02,2.3000000000e+01,1.6260024309e+00
9.4000000000e+01,1.2100000000e+02,2.4000000000e+01,2.3630008698e+00
9.4000000000e+01,1.2100000000e+02,2.5000000000e+01,3.5157110691e+00
9.4000000000e+01,1.2100000000e+02,2.6000000000e+01,5.2944297791e+00
9.4000000000e+01,1.2100000000e+02,2.7000000000e+01,8.0690698624e+00
9.4000000000e+01,1.2100000000e+02,2.8000000000e+01,1.2369571686e+01
9.4000000000e+01,1.2100000000e+02,2.9000000000e+01,1.9072431564e+01
9.4000000000e+01,1.2100000000e+02,3.0000000000e+01,2.9486585617e+01
9.4000000000e+01,1.2100000000e+02,3.1000000000e+01,4.5716125488e+01
9.4000000000e+01,1.4900000000e+02,0.0000000000e+00,1.9898598194e+00
9.4000000000e+01,1.4900000000e+02,1.0000000000e+00,6.9424039125e-01
9.4000000000e+01,1.4900000000e+02,2.0000000000e+00,3.5984668136e-01
9.4000000000e+01,1.4900000000e+02,3.0000000000e+00,2.9815980792e-01
9.4000000000e+01,1.4900000000e+02,4.0000000000e+00,2.3809836805e-01
9.4000000000e+01,1.4900000000e+02,5.0000000000e+00,2.3025929928e-01
9.4000000000e+01,1.4900000000e+02,6.0000000000e+00,2.1171848476e-01
9.4000000000e+01,1.4900000000e+02,7.0000000000e+00,2.1288718283e-01
9.4000000000e+01,1.4900000000e+02,8.0000000000e+00,2.0566858351e-01
9.4000000000e+01,1.4900000000e+02,9.0000000000e+00,2.0842225850e-01
9.4000000000e+01,1.4900000000e+02,1.0000000000e+01,2.0512428880e-01
9.4000000000e+01,1.4900000000e+02,1.1000000000e+01,2.0784434676e-01
9.4000000000e+01,1.4900000000e+02,1.2000000000e+01,2.0613457263e-01
9.4000000000e+01,1.4900000000e+02,1.3000000000e+01,2.0853133500e-01
9.4000000000e+01,1.4900000000e+02,1.4000000000e+01,2.0759701729e-01
9.4000000000e+01,1.4900000000e+02,1.5000000000e+01,2.0975033939e-01
9.4000000000e+01,1.4900000000e+02,1.6000000000e+01,2.0934534073e-01
9.4000000000e+01,1.4900000000e+02,1.7000000000e+01,2.1148140728e-01
9.4000000000e+01,1.4900000000e+02,1.8000000000e+01,2.1165177226e-01
9.4000000000e+01,1.4900000000e+02,1.9000000000e+01,2.1413613856e-01
9.4000000000e+01,1.4900000000e+02,2.0000000000e+01,2.1519118547e-01
9.4000000000e+01,1.4900000000e+02,2.1000000000e+01,2.1863505244e-01
9.4000000000e+01,1.4900000000e+02,2.2000000000e+01,2.2127151489e-01
9.4000000000e+01,1.4900000000e+02,2.3000000000e+01,2.2676905990e-01
9.4000000000e+01,1.4900000000e+02,2.4000000000e+01,2.3238247633e-01
9.4000000000e+01,1.4900000000e+02,2.5000000000e+01,2.4197675288e-01
9.4000000000e+01,1.4900000000e+02,2.6000000000e+01,2.5329452753e-01
9.4000000000e+01,1.4900000000e+02,2.7000000000e+01,2.7087813616e-01
9.4000000000e+01,1.4900000000e+02,2.8000000000e+01,2.9320135713e-01
9.4000000000e+01,1.4900000000e+02,2.9000000000e+01,3.2626074553e-01
9.4000000000e+01,1.4900000000e+02,3.0000000000e+01,3.6988186836e-01
9.4000000000e+01,1.4900000000e+02,3.1000000000e+01,4.3287974596e-01
9.4000000000e+01,1.7700000000e+02,0.0000000000e+00,2.0092558861e+00
9.4000000000e+01,1.7700000000e+02,1.0000000000e+00,6.0768544674e-01
9.4000000000e+01,1.7700000000e+02,2.0000000000e+00,2.9208576679e-01
9.4000000000e+01,1.7700000000e+02,3.0000000000e+00,2.3586104810e-01
9.4000000000e+01,1.7700000000e+02,4.0000000000e+00,1.8834933639e-01
9.4000000000e+01,1.7700000000e+02,5.0000000000e+00,1.8377505243e-01
9.4000000000e+01,1.7700000000e+02,6.0000000000e+00,1.7163743079e-01
9.4000000000e+01,1.7700000000e+02,7.0000000000e+00,1.7370210588e-01
9.4000000000e+01,1.7700000000e+02,8.0000000000e+00,1.6978667676e-01
9.4000000000e+01,1.7700000000e+02,9.0000000000e+00,1.7229005694e-01
9.4000000000e+01,1.7700000000e+02,1.0000000000e+01,1.7074668407e-01
9.4000000000e+01,1.7700000000e+02,1.1000000000e+01,1.7273920774e-01
9.4000000000e+01,1.7700000000e+02,1.2000000000e+01,1.7197030783e-01
9.4000000000e+01,1.7700000000e+02,1.3000000000e+01,1.7344734073e-01
9.4000000000e+01,1.7700000000e+02,1.4000000000e+01,1.7296063900e-01
9.4000000000e+01,1.7700000000e+02,1.5000000000e+01,1.7406526208e-01
9.4000000000e+01,1.7700000000e+02,1.6000000000e+01,1.7369912565e-01
9.4000000000e+01,1.7700000000e+02,1.7000000000e+01,1.7456397414e-01
9.4000000000e+01,1.7700000000e+02,1.8000000000e+01,1.7426483333e-01
9.4000000000e+01,1.7700000000e+02,1.9000000000e+01,1.7499038577e-01
9.4000000000e+01,1.7700000000e+02,2.0000000000e+01,1.7474308610e-01
9.4000000000e+01,1.7700000000e+02,2.1000000000e+01,1.7540408671e-01
9.4000000000e+01,1.7700000000e+02,2.2000000000e+01,1.7520949244e-01
9.4000000000e+01,1.7700000000e+02,2.3000000000e+01,1.7586530745e-01
9.4000000000e+01,1.7700000000e+02,2.4000000000e+01,1.7573387921e-01
9.4000000000e+01,1.7700000000e+02,2.5000000000e+01,1.7643748224e-01
9.4000000000e+01,1.7700000000e+02,2.6000000000e+01,1.7638859153e-01
9.4000000000e+01,1.7700000000e+02,2.7000000000e+01,1.7719440162e-01
9.4000000000e+01,1.7700000000e+02,2.8000000000e+01,1.7725852132e-01
9.4000000000e+01,1.7700000000e+02,2.9000000000e+01,1.7822958529e-01
9.4000000000e+01,1.7700000000e+02,3.0000000000e+01,1.7845265567e-01
9.4000000000e+01,1.7700000000e+02,3.1000000000e+01,1.7966833711e-01
9.4000000000e+01,2.0500000000e+02,0.0000000000e+00,2.0051906109e+00
9.4000000000e+01,2.0500000000e+02,1.0000000000e+00,5.9249120951e-01
9.4000000000e+01,2.0500000000e+02,2.0000000000e+00,3.0639800429e-01
9.4000000000e+01,2.0500000000e+02,3.0000000000e+00,2.5841513276e-01
9.4000000000e+01,2.0500000000e+02,4.0000000000e+00,2.2565945983e-01
9.4000000000e+01,2.0500000000e+02,5.0000000000e+00,2.2384446859e-01
9.4000000000e+01,2.0500000000e+02,6.0000000000e+00,2.1823425591e-01
9.4000000000e+01,2.0500000000e+02,7.0000000000e+00,2.2065688670e-01
9.4000000000e+01,2.0500000000e+02,8.0000000000e+00,2.1978631616e-01
9.4000000000e+01,2.0500000000e+02,9.0000000000e+00,2.2182241082e-01
9.4000000000e+01,2.0500000000e+02,1.0000000000e+01,2.2182643414e-01
9.4000000000e+01,2.0500000000e+02,1.1000000000e+01,2.2314041853e-01
9.4000000000e+01,2.0500000000e+02,1.2000000000e+01,2.2324976325e-01
9.4000000000e+01,2.0500000000e+02,1.3000000000e+01,2.2404767573e-01
9.4000000000e+01,2.0500000000e+02,1.4000000000e+01,2.2412429750e-01
9.4000000000e+01,2.0500000000e+02,1.5000000000e+01,2.2460329533e-01
9.4000000000e+01,2.0500000000e+02,1.6000000000e+01,2.2464007139e-01
9.4000000000e+01,2.0500000000e+02,1.7000000000e+01,2.2492964566e-01
9.4000000000e+01,2.0500000000e+02,1.8000000000e+01,2.2494032979e-01
9.4000000000e+01,2.0500000000e+02,1.9000000000e+01,2.2511817515e-01
9.4000000000e+01,2.0500000000e+02,2.0000000000e+01,2.2511488199e-01
9.4000000000e+01,2.0500000000e+02,2.1000000000e+01,2.2522638738e-01
9.4000000000e+01,2.0500000000e+02,2.2000000000e+01,2.2521668673e-01
9.4000000000e+01,2.0500000000e+02,2.3000000000e+01,2.2528830171e-01
9.4000000000e+01,2.0500000000e+02,2.4000000000e+01,2.2527644038e-01
9.4000000000e+01,2.0500000000e+02,2.5000000000e+01,2.2532366216e-01
9.4000000000e+01,2.0500000000e+02,2.6000000000e+01,2.2531175613e-01
9.4000000000e+01,2.0500000000e+02,2.7000000000e+01,2.2534377873e-01
9.4000000000e+01,2.0500000000e+02,2.8000000000e+01,2.2533279657e-01
9.4000000000e+01,2.0500000000e+02,2.9000000000e+01,2.2535516322e-01
9.4000000000e+01,2.0500000000e+02,3.0000000000e+01,2.2534544766e-01
9.4000000000e+01,2.0500000000e+02,3.1000000000e+01,2.2536149621e-01
9.4000000000e+01,2.3300000000e+02,0.0000000000e+00,2.0053091049e+00
9.4000000000e+01,2.3300000000e+02,1.0000000000e+00,5.3613978624e-01
9.4000000000e+01,2.3300000000e+02,2.0000000000e+00,2.6492679119e-01
9.4000000000e+01,2.3300000000e+02,3.0000000000e+00,2.2308997810e-01
9.4000000000e+01,2.3300000000e+02,4.0000000000e+00,1.9505625963e-01
9.4000000000e+01,2.3300000000e+02,5.0000000000e+00,1.9407954812e-01
9.4000000000e+01,2.3300000000e+02,6.0000000000e+00,1.8951036036e-01
9.4000000000e+01,2.3300000000e+02,7.0000000000e+00,1.9140154123e-01
9.4000000000e+01,2.3300000000e+02,8.0000000000e+00,1.9059115648e-01
9.4000000000e+01,2.3300000000e+02,9.0000000000e+00,1.9196455181e-01
9.4000000000e+01,2.3300000000e+02,1.0000000000e+01,1.9183537364e-01
9.4000000000e+01,2.3300000000e+02,1.1000000000e+01,1.9263219833e-01
9.4000000000e+01,2.3300000000e+02,1.2000000000e+01,1.9261693954e-01
9.4000000000e+01,2.3300000000e+02,1.3000000000e+01,1.9305858016e-01
9.4000000000e+01,2.3300000000e+02,1.4000000000e+01,1.9305379689e-01
9.4000000000e+01,2.3300000000e+02,1.5000000000e+01,1.9329816103e-01
9.4000000000e+01,2.3300000000e+02,1.6000000000e+01,1.9329003990e-01
9.4000000000e+01,2.3300000000e+02,1.7000000000e+01,1.9342717528e-01
9.4000000000e+01,2.3300000000e+02,1.8000000000e+01,1.9341698289e-01
9.4000000000e+01,2.3300000000e+02,1.9000000000e+01,1.9349554181e-01
9.4000000000e+01,2.3300000000e+02,2.0000000000e+01,1.9348546863e-01
9.4000000000e+01,2.3300000000e+02,2.1000000000e+01,1.9353157282e-01
9.4000000000e+01,2.3300000000e+02,2.2000000000e+01,1.9352278113e-01
9.4000000000e+01,2.3300000000e+02,2.3000000000e+01,1.9355051219e-01
9.4000000000e+01,2.3300000000e+02,2.4000000000e+01,1.9354330003e-01
9.4000000000e+01,2.3300000000e+02,2.5000000000e+01,1.9356043637e-01
9.4000000000e+01,2.3300000000e+02,2.6000000000e+01,1.9355474412e-01
9.4000000000e+01,2.3300000000e+02,2.7000000000e+01,1.9356560707e-01
9.4000000000e+01,2.3300000000e+02,2.8000000000e+01,1.9356122613e-01
9.4000000000e+01,2.3300000000e+02,2.9000000000e+01,1.9356825948e-01
9.4000000000e+01,2.3300000000e+02,3.0000000000e+01,1.9356493652e-01
9.4000000000e+01,2.3300000000e+02,3.1000000000e+01,1.9356963038e-01
9.4000000000e+01,2.6100000000e+02,0.0000000000e+00,1.9937884808e+00
9.4000000000e+01,2.6100000000e+02,1.0000000000e+00,4.4143584371e-01
9.4000000000e+01,2.6100000000e+02,2.0000000000e+00,1.8874338269e-01
9.4000000000e+01,2.6100000000e+02,3.0000000000e+00,1.4478583634e-01
9.4000000000e+01,2.6100000000e+02,4.0000000000e+00,1.2525583804e-01
9.4000000000e+01,2.6100000000e+02,5.0000000000e+00,1.2322223932e-01
9.4000000000e+01,2.6100000000e+02,6.0000000000e+00,1.2145242095e-01
9.4000000000e+01,2.6100000000e+02,7.0000000000e+00,1.2248063087e-01
9.4000000000e+01,2.6100000000e+02,8.0000000000e+00,1.2262243778e-01
9.4000000000e+01,2.6100000000e+02,9.0000000000e+00,1.2340144813e-01
9.4000000000e+01,2.6100000000e+02,1.0000000000e+01,1.2361884862e-01
9.4000000000e+01,2.6100000000e+02,1.1000000000e+01,1.2404253334e-01
9.4000000000e+01,2.6100000000e+02,1.2000000000e+01,1.2416544557e-01
9.4000000000e+01,2.6100000000e+02,1.3000000000e+01,1.2438207120e-01
9.4000000000e+01,2.6100000000e+02,1.4000000000e+01,1.2443909049e-01
9.4000000000e+01,2.6100000000e+02,1.5000000000e+01,1.2454968691e-01
9.4000000000e+01,2.6100000000e+02,1.6000000000e+01,1.2457292527e-01
9.4000000000e+01,2.6100000000e+02,1.7000000000e+01,1.2463060766e-01
9.4000000000e+01,2.6100000000e+02,1.8000000000e+01,1.2463831902e-01
9.4000000000e+01,2.6100000000e+02,1.9000000000e+01,1.2466937304e-01
9.4000000000e+01,2.6100000000e+02,2.0000000000e+01,1.2467051297e-01
9.4000000000e+01,2.6100000000e+02,2.1000000000e+01,1.2468791008e-01
9.4000000000e+01,2.6100000000e+02,2.2000000000e+01,1.2468655407e-01
9.4000000000e+01,2.6100000000e+02,2.3000000000e+01,1.2469673157e-01
9.4000000000e+01,2.6100000000e+02,2.4000000000e+01,1.2469466031e-01
9.4000000000e+01,2.6100000000e+02,2.5000000000e+01,1.2470088154e-01
9.4000000000e+01,2.6100000000e+02,2.6000000000e+01,1.2469881773e-01
9.4000000000e+01,2.6100000000e+02,2.7000000000e+01,1.2470278144e-01
9.4000000000e+01,2.6100000000e+02,2.8000000000e+01,1.2470099330e-01
9.4000000000e+01,2.6100000000e+02,2.9000000000e+01,1.2470363081e-01
9.4000000000e+01,2.6100000000e+02,3.0000000000e+01,1.2470215559e-01
9.4000000000e+01,2.6100000000e+02,3.1000000000e+01,1.2470397353e-01
9.4000000000e+01,2.8900000000e+02,0.0000000000e+00,1.9993989468e+00
9.4000000000e+01,2.8900000000e+02,1.0000000000e+00,4.5704421401e-01
9.4000000000e+01,2.8900000000e+02,2.0000000000e+00,2.2025841475e-01
9.4000000000e+01,2.8900000000e+02,3.0000000000e+00,1.8736100197e-01
9.4000000000e+01,2.8900000000e+02,4.0000000000e+00,1.6961877048e-01
9.4000000000e+01,2.8900000000e+02,5.0000000000e+00,1.7002582550e-01
9.4000000000e+01,2.8900000000e+02,6.0000000000e+00,1.6802038252e-01
9.4000000000e+01,2.8900000000e+02,7.0000000000e+00,1.6951672733e-01
9.4000000000e+01,2.8900000000e+02,8.0000000000e+00,1.6930349171e-01
9.4000000000e+01,2.8900000000e+02,9.0000000000e+00,1.7012482882e-01
9.4000000000e+01,2.8900000000e+02,1.0000000000e+01,1.7011494935e-01
9.4000000000e+01,2.8900000000e+02,1.1000000000e+01,1.7050574720e-01
9.4000000000e+01,2.8900000000e+02,1.2000000000e+01,1.7050659657e-01
9.4000000000e+01,2.8900000000e+02,1.3000000000e+01,1.7068895698e-01
9.4000000000e+01,2.8900000000e+02,1.4000000000e+01,1.7068533599e-01
9.4000000000e+01,2.8900000000e+02,1.5000000000e+01,1.7077146471e-01
9.4000000000e+01,2.8900000000e+02,1.6000000000e+01,1.7076635361e-01
9.4000000000e+01,2.8900000000e+02,1.7000000000e+01,1.7080789804e-01
9.4000000000e+01,2.8900000000e+02,1.8000000000e+01,1.7080336809e-01
9.4000000000e+01,2.8900000000e+02,1.9000000000e+01,1.7082393169e-01
9.4000000000e+01,2.8900000000e+02,2.0000000000e+01,1.7082050443e-01
9.4000000000e+01,2.8900000000e+02,2.1000000000e+01,1.7083096504e-01
9.4000000000e+01,2.8900000000e+02,2.2000000000e+01,1.7082859576e-01
9.4000000000e+01,2.8900000000e+02,2.3000000000e+01,1.7083403468e-01
9.4000000000e+01,2.8900000000e+02,2.4000000000e+01,1.7083247006e-01
9.4000000000e+01,2.8900000000e+02,2.5000000000e+01,1.7083537579e-01
9.4000000000e+01,2.8900000000e+02,2.6000000000e+01,1.7083434761e-01
9.4000000000e+01,2.8900000000e+02,2.7000000000e+01,1.7083595693e-01
9.4000000000e+01,2.8900000000e+02,2.8000000000e+01,1.7083528638e-01
9.4000000000e+01,2.8900000000e+02,2.9000000000e+01,1.7083618045e-01
9.4000000000e+01,2.8900000000e+02,3.0000000000e+01,1.7083576322e-01
9.4000000000e+01,2.8900000000e+02,3.1000000000e+01,1.7083628476e-01
9.4000000000e+01,3.1600000000e+02,0.0000000000e+00,1.9985846281e+00
9.4000000000e+01,3.1600000000e+02,1.0000000000e+00,3.7744742632e-01
9.4000000000e+01,3.1600000000e+02,2.0000000000e+00,1.4822204411e-01
9.4000000000e+01,3.1600000000e+02,3.0000000000e+00,1.1569021642e-01
9.4000000000e+01,3.1600000000e+02,4.0000000000e+00,1.0147903115e-01
9.4000000000e+01,3.1600000000e+02,5.0000000000e+00,1.0156008601e-01
9.4000000000e+01,3.1600000000e+02,6.0000000000e+00,1.0049957782e-01
9.4000000000e+01,3.1600000000e+02,7.0000000000e+00,1.0158500820e-01
9.4000000000e+01,3.1600000000e+02,8.0000000000e+00,1.0164569318e-01
9.4000000000e+01,3.1600000000e+02,9.0000000000e+00,1.0219970345e-01
9.4000000000e+01,3.1600000000e+02,1.0000000000e+01,1.0228362679e-01
9.4000000000e+01,3.1600000000e+02,1.1000000000e+01,1.0252569616e-01
9.4000000000e+01,3.1600000000e+02,1.2000000000e+01,1.0256548226e-01
9.4000000000e+01,3.1600000000e+02,1.3000000000e+01,1.0266914219e-01
9.4000000000e+01,3.1600000000e+02,1.4000000000e+01,1.0268450528e-01
9.4000000000e+01,3.1600000000e+02,1.5000000000e+01,1.0272955894e-01
9.4000000000e+01,3.1600000000e+02,1.6000000000e+01,1.0273467004e-01
9.4000000000e+01,3.1600000000e+02,1.7000000000e+01,1.0275477171e-01
9.4000000000e+01,3.1600000000e+02,1.8000000000e+01,1.0275603831e-01
9.4000000000e+01,3.1600000000e+02,1.9000000000e+01,1.0276530683e-01
9.4000000000e+01,3.1600000000e+02,2.0000000000e+01,1.0276529938e-01
9.4000000000e+01,3.1600000000e+02,2.1000000000e+01,1.0276971012e-01
9.4000000000e+01,3.1600000000e+02,2.2000000000e+01,1.0276938230e-01
9.4000000000e+01,3.1600000000e+02,2.3000000000e+01,1.0277156532e-01
9.4000000000e+01,3.1600000000e+02,2.4000000000e+01,1.0277120769e-01
9.4000000000e+01,3.1600000000e+02,2.5000000000e+01,1.0277232528e-01
9.4000000000e+01,3.1600000000e+02,2.6000000000e+01,1.0277205706e-01
9.4000000000e+01,3.1600000000e+02,2.7000000000e+01,1.0277265310e-01
9.4000000000e+01,3.1600000000e+02,2.8000000000e+01,1.0277244449e-01
9.4000000000e+01,3.1600000000e+02,2.9000000000e+01,1.0277277976e-01
9.4000000000e+01,3.1600000000e+02,3.0000000000e+01,1.0277263820e-01
9.4000000000e+01,3.1600000000e+02,3.1000000000e+01,1.0277283192e-01
9.4000000000e+01,3.4400000000e+02,0.0000000000e+00,1.9946157932e+00
9.4000000000e+01,3.4400000000e+02,1.0000000000e+00,3.9367952943e-01
9.4000000000e+01,3.4400000000e+02,2.0000000000e+00,1.8638333678e-01
9.4000000000e+01,3.4400000000e+02,3.0000000000e+00,1.5934503078e-01
9.4000000000e+01,3.4400000000e+02,4.0000000000e+00,1.4863903821e-01
9.4000000000e+01,3.4400000000e+02,5.0000000000e+00,1.4931441844e-01
9.4000000000e+01,3.4400000000e+02,6.0000000000e+00,1.4885070920e-01
9.4000000000e+01,3.4400000000e+02,7.0000000000e+00,1.4985343814e-01
9.4000000000e+01,3.4400000000e+02,8.0000000000e+00,1.5000477433e-01
9.4000000000e+01,3.4400000000e+02,9.0000000000e+00,1.5045107901e-01
9.4000000000e+01,3.4400000000e+02,1.0000000000e+01,1.5054295957e-01
9.4000000000e+01,3.4400000000e+02,1.1000000000e+01,1.5072007477e-01
9.4000000000e+01,3.4400000000e+02,1.2000000000e+01,1.5075823665e-01
9.4000000000e+01,3.4400000000e+02,1.3000000000e+01,1.5082767606e-01
9.4000000000e+01,3.4400000000e+02,1.4000000000e+01,1.5084221959e-01
9.4000000000e+01,3.4400000000e+02,1.5000000000e+01,1.5086974204e-01
9.4000000000e+01,3.4400000000e+02,1.6000000000e+01,1.5087515116e-01
9.4000000000e+01,3.4400000000e+02,1.7000000000e+01,1.5088625252e-01
9.4000000000e+01,3.4400000000e+02,1.8000000000e+01,1.5088824928e-01
9.4000000000e+01,3.4400000000e+02,1.9000000000e+01,1.5089280903e-01
9.4000000000e+01,3.4400000000e+02,2.0000000000e+01,1.5089352429e-01
9.4000000000e+01,3.4400000000e+02,2.1000000000e+01,1.5089543164e-01
9.4000000000e+01,3.4400000000e+02,2.2000000000e+01,1.5089569986e-01
9.4000000000e+01,3.4400000000e+02,2.3000000000e+01,1.5089650452e-01
9.4000000000e+01,3.4400000000e+02,2.4000000000e+01,1.5089659393e-01
9.4000000000e+01,3.4400000000e+02,2.5000000000e+01,1.5089693666e-01
9.4000000000e+01,3.4400000000e+02,2.6000000000e+01,1.5089696646e-01
9.4000000000e+01,3.4400000000e+02,2.7000000000e+01,1.5089711547e-01
9.4000000000e+01,3.4400000000e+02,2.8000000000e+01,1.5089713037e-01
9.4000000000e+01,3.4400000000e+02,2.9000000000e+01,1.5089718997e-01
9.4000000000e+01,3.4400000000e+02,3.0000000000e+01,1.5089720488e-01
9.4000000000e+01,3.4400000000e+02,3.1000000000e+01,1.5089723468e-01
9.4000000000e+01,3.7200000000e+02,0.0000000000e+00,2.0047664642e+00
9.4000000000e+01,3.7200000000e+02,1.0000000000e+00,3.4319245815e-01
9.4000000000e+01,3.7200000000e+02,2.0000000000e+00,1.4051017165e-01
9.4000000000e+01,3.7200000000e+02,3.0000000000e+00,1.1507231742e-01
9.4000000000e+01,3.7200000000e+02,4.0000000000e+00,1.0554867983e-01
9.4000000000e+01,3.7200000000e+02,5.0000000000e+00,1.0601335019e-01
9.4000000000e+01,3.7200000000e+02,6.0000000000e+00,1.0560883582e-01
9.4000000000e+01,3.7200000000e+02,7.0000000000e+00,1.0635134578e-01
9.4000000000e+01,3.7200000000e+02,8.0000000000e+00,1.0645189881e-01
9.4000000000e+01,3.7200000000e+02,9.0000000000e+00,1.0676073283e-01
9.4000000000e+01,3.7200000000e+02,1.0000000000e+01,1.0681873560e-01
9.4000000000e+01,3.7200000000e+02,1.1000000000e+01,1.0693372786e-01
9.4000000000e+01,3.7200000000e+02,1.2000000000e+01,1.0695550591e-01
9.4000000000e+01,3.7200000000e+02,1.3000000000e+01,1.0699823499e-01
9.4000000000e+01,3.7200000000e+02,1.4000000000e+01,1.0700545460e-01
9.4000000000e+01,3.7200000000e+02,1.5000000000e+01,1.0702174157e-01
9.4000000000e+01,3.7200000000e+02,1.6000000000e+01,1.0702387989e-01
9.4000000000e+01,3.7200000000e+02,1.7000000000e+01,1.0703029484e-01
9.4000000000e+01,3.7200000000e+02,1.8000000000e+01,1.0703080893e-01
9.4000000000e+01,3.7200000000e+02,1.9000000000e+01,1.0703343153e-01
9.4000000000e+01,3.7200000000e+02,2.0000000000e+01,1.0703346878e-01
9.4000000000e+01,3.7200000000e+02,2.1000000000e+01,1.0703457892e-01
9.4000000000e+01,3.7200000000e+02,2.2000000000e+01,1.0703450441e-01
9.4000000000e+01,3.7200000000e+02,2.3000000000e+01,1.0703501105e-01
9.4000000000e+01,3.7200000000e+02,2.4000000000e+01,1.0703493655e-01
9.4000000000e+01,3.7200000000e+02,2.5000000000e+01,1.0703516006e-01
9.4000000000e+01,3.7200000000e+02,2.6000000000e+01,1.0703510791e-01
9.4000000000e+01,3.7200000000e+02,2.7000000000e+01,1.0703521967e-01
9.4000000000e+01,3.7200000000e+02,2.8000000000e+01,1.0703516752e-01
9.4000000000e+01,3.7200000000e+02,2.9000000000e+01,1.0703522712e-01
9.4000000000e+01,3.7200000000e+02,3.0000000000e+01,1.0703521222e-01
9.4000000000e+01,3.7200000000e+02,3.1000000000e+01,1.0703523457e-01
9.4000000000e+01,4.0000000000e+02,0.0000000000e+00,1.9924391508e+00
9.4000000000e+01,4.0000000000e+02,1.0000000000e+00,3.0675765872e-01
9.4000000000e+01,4.0000000000e+02,2.0000000000e+00,1.1661123484e-01
9.4000000000e+01,4.0000000000e+02,3.0000000000e+00,9.0918079019e-02
9.4000000000e+01,4.0000000000e+02,4.0000000000e+00,8.4618501365e-02
9.4000000000e+01,4.0000000000e+02,5.0000000000e+00,8.4746032953e-02
9.4000000000e+01,4.0000000000e+02,6.0000000000e+00,8.5051260889e-02
9.4000000000e+01,4.0000000000e+02,7.0000000000e+00,8.5579954088e-02
9.4000000000e+01,4.0000000000e+02,8.0000000000e+00,8.5856109858e-02
9.4000000000e+01,4.0000000000e+02,9.0000000000e+00,8.6063750088e-02
9.4000000000e+01,4.0000000000e+02,1.0000000000e+01,8.6171872914e-02
9.4000000000e+01,4.0000000000e+02,1.1000000000e+01,8.6242720485e-02
9.4000000000e+01,4.0000000000e+02,1.2000000000e+01,8.6280956864e-02
9.4000000000e+01,4.0000000000e+02,1.3000000000e+01,8.6304739118e-02
9.4000000000e+01,4.0000000000e+02,1.4000000000e+01,8.6318068206e-02
9.4000000000e+01,4.0000000000e+02,1.5000000000e+01,8.6326129735e-02
9.4000000000e+01,4.0000000000e+02,1.6000000000e+01,8.6330831051e-02
9.4000000000e+01,4.0000000000e+02,1.7000000000e+01,8.6333610117e-02
9.4000000000e+01,4.0000000000e+02,1.8000000000e+01,8.6335279047e-02
9.4000000000e+01,4.0000000000e+02,1.9000000000e+01,8.6336262524e-02
9.4000000000e+01,4.0000000000e+02,2.0000000000e+01,8.6336851120e-02
9.4000000000e+01,4.0000000000e+02,2.1000000000e+01,8.6337201297e-02
9.4000000000e+01,4.0000000000e+02,2.2000000000e+01,8.6337417364e-02
9.4000000000e+01,4.0000000000e+02,2.3000000000e+01,8.6337558925e-02
9.4000000000e+01,4.0000000000e+02,2.4000000000e+01,8.6337625980e-02
9.4000000000e+01,4.0000000000e+02,2.5000000000e+01,8.6337685585e-02
9.4000000000e+01,4.0000000000e+02,2.6000000000e+01,8.6337707937e-02
9.4000000000e+01,4.0000000000e+02,2.7000000000e+01,8.6337722838e-02
9.4000000000e+01,4.0000000000e+02,2.8000000000e+01,8.6337737739e-02
9.4000000000e+01,4.0000000000e+02,2.9000000000e+01,8.6337745190e-02
9.4000000000e+01,4.0000000000e+02,3.0000000000e+01,8.6337737739e-02
9.4000000000e+01,4.0000000000e+02,3.1000000000e+01,8.6337745190e-02
1.2100000000e+02,1.0000000000e+01,0.0000000000e+00,1.9946141243e+00
1.2100000000e+02,1.0000000000e+01,1.0000000000e+00,2.5082035065e+00
1.2100000000e+02,1.0000000000e+01,2.0000000000e+00,2.4098544121e+00
1.2100000000e+02,1.0000000000e+01,3.0000000000e+00,2.7597527504e+00
1.2100000000e+02,1.0000000000e+01,4.0000000000e+00,2.7535331249e+00
1.2100000000e+02,1.0000000000e+01,5.0000000000e+00,3.0636482239e+00
1.2100000000e+02,1.0000000000e+01,6.0000000000e+00,3.2098081112e+00
1.2100000000e+02,1.0000000000e+01,7.0000000000e+00,4.0928602219e+00
1.2100000000e+02,1.0000000000e+01,8.0000000000e+00,6.0153436661e+00
1.2100000000e+02,1.0000000000e+01,9.0000000000e+00,1.3104907036e+01
1.2100000000e+02,1.0000000000e+01,1.0000000000e+01,3.5787559509e+01
1.2100000000e+02,1.0000000000e+01,1.1000000000e+01,1.1606554413e+02
1.2100000000e+02,1.0000000000e+01,1.2000000000e+01,3.9703955078e+02
1.2100000000e+02,1.0000000000e+01,1.3000000000e+01,1.4055303955e+03
1.2100000000e+02,1.0000000000e+01,1.4000000000e+01,5.0401577148e+03
1.2100000000e+02,1.0000000000e+01,1.5000000000e+01,1.8253773438e+04
1.2100000000e+02,1.0000000000e+01,1.6000000000e+01,6.6472937500e+04
1.2100000000e+02,1.0000000000e+01,1.7000000000e+01,2.4310306250e+05
1.2100000000e+02,1.0000000000e+01,1.8000000000e+01,8.9160125000e+05
1.2100000000e+02,1.0000000000e+01,1.9000000000e+01,3.2771125000e+06
1.2100000000e+02,1.0000000000e+01,2.0000000000e+01,1.2063973000e+07
1.2100000000e+02,1.0000000000e+01,2.1000000000e+01,4.4463980000e+07
1.2100000000e+02,1.0000000000e+01,2.2000000000e+01,1.6402865600e+08
1.2100000000e+02,1.0000000000e+01,2.3000000000e+01,6.0553510400e+08
1.2100000000e+02,1.0000000000e+01,2.4000000000e+01,2.2366735360e+09
1.2100000000e+02,1.0000000000e+01,2.5000000000e+01,8.2654044160e+09
1.2100000000e+02,1.0000000000e+01,2.6000000000e+01,3.0555482112e+10
1.2100000000e+02,1.0000000000e+01,2.7000000000e+01,1.1299320627e+11
1.2100000000e+02,1.0000000000e+01,2.8000000000e+01,4.1795973939e+11
1.2100000000e+02,1.0000000000e+01,2.9000000000e+01,1.5463971553e+12
1.2100000000e+02,1.0000000000e+01,3.0000000000e+01,5.7226994647e+12
1.2100000000e+02,1.0000000000e+01,3.1000000000e+01,2.1181927260e+13
1.2100000000e+02,3.8000000000e+01,0.0000000000e+00,2.0013043880e+00
1.2100000000e+02,3.8000000000e+01,1.0000000000e+00,1.5413696766e+00
1.2100000000e+02,3.8000000000e+01,2.0000000000e+00,1.2566077709e+00
1.2100000000e+02,3.8000000000e+01,3.0000000000e+00,1.3087160587e+00
1.2100000000e+02,3.8000000000e+01,4.0000000000e+00,1.2239021063e+00
1.2100000000e+02,3.8000000000e+01,5.0000000000e+00,1.2883708477e+00
1.2100000000e+02,3.8000000000e+01,6.0000000000e+00,1.2551429272e+00
1.2100000000e+02,3.8000000000e+01,7.0000000000e+00,1.3482964039e+00
1.2100000000e+02,3.8000000000e+01,8.0000000000e+00,1.3751363754e+00
1.2100000000e+02,3.8000000000e+01,9.0000000000e+00,1.5678920746e+00
1.2100000000e+02,3.8000000000e+01,1.0000000000e+01,1.7686475515e+00
1.2100000000e+02,3.8000000000e+01,1.1000000000e+01,2.3059501648e+00
1.2100000000e+02,3.8000000000e+01,1.2000000000e+01,3.1298375130e+00
1.2100000000e+02,3.8000000000e+01,1.3000000000e+01,4.9098286629e+00
1.2100000000e+02,3.8000000000e+01,1.4000000000e+01,8.0783643723e+00
1.2100000000e+02,3.8000000000e+01,1.5000000000e+01,1.4522402763e+01
1.2100000000e+02,3.8000000000e+01,1.6000000000e+01,2.6744606018e+01
1.2100000000e+02,3.8000000000e+01,1.7000000000e+01,5.1252056122e+01
1.2100000000e+02,3.8000000000e+01,1.8000000000e+01,9.9205795288e+01
1.2100000000e+02,3.8000000000e+01,1.9000000000e+01,1.9546966553e+02
1.2100000000e+02,3.8000000000e+01,2.0000000000e+01,3.8735034180e+02
1.2100000000e+02,3.8000000000e+01,2.1000000000e+01,7.7505029297e+02
1.2100000000e+02,3.8000000000e+01,2.2000000000e+01,1.5583669434e+03
1.2100000000e+02,3.8000000000e+01,2.3000000000e+01,3.1549240723e+03
1.2100000000e+02,3.8000000000e+01,2.4000000000e+01,6.4190488281e+03
1.2100000000e+02,3.8000000000e+01,2.5000000000e+01,1.3139631836e+04
1.2100000000e+02,3.8000000000e+01,2.6000000000e+01,2.7043259766e+04
1.2100000000e+02,3.8000000000e+01,2.7000000000e+01,5.6002636719e+04
1.2100000000e+02,3.8000000000e+01,2.8000000000e+01,1.1668793750e+05
1.2100000000e+02,3.8000000000e+01,2.9000000000e+01,2.4477804688e+05
1.2100000000e+02,3.8000000000e+01,3.0000000000e+01,5.1709871875e+05
1.2100000000e+02,3.8000000000e+01,3.1000000000e+01,1.1007101250e+06
1.2100000000e+02,6.6000000000e+01,0.0000000000e+00,1.9948539734e+00
1.2100000000e+02,6.6000000000e+01,1.0000000000e+00,1.1094655991e+00
1.2100000000e+02,6.6000000000e+01,2.0000000000e+00,7.8857028484e-01
1.2100000000e+02,6.6000000000e+01,3.0000000000e+00,7.2724628448e-01
1.2100000000e+02,6.6000000000e+01,4.0000000000e+00,6.3159370422e-01
1.2100000000e+02,6.6000000000e+01,5.0000000000e+00,6.1740750074e-01
1.2100000000e+02,6.6000000000e+01,6.0000000000e+00,5.7007569075e-01
1.2100000000e+02,6.6000000000e+01,7.0000000000e+00,5.7225060463e-01
1.2100000000e+02,6.6000000000e+01,8.0000000000e+00,5.4702830315e-01
1.2100000000e+02,6.6000000000e+01,9.0000000000e+00,5.6312859058e-01
1.2100000000e+02,6.6000000000e+01,1.0000000000e+01,5.5745536089e-01
1.2100000000e+02,6.6000000000e+01,1.1000000000e+01,5.9670960903e-01
1.2100000000e+02,6.6000000000e+01,1.2000000000e+01,6.2437599897e-01
1.2100000000e+02,6.6000000000e+01,1.3000000000e+01,7.1644520760e-01
1.2100000000e+02,6.6000000000e+01,1.4000000000e+01,8.2442343235e-01
1.2100000000e+02,6.6000000000e+01,1.5000000000e+01,1.0530507565e+00
1.2100000000e+02,6.6000000000e+01,1.6000000000e+01,1.3789036274e+00
1.2100000000e+02,6.6000000000e+01,1.7000000000e+01,1.9821815491e+00
1.2100000000e+02,6.6000000000e+01,1.8000000000e+01,2.9257371426e+00
1.2100000000e+02,6.6000000000e+01,1.9000000000e+01,4.5930705070e+00
1.2100000000e+02,6.6000000000e+01,2.0000000000e+01,7.3281345367e+00
1.2100000000e+02,6.6000000000e+01,2.1000000000e+01,1.2086895943e+01
1.2100000000e+02,6.6000000000e+01,2.2000000000e+01,2.0096525192e+01
1.2100000000e+02,6.6000000000e+01,2.3000000000e+01,3.3979400635e+01
1.2100000000e+02,6.6000000000e+01,2.4000000000e+01,5.7691120148e+01
1.2100000000e+02,6.6000000000e+01,2.5000000000e+01,9.8808776855e+01
1.2100000000e+02,6.6000000000e+01,2.6000000000e+01,1.6966189575e+02
1.2100000000e+02,6.6000000000e+01,2.7000000000e+01,2.9275460815e+02
1.2100000000e+02,6.6000000000e+01,2.8000000000e+01,5.0607901001e+02
1.2100000000e+02,6.6000000000e+01,2.9000000000e+01,8.7749157715e+02
1.2100000000e+02,6.6000000000e+01,3.0000000000e+01,1.5236997070e+03
1.2100000000e+02,6.6000000000e+01,3.1000000000e+01,2.6511660156e+03
1.2100000000e+02,9.4000000000e+01,0.0000000000e+00,1.9940440655e+00
1.2100000000e+02,9.4000000000e+01,1.0000000000e+00,8.8248795271e-01
1.2100000000e+02,9.4000000000e+01,2.0000000000e+00,5.3380429745e-01
1.2100000000e+02,9.4000000000e+01,3.0000000000e+00,4.5364427567e-01
1.2100000000e+02,9.4000000000e+01,4.0000000000e+00,3.6339637637e-01
1.2100000000e+02,9.4000000000e+01,5.0000000000e+00,3.4125277400e-01
1.2100000000e+02,9.4000000000e+01,6.0000000000e+00,3.0149269104e-01
1.2100000000e+02,9.4000000000e+01,7.0000000000e+00,2.9479166865e-01
1.2100000000e+02,9.4000000000e+01,8.0000000000e+00,2.7367535233e-01
1.2100000000e+02,9.4000000000e+01,9.0000000000e+00,2.7360278368e-01
1.2100000000e+02,9.4000000000e+01,1.0000000000e+01,2.6202070713e-01
1.2100000000e+02,9.4000000000e+01,1.1000000000e+01,2.6649686694e-01
1.2100000000e+02,9.4000000000e+01,1.2000000000e+01,2.6198127866e-01
1.2100000000e+02,9.4000000000e+01,1.3000000000e+01,2.7214786410e-01
1.2100000000e+02,9.4000000000e+01,1.4000000000e+01,2.7649348974e-01
1.2100000000e+02,9.4000000000e+01,1.5000000000e+01,2.9779693484e-01
1.2100000000e+02,9.4000000000e+01,1.6000000000e+01,3.1948405504e-01
1.2100000000e+02,9.4000000000e+01,1.7000000000e+01,3.6721134186e-01
1.2100000000e+02,9.4000000000e+01,1.8000000000e+01,4.3063965440e-01
1.2100000000e+02,9.4000000000e+01,1.9000000000e+01,5.4575073719e-01
1.2100000000e+02,9.4000000000e+01,2.0000000000e+01,7.1734064817e-01
1.2100000000e+02,9.4000000000e+01,2.1000000000e+01,1.0098955631e+00
1.2100000000e+02,9.4000000000e+01,2.2000000000e+01,1.4698084593e+00
1.2100000000e+02,9.4000000000e+01,2.3000000000e+01,2.2378849983e+00
1.2100000000e+02,9.4000000000e+01,2.4000000000e+01,3.4768283367e+00
1.2100000000e+02,9.4000000000e+01,2.5000000000e+01,5.5329203606e+00
1.2100000000e+02,9.4000000000e+01,2.6000000000e+01,8.8931779861e+00
1.2100000000e+02,9.4000000000e+01,2.7000000000e+01,1.4462099075e+01
1.2100000000e+02,9.4000000000e+01,2.8000000000e+01,2.3627408981e+01
1.2100000000e+02,9.4000000000e+01,2.9000000000e+01,3.8820316315e+01
1.2100000000e+02,9.4000000000e+01,3.0000000000e+01,6.3924049377e+01
1.2100000000e+02,9.4000000000e+01,3.1000000000e+01,1.0556351471e+02
1.2100000000e+02,1.2100000000e+02,0.0000000000e+00,1.9996223450e+00
1.2100000000e+02,1.2100000000e+02,1.0000000000e+00,7.6424908638e-01
1.2100000000e+02,1.2100000000e+02,2.0000000000e+00,4.3944585323e-01
1.2100000000e+02,1.2100000000e+02,3.0000000000e+00,3.5877603292e-01
1.2100000000e+02,1.2100000000e+02,4.0000000000e+00,2.8982958198e-01
1.2100000000e+02,1.2100000000e+02,5.0000000000e+00,2.7151221037e-01
1.2100000000e+02,1.2100000000e+02,6.0000000000e+00,2.4653045833e-01
1.2100000000e+02,1.2100000000e+02,7.0000000000e+00,2.4234348536e-01
1.2100000000e+02,1.2100000000e+02,8.0000000000e+00,2.3117655516e-01
1.2100000000e+02,1.2100000000e+02,9.0000000000e+00,2.3141768575e-01
1.2100000000e+02,1.2100000000e+02,1.0000000000e+01,2.2582268715e-01
1.2100000000e+02,1.2100000000e+02,1.1000000000e+01,2.2765362263e-01
1.2100000000e+02,1.2100000000e+02,1.2000000000e+01,2.2471117973e-01
1.2100000000e+02,1.2100000000e+02,1.3000000000e+01,2.2721533477e-01
1.2100000000e+02,1.2100000000e+02,1.4000000000e+01,2.2579416633e-01
1.2100000000e+02,1.2100000000e+02,1.5000000000e+01,2.2876791656e-01
1.2100000000e+02,1.2100000000e+02,1.6000000000e+01,2.2851245105e-01
1.2100000000e+02,1.2100000000e+02,1.7000000000e+01,2.3213215172e-01
1.2100000000e+02,1.2100000000e+02,1.8000000000e+01,2.3316635191e-01
1.2100000000e+02,1.2100000000e+02,1.9000000000e+01,2.3796078563e-01
1.2100000000e+02,1.2100000000e+02,2.0000000000e+01,2.4089249969e-01
1.2100000000e+02,1.2100000000e+02,2.1000000000e+01,2.4790473282e-01
1.2100000000e+02,1.2100000000e+02,2.2000000000e+01,2.5405803323e-01
1.2100000000e+02,1.2100000000e+02,2.3000000000e+01,2.6523771882e-01
1.2100000000e+02,1.2100000000e+02,2.4000000000e+01,2.7719324827e-01
1.2100000000e+02,1.2100000000e+02,2.5000000000e+01,2.9617851973e-01
1.2100000000e+02,1.2100000000e+02,2.6000000000e+01,3.1884938478e-01
1.2100000000e+02,1.2100000000e+02,2.7000000000e+01,3.5247337818e-01
1.2100000000e+02,1.2100000000e+02,2.8000000000e+01,3.9518451691e-01
1.2100000000e+02,1.2100000000e+02,2.9000000000e+01,4.5636489987e-01
1.2100000000e+02,1.2100000000e+02,3.0000000000e+01,5.3684800863e-01
1.2100000000e+02,1.2100000000e+02,3.1000000000e+01,6.5012812614e-01
1.2100000000e+02,1.4900000000e+02,0.0000000000e+00,2.0040307045e+00
1.2100000000e+02,1.4900000000e+02,1.0000000000e+00,6.2589859962e-01
1.2100000000e+02,1.4900000000e+02,2.0000000000e+00,3.0683088303e-01
1.2100000000e+02,1.4900000000e+02,3.0000000000e+00,2.2755101323e-01
1.2100000000e+02,1.4900000000e+02,4.0000000000e+00,1.7023317516e-01
1.2100000000e+02,1.4900000000e+02,5.0000000000e+00,1.5473626554e-01
1.2100000000e+02,1.4900000000e+02,6.0000000000e+00,1.3735583425e-01
1.2100000000e+02,1.4900000000e+02,7.0000000000e+00,1.3419567049e-01
1.2100000000e+02,1.4900000000e+02,8.0000000000e+00,1.2772580981e-01
1.2100000000e+02,1.4900000000e+02,9.0000000000e+00,1.2768214941e-01
1.2100000000e+02,1.4900000000e+02,1.0000000000e+01,1.2495635450e-01
1.2100000000e+02,1.4900000000e+02,1.1000000000e+01,1.2569557130e-01
1.2100000000e+02,1.4900000000e+02,1.2000000000e+01,1.2442475557e-01
1.2100000000e+02,1.4900000000e+02,1.3000000000e+01,1.2528698146e-01
1.2100000000e+02,1.4900000000e+02,1.4000000000e+01,1.2463209778e-01
1.2100000000e+02,1.4900000000e+02,1.5000000000e+01,1.2544262409e-01
1.2100000000e+02,1.4900000000e+02,1.6000000000e+01,1.2507092953e-01
1.2100000000e+02,1.4900000000e+02,1.7000000000e+01,1.2580651045e-01
1.2100000000e+02,1.4900000000e+02,1.8000000000e+01,1.2558175623e-01
1.2100000000e+02,1.4900000000e+02,1.9000000000e+01,1.2626668811e-01
1.2100000000e+02,1.4900000000e+02,2.0000000000e+01,1.2613572180e-01
1.2100000000e+02,1.4900000000e+02,2.1000000000e+01,1.2680900097e-01
1.2100000000e+02,1.4900000000e+02,2.2000000000e+01,1.2675775588e-01
1.2100000000e+02,1.4900000000e+02,2.3000000000e+01,1.2746411562e-01
1.2100000000e+02,1.4900000000e+02,2.4000000000e+01,1.2750053406e-01
1.2100000000e+02,1.4900000000e+02,2.5000000000e+01,1.2829017639e-01
1.2100000000e+02,1.4900000000e+02,2.6000000000e+01,1.2843872607e-01
1.2100000000e+02,1.4900000000e+02,2.7000000000e+01,1.2937068939e-01
1.2100000000e+02,1.4900000000e+02,2.8000000000e+01,1.2967261672e-01
1.2100000000e+02,1.4900000000e+02,2.9000000000e+01,1.3082042336e-01
1.2100000000e+02,1.4900000000e+02,3.0000000000e+01,1.3133770227e-01
1.2100000000e+02,1.4900000000e+02,3.1000000000e+01,1.3279691339e-01
1.2100000000e+02,1.7700000000e+02,0.0000000000e+00,1.9957884550e+00
1.2100000000e+02,1.7700000000e+02,1.0000000000e+00,5.8777445555e-01
1.2100000000e+02,1.7700000000e+02,2.0000000000e+00,2.9633760452e-01
1.2100000000e+02,1.7700000000e+02,3.0000000000e+00,2.3138020933e-01
1.2100000000e+02,1.7700000000e+02,4.0000000000e+00,1.9085350633e-01
1.2100000000e+02,1.7700000000e+02,5.0000000000e+00,1.8257234991e-01
1.2100000000e+02,1.7700000000e+02,6.0000000000e+00,1.7339085042e-01
1.2100000000e+02,1.7700000000e+02,7.0000000000e+00,1.7353780568e-01
1.2100000000e+02,1.7700000000e+02,8.0000000000e+00,1.7112806439e-01
1.2100000000e+02,1.7700000000e+02,9.0000000000e+00,1.7250984907e-01
1.2100000000e+02,1.7700000000e+02,1.0000000000e+01,1.7184555531e-01
1.2100000000e+02,1.7700000000e+02,1.1000000000e+01,1.7310778797e-01
1.2100000000e+02,1.7700000000e+02,1.2000000000e+01,1.7291006446e-01
1.2100000000e+02,1.7700000000e+02,1.3000000000e+01,1.7385667562e-01
1.2100000000e+02,1.7700000000e+02,1.4000000000e+01,1.7377322912e-01
1.2100000000e+02,1.7700000000e+02,1.5000000000e+01,1.7444682121e-01
1.2100000000e+02,1.7700000000e+02,1.6000000000e+01,1.7438271642e-01
1.2100000000e+02,1.7700000000e+02,1.7000000000e+01,1.7485748231e-01
1.2100000000e+02,1.7700000000e+02,1.8000000000e+01,1.7479176819e-01
1.2100000000e+02,1.7700000000e+02,1.9000000000e+01,1.7512911558e-01
1.2100000000e+02,1.7700000000e+02,2.0000000000e+01,1.7506097257e-01
1.2100000000e+02,1.7700000000e+02,2.1000000000e+01,1.7530480027e-01
1.2100000000e+02,1.7700000000e+02,2.2000000000e+01,1.7523756623e-01
1.2100000000e+02,1.7700000000e+02,2.3000000000e+01,1.7541755736e-01
1.2100000000e+02,1.7700000000e+02,2.4000000000e+01,1.7535442114e-01
1.2100000000e+02,1.7700000000e+02,2.5000000000e+01,1.7549040914e-01
1.2100000000e+02,1.7700000000e+02,2.6000000000e+01,1.7543357611e-01
1.2100000000e+02,1.7700000000e+02,2.7000000000e+01,1.7553880811e-01
1.2100000000e+02,1.7700000000e+02,2.8000000000e+01,1.7548960447e-01
1.2100000000e+02,1.7700000000e+02,2.9000000000e+01,1.7557302117e-01
1.2100000000e+02,1.7700000000e+02,3.0000000000e+01,1.7553225160e-01
1.2100000000e+02,1.7700000000e+02,3.1000000000e+01,1.7560003698e-01
1.2100000000e+02,2.0500000000e+02,0.0000000000e+00,2.0012254715e+00
1.2100000000e+02,2.0500000000e+02,1.0000000000e+00,5.3971481323e-01
1.2100000000e+02,2.0500000000e+02,2.0000000000e+00,2.6009330153e-01
1.2100000000e+02,2.0500000000e+02,3.0000000000e+00,2.0576475561e-01
1.2100000000e+02,2.0500000000e+02,4.0000000000e+00,1.7212438583e-01
1.2100000000e+02,2.0500000000e+02,5.0000000000e+00,1.6729421914e-01
1.2100000000e+02,2.0500000000e+02,6.0000000000e+00,1.6071069241e-01
1.2100000000e+02,2.0500000000e+02,7.0000000000e+00,1.6155125201e-01
1.2100000000e+02,2.0500000000e+02,8.0000000000e+00,1.6005310416e-01
1.2100000000e+02,2.0500000000e+02,9.0000000000e+00,1.6125172377e-01
1.2100000000e+02,2.0500000000e+02,1.0000000000e+01,1.6088180244e-01
1.2100000000e+02,2.0500000000e+02,1.1000000000e+01,1.6175392270e-01
1.2100000000e+02,2.0500000000e+02,1.2000000000e+01,1.6164058447e-01
1.2100000000e+02,2.0500000000e+02,1.3000000000e+01,1.6220864654e-01
1.2100000000e+02,2.0500000000e+02,1.4000000000e+01,1.6214807332e-01
1.2100000000e+02,2.0500000000e+02,1.5000000000e+01,1.6251184046e-01
1.2100000000e+02,2.0500000000e+02,1.6000000000e+01,1.6245931387e-01
1.2100000000e+02,2.0500000000e+02,1.7000000000e+01,1.6269601882e-01
1.2100000000e+02,2.0500000000e+02,1.8000000000e+01,1.6264446080e-01
1.2100000000e+02,2.0500000000e+02,1.9000000000e+01,1.6280353069e-01
1.2100000000e+02,2.0500000000e+02,2.0000000000e+01,1.6275362670e-01
1.2100000000e+02,2.0500000000e+02,2.1000000000e+01,1.6286498308e-01
1.2100000000e+02,2.0500000000e+02,2.2000000000e+01,1.6281801462e-01
1.2100000000e+02,2.0500000000e+02,2.3000000000e+01,1.6289955378e-01
1.2100000000e+02,2.0500000000e+02,2.4000000000e+01,1.6285620630e-01
1.2100000000e+02,2.0500000000e+02,2.5000000000e+01,1.6291868687e-01
1.2100000000e+02,2.0500000000e+02,2.6000000000e+01,1.6287904978e-01
1.2100000000e+02,2.0500000000e+02,2.7000000000e+01,1.6292904317e-01
1.2100000000e+02,2.0500000000e+02,2.8000000000e+01,1.6289287806e-01
1.2100000000e+02,2.0500000000e+02,2.9000000000e+01,1.6293442249e-01
1.2100000000e+02,2.0500000000e+02,3.0000000000e+01,1.6290134192e-01
1.2100000000e+02,2.0500000000e+02,3.1000000000e+01,1.6293701530e-01
1.2100000000e+02,2.3300000000e+02,0.0000000000e+00,2.0034186840e+00
1.2100000000e+02,2.3300000000e+02,1.0000000000e+00,4.9130961299e-01
1.2100000000e+02,2.3300000000e+02,2.0000000000e+00,2.3359490931e-01
1.2100000000e+02,2.3300000000e+02,3.0000000000e+00,1.8259918690e-01
1.2100000000e+02,2.3300000000e+02,4.0000000000e+00,1.5664744377e-01
1.2100000000e+02,2.3300000000e+02,5.0000000000e+00,1.5234783292e-01
1.2100000000e+02,2.3300000000e+02,6.0000000000e+00,1.4834795892e-01
1.2100000000e+02,2.3300000000e+02,7.0000000000e+00,1.4878670871e-01
1.2100000000e+02,2.3300000000e+02,8.0000000000e+00,1.4821530879e-01
1.2100000000e+02,2.3300000000e+02,9.0000000000e+00,1.4889000356e-01
1.2100000000e+02,2.3300000000e+02,1.0000000000e+01,1.4889252186e-01
1.2100000000e+02,2.3300000000e+02,1.1000000000e+01,1.4933042228e-01
1.2100000000e+02,2.3300000000e+02,1.2000000000e+01,1.4939753711e-01
1.2100000000e+02,2.3300000000e+02,1.3000000000e+01,1.4964491129e-01
1.2100000000e+02,2.3300000000e+02,1.4000000000e+01,1.4969450235e-01
1.2100000000e+02,2.3300000000e+02,1.5000000000e+01,1.4982898533e-01
1.2100000000e+02,2.3300000000e+02,1.6000000000e+01,1.4985769987e-01
1.2100000000e+02,2.3300000000e+02,1.7000000000e+01,1.4993020892e-01
1.2100000000e+02,2.3300000000e+02,1.8000000000e+01,1.4994542301e-01
1.2100000000e+02,2.3300000000e+02,1.9000000000e+01,1.4998462796e-01
1.2100000000e+02,2.3300000000e+02,2.0000000000e+01,1.4999230206e-01
1.2100000000e+02,2.3300000000e+02,2.1000000000e+01,1.5001364052e-01
1.2100000000e+02,2.3300000000e+02,2.2000000000e+01,1.5001739562e-01
1.2100000000e+02,2.3300000000e+02,2.3000000000e+01,1.5002909303e-01
1.2100000000e+02,2.3300000000e+02,2.4000000000e+01,1.5003089607e-01
1.2100000000e+02,2.3300000000e+02,2.5000000000e+01,1.5003734827e-01
1.2100000000e+02,2.3300000000e+02,2.6000000000e+01,1.5003816783e-01
1.2100000000e+02,2.3300000000e+02,2.7000000000e+01,1.5004175901e-01
1.2100000000e+02,2.3300000000e+02,2.8000000000e+01,1.5004211664e-01
1.2100000000e+02,2.3300000000e+02,2.9000000000e+01,1.5004411340e-01
1.2100000000e+02,2.3300000000e+02,3.0000000000e+01,1.5004427731e-01
1.2100000000e+02,2.3300000000e+02,3.1000000000e+01,1.5004538000e-01
1.2100000000e+02,2.6100000000e+02,0.0000000000e+00,2.0072655678e+00
1.2100000000e+02,2.6100000000e+02,1.0000000000e+00,4.1075950861e-01
1.2100000000e+02,2.6100000000e+02,2.0000000000e+00,1.5889373422e-01
1.2100000000e+02,2.6100000000e+02,3.0000000000e+00,1.1077165604e-01
1.2100000000e+02,2.6100000000e+02,4.0000000000e+00,8.9085042477e-02
1.2100000000e+02,2.6100000000e+02,5.0000000000e+00,8.5627935827e-02
1.2100000000e+02,2.6100000000e+02,6.0000000000e+00,8.2796484232e-02
1.2100000000e+02,2.6100000000e+02,7.0000000000e+00,8.3225160837e-02
1.2100000000e+02,2.6100000000e+02,8.0000000000e+00,8.2894988358e-02
1.2100000000e+02,2.6100000000e+02,9.0000000000e+00,8.3409696817e-02
1.2100000000e+02,2.6100000000e+02,1.0000000000e+01,8.3418674767e-02
1.2100000000e+02,2.6100000000e+02,1.1000000000e+01,8.3722129464e-02
1.2100000000e+02,2.6100000000e+02,1.2000000000e+01,8.3752468228e-02
1.2100000000e+02,2.6100000000e+02,1.3000000000e+01,8.3912558854e-02
1.2100000000e+02,2.6100000000e+02,1.4000000000e+01,8.3928421140e-02
1.2100000000e+02,2.6100000000e+02,1.5000000000e+01,8.4011398256e-02
1.2100000000e+02,2.6100000000e+02,1.6000000000e+01,8.4016628563e-02
1.2100000000e+02,2.6100000000e+02,1.7000000000e+01,8.4060177207e-02
1.2100000000e+02,2.6100000000e+02,1.8000000000e+01,8.4060370922e-02
1.2100000000e+02,2.6100000000e+02,1.9000000000e+01,8.4083780646e-02
1.2100000000e+02,2.6100000000e+02,2.0000000000e+01,8.4082148969e-02
1.2100000000e+02,2.6100000000e+02,2.1000000000e+01,8.4095120430e-02
1.2100000000e+02,2.6100000000e+02,2.2000000000e+01,8.4093116224e-02
1.2100000000e+02,2.6100000000e+02,2.3000000000e+01,8.4100537002e-02
1.2100000000e+02,2.6100000000e+02,2.4000000000e+01,8.4098726511e-02
1.2100000000e+02,2.6100000000e+02,2.5000000000e+01,8.4103107452e-02
1.2100000000e+02,2.6100000000e+02,2.6000000000e+01,8.4101632237e-02
1.2100000000e+02,2.6100000000e+02,2.7000000000e+01,8.4104299545e-02
1.2100000000e+02,2.6100000000e+02,2.8000000000e+01,8.4103181958e-02
1.2100000000e+02,2.6100000000e+02,2.9000000000e+01,8.4104835987e-02
1.2100000000e+02,2.6100000000e+02,3.0000000000e+01,8.4104008973e-02
1.2100000000e+02,2.6100000000e+02,3.1000000000e+01,8.4105089307e-02
1.2100000000e+02,2.8900000000e+02,0.0000000000e+00,1.9954532385e+00
1.2100000000e+02,2.8900000000e+02,1.0000000000e+00,4.2233434319e-01
1.2100000000e+02,2.8900000000e+02,2.0000000000e+00,1.9568999112e-01
1.2100000000e+02,2.8900000000e+02,3.0000000000e+00,1.5614566207e-01
1.2100000000e+02,2.8900000000e+02,4.0000000000e+00,1.4089938998e-01
1.2100000000e+02,2.8900000000e+02,5.0000000000e+00,1.3944011927e-01
1.2100000000e+02,2.8900000000e+02,6.0000000000e+00,1.3836646080e-01
1.2100000000e+02,2.8900000000e+02,7.0000000000e+00,1.3920399547e-01
1.2100000000e+02,2.8900000000e+02,8.0000000000e+00,1.3939316571e-01
1.2100000000e+02,2.8900000000e+02,9.0000000000e+00,1.3994628191e-01
1.2100000000e+02,2.8900000000e+02,1.0000000000e+01,1.4012423158e-01
1.2100000000e+02,2.8900000000e+02,1.1000000000e+01,1.4039397240e-01
1.2100000000e+02,2.8900000000e+02,1.2000000000e+01,1.4048728347e-01
1.2100000000e+02,2.8900000000e+02,1.3000000000e+01,1.4061057568e-01
1.2100000000e+02,2.8900000000e+02,1.4000000000e+01,1.4065439999e-01
1.2100000000e+02,2.8900000000e+02,1.5000000000e+01,1.4070995152e-01
1.2100000000e+02,2.8900000000e+02,1.6000000000e+01,1.4073005319e-01
1.2100000000e+02,2.8900000000e+02,1.7000000000e+01,1.4075502753e-01
1.2100000000e+02,2.8900000000e+02,1.8000000000e+01,1.4076434076e-01
1.2100000000e+02,2.8900000000e+02,1.9000000000e+01,1.4077556133e-01
1.2100000000e+02,2.8900000000e+02,2.0000000000e+01,1.4078000188e-01
1.2100000000e+02,2.8900000000e+02,2.1000000000e+01,1.4078499377e-01
1.2100000000e+02,2.8900000000e+02,2.2000000000e+01,1.4078719914e-01
1.2100000000e+02,2.8900000000e+02,2.3000000000e+01,1.4078937471e-01
1.2100000000e+02,2.8900000000e+02,2.4000000000e+01,1.4079055190e-01
1.2100000000e+02,2.8900000000e+02,2.5000000000e+01,1.4079143107e-01
1.2100000000e+02,2.8900000000e+02,2.6000000000e+01,1.4079211652e-01
1.2100000000e+02,2.8900000000e+02,2.7000000000e+01,1.4079242945e-01
1.2100000000e+02,2.8900000000e+02,2.8000000000e+01,1.4079283178e-01
1.2100000000e+02,2.8900000000e+02,2.9000000000e+01,1.4079290628e-01
1.2100000000e+02,2.8900000000e+02,3.0000000000e+01,1.4079317451e-01
1.2100000000e+02,2.8900000000e+02,3.1000000000e+01,1.4079314470e-01
1.2100000000e+02,3.1600000000e+02,0.0000000000e+00,2.0042474270e+00
1.2100000000e+02,3.1600000000e+02,1.0000000000e+00,3.8901668787e-01
1.2100000000e+02,3.1600000000e+02,2.0000000000e+00,1.7444409430e-01
1.2100000000e+02,3.1600000000e+02,3.0000000000e+00,1.3732556999e-01
1.2100000000e+02,3.1600000000e+02,4.0000000000e+00,1.2506194413e-01
1.2100000000e+02,3.1600000000e+02,5.0000000000e+00,1.2363407761e-01
1.2100000000e+02,3.1600000000e+02,6.0000000000e+00,1.2305635214e-01
1.2100000000e+02,3.1600000000e+02,7.0000000000e+00,1.2360803783e-01
1.2100000000e+02,3.1600000000e+02,8.0000000000e+00,1.2382871658e-01
1.2100000000e+02,3.1600000000e+02,9.0000000000e+00,1.2418049574e-01
1.2100000000e+02,3.1600000000e+02,1.0000000000e+01,1.2432795018e-01
1.2100000000e+02,3.1600000000e+02,1.1000000000e+01,1.2448842824e-01
1.2100000000e+02,3.1600000000e+02,1.2000000000e+01,1.2455663085e-01
1.2100000000e+02,3.1600000000e+02,1.3000000000e+01,1.2462532520e-01
1.2100000000e+02,3.1600000000e+02,1.4000000000e+01,1.2465450168e-01
1.2100000000e+02,3.1600000000e+02,1.5000000000e+01,1.2468364835e-01
1.2100000000e+02,3.1600000000e+02,1.6000000000e+01,1.2469591945e-01
1.2100000000e+02,3.1600000000e+02,1.7000000000e+01,1.2470835447e-01
1.2100000000e+02,3.1600000000e+02,1.8000000000e+01,1.2471351773e-01
1.2100000000e+02,3.1600000000e+02,1.9000000000e+01,1.2471888214e-01
1.2100000000e+02,3.1600000000e+02,2.0000000000e+01,1.2472108006e-01
1.2100000000e+02,3.1600000000e+02,2.1000000000e+01,1.2472340465e-01
1.2100000000e+02,3.1600000000e+02,2.2000000000e+01,1.2472437322e-01
1.2100000000e+02,3.1600000000e+02,2.3000000000e+01,1.2472539395e-01
1.2100000000e+02,3.1600000000e+02,2.4000000000e+01,1.2472580373e-01
1.2100000000e+02,3.1600000000e+02,2.5000000000e+01,1.2472625822e-01
1.2100000000e+02,3.1600000000e+02,2.6000000000e+01,1.2472644448e-01
1.2100000000e+02,3.1600000000e+02,2.7000000000e+01,1.2472664565e-01
1.2100000000e+02,3.1600000000e+02,2.8000000000e+01,1.2472672760e-01
1.2100000000e+02,3.1600000000e+02,2.9000000000e+01,1.2472682446e-01
1.2100000000e+02,3.1600000000e+02,3.0000000000e+01,1.2472686172e-01
1.2100000000e+02,3.1600000000e+02,3.1000000000e+01,1.2472691387e-01
1.2100000000e+02,3.4400000000e+02,0.0000000000e+00,1.9996292591e+00
1.2100000000e+02,3.4400000000e+02,1.0000000000e+00,3.6846941710e-01
1.2100000000e+02,3.4400000000e+02,2.0000000000e+00,1.6155573726e-01
1.2100000000e+02,3.4400000000e+02,3.0000000000e+00,1.3271498680e-01
1.2100000000e+02,3.4400000000e+02,4.0000000000e+00,1.2222059071e-01
1.2100000000e+02,3.4400000000e+02,5.0000000000e+00,1.2235299498e-01
1.2100000000e+02,3.4400000000e+02,6.0000000000e+00,1.2191794068e-01
1.2100000000e+02,3.4400000000e+02,7.0000000000e+00,1.2274154276e-01
1.2100000000e+02,3.4400000000e+02,8.0000000000e+00,1.2289764732e-01
1.2100000000e+02,3.4400000000e+02,9.0000000000e+00,1.2328203022e-01
1.2100000000e+02,3.4400000000e+02,1.0000000000e+01,1.2337481230e-01
1.2100000000e+02,3.4400000000e+02,1.1000000000e+01,1.2352990359e-01
1.2100000000e+02,3.4400000000e+02,1.2000000000e+01,1.2356802821e-01
1.2100000000e+02,3.4400000000e+02,1.3000000000e+01,1.2362959236e-01
1.2100000000e+02,3.4400000000e+02,1.4000000000e+01,1.2364384532e-01
1.2100000000e+02,3.4400000000e+02,1.5000000000e+01,1.2366862595e-01
1.2100000000e+02,3.4400000000e+02,1.6000000000e+01,1.2367369980e-01
1.2100000000e+02,3.4400000000e+02,1.7000000000e+01,1.2368391454e-01
1.2100000000e+02,3.4400000000e+02,1.8000000000e+01,1.2368563563e-01
1.2100000000e+02,3.4400000000e+02,1.9000000000e+01,1.2368994951e-01
1.2100000000e+02,3.4400000000e+02,2.0000000000e+01,1.2369047105e-01
1.2100000000e+02,3.4400000000e+02,2.1000000000e+01,1.2369234115e-01
1.2100000000e+02,3.4400000000e+02,2.2000000000e+01,1.2369247526e-01
1.2100000000e+02,3.4400000000e+02,2.3000000000e+01,1.2369330227e-01
1.2100000000e+02,3.4400000000e+02,2.4000000000e+01,1.2369331717e-01
1.2100000000e+02,3.4400000000e+02,2.5000000000e+01,1.2369370461e-01
1.2100000000e+02,3.4400000000e+02,2.6000000000e+01,1.2369366735e-01
1.2100000000e+02,3.4400000000e+02,2.7000000000e+01,1.2369385362e-01
1.2100000000e+02,3.4400000000e+02,2.8000000000e+01,1.2369382381e-01
1.2100000000e+02,3.4400000000e+02,2.9000000000e+01,1.2369391322e-01
1.2100000000e+02,3.4400000000e+02,3.0000000000e+01,1.2369389832e-01
1.2100000000e+02,3.4400000000e+02,3.1000000000e+01,1.2369395047e-01
1.2100000000e+02,3.7200000000e+02,0.0000000000e+00,1.9880578518e+00
1.2100000000e+02,3.7200000000e+02,1.0000000000e+00,3.5168841481e-01
1.2100000000e+02,3.7200000000e+02,2.0000000000e+00,1.5652410686e-01
1.2100000000e+02,3.7200000000e+02,3.0000000000e+00,1.3099128008e-01
1.2100000000e+02,3.7200000000e+02,4.0000000000e+00,1.2224472314e-01
1.2100000000e+02,3.7200000000e+02,5.0000000000e+00,1.2269388884e-01
1.2100000000e+02,3.7200000000e+02,6.0000000000e+00,1.2246092409e-01
1.2100000000e+02,3.7200000000e+02,7.0000000000e+00,1.2320897728e-01
1.2100000000e+02,3.7200000000e+02,8.0000000000e+00,1.2335906923e-01
1.2100000000e+02,3.7200000000e+02,9.0000000000e+00,1.2367186695e-01
1.2100000000e+02,3.7200000000e+02,1.0000000000e+01,1.2374652922e-01
1.2100000000e+02,3.7200000000e+02,1.1000000000e+01,1.2386290729e-01
1.2100000000e+02,3.7200000000e+02,1.2000000000e+01,1.2389102578e-01
1.2100000000e+02,3.7200000000e+02,1.3000000000e+01,1.2393388152e-01
1.2100000000e+02,3.7200000000e+02,1.4000000000e+01,1.2394381315e-01
1.2100000000e+02,3.7200000000e+02,1.5000000000e+01,1.2395980954e-01
1.2100000000e+02,3.7200000000e+02,1.6000000000e+01,1.2396325171e-01
1.2100000000e+02,3.7200000000e+02,1.7000000000e+01,1.2396931648e-01
1.2100000000e+02,3.7200000000e+02,1.8000000000e+01,1.2397052348e-01
1.2100000000e+02,3.7200000000e+02,1.9000000000e+01,1.2397284806e-01
1.2100000000e+02,3.7200000000e+02,2.0000000000e+01,1.2397329509e-01
1.2100000000e+02,3.7200000000e+02,2.1000000000e+01,1.2397418171e-01
1.2100000000e+02,3.7200000000e+02,2.2000000000e+01,1.2397435308e-01
1.2100000000e+02,3.7200000000e+02,2.3000000000e+01,1.2397468090e-01
1.2100000000e+02,3.7200000000e+02,2.4000000000e+01,1.2397476286e-01
1.2100000000e+02,3.7200000000e+02,2.5000000000e+01,1.2397487462e-01
1.2100000000e+02,3.7200000000e+02,2.6000000000e+01,1.2397491932e-01
1.2100000000e+02,3.7200000000e+02,2.7000000000e+01,1.2397496402e-01
1.2100000000e+02,3.7200000000e+02,2.8000000000e+01,1.2397497892e-01
1.2100000000e+02,3.7200000000e+02,2.9000000000e+01,1.2397499382e-01
1.2100000000e+02,3.7200000000e+02,3.0000000000e+01,1.2397500128e-01
1.2100000000e+02,3.7200000000e+02,3.1000000000e+01,1.2397501618e-01
1.2100000000e+02,4.0000000000e+02,0.0000000000e+00,2.0027620792e+00
1.2100000000e+02,4.0000000000e+02,1.0000000000e+00,2.8584548831e-01
1.2100000000e+02,4.0000000000e+02,2.0000000000e+00,9.5861896873e-02
1.2100000000e+02,4.0000000000e+02,3.0000000000e+00,6.9135650992e-02
1.2100000000e+02,4.0000000000e+02,4.0000000000e+00,6.1324246228e-02
1.2100000000e+02,4.0000000000e+02,5.0000000000e+00,6.1042357236e-02
1.2100000000e+02,4.0000000000e+02,6.0000000000e+00,6.0826390982e-02
1.2100000000e+02,4.0000000000e+02,7.0000000000e+00,6.1219144613e-02
1.2100000000e+02,4.0000000000e+02,8.0000000000e+00,6.1326391995e-02
1.2100000000e+02,4.0000000000e+02,9.0000000000e+00,6.1490956694e-02
1.2100000000e+02,4.0000000000e+02,1.0000000000e+01,6.1543449759e-02
1.2100000000e+02,4.0000000000e+02,1.1000000000e+01,6.1600517482e-02
1.2100000000e+02,4.0000000000e+02,1.2000000000e+01,6.1620030552e-02
1.2100000000e+02,4.0000000000e+02,1.3000000000e+01,6.1639249325e-02
1.2100000000e+02,4.0000000000e+02,1.4000000000e+01,6.1646193266e-02
1.2100000000e+02,4.0000000000e+02,1.5000000000e+01,6.1652671546e-02
1.2100000000e+02,4.0000000000e+02,1.6000000000e+01,6.1655174941e-02
1.2100000000e+02,4.0000000000e+02,1.7000000000e+01,6.1657361686e-02
1.2100000000e+02,4.0000000000e+02,1.8000000000e+01,6.1658289284e-02
1.2100000000e+02,4.0000000000e+02,1.9000000000e+01,6.1659030616e-02
1.2100000000e+02,4.0000000000e+02,2.0000000000e+01,6.1659395695e-02
1.2100000000e+02,4.0000000000e+02,2.1000000000e+01,6.1659626663e-02
1.2100000000e+02,4.0000000000e+02,2.2000000000e+01,6.1659783125e-02
1.2100000000e+02,4.0000000000e+02,2.3000000000e+01,6.1659850180e-02
1.2100000000e+02,4.0000000000e+02,2.4000000000e+01,6.1659920961e-02
1.2100000000e+02,4.0000000000e+02,2.5000000000e+01,6.1659939587e-02
1.2100000000e+02,4.0000000000e+02,2.6000000000e+01,6.1659969389e-02
1.2100000000e+02,4.0000000000e+02,2.7000000000e+01,6.1659965664e-02
1.2100000000e+02,4.0000000000e+02,2.8000000000e+01,6.1659984291e-02
1.2100000000e+02,4.0000000000e+02,2.9000000000e+01,6.1659984291e-02
1.2100000000e+02,4.0000000000e+02,3.0000000000e+01,6.1659991741e-02
1.2100000000e+02,4.0000000000e+02,3.1000000000e+01,6.1659991741e-02
1.4900000000e+02,1.0000000000e+01,0.0000000000e+00,2.0030248165e+00
1.4900000000e+02,1.0000000000e+01,1.0000000000e+00,2.2086343765e+00
1.4900000000e+02,1.0000000000e+01,2.0000000000e+00,2.1129422188e+00
1.4900000000e+02,1.0000000000e+01,3.0000000000e+00,2.3119032383e+00
1.4900000000e+02,1.0000000000e+01,4.0000000000e+00,2.3017451763e+00
1.4900000000e+02,1.0000000000e+01,5.0000000000e+00,2.4674215317e+00
1.4900000000e+02,1.0000000000e+01,6.0000000000e+00,2.5530538559e+00
1.4900000000e+02,1.0000000000e+01,7.0000000000e+00,3.0525710583e+00
1.4900000000e+02,1.0000000000e+01,8.0000000000e+00,4.3123149872e+00
1.4900000000e+02,1.0000000000e+01,9.0000000000e+00,9.1070823669e+00
1.4900000000e+02,1.0000000000e+01,1.0000000000e+01,2.5875307083e+01
1.4900000000e+02,1.0000000000e+01,1.1000000000e+01,8.8269989014e+01
1.4900000000e+02,1.0000000000e+01,1.2000000000e+01,3.1961755371e+02
1.4900000000e+02,1.0000000000e+01,1.3000000000e+01,1.1887542725e+03
1.4900000000e+02,1.0000000000e+01,1.4000000000e+01,4.4624643555e+03
1.4900000000e+02,1.0000000000e+01,1.5000000000e+01,1.6843927734e+04
1.4900000000e+02,1.0000000000e+01,1.6000000000e+01,6.3756902344e+04
1.4900000000e+02,1.0000000000e+01,1.7000000000e+01,2.4180670312e+05
1.4900000000e+02,1.0000000000e+01,1.8000000000e+01,9.1824656250e+05
1.4900000000e+02,1.0000000000e+01,1.9000000000e+01,3.4902370000e+06
1.4900000000e+02,1.0000000000e+01,2.0000000000e+01,1.3275114000e+07
1.4900000000e+02,1.0000000000e+01,2.1000000000e+01,5.0517304000e+07
1.4900000000e+02,1.0000000000e+01,2.2000000000e+01,1.9231256000e+08
1.4900000000e+02,1.0000000000e+01,2.3000000000e+01,7.3232761600e+08
1.4900000000e+02,1.0000000000e+01,2.4000000000e+01,2.7893747200e+09
1.4900000000e+02,1.0000000000e+01,2.5000000000e+01,1.0626562048e+10
1.4900000000e+02,1.0000000000e+01,2.6000000000e+01,4.0490074112e+10
1.4900000000e+02,1.0000000000e+01,2.7000000000e+01,1.5429899059e+11
1.4900000000e+02,1.0000000000e+01,2.8000000000e+01,5.8806756966e+11
1.4900000000e+02,1.0000000000e+01,2.9000000000e+01,2.2414774764e+12
1.4900000000e+02,1.0000000000e+01,3.0000000000e+01,8.5443425075e+12
1.4900000000e+02,1.0000000000e+01,3.1000000000e+01,3.2572799189e+13
1.4900000000e+02,3.8000000000e+01,0.0000000000e+00,1.9959390163e+00
1.4900000000e+02,3.8000000000e+01,1.0000000000e+00,1.4090477228e+00
1.4900000000e+02,3.8000000000e+01,2.0000000000e+00,1.1381373405e+00
1.4900000000e+02,3.8000000000e+01,3.0000000000e+00,1.1358733177e+00
1.4900000000e+02,3.8000000000e+01,4.0000000000e+00,1.0522217751e+00
1.4900000000e+02,3.8000000000e+01,5.0000000000e+00,1.0754485130e+00
1.4900000000e+02,3.8000000000e+01,6.0000000000e+00,1.0364874601e+00
1.4900000000e+02,3.8000000000e+01,7.0000000000e+00,1.0819214582e+00
1.4900000000e+02,3.8000000000e+01,8.0000000000e+00,1.0860908031e+00
1.4900000000e+02,3.8000000000e+01,9.0000000000e+00,1.2021551132e+00
1.4900000000e+02,3.8000000000e+01,1.0000000000e+01,1.3462947607e+00
1.4900000000e+02,3.8000000000e+01,1.1000000000e+01,1.7699520588e+00
1.4900000000e+02,3.8000000000e+01,1.2000000000e+01,2.5739605427e+00
1.4900000000e+02,3.8000000000e+01,1.3000000000e+01,4.5078892708e+00
1.4900000000e+02,3.8000000000e+01,1.4000000000e+01,8.7145462036e+00
1.4900000000e+02,3.8000000000e+01,1.5000000000e+01,1.8540658951e+01
1.4900000000e+02,3.8000000000e+01,1.6000000000e+01,4.0986686707e+01
1.4900000000e+02,3.8000000000e+01,1.7000000000e+01,9.3514732361e+01
1.4900000000e+02,3.8000000000e+01,1.8000000000e+01,2.1599362183e+02
1.4900000000e+02,3.8000000000e+01,1.9000000000e+01,5.0432086182e+02
1.4900000000e+02,3.8000000000e+01,2.0000000000e+01,1.1834532471e+03
1.4900000000e+02,3.8000000000e+01,2.1000000000e+01,2.7902185059e+03
1.4900000000e+02,3.8000000000e+01,2.2000000000e+01,6.5964111328e+03
1.4900000000e+02,3.8000000000e+01,2.3000000000e+01,1.5634149414e+04
1.4900000000e+02,3.8000000000e+01,2.4000000000e+01,3.7118230469e+04
1.4900000000e+02,3.8000000000e+01,2.5000000000e+01,8.8261375000e+04
1.4900000000e+02,3.8000000000e+01,2.6000000000e+01,2.1011503125e+05
1.4900000000e+02,3.8000000000e+01,2.7000000000e+01,5.0070868750e+05
1.4900000000e+02,3.8000000000e+01,2.8000000000e+01,1.1941653750e+06
1.4900000000e+02,3.8000000000e+01,2.9000000000e+01,2.8500292500e+06
1.4900000000e+02,3.8000000000e+01,3.0000000000e+01,6.8059095000e+06
1.4900000000e+02,3.8000000000e+01,3.1000000000e+01,1.6260807000e+07
1.4900000000e+02,6.6000000000e+01,0.0000000000e+00,2.0056719780e+00
1.4900000000e+02,6.6000000000e+01,1.0000000000e+00,1.0737053156e+00
1.4900000000e+02,6.6000000000e+01,2.0000000000e+00,7.5040012598e-01
1.4900000000e+02,6.6000000000e+01,3.0000000000e+00,6.7699515820e-01
1.4900000000e+02,6.6000000000e+01,4.0000000000e+00,5.7872188091e-01
1.4900000000e+02,6.6000000000e+01,5.0000000000e+00,5.5744868517e-01
1.4900000000e+02,6.6000000000e+01,6.0000000000e+00,5.0819921494e-01
1.4900000000e+02,6.6000000000e+01,7.0000000000e+00,5.0479412079e-01
1.4900000000e+02,6.6000000000e+01,8.0000000000e+00,4.7876071930e-01
1.4900000000e+02,6.6000000000e+01,9.0000000000e+00,4.9094462395e-01
1.4900000000e+02,6.6000000000e+01,1.0000000000e+01,4.8858851194e-01
1.4900000000e+02,6.6000000000e+01,1.1000000000e+01,5.3177082539e-01
1.4900000000e+02,6.6000000000e+01,1.2000000000e+01,5.8183765411e-01
1.4900000000e+02,6.6000000000e+01,1.3000000000e+01,7.1642506123e-01
1.4900000000e+02,6.6000000000e+01,1.4000000000e+01,9.3167597055e-01
1.4900000000e+02,6.6000000000e+01,1.5000000000e+01,1.3751319647e+00
1.4900000000e+02,6.6000000000e+01,1.6000000000e+01,2.1685910225e+00
1.4900000000e+02,6.6000000000e+01,1.7000000000e+01,3.7139134407e+00
1.4900000000e+02,6.6000000000e+01,1.8000000000e+01,6.6082544327e+00
1.4900000000e+02,6.6000000000e+01,1.9000000000e+01,1.2191892624e+01
1.4900000000e+02,6.6000000000e+01,2.0000000000e+01,2.2862585068e+01
1.4900000000e+02,6.6000000000e+01,2.1000000000e+01,4.3476783752e+01
1.4900000000e+02,6.6000000000e+01,2.2000000000e+01,8.3256538391e+01
1.4900000000e+02,6.6000000000e+01,2.3000000000e+01,1.6035177612e+02
1.4900000000e+02,6.6000000000e+01,2.4000000000e+01,3.0990100098e+02
1.4900000000e+02,6.6000000000e+01,2.5000000000e+01,6.0056408691e+02
1.4900000000e+02,6.6000000000e+01,2.6000000000e+01,1.1661346436e+03
1.4900000000e+02,6.6000000000e+01,2.7000000000e+01,2.2677690430e+03
1.4900000000e+02,6.6000000000e+01,2.8000000000e+01,4.4155751953e+03
1.4900000000e+02,6.6000000000e+01,2.9000000000e+01,8.6057978516e+03
1.4900000000e+02,6.6000000000e+01,3.0000000000e+01,1.6786345703e+04
1.4900000000e+02,6.6000000000e+01,3.1000000000e+01,3.2764496094e+04
1.4900000000e+02,9.4000000000e+01,0.0000000000e+00,2.0048754215e+00
1.4900000000e+02,9.4000000000e+01,1.0000000000e+00,8.2901048660e-01
1.4900000000e+02,9.4000000000e+01,2.0000000000e+00,4.9781137705e-01
1.4900000000e+02,9.4000000000e+01,3.0000000000e+00,3.9852255583e-01
1.4900000000e+02,9.4000000000e+01,4.0000000000e+00,3.1241470575e-01
1.4900000000e+02,9.4000000000e+01,5.0000000000e+00,2.8131616116e-01
1.4900000000e+02,9.4000000000e+01,6.0000000000e+00,2.4353908002e-01
1.4900000000e+02,9.4000000000e+01,7.0000000000e+00,2.3169755936e-01
1.4900000000e+02,9.4000000000e+01,8.0000000000e+00,2.1191863716e-01
1.4900000000e+02,9.4000000000e+01,9.0000000000e+00,2.0864772797e-01
1.4900000000e+02,9.4000000000e+01,1.0000000000e+01,1.9812351465e-01
1.4900000000e+02,9.4000000000e+01,1.1000000000e+01,2.0045739412e-01
1.4900000000e+02,9.4000000000e+01,1.2000000000e+01,1.9655081630e-01
1.4900000000e+02,9.4000000000e+01,1.3000000000e+01,2.0457668602e-01
1.4900000000e+02,9.4000000000e+01,1.4000000000e+01,2.0776312053e-01
1.4900000000e+02,9.4000000000e+01,1.5000000000e+01,2.2408547997e-01
1.4900000000e+02,9.4000000000e+01,1.6000000000e+01,2.3798881471e-01
1.4900000000e+02,9.4000000000e+01,1.7000000000e+01,2.6893761754e-01
1.4900000000e+02,9.4000000000e+01,1.8000000000e+01,3.0228579044e-01
1.4900000000e+02,9.4000000000e+01,1.9000000000e+01,3.6117878556e-01
1.4900000000e+02,9.4000000000e+01,2.0000000000e+01,4.3256062269e-01
1.4900000000e+02,9.4000000000e+01,2.1000000000e+01,5.4677975178e-01
1.4900000000e+02,9.4000000000e+01,2.2000000000e+01,6.9487059116e-01
1.4900000000e+02,9.4000000000e+01,2.3000000000e+01,9.2078626156e-01
1.4900000000e+02,9.4000000000e+01,2.4000000000e+01,1.2259566784e+00
1.4900000000e+02,9.4000000000e+01,2.5000000000e+01,1.6803970337e+00
1.4900000000e+02,9.4000000000e+01,2.6000000000e+01,2.3104319572e+00
1.4900000000e+02,9.4000000000e+01,2.7000000000e+01,3.2373509407e+00
1.4900000000e+02,9.4000000000e+01,2.8000000000e+01,4.5446319580e+00
1.4900000000e+02,9.4000000000e+01,2.9000000000e+01,6.4571461678e+00
1.4900000000e+02,9.4000000000e+01,3.0000000000e+01,9.1863098145e+00
1.4900000000e+02,9.4000000000e+01,3.1000000000e+01,1.3170917511e+01
1.4900000000e+02,1.2100000000e+02,0.0000000000e+00,1.9959105253e+00
1.4900000000e+02,1.2100000000e+02,1.0000000000e+00,7.1170687675e-01
1.4900000000e+02,1.2100000000e+02,2.0000000000e+00,3.7792995572e-01
1.4900000000e+02,1.2100000000e+02,3.0000000000e+00,2.9169493914e-01
1.4900000000e+02,1.2100000000e+02,4.0000000000e+00,2.1926388144e-01
1.4900000000e+02,1.2100000000e+02,5.0000000000e+00,1.9844549894e-01
1.4900000000e+02,1.2100000000e+02,6.0000000000e+00,1.7170822620e-01
1.4900000000e+02,1.2100000000e+02,7.0000000000e+00,1.6597296298e-01
1.4900000000e+02,1.2100000000e+02,8.0000000000e+00,1.5381835401e-01
1.4900000000e+02,1.2100000000e+02,9.0000000000e+00,1.5298201144e-01
1.4900000000e+02,1.2100000000e+02,1.0000000000e+01,1.4677524567e-01
1.4900000000e+02,1.2100000000e+02,1.1000000000e+01,1.4781449735e-01
1.4900000000e+02,1.2100000000e+02,1.2000000000e+01,1.4443948865e-01
1.4900000000e+02,1.2100000000e+02,1.3000000000e+01,1.4634218812e-01
1.4900000000e+02,1.2100000000e+02,1.4000000000e+01,1.4455063641e-01
1.4900000000e+02,1.2100000000e+02,1.5000000000e+01,1.4705550671e-01
1.4900000000e+02,1.2100000000e+02,1.6000000000e+01,1.4641346037e-01
1.4900000000e+02,1.2100000000e+02,1.7000000000e+01,1.4966927469e-01
1.4900000000e+02,1.2100000000e+02,1.8000000000e+01,1.5025913715e-01
1.4900000000e+02,1.2100000000e+02,1.9000000000e+01,1.5482392907e-01
1.4900000000e+02,1.2100000000e+02,2.0000000000e+01,1.5729533136e-01
1.4900000000e+02,1.2100000000e+02,2.1000000000e+01,1.6439479589e-01
1.4900000000e+02,1.2100000000e+02,2.2000000000e+01,1.7035005987e-01
1.4900000000e+02,1.2100000000e+02,2.3000000000e+01,1.8253184855e-01
1.4900000000e+02,1.2100000000e+02,2.4000000000e+01,1.9547531009e-01
1.4900000000e+02,1.2100000000e+02,2.5000000000e+01,2.1805448830e-01
1.4900000000e+02,1.2100000000e+02,2.6000000000e+01,2.4549636245e-01
1.4900000000e+02,1.2100000000e+02,2.7000000000e+01,2.8968665004e-01
1.4900000000e+02,1.2100000000e+02,2.8000000000e+01,3.4771990776e-01
1.4900000000e+02,1.2100000000e+02,2.9000000000e+01,4.3740770221e-01
1.4900000000e+02,1.2100000000e+02,3.0000000000e+01,5.6064343452e-01
1.4900000000e+02,1.2100000000e+02,3.1000000000e+01,7.4707120657e-01
1.4900000000e+02,1.4900000000e+02,0.0000000000e+00,1.9933681488e+00
1.4900000000e+02,1.4900000000e+02,1.0000000000e+00,6.5176904202e-01
1.4900000000e+02,1.4900000000e+02,2.0000000000e+00,3.4352380037e-01
1.4900000000e+02,1.4900000000e+02,3.0000000000e+00,2.6890012622e-01
1.4900000000e+02,1.4900000000e+02,4.0000000000e+00,2.1480754018e-01
1.4900000000e+02,1.4900000000e+02,5.0000000000e+00,2.0168016851e-01
1.4900000000e+02,1.4900000000e+02,6.0000000000e+00,1.8563590944e-01
1.4900000000e+02,1.4900000000e+02,7.0000000000e+00,1.8396575749e-01
1.4900000000e+02,1.4900000000e+02,8.0000000000e+00,1.7807860672e-01
1.4900000000e+02,1.4900000000e+02,9.0000000000e+00,1.7903912067e-01
1.4900000000e+02,1.4900000000e+02,1.0000000000e+01,1.7653954029e-01
1.4900000000e+02,1.4900000000e+02,1.1000000000e+01,1.7797476053e-01
1.4900000000e+02,1.4900000000e+02,1.2000000000e+01,1.7674936354e-01
1.4900000000e+02,1.4900000000e+02,1.3000000000e+01,1.7809540033e-01
1.4900000000e+02,1.4900000000e+02,1.4000000000e+01,1.7739030719e-01
1.4900000000e+02,1.4900000000e+02,1.5000000000e+01,1.7852705717e-01
1.4900000000e+02,1.4900000000e+02,1.6000000000e+01,1.7805168033e-01
1.4900000000e+02,1.4900000000e+02,1.7000000000e+01,1.7898561060e-01
1.4900000000e+02,1.4900000000e+02,1.8000000000e+01,1.7862302065e-01
1.4900000000e+02,1.4900000000e+02,1.9000000000e+01,1.7939133942e-01
1.4900000000e+02,1.4900000000e+02,2.0000000000e+01,1.7909371853e-01
1.4900000000e+02,1.4900000000e+02,2.1000000000e+01,1.7973539233e-01
1.4900000000e+02,1.4900000000e+02,2.2000000000e+01,1.7948380113e-01
1.4900000000e+02,1.4900000000e+02,2.3000000000e+01,1.8003185093e-01
1.4900000000e+02,1.4900000000e+02,2.4000000000e+01,1.7981994152e-01
1.4900000000e+02,1.4900000000e+02,2.5000000000e+01,1.8030072749e-01
1.4900000000e+02,1.4900000000e+02,2.6000000000e+01,1.8012812734e-01
1.4900000000e+02,1.4900000000e+02,2.7000000000e+01,1.8056266010e-01
1.4900000000e+02,1.4900000000e+02,2.8000000000e+01,1.8043261766e-01
1.4900000000e+02,1.4900000000e+02,2.9000000000e+01,1.8083831668e-01
1.4900000000e+02,1.4900000000e+02,3.0000000000e+01,1.8075704575e-01
1.4900000000e+02,1.4900000000e+02,3.1000000000e+01,1.8114973605e-01
1.4900000000e+02,1.7700000000e+02,0.0000000000e+00,2.0062413216e+00
1.4900000000e+02,1.7700000000e+02,1.0000000000e+00,5.2981829643e-01
1.4900000000e+02,1.7700000000e+02,2.0000000000e+00,2.3652674258e-01
1.4900000000e+02,1.7700000000e+02,3.0000000000e+00,1.5917076170e-01
1.4900000000e+02,1.7700000000e+02,4.0000000000e+00,1.1578544229e-01
1.4900000000e+02,1.7700000000e+02,5.0000000000e+00,1.0249724984e-01
1.4900000000e+02,1.7700000000e+02,6.0000000000e+00,9.1724865139e-02
1.4900000000e+02,1.7700000000e+02,7.0000000000e+00,8.9289329946e-02
1.4900000000e+02,1.7700000000e+02,8.0000000000e+00,8.6022123694e-02
1.4900000000e+02,1.7700000000e+02,9.0000000000e+00,8.5917197168e-02
1.4900000000e+02,1.7700000000e+02,1.0000000000e+01,8.4798321128e-02
1.4900000000e+02,1.7700000000e+02,1.1000000000e+01,8.5149563849e-02
1.4900000000e+02,1.7700000000e+02,1.2000000000e+01,8.4722749889e-02
1.4900000000e+02,1.7700000000e+02,1.3000000000e+01,8.5086658597e-02
1.4900000000e+02,1.7700000000e+02,1.4000000000e+01,8.4901802242e-02
1.4900000000e+02,1.7700000000e+02,1.5000000000e+01,8.5190005600e-02
1.4900000000e+02,1.7700000000e+02,1.6000000000e+01,8.5096716881e-02
1.4900000000e+02,1.7700000000e+02,1.7000000000e+01,8.5309773684e-02
1.4900000000e+02,1.7700000000e+02,1.8000000000e+01,8.5255041718e-02
1.4900000000e+02,1.7700000000e+02,1.9000000000e+01,8.5411518812e-02
1.4900000000e+02,1.7700000000e+02,2.0000000000e+01,8.5375823081e-02
1.4900000000e+02,1.7700000000e+02,2.1000000000e+01,8.5494101048e-02
1.4900000000e+02,1.7700000000e+02,2.2000000000e+01,8.5469901562e-02
1.4900000000e+02,1.7700000000e+02,2.3000000000e+01,8.5564464331e-02
1.4900000000e+02,1.7700000000e+02,2.4000000000e+01,8.5548736155e-02
1.4900000000e+02,1.7700000000e+02,2.5000000000e+01,8.5630431771e-02
1.4900000000e+02,1.7700000000e+02,2.6000000000e+01,8.5621982813e-02
1.4900000000e+02,1.7700000000e+02,2.7000000000e+01,8.5699051619e-02
1.4900000000e+02,1.7700000000e+02,2.8000000000e+01,8.5697628558e-02
1.4900000000e+02,1.7700000000e+02,2.9000000000e+01,8.5776694119e-02
1.4900000000e+02,1.7700000000e+02,3.0000000000e+01,8.5782706738e-02
1.4900000000e+02,1.7700000000e+02,3.1000000000e+01,8.5869528353e-02
1.4900000000e+02,2.0500000000e+02,0.0000000000e+00,2.0056517124e+00
1.4900000000e+02,2.0500000000e+02,1.0000000000e+00,5.1899129152e-01
1.4900000000e+02,2.0500000000e+02,2.0000000000e+00,2.4903288484e-01
1.4900000000e+02,2.0500000000e+02,3.0000000000e+00,1.8875020742e-01
1.4900000000e+02,2.0500000000e+02,4.0000000000e+00,1.5715241432e-01
1.4900000000e+02,2.0500000000e+02,5.0000000000e+00,1.5053890646e-01
1.4900000000e+02,2.0500000000e+02,6.0000000000e+00,1.4480149746e-01
1.4900000000e+02,2.0500000000e+02,7.0000000000e+00,1.4495095611e-01
1.4900000000e+02,2.0500000000e+02,8.0000000000e+00,1.4391009510e-01
1.4900000000e+02,2.0500000000e+02,9.0000000000e+00,1.4478057623e-01
1.4900000000e+02,2.0500000000e+02,1.0000000000e+01,1.4469353855e-01
1.4900000000e+02,2.0500000000e+02,1.1000000000e+01,1.4537967741e-01
1.4900000000e+02,2.0500000000e+02,1.2000000000e+01,1.4545612037e-01
1.4900000000e+02,2.0500000000e+02,1.3000000000e+01,1.4590214193e-01
1.4900000000e+02,2.0500000000e+02,1.4000000000e+01,1.4597648382e-01
1.4900000000e+02,2.0500000000e+02,1.5000000000e+01,1.4625105262e-01
1.4900000000e+02,2.0500000000e+02,1.6000000000e+01,1.4629888535e-01
1.4900000000e+02,2.0500000000e+02,1.7000000000e+01,1.4646552503e-01
1.4900000000e+02,2.0500000000e+02,1.8000000000e+01,1.4649161696e-01
1.4900000000e+02,2.0500000000e+02,1.9000000000e+01,1.4659295976e-01
1.4900000000e+02,2.0500000000e+02,2.0000000000e+01,1.4660514891e-01
1.4900000000e+02,2.0500000000e+02,2.1000000000e+01,1.4666751027e-01
1.4900000000e+02,2.0500000000e+02,2.2000000000e+01,1.4667171240e-01
1.4900000000e+02,2.0500000000e+02,2.3000000000e+01,1.4671075344e-01
1.4900000000e+02,2.0500000000e+02,2.4000000000e+01,1.4671069384e-01
1.4900000000e+02,2.0500000000e+02,2.5000000000e+01,1.4673566818e-01
1.4900000000e+02,2.0500000000e+02,2.6000000000e+01,1.4673346281e-01
1.4900000000e+02,2.0500000000e+02,2.7000000000e+01,1.4674994349e-01
1.4900000000e+02,2.0500000000e+02,2.8000000000e+01,1.4674678445e-01
1.4900000000e+02,2.0500000000e+02,2.9000000000e+01,1.4675804973e-01
1.4900000000e+02,2.0500000000e+02,3.0000000000e+01,1.4675453305e-01
1.4900000000e+02,2.0500000000e+02,3.1000000000e+01,1.4676257968e-01
1.4900000000e+02,2.3300000000e+02,0.0000000000e+00,2.0079379082e+00
1.4900000000e+02,2.3300000000e+02,1.0000000000e+00,4.6634113789e-01
1.4900000000e+02,2.3300000000e+02,2.0000000000e+00,2.1806639433e-01
1.4900000000e+02,2.3300000000e+02,3.0000000000e+00,1.6072495282e-01
1.4900000000e+02,2.3300000000e+02,4.0000000000e+00,1.3619984686e-01
1.4900000000e+02,2.3300000000e+02,5.0000000000e+00,1.2989899516e-01
1.4900000000e+02,2.3300000000e+02,6.0000000000e+00,1.2621758878e-01
1.4900000000e+02,2.3300000000e+02,7.0000000000e+00,1.2586885691e-01
1.4900000000e+02,2.3300000000e+02,8.0000000000e+00,1.2537452579e-01
1.4900000000e+02,2.3300000000e+02,9.0000000000e+00,1.2570181489e-01
1.4900000000e+02,2.3300000000e+02,1.0000000000e+01,1.2572248280e-01
1.4900000000e+02,2.3300000000e+02,1.1000000000e+01,1.2599633634e-01
1.4900000000e+02,2.3300000000e+02,1.2000000000e+01,1.2606723607e-01
1.4900000000e+02,2.3300000000e+02,1.3000000000e+01,1.2623356283e-01
1.4900000000e+02,2.3300000000e+02,1.4000000000e+01,1.2628380954e-01
1.4900000000e+02,2.3300000000e+02,1.5000000000e+01,1.2637688220e-01
1.4900000000e+02,2.3300000000e+02,1.6000000000e+01,1.2640576065e-01
1.4900000000e+02,2.3300000000e+02,1.7000000000e+01,1.2645654380e-01
1.4900000000e+02,2.3300000000e+02,1.8000000000e+01,1.2647190690e-01
1.4900000000e+02,2.3300000000e+02,1.9000000000e+01,1.2649944425e-01
1.4900000000e+02,2.3300000000e+02,2.0000000000e+01,1.2650737166e-01
1.4900000000e+02,2.3300000000e+02,2.1000000000e+01,1.2652228773e-01
1.4900000000e+02,2.3300000000e+02,2.2000000000e+01,1.2652632594e-01
1.4900000000e+02,2.3300000000e+02,2.3000000000e+01,1.2653434277e-01
1.4900000000e+02,2.3300000000e+02,2.4000000000e+01,1.2653647363e-01
1.4900000000e+02,2.3300000000e+02,2.5000000000e+01,1.2654070556e-01
1.4900000000e+02,2.3300000000e+02,2.6000000000e+01,1.2654191256e-01
1.4900000000e+02,2.3300000000e+02,2.7000000000e+01,1.2654404342e-01
1.4900000000e+02,2.3300000000e+02,2.8000000000e+01,1.2654483318e-01
1.4900000000e+02,2.3300000000e+02,2.9000000000e+01,1.2654574215e-01
1.4900000000e+02,2.3300000000e+02,3.0000000000e+01,1.2654639781e-01
1.4900000000e+02,2.3300000000e+02,3.1000000000e+01,1.2654660642e-01
1.4900000000e+02,2.6100000000e+02,0.0000000000e+00,1.9891852140e+00
1.4900000000e+02,2.6100000000e+02,1.0000000000e+00,4.3411850929e-01
1.4900000000e+02,2.6100000000e+02,2.0000000000e+00,1.9685986638e-01
1.4900000000e+02,2.6100000000e+02,3.0000000000e+00,1.5203575790e-01
1.4900000000e+02,2.6100000000e+02,4.0000000000e+00,1.3215503097e-01
1.4900000000e+02,2.6100000000e+02,5.0000000000e+00,1.2952065468e-01
1.4900000000e+02,2.6100000000e+02,6.0000000000e+00,1.2710645795e-01
1.4900000000e+02,2.6100000000e+02,7.0000000000e+00,1.2782134116e-01
1.4900000000e+02,2.6100000000e+02,8.0000000000e+00,1.2762764096e-01
1.4900000000e+02,2.6100000000e+02,9.0000000000e+00,1.2825474143e-01
1.4900000000e+02,2.6100000000e+02,1.0000000000e+01,1.2832152843e-01
1.4900000000e+02,2.6100000000e+02,1.1000000000e+01,1.2866967916e-01
1.4900000000e+02,2.6100000000e+02,1.2000000000e+01,1.2872974575e-01
1.4900000000e+02,2.6100000000e+02,1.3000000000e+01,1.2890599668e-01
1.4900000000e+02,2.6100000000e+02,1.4000000000e+01,1.2893943489e-01
1.4900000000e+02,2.6100000000e+02,1.5000000000e+01,1.2902639806e-01
1.4900000000e+02,2.6100000000e+02,1.6000000000e+01,1.2904304266e-01
1.4900000000e+02,2.6100000000e+02,1.7000000000e+01,1.2908557057e-01
1.4900000000e+02,2.6100000000e+02,1.8000000000e+01,1.2909370661e-01
1.4900000000e+02,2.6100000000e+02,1.9000000000e+01,1.2911430001e-01
1.4900000000e+02,2.6100000000e+02,2.0000000000e+01,1.2911842763e-01
1.4900000000e+02,2.6100000000e+02,2.1000000000e+01,1.2912818789e-01
1.4900000000e+02,2.6100000000e+02,2.2000000000e+01,1.2913049757e-01
1.4900000000e+02,2.6100000000e+02,2.3000000000e+01,1.2913484871e-01
1.4900000000e+02,2.6100000000e+02,2.4000000000e+01,1.2913636863e-01
1.4900000000e+02,2.6100000000e+02,2.5000000000e+01,1.2913803756e-01
1.4900000000e+02,2.6100000000e+02,2.6000000000e+01,1.2913919985e-01
1.4900000000e+02,2.6100000000e+02,2.7000000000e+01,1.2913954258e-01
1.4900000000e+02,2.6100000000e+02,2.8000000000e+01,1.2914051116e-01
1.4900000000e+02,2.6100000000e+02,2.9000000000e+01,1.2914024293e-01
1.4900000000e+02,2.6100000000e+02,3.0000000000e+01,1.2914110720e-01
1.4900000000e+02,2.6100000000e+02,3.1000000000e+01,1.2914055586e-01
1.4900000000e+02,2.8900000000e+02,0.0000000000e+00,1.9989429712e+00
1.4900000000e+02,2.8900000000e+02,1.0000000000e+00,4.0126866102e-01
1.4900000000e+02,2.8900000000e+02,2.0000000000e+00,1.8076279759e-01
1.4900000000e+02,2.8900000000e+02,3.0000000000e+00,1.3604533672e-01
1.4900000000e+02,2.8900000000e+02,4.0000000000e+00,1.2091372907e-01
1.4900000000e+02,2.8900000000e+02,5.0000000000e+00,1.1783289909e-01
1.4900000000e+02,2.8900000000e+02,6.0000000000e+00,1.1670350283e-01
1.4900000000e+02,2.8900000000e+02,7.0000000000e+00,1.1694234610e-01
1.4900000000e+02,2.8900000000e+02,8.0000000000e+00,1.1710834503e-01
1.4900000000e+02,2.8900000000e+02,9.0000000000e+00,1.1742376536e-01
1.4900000000e+02,2.8900000000e+02,1.0000000000e+01,1.1759662628e-01
1.4900000000e+02,2.8900000000e+02,1.1000000000e+01,1.1776757985e-01
1.4900000000e+02,2.8900000000e+02,1.2000000000e+01,1.1786139011e-01
1.4900000000e+02,2.8900000000e+02,1.3000000000e+01,1.1794218421e-01
1.4900000000e+02,2.8900000000e+02,1.4000000000e+01,1.1798752844e-01
1.4900000000e+02,2.8900000000e+02,1.5000000000e+01,1.1802430451e-01
1.4900000000e+02,2.8900000000e+02,1.6000000000e+01,1.1804562807e-01
1.4900000000e+02,2.8900000000e+02,1.7000000000e+01,1.1806217581e-01
1.4900000000e+02,2.8900000000e+02,1.8000000000e+01,1.1807222664e-01
1.4900000000e+02,2.8900000000e+02,1.9000000000e+01,1.1807963997e-01
1.4900000000e+02,2.8900000000e+02,2.0000000000e+01,1.1808443069e-01
1.4900000000e+02,2.8900000000e+02,2.1000000000e+01,1.1808774620e-01
1.4900000000e+02,2.8900000000e+02,2.2000000000e+01,1.1809008569e-01
1.4900000000e+02,2.8900000000e+02,2.3000000000e+01,1.1809155345e-01
1.4900000000e+02,2.8900000000e+02,2.4000000000e+01,1.1809271574e-01
1.4900000000e+02,2.8900000000e+02,2.5000000000e+01,1.1809335649e-01
1.4900000000e+02,2.8900000000e+02,2.6000000000e+01,1.1809395999e-01
1.4900000000e+02,2.8900000000e+02,2.7000000000e+01,1.1809422076e-01
1.4900000000e+02,2.8900000000e+02,2.8000000000e+01,1.1809454113e-01
1.4900000000e+02,2.8900000000e+02,2.9000000000e+01,1.1809463054e-01
1.4900000000e+02,2.8900000000e+02,3.0000000000e+01,1.1809480935e-01
1.4900000000e+02,2.8900000000e+02,3.1000000000e+01,1.1809483171e-01
1.4900000000e+02,3.1600000000e+02,0.0000000000e+00,2.0000278950e+00
1.4900000000e+02,3.1600000000e+02,1.0000000000e+00,3.3234906197e-01
1.4900000000e+02,3.1600000000e+02,2.0000000000e+00,1.1079561710e-01
1.4900000000e+02,3.1600000000e+02,3.0000000000e+00,6.9165632129e-02
1.4900000000e+02,3.1600000000e+02,4.0000000000e+00,5.3903244436e-02
1.4900000000e+02,3.1600000000e+02,5.0000000000e+00,5.1138237119e-02
1.4900000000e+02,3.1600000000e+02,6.0000000000e+00,4.9491066486e-02
1.4900000000e+02,3.1600000000e+02,7.0000000000e+00,4.9567472190e-02
1.4900000000e+02,3.1600000000e+02,8.0000000000e+00,4.9391571432e-02
1.4900000000e+02,3.1600000000e+02,9.0000000000e+00,4.9564402550e-02
1.4900000000e+02,3.1600000000e+02,1.0000000000e+01,4.9557838589e-02
1.4900000000e+02,3.1600000000e+02,1.1000000000e+01,4.9648992717e-02
1.4900000000e+02,3.1600000000e+02,1.2000000000e+01,4.9654804170e-02
1.4900000000e+02,3.1600000000e+02,1.3000000000e+01,4.9696289003e-02
1.4900000000e+02,3.1600000000e+02,1.4000000000e+01,4.9699191004e-02
1.4900000000e+02,3.1600000000e+02,1.5000000000e+01,4.9717631191e-02
1.4900000000e+02,3.1600000000e+02,1.6000000000e+01,4.9718420953e-02
1.4900000000e+02,3.1600000000e+02,1.7000000000e+01,4.9726713449e-02
1.4900000000e+02,3.1600000000e+02,1.8000000000e+01,4.9726694822e-02
1.4900000000e+02,3.1600000000e+02,1.9000000000e+01,4.9730490893e-02
1.4900000000e+02,3.1600000000e+02,2.0000000000e+01,4.9730278552e-02
1.4900000000e+02,3.1600000000e+02,2.1000000000e+01,4.9732062966e-02
1.4900000000e+02,3.1600000000e+02,2.2000000000e+01,4.9731850624e-02
1.4900000000e+02,3.1600000000e+02,2.3000000000e+01,4.9732703716e-02
1.4900000000e+02,3.1600000000e+02,2.4000000000e+01,4.9732547253e-02
1.4900000000e+02,3.1600000000e+02,2.5000000000e+01,4.9732968211e-02
1.4900000000e+02,3.1600000000e+02,2.6000000000e+01,4.9732871354e-02
1.4900000000e+02,3.1600000000e+02,2.7000000000e+01,4.9733072519e-02
1.4900000000e+02,3.1600000000e+02,2.8000000000e+01,4.9733016640e-02
1.4900000000e+02,3.1600000000e+02,2.9000000000e+01,4.9733117223e-02
1.4900000000e+02,3.1600000000e+02,3.0000000000e+01,4.9733087420e-02
1.4900000000e+02,3.1600000000e+02,3.1000000000e+01,4.9733132124e-02
1.4900000000e+02,3.4400000000e+02,0.0000000000e+00,2.0083403587e+00
1.4900000000e+02,3.4400000000e+02,1.0000000000e+00,3.0821418762e-01
1.4900000000e+02,3.4400000000e+02,2.0000000000e+00,1.0025154054e-01
1.4900000000e+02,3.4400000000e+02,3.0000000000e+00,6.2767192721e-02
1.4900000000e+02,3.4400000000e+02,4.0000000000e+00,5.0294101238e-02
1.4900000000e+02,3.4400000000e+02,5.0000000000e+00,4.8217937350e-02
1.4900000000e+02,3.4400000000e+02,6.0000000000e+00,4.7101743519e-02
1.4900000000e+02,3.4400000000e+02,7.0000000000e+00,4.7243371606e-02
1.4900000000e+02,3.4400000000e+02,8.0000000000e+00,4.7167334706e-02
1.4900000000e+02,3.4400000000e+02,9.0000000000e+00,4.7321580350e-02
1.4900000000e+02,3.4400000000e+02,1.0000000000e+01,4.7332394868e-02
1.4900000000e+02,3.4400000000e+02,1.1000000000e+01,4.7405332327e-02
1.4900000000e+02,3.4400000000e+02,1.2000000000e+01,4.7413483262e-02
1.4900000000e+02,3.4400000000e+02,1.3000000000e+01,4.7444488853e-02
1.4900000000e+02,3.4400000000e+02,1.4000000000e+01,4.7447435558e-02
1.4900000000e+02,3.4400000000e+02,1.5000000000e+01,4.7460522503e-02
1.4900000000e+02,3.4400000000e+02,1.6000000000e+01,4.7461207956e-02
1.4900000000e+02,3.4400000000e+02,1.7000000000e+01,4.7466844320e-02
1.4900000000e+02,3.4400000000e+02,1.8000000000e+01,4.7466803342e-02
1.4900000000e+02,3.4400000000e+02,1.9000000000e+01,4.7469310462e-02
1.4900000000e+02,3.4400000000e+02,2.0000000000e+01,4.7469109297e-02
1.4900000000e+02,3.4400000000e+02,2.1000000000e+01,4.7470264137e-02
1.4900000000e+02,3.4400000000e+02,2.2000000000e+01,4.7470074147e-02
1.4900000000e+02,3.4400000000e+02,2.3000000000e+01,4.7470632941e-02
1.4900000000e+02,3.4400000000e+02,2.4000000000e+01,4.7470491379e-02
1.4900000000e+02,3.4400000000e+02,2.5000000000e+01,4.7470770776e-02
1.4900000000e+02,3.4400000000e+02,2.6000000000e+01,4.7470673919e-02
1.4900000000e+02,3.4400000000e+02,2.7000000000e+01,4.7470822930e-02
1.4900000000e+02,3.4400000000e+02,2.8000000000e+01,4.7470752150e-02
1.4900000000e+02,3.4400000000e+02,2.9000000000e+01,4.7470834106e-02
1.4900000000e+02,3.4400000000e+02,3.0000000000e+01,4.7470800579e-02
1.4900000000e+02,3.4400000000e+02,3.1000000000e+01,4.7470841557e-02
1.4900000000e+02,3.7200000000e+02,0.0000000000e+00,1.9918199778e+00
1.4900000000e+02,3.7200000000e+02,1.0000000000e+00,2.9216614366e-01
1.4900000000e+02,3.7200000000e+02,2.0000000000e+00,9.5352508128e-02
1.4900000000e+02,3.7200000000e+02,3.0000000000e+00,6.2682941556e-02
1.4900000000e+02,3.7200000000e+02,4.0000000000e+00,5.2970599383e-02
1.4900000000e+02,3.7200000000e+02,5.0000000000e+00,5.1661256701e-02
1.4900000000e+02,3.7200000000e+02,6.0000000000e+00,5.1102049649e-02
1.4900000000e+02,3.7200000000e+02,7.0000000000e+00,5.1336549222e-02
1.4900000000e+02,3.7200000000e+02,8.0000000000e+00,5.1379892975e-02
1.4900000000e+02,3.7200000000e+02,9.0000000000e+00,5.1528833807e-02
1.4900000000e+02,3.7200000000e+02,1.0000000000e+01,5.1567748189e-02
1.4900000000e+02,3.7200000000e+02,1.1000000000e+01,5.1628828049e-02
1.4900000000e+02,3.7200000000e+02,1.2000000000e+01,5.1644545048e-02
1.4900000000e+02,3.7200000000e+02,1.3000000000e+01,5.1668073982e-02
1.4900000000e+02,3.7200000000e+02,1.4000000000e+01,5.1673486829e-02
1.4900000000e+02,3.7200000000e+02,1.5000000000e+01,5.1682602614e-02
1.4900000000e+02,3.7200000000e+02,1.6000000000e+01,5.1684293896e-02
1.4900000000e+02,3.7200000000e+02,1.7000000000e+01,5.1687918603e-02
1.4900000000e+02,3.7200000000e+02,1.8000000000e+01,5.1688365638e-02
1.4900000000e+02,3.7200000000e+02,1.9000000000e+01,5.1689863205e-02
1.4900000000e+02,3.7200000000e+02,2.0000000000e+01,5.1689930260e-02
1.4900000000e+02,3.7200000000e+02,2.1000000000e+01,5.1690574735e-02
1.4900000000e+02,3.7200000000e+02,2.2000000000e+01,5.1690552384e-02
1.4900000000e+02,3.7200000000e+02,2.3000000000e+01,5.1690835506e-02
1.4900000000e+02,3.7200000000e+02,2.4000000000e+01,5.1690798253e-02
1.4900000000e+02,3.7200000000e+02,2.5000000000e+01,5.1690932363e-02
1.4900000000e+02,3.7200000000e+02,2.6000000000e+01,5.1690898836e-02
1.4900000000e+02,3.7200000000e+02,2.7000000000e+01,5.1690965891e-02
1.4900000000e+02,3.7200000000e+02,2.8000000000e+01,5.1690939814e-02
1.4900000000e+02,3.7200000000e+02,2.9000000000e+01,5.1690973341e-02
1.4900000000e+02,3.7200000000e+02,3.0000000000e+01,5.1690962166e-02
1.4900000000e+02,3.7200000000e+02,3.1000000000e+01,5.1690980792e-02
1.4900000000e+02,4.0000000000e+02,0.0000000000e+00,2.0002968311e+00
1.4900000000e+02,4.0000000000e+02,1.0000000000e+00,3.1253755093e-01
1.4900000000e+02,4.0000000000e+02,2.0000000000e+00,1.2986253202e-01
1.4900000000e+02,4.0000000000e+02,3.0000000000e+00,1.0325636715e-01
1.4900000000e+02,4.0000000000e+02,4.0000000000e+00,9.6035569906e-02
1.4900000000e+02,4.0000000000e+02,5.0000000000e+00,9.5815837383e-02
1.4900000000e+02,4.0000000000e+02,6.0000000000e+00,9.5755524933e-02
1.4900000000e+02,4.0000000000e+02,7.0000000000e+00,9.6200801432e-02
1.4900000000e+02,4.0000000000e+02,8.0000000000e+00,9.6362762153e-02
1.4900000000e+02,4.0000000000e+02,9.0000000000e+00,9.6553586423e-02
1.4900000000e+02,4.0000000000e+02,1.0000000000e+01,9.6625953913e-02
1.4900000000e+02,4.0000000000e+02,1.1000000000e+01,9.6694454551e-02
1.4900000000e+02,4.0000000000e+02,1.2000000000e+01,9.6721097827e-02
1.4900000000e+02,4.0000000000e+02,1.3000000000e+01,9.6745118499e-02
1.4900000000e+02,4.0000000000e+02,1.4000000000e+01,9.6754565835e-02
1.4900000000e+02,4.0000000000e+02,1.5000000000e+01,9.6763074398e-02
1.4900000000e+02,4.0000000000e+02,1.6000000000e+01,9.6766397357e-02
1.4900000000e+02,4.0000000000e+02,1.7000000000e+01,9.6769474447e-02
1.4900000000e+02,4.0000000000e+02,1.8000000000e+01,9.6770636737e-02
1.4900000000e+02,4.0000000000e+02,1.9000000000e+01,9.6771776676e-02
1.4900000000e+02,4.0000000000e+02,2.0000000000e+01,9.6772186458e-02
1.4900000000e+02,4.0000000000e+02,2.1000000000e+01,9.6772611141e-02
1.4900000000e+02,4.0000000000e+02,2.2000000000e+01,9.6772760153e-02
1.4900000000e+02,4.0000000000e+02,2.3000000000e+01,9.6772924066e-02
1.4900000000e+02,4.0000000000e+02,2.4000000000e+01,9.6772968769e-02
1.4900000000e+02,4.0000000000e+02,2.5000000000e+01,9.6773028374e-02
1.4900000000e+02,4.0000000000e+02,2.6000000000e+01,9.6773058176e-02
1.4900000000e+02,4.0000000000e+02,2.7000000000e+01,9.6773073077e-02
1.4900000000e+02,4.0000000000e+02,2.8000000000e+01,9.6773080528e-02
1.4900000000e+02,4.0000000000e+02,2.9000000000e+01,9.6773087978e-02
1.4900000000e+02,4.0000000000e+02,3.0000000000e+01,9.6773087978e-02
1.4900000000e+02,4.0000000000e+02,3.1000000000e+01,9.6773102880e-02
1.7700000000e+02,1.0000000000e+01,0.0000000000e+00,1.9884371758e+00
1.7700000000e+02,1.0000000000e+01,1.0000000000e+00,2.1115045547e+00
1.7700000000e+02,1.0000000000e+01,2.0000000000e+00,2.0099625587e+00
1.7700000000e+02,1.0000000000e+01,3.0000000000e+00,2.1760118008e+00
1.7700000000e+02,1.0000000000e+01,4.0000000000e+00,2.1635994911e+00
1.7700000000e+02,1.0000000000e+01,5.0000000000e+00,2.3459815979e+00
1.7700000000e+02,1.0000000000e+01,6.0000000000e+00,2.5922808647e+00
1.7700000000e+02,1.0000000000e+01,7.0000000000e+00,3.9276306629e+00
1.7700000000e+02,1.0000000000e+01,8.0000000000e+00,9.3584365845e+00
1.7700000000e+02,1.0000000000e+01,9.0000000000e+00,3.5057327271e+01
1.7700000000e+02,1.0000000000e+01,1.0000000000e+01,1.5538970947e+02
1.7700000000e+02,1.0000000000e+01,1.1000000000e+01,7.3114221191e+02
1.7700000000e+02,1.0000000000e+01,1.2000000000e+01,3.4948703613e+03
1.7700000000e+02,1.0000000000e+01,1.3000000000e+01,1.6832712891e+04
1.7700000000e+02,1.0000000000e+01,1.4000000000e+01,8.1333625000e+04
1.7700000000e+02,1.0000000000e+01,1.5000000000e+01,3.9383200000e+05
1.7700000000e+02,1.0000000000e+01,1.6000000000e+01,1.9093336250e+06
1.7700000000e+02,1.0000000000e+01,1.7000000000e+01,9.2644370000e+06
1.7700000000e+02,1.0000000000e+01,1.8000000000e+01,4.4976920000e+07
1.7700000000e+02,1.0000000000e+01,1.9000000000e+01,2.1843486400e+08
1.7700000000e+02,1.0000000000e+01,2.0000000000e+01,1.0611137920e+09
1.7700000000e+02,1.0000000000e+01,2.1000000000e+01,5.1555691520e+09
1.7700000000e+02,1.0000000000e+01,2.2000000000e+01,2.5051987968e+10
1.7700000000e+02,1.0000000000e+01,2.3000000000e+01,1.2174278656e+11
1.7700000000e+02,1.0000000000e+01,2.4000000000e+01,5.9165592781e+11
1.7700000000e+02,1.0000000000e+01,2.5000000000e+01,2.8754937119e+12
1.7700000000e+02,1.0000000000e+01,2.6000000000e+01,1.3975506911e+13
1.7700000000e+02,1.0000000000e+01,2.7000000000e+01,6.7925251719e+13
1.7700000000e+02,1.0000000000e+01,2.8000000000e+01,3.3014229133e+14
1.7700000000e+02,1.0000000000e+01,2.9000000000e+01,1.6046318598e+15
1.7700000000e+02,1.0000000000e+01,3.0000000000e+01,7.7992418502e+15
1.7700000000e+02,1.0000000000e+01,3.1000000000e+01,3.7908072844e+16
1.7700000000e+02,3.8000000000e+01,0.0000000000e+00,1.9976608753e+00
1.7700000000e+02,3.8000000000e+01,1.0000000000e+00,1.3364433050e+00
1.7700000000e+02,3.8000000000e+01,2.0000000000e+00,1.0783736706e+00
1.7700000000e+02,3.8000000000e+01,3.0000000000e+00,1.0457661152e+00
1.7700000000e+02,3.8000000000e+01,4.0000000000e+00,9.6748691797e-01
1.7700000000e+02,3.8000000000e+01,5.0000000000e+00,9.6775549650e-01
1.7700000000e+02,3.8000000000e+01,6.0000000000e+00,9.2929404974e-01
1.7700000000e+02,3.8000000000e+01,7.0000000000e+00,9.4411158562e-01
1.7700000000e+02,3.8000000000e+01,8.0000000000e+00,9.2738240957e-01
1.7700000000e+02,3.8000000000e+01,9.0000000000e+00,9.6246767044e-01
1.7700000000e+02,3.8000000000e+01,1.0000000000e+01,9.7498190403e-01
1.7700000000e+02,3.8000000000e+01,1.1000000000e+01,1.0583646297e+00
1.7700000000e+02,3.8000000000e+01,1.2000000000e+01,1.1453874111e+00
1.7700000000e+02,3.8000000000e+01,1.3000000000e+01,1.3716592789e+00
1.7700000000e+02,3.8000000000e+01,1.4000000000e+01,1.7021206617e+00
1.7700000000e+02,3.8000000000e+01,1.5000000000e+01,2.4094338417e+00
1.7700000000e+02,3.8000000000e+01,1.6000000000e+01,3.6277713776e+00
1.7700000000e+02,3.8000000000e+01,1.7000000000e+01,6.1193456650e+00
1.7700000000e+02,3.8000000000e+01,1.8000000000e+01,1.0821496964e+01
1.7700000000e+02,3.8000000000e+01,1.9000000000e+01,2.0439975739e+01
1.7700000000e+02,3.8000000000e+01,2.0000000000e+01,3.9594959259e+01
1.7700000000e+02,3.8000000000e+01,2.1000000000e+01,7.9285095215e+01
1.7700000000e+02,3.8000000000e+01,2.2000000000e+01,1.6098699951e+02
1.7700000000e+02,3.8000000000e+01,2.3000000000e+01,3.3268521118e+02
1.7700000000e+02,3.8000000000e+01,2.4000000000e+01,6.9368981934e+02
1.7700000000e+02,3.8000000000e+01,2.5000000000e+01,1.4615305176e+03
1.7700000000e+02,3.8000000000e+01,2.6000000000e+01,3.0988544922e+03
1.7700000000e+02,3.8000000000e+01,2.7000000000e+01,6.6145214844e+03
1.7700000000e+02,3.8000000000e+01,2.8000000000e+01,1.4184706055e+04
1.7700000000e+02,3.8000000000e+01,2.9000000000e+01,3.0558718750e+04
1.7700000000e+02,3.8000000000e+01,3.0000000000e+01,6.6065609375e+04
1.7700000000e+02,3.8000000000e+01,3.1000000000e+01,1.4330306250e+05
1.7700000000e+02,6.6000000000e+01,0.0000000000e+00,2.0093519688e+00
1.7700000000e+02,6.6000000000e+01,1.0000000000e+00,1.0369907618e+00
1.7700000000e+02,6.6000000000e+01,2.0000000000e+00,7.2574293613e-01
1.7700000000e+02,6.6000000000e+01,3.0000000000e+00,6.3897556067e-01
1.7700000000e+02,6.6000000000e+01,4.0000000000e+00,5.4633891582e-01
1.7700000000e+02,6.6000000000e+01,5.0000000000e+00,5.1764219999e-01
1.7700000000e+02,6.6000000000e+01,6.0000000000e+00,4.7196924686e-01
1.7700000000e+02,6.6000000000e+01,7.0000000000e+00,4.6260121465e-01
1.7700000000e+02,6.6000000000e+01,8.0000000000e+00,4.3785297871e-01
1.7700000000e+02,6.6000000000e+01,9.0000000000e+00,4.4172799587e-01
1.7700000000e+02,6.6000000000e+01,1.0000000000e+01,4.3375995755e-01
1.7700000000e+02,6.6000000000e+01,1.1000000000e+01,4.5533072948e-01
1.7700000000e+02,6.6000000000e+01,1.2000000000e+01,4.7238242626e-01
1.7700000000e+02,6.6000000000e+01,1.3000000000e+01,5.2992552519e-01
1.7700000000e+02,6.6000000000e+01,1.4000000000e+01,6.0141348839e-01
1.7700000000e+02,6.6000000000e+01,1.5000000000e+01,7.4576377869e-01
1.7700000000e+02,6.6000000000e+01,1.6000000000e+01,9.5382487774e-01
1.7700000000e+02,6.6000000000e+01,1.7000000000e+01,1.3219609261e+00
1.7700000000e+02,6.6000000000e+01,1.8000000000e+01,1.8902461529e+00
1.7700000000e+02,6.6000000000e+01,1.9000000000e+01,2.8533892632e+00
1.7700000000e+02,6.6000000000e+01,2.0000000000e+01,4.3930873871e+00
1.7700000000e+02,6.6000000000e+01,2.1000000000e+01,6.9670548439e+00
1.7700000000e+02,6.6000000000e+01,2.2000000000e+01,1.1160958290e+01
1.7700000000e+02,6.6000000000e+01,2.3000000000e+01,1.8149623871e+01
1.7700000000e+02,6.6000000000e+01,2.4000000000e+01,2.9664060593e+01
1.7700000000e+02,6.6000000000e+01,2.5000000000e+01,4.8862606049e+01
1.7700000000e+02,6.6000000000e+01,2.6000000000e+01,8.0717300415e+01
1.7700000000e+02,6.6000000000e+01,2.7000000000e+01,1.3392807007e+02
1.7700000000e+02,6.6000000000e+01,2.8000000000e+01,2.2264436340e+02
1.7700000000e+02,6.6000000000e+01,2.9000000000e+01,3.7116076660e+02
1.7700000000e+02,6.6000000000e+01,3.0000000000e+01,6.1966625977e+02
1.7700000000e+02,6.6000000000e+01,3.1000000000e+01,1.0365863037e+03
1.7700000000e+02,9.4000000000e+01,0.0000000000e+00,2.0015845299e+00
1.7700000000e+02,9.4000000000e+01,1.0000000000e+00,8.1444287300e-01
1.7700000000e+02,9.4000000000e+01,2.0000000000e+00,4.8031166196e-01
1.7700000000e+02,9.4000000000e+01,3.0000000000e+00,3.8008579612e-01
1.7700000000e+02,9.4000000000e+01,4.0000000000e+00,2.9185625911e-01
1.7700000000e+02,9.4000000000e+01,5.0000000000e+00,2.6034498215e-01
1.7700000000e+02,9.4000000000e+01,6.0000000000e+00,2.2082431614e-01
1.7700000000e+02,9.4000000000e+01,7.0000000000e+00,2.0844787359e-01
1.7700000000e+02,9.4000000000e+01,8.0000000000e+00,1.8694165349e-01
1.7700000000e+02,9.4000000000e+01,9.0000000000e+00,1.8264442682e-01
1.7700000000e+02,9.4000000000e+01,1.0000000000e+01,1.7001852393e-01
1.7700000000e+02,9.4000000000e+01,1.1000000000e+01,1.7029568553e-01
1.7700000000e+02,9.4000000000e+01,1.2000000000e+01,1.6328093410e-01
1.7700000000e+02,9.4000000000e+01,1.3000000000e+01,1.6727830470e-01
1.7700000000e+02,9.4000000000e+01,1.4000000000e+01,1.6518943012e-01
1.7700000000e+02,9.4000000000e+01,1.5000000000e+01,1.7378351092e-01
1.7700000000e+02,9.4000000000e+01,1.6000000000e+01,1.7803755403e-01
1.7700000000e+02,9.4000000000e+01,1.7000000000e+01,1.9432008266e-01
1.7700000000e+02,9.4000000000e+01,1.8000000000e+01,2.0940384269e-01
1.7700000000e+02,9.4000000000e+01,1.9000000000e+01,2.4056085944e-01
1.7700000000e+02,9.4000000000e+01,2.0000000000e+01,2.7688550949e-01
1.7700000000e+02,9.4000000000e+01,2.1000000000e+01,3.3861359954e-01
1.7700000000e+02,9.4000000000e+01,2.2000000000e+01,4.1906309128e-01
1.7700000000e+02,9.4000000000e+01,2.3000000000e+01,5.4535961151e-01
1.7700000000e+02,9.4000000000e+01,2.4000000000e+01,7.1977895498e-01
1.7700000000e+02,9.4000000000e+01,2.5000000000e+01,9.8447191715e-01
1.7700000000e+02,9.4000000000e+01,2.6000000000e+01,1.3615635633e+00
1.7700000000e+02,9.4000000000e+01,2.7000000000e+01,1.9256880283e+00
1.7700000000e+02,9.4000000000e+01,2.8000000000e+01,2.7433042526e+00
1.7700000000e+02,9.4000000000e+01,2.9000000000e+01,3.9595799446e+00
1.7700000000e+02,9.4000000000e+01,3.0000000000e+01,5.7399373055e+00
1.7700000000e+02,9.4000000000e+01,3.1000000000e+01,8.3836450577e+00
1.7700000000e+02,1.2100000000e+02,0.0000000000e+00,1.9946604967e+00
1.7700000000e+02,1.2100000000e+02,1.0000000000e+00,6.7755341530e-01
1.7700000000e+02,1.2100000000e+02,2.0000000000e+00,3.5911914706e-01
1.7700000000e+02,1.2100000000e+02,3.0000000000e+00,2.5793138146e-01
1.7700000000e+02,1.2100000000e+02,4.0000000000e+00,1.8818093836e-01
1.7700000000e+02,1.2100000000e+02,5.0000000000e+00,1.6033107042e-01
1.7700000000e+02,1.2100000000e+02,6.0000000000e+00,1.3439790905e-01
1.7700000000e+02,1.2100000000e+02,7.0000000000e+00,1.2466811389e-01
1.7700000000e+02,1.2100000000e+02,8.0000000000e+00,1.1278914660e-01
1.7700000000e+02,1.2100000000e+02,9.0000000000e+00,1.0946556926e-01
1.7700000000e+02,1.2100000000e+02,1.0000000000e+01,1.0334116220e-01
1.7700000000e+02,1.2100000000e+02,1.1000000000e+01,1.0276584327e-01
1.7700000000e+02,1.2100000000e+02,1.2000000000e+01,9.9396035075e-02
1.7700000000e+02,1.2100000000e+02,1.3000000000e+01,1.0025958717e-01
1.7700000000e+02,1.2100000000e+02,1.4000000000e+01,9.8452970386e-02
1.7700000000e+02,1.2100000000e+02,1.5000000000e+01,1.0036398470e-01
1.7700000000e+02,1.2100000000e+02,1.6000000000e+01,9.9738851190e-02
1.7700000000e+02,1.2100000000e+02,1.7000000000e+01,1.0283225775e-01
1.7700000000e+02,1.2100000000e+02,1.8000000000e+01,1.0355788469e-01
1.7700000000e+02,1.2100000000e+02,1.9000000000e+01,1.0850264877e-01
1.7700000000e+02,1.2100000000e+02,2.0000000000e+01,1.1140742898e-01
1.7700000000e+02,1.2100000000e+02,2.1000000000e+01,1.1973024160e-01
1.7700000000e+02,1.2100000000e+02,2.2000000000e+01,1.2679584324e-01
1.7700000000e+02,1.2100000000e+02,2.3000000000e+01,1.4168973267e-01
1.7700000000e+02,1.2100000000e+02,2.4000000000e+01,1.5721988678e-01
1.7700000000e+02,1.2100000000e+02,2.5000000000e+01,1.8531233072e-01
1.7700000000e+02,1.2100000000e+02,2.6000000000e+01,2.1848273277e-01
1.7700000000e+02,1.2100000000e+02,2.7000000000e+01,2.7362155914e-01
1.7700000000e+02,1.2100000000e+02,2.8000000000e+01,3.4396249056e-01
1.7700000000e+02,1.2100000000e+02,2.9000000000e+01,4.5530956984e-01
1.7700000000e+02,1.2100000000e+02,3.0000000000e+01,6.0447323322e-01
1.7700000000e+02,1.2100000000e+02,3.1000000000e+01,8.3383393288e-01
1.7700000000e+02,1.4900000000e+02,0.0000000000e+00,1.9938828945e+00
1.7700000000e+02,1.4900000000e+02,1.0000000000e+00,5.8661109209e-01
1.7700000000e+02,1.4900000000e+02,2.0000000000e+00,2.8448963165e-01
1.7700000000e+02,1.4900000000e+02,3.0000000000e+00,1.9065366685e-01
1.7700000000e+02,1.4900000000e+02,4.0000000000e+00,1.3712719083e-01
1.7700000000e+02,1.4900000000e+02,5.0000000000e+00,1.1500265449e-01
1.7700000000e+02,1.4900000000e+02,6.0000000000e+00,9.8882578313e-02
1.7700000000e+02,1.4900000000e+02,7.0000000000e+00,9.2203915119e-02
1.7700000000e+02,1.4900000000e+02,8.0000000000e+00,8.6263492703e-02
1.7700000000e+02,1.4900000000e+02,9.0000000000e+00,8.4181964397e-02
1.7700000000e+02,1.4900000000e+02,1.0000000000e+01,8.1734649837e-02
1.7700000000e+02,1.4900000000e+02,1.1000000000e+01,8.1206604838e-02
1.7700000000e+02,1.4900000000e+02,1.2000000000e+01,8.0121323466e-02
1.7700000000e+02,1.4900000000e+02,1.3000000000e+01,8.0138206482e-02
1.7700000000e+02,1.4900000000e+02,1.4000000000e+01,7.9634830356e-02
1.7700000000e+02,1.4900000000e+02,1.5000000000e+01,7.9836130142e-02
1.7700000000e+02,1.4900000000e+02,1.6000000000e+01,7.9605542123e-02
1.7700000000e+02,1.4900000000e+02,1.7000000000e+01,7.9861439764e-02
1.7700000000e+02,1.4900000000e+02,1.8000000000e+01,7.9777099192e-02
1.7700000000e+02,1.4900000000e+02,1.9000000000e+01,8.0045618117e-02
1.7700000000e+02,1.4900000000e+02,2.0000000000e+01,8.0057919025e-02
1.7700000000e+02,1.4900000000e+02,2.1000000000e+01,8.0332338810e-02
1.7700000000e+02,1.4900000000e+02,2.2000000000e+01,8.0427289009e-02
1.7700000000e+02,1.4900000000e+02,2.3000000000e+01,8.0716386437e-02
1.7700000000e+02,1.4900000000e+02,2.4000000000e+01,8.0899164081e-02
1.7700000000e+02,1.4900000000e+02,2.5000000000e+01,8.1220358610e-02
1.7700000000e+02,1.4900000000e+02,2.6000000000e+01,8.1509441137e-02
1.7700000000e+02,1.4900000000e+02,2.7000000000e+01,8.1887453794e-02
1.7700000000e+02,1.4900000000e+02,2.8000000000e+01,8.2313567400e-02
1.7700000000e+02,1.4900000000e+02,2.9000000000e+01,8.2781985402e-02
1.7700000000e+02,1.4900000000e+02,3.0000000000e+01,8.3390146494e-02
1.7700000000e+02,1.4900000000e+02,3.1000000000e+01,8.3994917572e-02
1.7700000000e+02,1.7700000000e+02,0.0000000000e+00,2.0068466663e+00
1.7700000000e+02,1.7700000000e+02,1.0000000000e+00,5.1879858971e-01
1.7700000000e+02,1.7700000000e+02,2.0000000000e+00,2.2952552140e-01
1.7700000000e+02,1.7700000000e+02,3.0000000000e+00,1.4922511578e-01
1.7700000000e+02,1.7700000000e+02,4.0000000000e+00,1.0627598315e-01
1.7700000000e+02,1.7700000000e+02,5.0000000000e+00,9.1411724687e-02
1.7700000000e+02,1.7700000000e+02,6.0000000000e+00,8.0691620708e-02
1.7700000000e+02,1.7700000000e+02,7.0000000000e+00,7.7392749488e-02
1.7700000000e+02,1.7700000000e+02,8.0000000000e+00,7.4135325849e-02
1.7700000000e+02,1.7700000000e+02,9.0000000000e+00,7.3542028666e-02
1.7700000000e+02,1.7700000000e+02,1.0000000000e+01,7.2427444160e-02
1.7700000000e+02,1.7700000000e+02,1.1000000000e+01,7.2496674955e-02
1.7700000000e+02,1.7700000000e+02,1.2000000000e+01,7.2068162262e-02
1.7700000000e+02,1.7700000000e+02,1.3000000000e+01,7.2268322110e-02
1.7700000000e+02,1.7700000000e+02,1.4000000000e+01,7.2073489428e-02
1.7700000000e+02,1.7700000000e+02,1.5000000000e+01,7.2267793119e-02
1.7700000000e+02,1.7700000000e+02,1.6000000000e+01,7.2155788541e-02
1.7700000000e+02,1.7700000000e+02,1.7000000000e+01,7.2316765785e-02
1.7700000000e+02,1.7700000000e+02,1.8000000000e+01,7.2235234082e-02
1.7700000000e+02,1.7700000000e+02,1.9000000000e+01,7.2364471853e-02
1.7700000000e+02,1.7700000000e+02,2.0000000000e+01,7.2294913232e-02
1.7700000000e+02,1.7700000000e+02,2.1000000000e+01,7.2399854660e-02
1.7700000000e+02,1.7700000000e+02,2.2000000000e+01,7.2335705161e-02
1.7700000000e+02,1.7700000000e+02,2.3000000000e+01,7.2423368692e-02
1.7700000000e+02,1.7700000000e+02,2.4000000000e+01,7.2362296283e-02
1.7700000000e+02,1.7700000000e+02,2.5000000000e+01,7.2438016534e-02
1.7700000000e+02,1.7700000000e+02,2.6000000000e+01,7.2379156947e-02
1.7700000000e+02,1.7700000000e+02,2.7000000000e+01,7.2446696460e-02
1.7700000000e+02,1.7700000000e+02,2.8000000000e+01,7.2389654815e-02
1.7700000000e+02,1.7700000000e+02,2.9000000000e+01,7.2451569140e-02
1.7700000000e+02,1.7700000000e+02,3.0000000000e+01,7.2396129370e-02
1.7700000000e+02,1.7700000000e+02,3.1000000000e+01,7.2454139590e-02
1.7700000000e+02,2.0500000000e+02,0.0000000000e+00,2.0084671974e+00
1.7700000000e+02,2.0500000000e+02,1.0000000000e+00,5.0263786316e-01
1.7700000000e+02,2.0500000000e+02,2.0000000000e+00,2.3500961065e-01
1.7700000000e+02,2.0500000000e+02,3.0000000000e+00,1.7012698948e-01
1.7700000000e+02,2.0500000000e+02,4.0000000000e+00,1.3784973323e-01
1.7700000000e+02,2.0500000000e+02,5.0000000000e+00,1.2932693958e-01
1.7700000000e+02,2.0500000000e+02,6.0000000000e+00,1.2303240597e-01
1.7700000000e+02,2.0500000000e+02,7.0000000000e+00,1.2227150798e-01
1.7700000000e+02,2.0500000000e+02,8.0000000000e+00,1.2088744342e-01
1.7700000000e+02,2.0500000000e+02,9.0000000000e+00,1.2129886448e-01
1.7700000000e+02,2.0500000000e+02,1.0000000000e+01,1.2100915611e-01
1.7700000000e+02,2.0500000000e+02,1.1000000000e+01,1.2145751715e-01
1.7700000000e+02,2.0500000000e+02,1.2000000000e+01,1.2141419947e-01
1.7700000000e+02,2.0500000000e+02,1.3000000000e+01,1.2173655629e-01
1.7700000000e+02,2.0500000000e+02,1.4000000000e+01,1.2173932046e-01
1.7700000000e+02,2.0500000000e+02,1.5000000000e+01,1.2195125222e-01
1.7700000000e+02,2.0500000000e+02,1.6000000000e+01,1.2195598334e-01
1.7700000000e+02,2.0500000000e+02,1.7000000000e+01,1.2209368497e-01
1.7700000000e+02,2.0500000000e+02,1.8000000000e+01,1.2209417671e-01
1.7700000000e+02,2.0500000000e+02,1.9000000000e+01,1.2218583375e-01
1.7700000000e+02,2.0500000000e+02,2.0000000000e+01,1.2218404561e-01
1.7700000000e+02,2.0500000000e+02,2.1000000000e+01,1.2224824727e-01
1.7700000000e+02,2.0500000000e+02,2.2000000000e+01,1.2224704027e-01
1.7700000000e+02,2.0500000000e+02,2.3000000000e+01,1.2229547650e-01
1.7700000000e+02,2.0500000000e+02,2.4000000000e+01,1.2229722738e-01
1.7700000000e+02,2.0500000000e+02,2.5000000000e+01,1.2233735621e-01
1.7700000000e+02,2.0500000000e+02,2.6000000000e+01,1.2234403193e-01
1.7700000000e+02,2.0500000000e+02,2.7000000000e+01,1.2238086015e-01
1.7700000000e+02,2.0500000000e+02,2.8000000000e+01,1.2239426374e-01
1.7700000000e+02,2.0500000000e+02,2.9000000000e+01,1.2243152410e-01
1.7700000000e+02,2.0500000000e+02,3.0000000000e+01,1.2245357037e-01
1.7700000000e+02,2.0500000000e+02,3.1000000000e+01,1.2249441445e-01
1.7700000000e+02,2.3300000000e+02,0.0000000000e+00,2.0013637543e+00
1.7700000000e+02,2.3300000000e+02,1.0000000000e+00,4.1713470221e-01
1.7700000000e+02,2.3300000000e+02,2.0000000000e+00,1.6019470990e-01
1.7700000000e+02,2.3300000000e+02,3.0000000000e+00,9.7625039518e-02
1.7700000000e+02,2.3300000000e+02,4.0000000000e+00,7.0168107748e-02
1.7700000000e+02,2.3300000000e+02,5.0000000000e+00,6.2180794775e-02
1.7700000000e+02,2.3300000000e+02,6.0000000000e+00,5.7282190770e-02
1.7700000000e+02,2.3300000000e+02,7.0000000000e+00,5.6249707937e-02
1.7700000000e+02,2.3300000000e+02,8.0000000000e+00,5.5196046829e-02
1.7700000000e+02,2.3300000000e+02,9.0000000000e+00,5.5223871022e-02
1.7700000000e+02,2.3300000000e+02,1.0000000000e+01,5.4970707744e-02
1.7700000000e+02,2.3300000000e+02,1.1000000000e+01,5.5109061301e-02
1.7700000000e+02,2.3300000000e+02,1.2000000000e+01,5.5039022118e-02
1.7700000000e+02,2.3300000000e+02,1.3000000000e+01,5.5143710226e-02
1.7700000000e+02,2.3300000000e+02,1.4000000000e+01,5.5117871612e-02
1.7700000000e+02,2.3300000000e+02,1.5000000000e+01,5.5183708668e-02
1.7700000000e+02,2.3300000000e+02,1.6000000000e+01,5.5169358850e-02
1.7700000000e+02,2.3300000000e+02,1.7000000000e+01,5.5209279060e-02
1.7700000000e+02,2.3300000000e+02,1.8000000000e+01,5.5198598653e-02
1.7700000000e+02,2.3300000000e+02,1.9000000000e+01,5.5223166943e-02
1.7700000000e+02,2.3300000000e+02,2.0000000000e+01,5.5214278400e-02
1.7700000000e+02,2.3300000000e+02,2.1000000000e+01,5.5230043828e-02
1.7700000000e+02,2.3300000000e+02,2.2000000000e+01,5.5222414434e-02
1.7700000000e+02,2.3300000000e+02,2.3000000000e+01,5.5233106017e-02
1.7700000000e+02,2.3300000000e+02,2.4000000000e+01,5.5226519704e-02
1.7700000000e+02,2.3300000000e+02,2.5000000000e+01,5.5234242231e-02
1.7700000000e+02,2.3300000000e+02,2.6000000000e+01,5.5228527635e-02
1.7700000000e+02,2.3300000000e+02,2.7000000000e+01,5.5234447122e-02
1.7700000000e+02,2.3300000000e+02,2.8000000000e+01,5.5229470134e-02
1.7700000000e+02,2.3300000000e+02,2.9000000000e+01,5.5234238505e-02
1.7700000000e+02,2.3300000000e+02,3.0000000000e+01,5.5229879916e-02
1.7700000000e+02,2.3300000000e+02,3.1000000000e+01,5.5233869702e-02
1.7700000000e+02,2.6100000000e+02,0.0000000000e+00,2.0040640831e+00
1.7700000000e+02,2.6100000000e+02,1.0000000000e+00,3.8019141555e-01
1.7700000000e+02,2.6100000000e+02,2.0000000000e+00,1.3923461735e-01
1.7700000000e+02,2.6100000000e+02,3.0000000000e+00,8.2688525319e-02
1.7700000000e+02,2.6100000000e+02,4.0000000000e+00,6.2256142497e-02
1.7700000000e+02,2.6100000000e+02,5.0000000000e+00,5.6044247001e-02
1.7700000000e+02,2.6100000000e+02,6.0000000000e+00,5.3535975516e-02
1.7700000000e+02,2.6100000000e+02,7.0000000000e+00,5.2891321480e-02
1.7700000000e+02,2.6100000000e+02,8.0000000000e+00,5.2690107375e-02
1.7700000000e+02,2.6100000000e+02,9.0000000000e+00,5.2741706371e-02
1.7700000000e+02,2.6100000000e+02,1.0000000000e+01,5.2817761898e-02
1.7700000000e+02,2.6100000000e+02,1.1000000000e+01,5.2906591445e-02
1.7700000000e+02,2.6100000000e+02,1.2000000000e+01,5.2976831794e-02
1.7700000000e+02,2.6100000000e+02,1.3000000000e+01,5.3031560034e-02
1.7700000000e+02,2.6100000000e+02,1.4000000000e+01,5.3072586656e-02
1.7700000000e+02,2.6100000000e+02,1.5000000000e+01,5.3101181984e-02
1.7700000000e+02,2.6100000000e+02,1.6000000000e+01,5.3122695535e-02
1.7700000000e+02,2.6100000000e+02,1.7000000000e+01,5.3136885166e-02
1.7700000000e+02,2.6100000000e+02,1.8000000000e+01,5.3147763014e-02
1.7700000000e+02,2.6100000000e+02,1.9000000000e+01,5.3154684603e-02
1.7700000000e+02,2.6100000000e+02,2.0000000000e+01,5.3160123527e-02
1.7700000000e+02,2.6100000000e+02,2.1000000000e+01,5.3163480014e-02
1.7700000000e+02,2.6100000000e+02,2.2000000000e+01,5.3166192025e-02
1.7700000000e+02,2.6100000000e+02,2.3000000000e+01,5.3167827427e-02
1.7700000000e+02,2.6100000000e+02,2.4000000000e+01,5.3169175982e-02
1.7700000000e+02,2.6100000000e+02,2.5000000000e+01,5.3169973195e-02
1.7700000000e+02,2.6100000000e+02,2.6000000000e+01,5.3170643747e-02
1.7700000000e+02,2.6100000000e+02,2.7000000000e+01,5.3171034902e-02
1.7700000000e+02,2.6100000000e+02,2.8000000000e+01,5.3171366453e-02
1.7700000000e+02,2.6100000000e+02,2.9000000000e+01,5.3171560168e-02
1.7700000000e+02,2.6100000000e+02,3.0000000000e+01,5.3171724081e-02
1.7700000000e+02,2.6100000000e+02,3.1000000000e+01,5.3171820939e-02
1.7700000000e+02,2.8900000000e+02,0.0000000000e+00,1.9930837154e+00
1.7700000000e+02,2.8900000000e+02,1.0000000000e+00,3.8855332136e-01
1.7700000000e+02,2.8900000000e+02,2.0000000000e+00,1.6833029687e-01
1.7700000000e+02,2.8900000000e+02,3.0000000000e+00,1.2344662100e-01
1.7700000000e+02,2.8900000000e+02,4.0000000000e+00,1.0724594444e-01
1.7700000000e+02,2.8900000000e+02,5.0000000000e+00,1.0386151075e-01
1.7700000000e+02,2.8900000000e+02,6.0000000000e+00,1.0217716545e-01
1.7700000000e+02,2.8900000000e+02,7.0000000000e+00,1.0227203369e-01
1.7700000000e+02,2.8900000000e+02,8.0000000000e+00,1.0219112039e-01
1.7700000000e+02,2.8900000000e+02,9.0000000000e+00,1.0244904459e-01
1.7700000000e+02,2.8900000000e+02,1.0000000000e+01,1.0251181573e-01
1.7700000000e+02,2.8900000000e+02,1.1000000000e+01,1.0266227275e-01
1.7700000000e+02,2.8900000000e+02,1.2000000000e+01,1.0270514339e-01
1.7700000000e+02,2.8900000000e+02,1.3000000000e+01,1.0278020799e-01
1.7700000000e+02,2.8900000000e+02,1.4000000000e+01,1.0280074924e-01
1.7700000000e+02,2.8900000000e+02,1.5000000000e+01,1.0283720493e-01
1.7700000000e+02,2.8900000000e+02,1.6000000000e+01,1.0284577310e-01
1.7700000000e+02,2.8900000000e+02,1.7000000000e+01,1.0286369920e-01
1.7700000000e+02,2.8900000000e+02,1.8000000000e+01,1.0286679119e-01
1.7700000000e+02,2.8900000000e+02,1.9000000000e+01,1.0287586600e-01
1.7700000000e+02,2.8900000000e+02,2.0000000000e+01,1.0287665576e-01
1.7700000000e+02,2.8900000000e+02,2.1000000000e+01,1.0288143903e-01
1.7700000000e+02,2.8900000000e+02,2.2000000000e+01,1.0288134962e-01
1.7700000000e+02,2.8900000000e+02,2.3000000000e+01,1.0288397968e-01
1.7700000000e+02,2.8900000000e+02,2.4000000000e+01,1.0288360715e-01
1.7700000000e+02,2.8900000000e+02,2.5000000000e+01,1.0288514197e-01
1.7700000000e+02,2.8900000000e+02,2.6000000000e+01,1.0288472474e-01
1.7700000000e+02,2.8900000000e+02,2.7000000000e+01,1.0288564861e-01
1.7700000000e+02,2.8900000000e+02,2.8000000000e+01,1.0288529843e-01
1.7700000000e+02,2.8900000000e+02,2.9000000000e+01,1.0288587213e-01
1.7700000000e+02,2.8900000000e+02,3.0000000000e+01,1.0288558900e-01
1.7700000000e+02,2.8900000000e+02,3.1000000000e+01,1.0288597643e-01
1.7700000000e+02,3.1600000000e+02,0.0000000000e+00,1.9946194887e+00
1.7700000000e+02,3.1600000000e+02,1.0000000000e+00,3.2263785601e-01
1.7700000000e+02,3.1600000000e+02,2.0000000000e+00,1.0881005228e-01
1.7700000000e+02,3.1600000000e+02,3.0000000000e+00,6.3320450485e-02
1.7700000000e+02,3.1600000000e+02,4.0000000000e+00,4.9389418215e-02
1.7700000000e+02,3.1600000000e+02,5.0000000000e+00,4.5519635081e-02
1.7700000000e+02,3.1600000000e+02,6.0000000000e+00,4.4259965420e-02
1.7700000000e+02,3.1600000000e+02,7.0000000000e+00,4.3960571289e-02
1.7700000000e+02,3.1600000000e+02,8.0000000000e+00,4.3925665319e-02
1.7700000000e+02,3.1600000000e+02,9.0000000000e+00,4.3954983354e-02
1.7700000000e+02,3.1600000000e+02,1.0000000000e+01,4.4007416815e-02
1.7700000000e+02,3.1600000000e+02,1.1000000000e+01,4.4038947672e-02
1.7700000000e+02,3.1600000000e+02,1.2000000000e+01,4.4071879238e-02
1.7700000000e+02,3.1600000000e+02,1.3000000000e+01,4.4086854905e-02
1.7700000000e+02,3.1600000000e+02,1.4000000000e+01,4.4103071094e-02
1.7700000000e+02,3.1600000000e+02,1.5000000000e+01,4.4109042734e-02
1.7700000000e+02,3.1600000000e+02,1.6000000000e+01,4.4116690755e-02
1.7700000000e+02,3.1600000000e+02,1.7000000000e+01,4.4118814170e-02
1.7700000000e+02,3.1600000000e+02,1.8000000000e+01,4.4122450054e-02
1.7700000000e+02,3.1600000000e+02,1.9000000000e+01,4.4123087078e-02
1.7700000000e+02,3.1600000000e+02,2.0000000000e+01,4.4124871492e-02
1.7700000000e+02,3.1600000000e+02,2.1000000000e+01,4.4124975801e-02
1.7700000000e+02,3.1600000000e+02,2.2000000000e+01,4.4125884771e-02
1.7700000000e+02,3.1600000000e+02,2.3000000000e+01,4.4125813991e-02
1.7700000000e+02,3.1600000000e+02,2.4000000000e+01,4.4126298279e-02
1.7700000000e+02,3.1600000000e+02,2.5000000000e+01,4.4126205146e-02
1.7700000000e+02,3.1600000000e+02,2.6000000000e+01,4.4126473367e-02
1.7700000000e+02,3.1600000000e+02,2.7000000000e+01,4.4126383960e-02
1.7700000000e+02,3.1600000000e+02,2.8000000000e+01,4.4126540422e-02
1.7700000000e+02,3.1600000000e+02,2.9000000000e+01,4.4126473367e-02
1.7700000000e+02,3.1600000000e+02,3.0000000000e+01,4.4126562774e-02
1.7700000000e+02,3.1600000000e+02,3.1000000000e+01,4.4126514345e-02
1.7700000000e+02,3.4400000000e+02,0.0000000000e+00,2.0051727295e+00
1.7700000000e+02,3.4400000000e+02,1.0000000000e+00,3.0459427834e-01
1.7700000000e+02,3.4400000000e+02,2.0000000000e+00,9.9929675460e-02
1.7700000000e+02,3.4400000000e+02,3.0000000000e+00,6.0674700886e-02
1.7700000000e+02,3.4400000000e+02,4.0000000000e+00,4.9079112709e-02
1.7700000000e+02,3.4400000000e+02,5.0000000000e+00,4.6593859792e-02
1.7700000000e+02,3.4400000000e+02,6.0000000000e+00,4.5741293579e-02
1.7700000000e+02,3.4400000000e+02,7.0000000000e+00,4.5758686960e-02
1.7700000000e+02,3.4400000000e+02,8.0000000000e+00,4.5767094940e-02
1.7700000000e+02,3.4400000000e+02,9.0000000000e+00,4.5878328383e-02
1.7700000000e+02,3.4400000000e+02,1.0000000000e+01,4.5917700976e-02
1.7700000000e+02,3.4400000000e+02,1.1000000000e+01,4.5974776149e-02
1.7700000000e+02,3.4400000000e+02,1.2000000000e+01,4.5992989093e-02
1.7700000000e+02,3.4400000000e+02,1.3000000000e+01,4.6017963439e-02
1.7700000000e+02,3.4400000000e+02,1.4000000000e+01,4.6024546027e-02
1.7700000000e+02,3.4400000000e+02,1.5000000000e+01,4.6035308391e-02
1.7700000000e+02,3.4400000000e+02,1.6000000000e+01,4.6037312597e-02
1.7700000000e+02,3.4400000000e+02,1.7000000000e+01,4.6042062342e-02
1.7700000000e+02,3.4400000000e+02,1.8000000000e+01,4.6042487025e-02
1.7700000000e+02,3.4400000000e+02,1.9000000000e+01,4.6044670045e-02
1.7700000000e+02,3.4400000000e+02,2.0000000000e+01,4.6044621617e-02
1.7700000000e+02,3.4400000000e+02,2.1000000000e+01,4.6045664698e-02
1.7700000000e+02,3.4400000000e+02,2.2000000000e+01,4.6045523137e-02
1.7700000000e+02,3.4400000000e+02,2.3000000000e+01,4.6046048403e-02
1.7700000000e+02,3.4400000000e+02,2.4000000000e+01,4.6045899391e-02
1.7700000000e+02,3.4400000000e+02,2.5000000000e+01,4.6046178788e-02
1.7700000000e+02,3.4400000000e+02,2.6000000000e+01,4.6046078205e-02
1.7700000000e+02,3.4400000000e+02,2.7000000000e+01,4.6046227217e-02
1.7700000000e+02,3.4400000000e+02,2.8000000000e+01,4.6046152711e-02
1.7700000000e+02,3.4400000000e+02,2.9000000000e+01,4.6046242118e-02
1.7700000000e+02,3.4400000000e+02,3.0000000000e+01,4.6046193689e-02
1.7700000000e+02,3.4400000000e+02,3.1000000000e+01,4.6046242118e-02
1.7700000000e+02,3.7200000000e+02,0.0000000000e+00,1.9890645742e+00
1.7700000000e+02,3.7200000000e+02,1.0000000000e+00,3.2342958450e-01
1.7700000000e+02,3.7200000000e+02,2.0000000000e+00,1.3338483870e-01
1.7700000000e+02,3.7200000000e+02,3.0000000000e+00,1.0161105543e-01
1.7700000000e+02,3.7200000000e+02,4.0000000000e+00,9.2562213540e-02
1.7700000000e+02,3.7200000000e+02,5.0000000000e+00,9.1472029686e-02
1.7700000000e+02,3.7200000000e+02,6.0000000000e+00,9.1102316976e-02
1.7700000000e+02,3.7200000000e+02,7.0000000000e+00,9.1403685510e-02
1.7700000000e+02,3.7200000000e+02,8.0000000000e+00,9.1516554356e-02
1.7700000000e+02,3.7200000000e+02,9.0000000000e+00,9.1687284410e-02
1.7700000000e+02,3.7200000000e+02,1.0000000000e+01,9.1753445566e-02
1.7700000000e+02,3.7200000000e+02,1.1000000000e+01,9.1821692884e-02
1.7700000000e+02,3.7200000000e+02,1.2000000000e+01,9.1848418117e-02
1.7700000000e+02,3.7200000000e+02,1.3000000000e+01,9.1874226928e-02
1.7700000000e+02,3.7200000000e+02,1.4000000000e+01,9.1884218156e-02
1.7700000000e+02,3.7200000000e+02,1.5000000000e+01,9.1893985868e-02
1.7700000000e+02,3.7200000000e+02,1.6000000000e+01,9.1897621751e-02
1.7700000000e+02,3.7200000000e+02,1.7000000000e+01,9.1901384294e-02
1.7700000000e+02,3.7200000000e+02,1.8000000000e+01,9.1902710497e-02
1.7700000000e+02,3.7200000000e+02,1.9000000000e+01,9.1904185712e-02
1.7700000000e+02,3.7200000000e+02,2.0000000000e+01,9.1904670000e-02
1.7700000000e+02,3.7200000000e+02,2.1000000000e+01,9.1905243695e-02
1.7700000000e+02,3.7200000000e+02,2.2000000000e+01,9.1905415058e-02
1.7700000000e+02,3.7200000000e+02,2.3000000000e+01,9.1905660927e-02
1.7700000000e+02,3.7200000000e+02,2.4000000000e+01,9.1905705631e-02
1.7700000000e+02,3.7200000000e+02,2.5000000000e+01,9.1905809939e-02
1.7700000000e+02,3.7200000000e+02,2.6000000000e+01,9.1905839741e-02
1.7700000000e+02,3.7200000000e+02,2.7000000000e+01,9.1905884445e-02
1.7700000000e+02,3.7200000000e+02,2.8000000000e+01,9.1905884445e-02
1.7700000000e+02,3.7200000000e+02,2.9000000000e+01,9.1905891895e-02
1.7700000000e+02,3.7200000000e+02,3.0000000000e+01,9.1905906796e-02
1.7700000000e+02,3.7200000000e+02,3.1000000000e+01,9.1905906796e-02
1.7700000000e+02,4.0000000000e+02,0.0000000000e+00,2.0009486675e+00
1.7700000000e+02,4.0000000000e+02,1.0000000000e+00,3.0640181899e-01
1.7700000000e+02,4.0000000000e+02,2.0000000000e+00,1.2682409585e-01
1.7700000000e+02,4.0000000000e+02,3.0000000000e+00,9.8673112690e-02
1.7700000000e+02,4.0000000000e+02,4.0000000000e+00,9.1472178698e-02
1.7700000000e+02,4.0000000000e+02,5.0000000000e+00,9.0872675180e-02
1.7700000000e+02,4.0000000000e+02,6.0000000000e+00,9.0766854584e-02
1.7700000000e+02,4.0000000000e+02,7.0000000000e+00,9.1103687882e-02
1.7700000000e+02,4.0000000000e+02,8.0000000000e+00,9.1245219111e-02
1.7700000000e+02,4.0000000000e+02,9.0000000000e+00,9.1403454542e-02
1.7700000000e+02,4.0000000000e+02,1.0000000000e+01,9.1467753053e-02
1.7700000000e+02,4.0000000000e+02,1.1000000000e+01,9.1526143253e-02
1.7700000000e+02,4.0000000000e+02,1.2000000000e+01,9.1549597681e-02
1.7700000000e+02,4.0000000000e+02,1.3000000000e+01,9.1570407152e-02
1.7700000000e+02,4.0000000000e+02,1.4000000000e+01,9.1578565538e-02
1.7700000000e+02,4.0000000000e+02,1.5000000000e+01,9.1586031020e-02
1.7700000000e+02,4.0000000000e+02,1.6000000000e+01,9.1588832438e-02
1.7700000000e+02,4.0000000000e+02,1.7000000000e+01,9.1591566801e-02
1.7700000000e+02,4.0000000000e+02,1.8000000000e+01,9.1592513025e-02
1.7700000000e+02,4.0000000000e+02,1.9000000000e+01,9.1593533754e-02
1.7700000000e+02,4.0000000000e+02,2.0000000000e+01,9.1593861580e-02
1.7700000000e+02,4.0000000000e+02,2.1000000000e+01,9.1594249010e-02
1.7700000000e+02,4.0000000000e+02,2.2000000000e+01,9.1594360769e-02
1.7700000000e+02,4.0000000000e+02,2.3000000000e+01,9.1594524682e-02
1.7700000000e+02,4.0000000000e+02,2.4000000000e+01,9.1594547033e-02
1.7700000000e+02,4.0000000000e+02,2.5000000000e+01,9.1594606638e-02
1.7700000000e+02,4.0000000000e+02,2.6000000000e+01,9.1594621539e-02
1.7700000000e+02,4.0000000000e+02,2.7000000000e+01,9.1594643891e-02
1.7700000000e+02,4.0000000000e+02,2.8000000000e+01,9.1594636440e-02
1.7700000000e+02,4.0000000000e+02,2.9000000000e+01,9.1594643891e-02
1.7700000000e+02,4.0000000000e+02,3.0000000000e+01,9.1594651341e-02
1.7700000000e+02,4.0000000000e+02,3.1000000000e+01,9.1594651341e-02
2.0500000000e+02,1.0000000000e+01,0.0000000000e+00,1.9844572544e+00
2.0500000000e+02,1.0000000000e+01,1.0000000000e+00,1.9912389517e+00
2.0500000000e+02,1.0000000000e+01,2.0000000000e+00,1.9143154621e+00
2.0500000000e+02,1.0000000000e+01,3.0000000000e+00,2.0220596790e+00
2.0500000000e+02,1.0000000000e+01,4.0000000000e+00,2.0169465542e+00
2.0500000000e+02,1.0000000000e+01,5.0000000000e+00,2.1184451580e+00
2.0500000000e+02,1.0000000000e+01,6.0000000000e+00,2.1952109337e+00
2.0500000000e+02,1.0000000000e+01,7.0000000000e+00,2.5468111038e+00
2.0500000000e+02,1.0000000000e+01,8.0000000000e+00,3.4038033485e+00
2.0500000000e+02,1.0000000000e+01,9.0000000000e+00,6.3334145546e+00
2.0500000000e+02,1.0000000000e+01,1.0000000000e+01,1.5493293762e+01
2.0500000000e+02,1.0000000000e+01,1.1000000000e+01,4.6189167023e+01
2.0500000000e+02,1.0000000000e+01,1.2000000000e+01,1.4796781921e+02
2.0500000000e+02,1.0000000000e+01,1.3000000000e+01,4.9207965088e+02
2.0500000000e+02,1.0000000000e+01,1.4000000000e+01,1.6567740479e+03
2.0500000000e+02,1.0000000000e+01,1.5000000000e+01,5.6276484375e+03
2.0500000000e+02,1.0000000000e+01,1.6000000000e+01,1.9196115234e+04
2.0500000000e+02,1.0000000000e+01,1.7000000000e+01,6.5717968750e+04
2.0500000000e+02,1.0000000000e+01,1.8000000000e+01,2.2551325000e+05
2.0500000000e+02,1.0000000000e+01,1.9000000000e+01,7.7542281250e+05
2.0500000000e+02,1.0000000000e+01,2.0000000000e+01,2.6702697500e+06
2.0500000000e+02,1.0000000000e+01,2.1000000000e+01,9.2070400000e+06
2.0500000000e+02,1.0000000000e+01,2.2000000000e+01,3.1777370000e+07
2.0500000000e+02,1.0000000000e+01,2.3000000000e+01,1.0976870400e+08
2.0500000000e+02,1.0000000000e+01,2.4000000000e+01,3.7943251200e+08
2.0500000000e+02,1.0000000000e+01,2.5000000000e+01,1.3123136000e+09
2.0500000000e+02,1.0000000000e+01,2.6000000000e+01,4.5409413120e+09
2.0500000000e+02,1.0000000000e+01,2.7000000000e+01,1.5719035904e+10
2.0500000000e+02,1.0000000000e+01,2.8000000000e+01,5.4431465472e+10
2.0500000000e+02,1.0000000000e+01,2.9000000000e+01,1.8853622579e+11
2.0500000000e+02,1.0000000000e+01,3.0000000000e+01,6.5319200358e+11
2.0500000000e+02,1.0000000000e+01,3.1000000000e+01,2.2634598236e+12
2.0500000000e+02,3.8000000000e+01,0.0000000000e+00,2.0059597492e+00
2.0500000000e+02,3.8000000000e+01,1.0000000000e+00,1.3177806139e+00
2.0500000000e+02,3.8000000000e+01,2.0000000000e+00,1.0651173592e+00
2.0500000000e+02,3.8000000000e+01,3.0000000000e+00,1.0234284401e+00
2.0500000000e+02,3.8000000000e+01,4.0000000000e+00,9.4619935751e-01
2.0500000000e+02,3.8000000000e+01,5.0000000000e+00,9.4165873528e-01
2.0500000000e+02,3.8000000000e+01,6.0000000000e+00,9.0469360352e-01
2.0500000000e+02,3.8000000000e+01,7.0000000000e+00,9.1670471430e-01
2.0500000000e+02,3.8000000000e+01,8.0000000000e+00,9.0445369482e-01
2.0500000000e+02,3.8000000000e+01,9.0000000000e+00,9.4073593616e-01
2.0500000000e+02,3.8000000000e+01,1.0000000000e+01,9.6821630001e-01
2.0500000000e+02,3.8000000000e+01,1.1000000000e+01,1.0693308115e+00
2.0500000000e+02,3.8000000000e+01,1.2000000000e+01,1.2114791870e+00
2.0500000000e+02,3.8000000000e+01,1.3000000000e+01,1.5299758911e+00
2.0500000000e+02,3.8000000000e+01,1.4000000000e+01,2.0856316090e+00
2.0500000000e+02,3.8000000000e+01,1.5000000000e+01,3.2342505455e+00
2.0500000000e+02,3.8000000000e+01,1.6000000000e+01,5.4665036201e+00
2.0500000000e+02,3.8000000000e+01,1.7000000000e+01,1.0123038292e+01
2.0500000000e+02,3.8000000000e+01,1.8000000000e+01,1.9778850555e+01
2.0500000000e+02,3.8000000000e+01,1.9000000000e+01,4.0508975983e+01
2.0500000000e+02,3.8000000000e+01,2.0000000000e+01,8.5371078491e+01
2.0500000000e+02,3.8000000000e+01,2.1000000000e+01,1.8436270142e+02
2.0500000000e+02,3.8000000000e+01,2.2000000000e+01,4.0479425049e+02
2.0500000000e+02,3.8000000000e+01,2.3000000000e+01,9.0137921143e+02
2.0500000000e+02,3.8000000000e+01,2.4000000000e+01,2.0280144043e+03
2.0500000000e+02,3.8000000000e+01,2.5000000000e+01,4.6022583008e+03
2.0500000000e+02,3.8000000000e+01,2.6000000000e+01,1.0512646484e+04
2.0500000000e+02,3.8000000000e+01,2.7000000000e+01,2.4141666016e+04
2.0500000000e+02,3.8000000000e+01,2.8000000000e+01,5.5667875000e+04
2.0500000000e+02,3.8000000000e+01,2.9000000000e+01,1.2878654688e+05
2.0500000000e+02,3.8000000000e+01,3.0000000000e+01,2.9870531250e+05
2.0500000000e+02,3.8000000000e+01,3.1000000000e+01,6.9421543750e+05
2.0500000000e+02,6.6000000000e+01,0.0000000000e+00,1.9972848892e+00
2.0500000000e+02,6.6000000000e+01,1.0000000000e+00,9.7924208641e-01
2.0500000000e+02,6.6000000000e+01,2.0000000000e+00,6.6918098927e-01
2.0500000000e+02,6.6000000000e+01,3.0000000000e+00,5.6840074062e-01
2.0500000000e+02,6.6000000000e+01,4.0000000000e+00,4.7436740994e-01
2.0500000000e+02,6.6000000000e+01,5.0000000000e+00,4.3724811077e-01
2.0500000000e+02,6.6000000000e+01,6.0000000000e+00,3.9014017582e-01
2.0500000000e+02,6.6000000000e+01,7.0000000000e+00,3.7419793010e-01
2.0500000000e+02,6.6000000000e+01,8.0000000000e+00,3.4816226363e-01
2.0500000000e+02,6.6000000000e+01,9.0000000000e+00,3.4626170993e-01
2.0500000000e+02,6.6000000000e+01,1.0000000000e+01,3.3776617050e-01
2.0500000000e+02,6.6000000000e+01,1.1000000000e+01,3.5548269749e-01
2.0500000000e+02,6.6000000000e+01,1.2000000000e+01,3.7672019005e-01
2.0500000000e+02,6.6000000000e+01,1.3000000000e+01,4.4068610668e-01
2.0500000000e+02,6.6000000000e+01,1.4000000000e+01,5.3943425417e-01
2.0500000000e+02,6.6000000000e+01,1.5000000000e+01,7.3785722256e-01
2.0500000000e+02,6.6000000000e+01,1.6000000000e+01,1.0721765757e+00
2.0500000000e+02,6.6000000000e+01,1.7000000000e+01,1.6927846670e+00
2.0500000000e+02,6.6000000000e+01,1.8000000000e+01,2.7841012478e+00
2.0500000000e+02,6.6000000000e+01,1.9000000000e+01,4.7809400558e+00
2.0500000000e+02,6.6000000000e+01,2.0000000000e+01,8.3766908646e+00
2.0500000000e+02,6.6000000000e+01,2.1000000000e+01,1.4971640587e+01
2.0500000000e+02,6.6000000000e+01,2.2000000000e+01,2.7027542114e+01
2.0500000000e+02,6.6000000000e+01,2.3000000000e+01,4.9286033630e+01
2.0500000000e+02,6.6000000000e+01,2.4000000000e+01,9.0423751831e+01
2.0500000000e+02,6.6000000000e+01,2.5000000000e+01,1.6693954468e+02
2.0500000000e+02,6.6000000000e+01,2.6000000000e+01,3.0961645508e+02
2.0500000000e+02,6.6000000000e+01,2.7000000000e+01,5.7692974854e+02
2.0500000000e+02,6.6000000000e+01,2.8000000000e+01,1.0792498779e+03
2.0500000000e+02,6.6000000000e+01,2.9000000000e+01,2.0268991699e+03
2.0500000000e+02,6.6000000000e+01,3.0000000000e+01,3.8201489258e+03
2.0500000000e+02,6.6000000000e+01,3.1000000000e+01,7.2252387695e+03
2.0500000000e+02,9.4000000000e+01,0.0000000000e+00,1.9913396835e+00
2.0500000000e+02,9.4000000000e+01,1.0000000000e+00,7.8379100561e-01
2.0500000000e+02,9.4000000000e+01,2.0000000000e+00,4.6541926265e-01
2.0500000000e+02,9.4000000000e+01,3.0000000000e+00,3.5305479169e-01
2.0500000000e+02,9.4000000000e+01,4.0000000000e+00,2.7085652947e-01
2.0500000000e+02,9.4000000000e+01,5.0000000000e+00,2.3292091489e-01
2.0500000000e+02,9.4000000000e+01,6.0000000000e+00,1.9709174335e-01
2.0500000000e+02,9.4000000000e+01,7.0000000000e+00,1.8077136576e-01
2.0500000000e+02,9.4000000000e+01,8.0000000000e+00,1.6217698157e-01
2.0500000000e+02,9.4000000000e+01,9.0000000000e+00,1.5551173687e-01
2.0500000000e+02,9.4000000000e+01,1.0000000000e+01,1.4576034248e-01
2.0500000000e+02,9.4000000000e+01,1.1000000000e+01,1.4517027140e-01
2.0500000000e+02,9.4000000000e+01,1.2000000000e+01,1.4169229567e-01
2.0500000000e+02,9.4000000000e+01,1.3000000000e+01,1.4683516324e-01
2.0500000000e+02,9.4000000000e+01,1.4000000000e+01,1.4997920394e-01
2.0500000000e+02,9.4000000000e+01,1.5000000000e+01,1.6299472749e-01
2.0500000000e+02,9.4000000000e+01,1.6000000000e+01,1.7599305511e-01
2.0500000000e+02,9.4000000000e+01,1.7000000000e+01,2.0248246193e-01
2.0500000000e+02,9.4000000000e+01,1.8000000000e+01,2.3315913975e-01
2.0500000000e+02,9.4000000000e+01,1.9000000000e+01,2.8503176570e-01
2.0500000000e+02,9.4000000000e+01,2.0000000000e+01,3.4996208549e-01
2.0500000000e+02,9.4000000000e+01,2.1000000000e+01,4.5159777999e-01
2.0500000000e+02,9.4000000000e+01,2.2000000000e+01,5.8493453264e-01
2.0500000000e+02,9.4000000000e+01,2.3000000000e+01,7.8599011898e-01
2.0500000000e+02,9.4000000000e+01,2.4000000000e+01,1.0577898026e+00
2.0500000000e+02,9.4000000000e+01,2.5000000000e+01,1.4596691132e+00
2.0500000000e+02,9.4000000000e+01,2.6000000000e+01,2.0138468742e+00
2.0500000000e+02,9.4000000000e+01,2.7000000000e+01,2.8244907856e+00
2.0500000000e+02,9.4000000000e+01,2.8000000000e+01,3.9575588703e+00
2.0500000000e+02,9.4000000000e+01,2.9000000000e+01,5.6051478386e+00
2.0500000000e+02,9.4000000000e+01,3.0000000000e+01,7.9299402237e+00
2.0500000000e+02,9.4000000000e+01,3.1000000000e+01,1.1299470901e+01
2.0500000000e+02,1.2100000000e+02,0.0000000000e+00,2.0029675961e+00
2.0500000000e+02,1.2100000000e+02,1.0000000000e+00,6.6632771492e-01
2.0500000000e+02,1.2100000000e+02,2.0000000000e+00,3.4716868401e-01
2.0500000000e+02,1.2100000000e+02,3.0000000000e+00,2.4447868764e-01
2.0500000000e+02,1.2100000000e+02,4.0000000000e+00,1.7551237345e-01
2.0500000000e+02,1.2100000000e+02,5.0000000000e+00,1.4720645547e-01
2.0500000000e+02,1.2100000000e+02,6.0000000000e+00,1.2198741734e-01
2.0500000000e+02,1.2100000000e+02,7.0000000000e+00,1.1201262474e-01
2.0500000000e+02,1.2100000000e+02,8.0000000000e+00,1.0080590099e-01
2.0500000000e+02,1.2100000000e+02,9.0000000000e+00,9.7388714552e-02
2.0500000000e+02,1.2100000000e+02,1.0000000000e+01,9.2035122216e-02
2.0500000000e+02,1.2100000000e+02,1.1000000000e+01,9.1591551900e-02
2.0500000000e+02,1.2100000000e+02,1.2000000000e+01,8.9267753065e-02
2.0500000000e+02,1.2100000000e+02,1.3000000000e+01,9.0652771294e-02
2.0500000000e+02,1.2100000000e+02,1.4000000000e+01,9.0436793864e-02
2.0500000000e+02,1.2100000000e+02,1.5000000000e+01,9.3566447496e-02
2.0500000000e+02,1.2100000000e+02,1.6000000000e+01,9.5535025001e-02
2.0500000000e+02,1.2100000000e+02,1.7000000000e+01,1.0110263526e-01
2.0500000000e+02,1.2100000000e+02,1.8000000000e+01,1.0622709990e-01
2.0500000000e+02,1.2100000000e+02,1.9000000000e+01,1.1589921266e-01
2.0500000000e+02,1.2100000000e+02,2.0000000000e+01,1.2641039491e-01
2.0500000000e+02,1.2100000000e+02,2.1000000000e+01,1.4346781373e-01
2.0500000000e+02,1.2100000000e+02,2.2000000000e+01,1.6377174854e-01
2.0500000000e+02,1.2100000000e+02,2.3000000000e+01,1.9443546236e-01
2.0500000000e+02,1.2100000000e+02,2.4000000000e+01,2.3295012116e-01
2.0500000000e+02,1.2100000000e+02,2.5000000000e+01,2.8894686699e-01
2.0500000000e+02,1.2100000000e+02,2.6000000000e+01,3.6164143682e-01
2.0500000000e+02,1.2100000000e+02,2.7000000000e+01,4.6510818601e-01
2.0500000000e+02,1.2100000000e+02,2.8000000000e+01,6.0226982832e-01
2.0500000000e+02,1.2100000000e+02,2.9000000000e+01,7.9511535168e-01
2.0500000000e+02,1.2100000000e+02,3.0000000000e+01,1.0542799234e+00
2.0500000000e+02,1.2100000000e+02,3.1000000000e+01,1.4160783291e+00
2.0500000000e+02,1.4900000000e+02,0.0000000000e+00,2.0000286102e+00
2.0500000000e+02,1.4900000000e+02,1.0000000000e+00,5.7688987255e-01
2.0500000000e+02,1.4900000000e+02,2.0000000000e+00,2.7268666029e-01
2.0500000000e+02,1.4900000000e+02,3.0000000000e+00,1.8056514859e-01
2.0500000000e+02,1.4900000000e+02,4.0000000000e+00,1.2652471662e-01
2.0500000000e+02,1.4900000000e+02,5.0000000000e+00,1.0558708757e-01
2.0500000000e+02,1.4900000000e+02,6.0000000000e+00,8.9314468205e-02
2.0500000000e+02,1.4900000000e+02,7.0000000000e+00,8.3331465721e-02
2.0500000000e+02,1.4900000000e+02,8.0000000000e+00,7.7301479876e-02
2.0500000000e+02,1.4900000000e+02,9.0000000000e+00,7.5634345412e-02
2.0500000000e+02,1.4900000000e+02,1.0000000000e+01,7.3111005127e-02
2.0500000000e+02,1.4900000000e+02,1.1000000000e+01,7.2859466076e-02
2.0500000000e+02,1.4900000000e+02,1.2000000000e+01,7.1710482240e-02
2.0500000000e+02,1.4900000000e+02,1.3000000000e+01,7.1951590478e-02
2.0500000000e+02,1.4900000000e+02,1.4000000000e+01,7.1404978633e-02
2.0500000000e+02,1.4900000000e+02,1.5000000000e+01,7.1834020317e-02
2.0500000000e+02,1.4900000000e+02,1.6000000000e+01,7.1595147252e-02
2.0500000000e+02,1.4900000000e+02,1.7000000000e+01,7.2129376233e-02
2.0500000000e+02,1.4900000000e+02,1.8000000000e+01,7.2098068893e-02
2.0500000000e+02,1.4900000000e+02,1.9000000000e+01,7.2751261294e-02
2.0500000000e+02,1.4900000000e+02,2.0000000000e+01,7.2927221656e-02
2.0500000000e+02,1.4900000000e+02,2.1000000000e+01,7.3776565492e-02
2.0500000000e+02,1.4900000000e+02,2.2000000000e+01,7.4237868190e-02
2.0500000000e+02,1.4900000000e+02,2.3000000000e+01,7.5433656573e-02
2.0500000000e+02,1.4900000000e+02,2.4000000000e+01,7.6356232166e-02
2.0500000000e+02,1.4900000000e+02,2.5000000000e+01,7.8165628016e-02
2.0500000000e+02,1.4900000000e+02,2.6000000000e+01,7.9883247614e-02
2.0500000000e+02,1.4900000000e+02,2.7000000000e+01,8.2779988647e-02
2.0500000000e+02,1.4900000000e+02,2.8000000000e+01,8.5904583335e-02
2.0500000000e+02,1.4900000000e+02,2.9000000000e+01,9.0736657381e-02
2.0500000000e+02,1.4900000000e+02,3.0000000000e+01,9.6383363008e-02
2.0500000000e+02,1.4900000000e+02,3.1000000000e+01,1.0468095541e-01
2.0500000000e+02,1.7700000000e+02,0.0000000000e+00,1.9839785099e+00
2.0500000000e+02,1.7700000000e+02,1.0000000000e+00,5.0425159931e-01
2.0500000000e+02,1.7700000000e+02,2.0000000000e+00,2.1556039155e-01
2.0500000000e+02,1.7700000000e+02,3.0000000000e+00,1.3625748456e-01
2.0500000000e+02,1.7700000000e+02,4.0000000000e+00,9.2793300748e-02
2.0500000000e+02,1.7700000000e+02,5.0000000000e+00,7.8373387456e-02
2.0500000000e+02,1.7700000000e+02,6.0000000000e+00,6.7279182374e-02
2.0500000000e+02,1.7700000000e+02,7.0000000000e+00,6.4176738262e-02
2.0500000000e+02,1.7700000000e+02,8.0000000000e+00,6.0693569481e-02
2.0500000000e+02,1.7700000000e+02,9.0000000000e+00,6.0185935348e-02
2.0500000000e+02,1.7700000000e+02,1.0000000000e+01,5.8947235346e-02
2.0500000000e+02,1.7700000000e+02,1.1000000000e+01,5.9049040079e-02
2.0500000000e+02,1.7700000000e+02,1.2000000000e+01,5.8560404927e-02
2.0500000000e+02,1.7700000000e+02,1.3000000000e+01,5.8765750378e-02
2.0500000000e+02,1.7700000000e+02,1.4000000000e+01,5.8550041169e-02
2.0500000000e+02,1.7700000000e+02,1.5000000000e+01,5.8734502643e-02
2.0500000000e+02,1.7700000000e+02,1.6000000000e+01,5.8625549078e-02
2.0500000000e+02,1.7700000000e+02,1.7000000000e+01,5.8768078685e-02
2.0500000000e+02,1.7700000000e+02,1.8000000000e+01,5.8704249561e-02
2.0500000000e+02,1.7700000000e+02,1.9000000000e+01,5.8810051531e-02
2.0500000000e+02,1.7700000000e+02,2.0000000000e+01,5.8767251670e-02
2.0500000000e+02,1.7700000000e+02,2.1000000000e+01,5.8845948428e-02
2.0500000000e+02,1.7700000000e+02,2.2000000000e+01,5.8814223856e-02
2.0500000000e+02,1.7700000000e+02,2.3000000000e+01,5.8874249458e-02
2.0500000000e+02,1.7700000000e+02,2.4000000000e+01,5.8849189430e-02
2.0500000000e+02,1.7700000000e+02,2.5000000000e+01,5.8896817267e-02
2.0500000000e+02,1.7700000000e+02,2.6000000000e+01,5.8876298368e-02
2.0500000000e+02,1.7700000000e+02,2.7000000000e+01,5.8915950358e-02
2.0500000000e+02,1.7700000000e+02,2.8000000000e+01,5.8898825198e-02
2.0500000000e+02,1.7700000000e+02,2.9000000000e+01,5.8933541179e-02
2.0500000000e+02,1.7700000000e+02,3.0000000000e+01,5.8919150382e-02
2.0500000000e+02,1.7700000000e+02,3.1000000000e+01,5.8951042593e-02
2.0500000000e+02,2.0500000000e+02,0.0000000000e+00,1.9886777401e+00
2.0500000000e+02,2.0500000000e+02,1.0000000000e+00,4.4926941395e-01
2.0500000000e+02,2.0500000000e+02,2.0000000000e+00,1.7904597521e-01
2.0500000000e+02,2.0500000000e+02,3.0000000000e+00,1.0819978267e-01
2.0500000000e+02,2.0500000000e+02,4.0000000000e+00,7.4543386698e-02
2.0500000000e+02,2.0500000000e+02,5.0000000000e+00,6.3644118607e-02
2.0500000000e+02,2.0500000000e+02,6.0000000000e+00,5.6569375098e-02
2.0500000000e+02,2.0500000000e+02,7.0000000000e+00,5.4659806192e-02
2.0500000000e+02,2.0500000000e+02,8.0000000000e+00,5.2840739489e-02
2.0500000000e+02,2.0500000000e+02,9.0000000000e+00,5.2656400949e-02
2.0500000000e+02,2.0500000000e+02,1.0000000000e+01,5.2124645561e-02
2.0500000000e+02,2.0500000000e+02,1.1000000000e+01,5.2251923829e-02
2.0500000000e+02,2.0500000000e+02,1.2000000000e+01,5.2072890103e-02
2.0500000000e+02,2.0500000000e+02,1.3000000000e+01,5.2217192948e-02
2.0500000000e+02,2.0500000000e+02,1.4000000000e+01,5.2142485976e-02
2.0500000000e+02,2.0500000000e+02,1.5000000000e+01,5.2252769470e-02
2.0500000000e+02,2.0500000000e+02,1.6000000000e+01,5.2211679518e-02
2.0500000000e+02,2.0500000000e+02,1.7000000000e+01,5.2289016545e-02
2.0500000000e+02,2.0500000000e+02,1.8000000000e+01,5.2260510623e-02
2.0500000000e+02,2.0500000000e+02,1.9000000000e+01,5.2314065397e-02
2.0500000000e+02,2.0500000000e+02,2.0000000000e+01,5.2291620523e-02
2.0500000000e+02,2.0500000000e+02,2.1000000000e+01,5.2329268306e-02
2.0500000000e+02,2.0500000000e+02,2.2000000000e+01,5.2310649306e-02
2.0500000000e+02,2.0500000000e+02,2.3000000000e+01,5.2337855101e-02
2.0500000000e+02,2.0500000000e+02,2.4000000000e+01,5.2322112024e-02
2.0500000000e+02,2.0500000000e+02,2.5000000000e+01,5.2342411131e-02
2.0500000000e+02,2.0500000000e+02,2.6000000000e+01,5.2329007536e-02
2.0500000000e+02,2.0500000000e+02,2.7000000000e+01,5.2344638854e-02
2.0500000000e+02,2.0500000000e+02,2.8000000000e+01,5.2333179861e-02
2.0500000000e+02,2.0500000000e+02,2.9000000000e+01,5.2345577627e-02
2.0500000000e+02,2.0500000000e+02,3.0000000000e+01,5.2335735410e-02
2.0500000000e+02,2.0500000000e+02,3.1000000000e+01,5.2345827222e-02
2.0500000000e+02,2.3300000000e+02,0.0000000000e+00,1.9950244427e+00
2.0500000000e+02,2.3300000000e+02,1.0000000000e+00,4.4630318880e-01
2.0500000000e+02,2.3300000000e+02,2.0000000000e+00,1.9752861559e-01
2.0500000000e+02,2.3300000000e+02,3.0000000000e+00,1.4063663781e-01
2.0500000000e+02,2.3300000000e+02,4.0000000000e+00,1.1550879478e-01
2.0500000000e+02,2.3300000000e+02,5.0000000000e+00,1.0959215462e-01
2.0500000000e+02,2.3300000000e+02,6.0000000000e+00,1.0574033856e-01
2.0500000000e+02,2.3300000000e+02,7.0000000000e+00,1.0562362522e-01
2.0500000000e+02,2.3300000000e+02,8.0000000000e+00,1.0509478301e-01
2.0500000000e+02,2.3300000000e+02,9.0000000000e+00,1.0556323081e-01
2.0500000000e+02,2.3300000000e+02,1.0000000000e+01,1.0558529943e-01
2.0500000000e+02,2.3300000000e+02,1.1000000000e+01,1.0594570637e-01
2.0500000000e+02,2.3300000000e+02,1.2000000000e+01,1.0602395236e-01
2.0500000000e+02,2.3300000000e+02,1.3000000000e+01,1.0624365509e-01
2.0500000000e+02,2.3300000000e+02,1.4000000000e+01,1.0629958659e-01
2.0500000000e+02,2.3300000000e+02,1.5000000000e+01,1.0642588884e-01
2.0500000000e+02,2.3300000000e+02,1.6000000000e+01,1.0645784438e-01
2.0500000000e+02,2.3300000000e+02,1.7000000000e+01,1.0652954876e-01
2.0500000000e+02,2.3300000000e+02,1.8000000000e+01,1.0654604435e-01
2.0500000000e+02,2.3300000000e+02,1.9000000000e+01,1.0658702254e-01
2.0500000000e+02,2.3300000000e+02,2.0000000000e+01,1.0659481585e-01
2.0500000000e+02,2.3300000000e+02,2.1000000000e+01,1.0661856085e-01
2.0500000000e+02,2.3300000000e+02,2.2000000000e+01,1.0662182420e-01
2.0500000000e+02,2.3300000000e+02,2.3000000000e+01,1.0663586110e-01
2.0500000000e+02,2.3300000000e+02,2.4000000000e+01,1.0663685203e-01
2.0500000000e+02,2.3300000000e+02,2.5000000000e+01,1.0664533824e-01
2.0500000000e+02,2.3300000000e+02,2.6000000000e+01,1.0664527863e-01
2.0500000000e+02,2.3300000000e+02,2.7000000000e+01,1.0665053874e-01
2.0500000000e+02,2.3300000000e+02,2.8000000000e+01,1.0665004700e-01
2.0500000000e+02,2.3300000000e+02,2.9000000000e+01,1.0665339977e-01
2.0500000000e+02,2.3300000000e+02,3.0000000000e+01,1.0665276647e-01
2.0500000000e+02,2.3300000000e+02,3.1000000000e+01,1.0665497184e-01
2.0500000000e+02,2.6100000000e+02,0.0000000000e+00,2.0004563332e+00
2.0500000000e+02,2.6100000000e+02,1.0000000000e+00,3.7176638842e-01
2.0500000000e+02,2.6100000000e+02,2.0000000000e+00,1.3112758100e-01
2.0500000000e+02,2.6100000000e+02,3.0000000000e+00,7.5999781489e-02
2.0500000000e+02,2.6100000000e+02,4.0000000000e+00,5.4012551904e-02
2.0500000000e+02,2.6100000000e+02,5.0000000000e+00,4.8193730414e-02
2.0500000000e+02,2.6100000000e+02,6.0000000000e+00,4.4868644327e-02
2.0500000000e+02,2.6100000000e+02,7.0000000000e+00,4.4354438782e-02
2.0500000000e+02,2.6100000000e+02,8.0000000000e+00,4.3757993728e-02
2.0500000000e+02,2.6100000000e+02,9.0000000000e+00,4.3870426714e-02
2.0500000000e+02,2.6100000000e+02,1.0000000000e+01,4.3752610683e-02
2.0500000000e+02,2.6100000000e+02,1.1000000000e+01,4.3877121061e-02
2.0500000000e+02,2.6100000000e+02,1.2000000000e+01,4.3848723173e-02
2.0500000000e+02,2.6100000000e+02,1.3000000000e+01,4.3926708400e-02
2.0500000000e+02,2.6100000000e+02,1.4000000000e+01,4.3915282935e-02
2.0500000000e+02,2.6100000000e+02,1.5000000000e+01,4.3959736824e-02
2.0500000000e+02,2.6100000000e+02,1.6000000000e+01,4.3951995671e-02
2.0500000000e+02,2.6100000000e+02,1.7000000000e+01,4.3977241963e-02
2.0500000000e+02,2.6100000000e+02,1.8000000000e+01,4.3971002102e-02
2.0500000000e+02,2.6100000000e+02,1.9000000000e+01,4.3985746801e-02
2.0500000000e+02,2.6100000000e+02,2.0000000000e+01,4.3980691582e-02
2.0500000000e+02,2.6100000000e+02,2.1000000000e+01,4.3989662081e-02
2.0500000000e+02,2.6100000000e+02,2.2000000000e+01,4.3985638767e-02
2.0500000000e+02,2.6100000000e+02,2.3000000000e+01,4.3991342187e-02
2.0500000000e+02,2.6100000000e+02,2.4000000000e+01,4.3988209218e-02
2.0500000000e+02,2.6100000000e+02,2.5000000000e+01,4.3991997838e-02
2.0500000000e+02,2.6100000000e+02,2.6000000000e+01,4.3989583850e-02
2.0500000000e+02,2.6100000000e+02,2.7000000000e+01,4.3992176652e-02
2.0500000000e+02,2.6100000000e+02,2.8000000000e+01,4.3990325183e-02
2.0500000000e+02,2.6100000000e+02,2.9000000000e+01,4.3992165476e-02
2.0500000000e+02,2.6100000000e+02,3.0000000000e+01,4.3990753591e-02
2.0500000000e+02,2.6100000000e+02,3.1000000000e+01,4.3992087245e-02
2.0500000000e+02,2.8900000000e+02,0.0000000000e+00,2.0055375099e+00
2.0500000000e+02,2.8900000000e+02,1.0000000000e+00,3.8139656186e-01
2.0500000000e+02,2.8900000000e+02,2.0000000000e+00,1.6245599091e-01
2.0500000000e+02,2.8900000000e+02,3.0000000000e+00,1.1702962220e-01
2.0500000000e+02,2.8900000000e+02,4.0000000000e+00,1.0170903802e-01
2.0500000000e+02,2.8900000000e+02,5.0000000000e+00,9.8510883749e-02
2.0500000000e+02,2.8900000000e+02,6.0000000000e+00,9.7303926945e-02
2.0500000000e+02,2.8900000000e+02,7.0000000000e+00,9.7525425255e-02
2.0500000000e+02,2.8900000000e+02,8.0000000000e+00,9.7682274878e-02
2.0500000000e+02,2.8900000000e+02,9.0000000000e+00,9.8001152277e-02
2.0500000000e+02,2.8900000000e+02,1.0000000000e+01,9.8181024194e-02
2.0500000000e+02,2.8900000000e+02,1.1000000000e+01,9.8357550800e-02
2.0500000000e+02,2.8900000000e+02,1.2000000000e+01,9.8458662629e-02
2.0500000000e+02,2.8900000000e+02,1.3000000000e+01,9.8543666303e-02
2.0500000000e+02,2.8900000000e+02,1.4000000000e+01,9.8593801260e-02
2.0500000000e+02,2.8900000000e+02,1.5000000000e+01,9.8633266985e-02
2.0500000000e+02,2.8900000000e+02,1.6000000000e+01,9.8657310009e-02
2.0500000000e+02,2.8900000000e+02,1.7000000000e+01,9.8675489426e-02
2.0500000000e+02,2.8900000000e+02,1.8000000000e+01,9.8686955869e-02
2.0500000000e+02,2.8900000000e+02,1.9000000000e+01,9.8695352674e-02
2.0500000000e+02,2.8900000000e+02,2.0000000000e+01,9.8700843751e-02
2.0500000000e+02,2.8900000000e+02,2.1000000000e+01,9.8704732955e-02
2.0500000000e+02,2.8900000000e+02,2.2000000000e+01,9.8707392812e-02
2.0500000000e+02,2.8900000000e+02,2.3000000000e+01,9.8709210753e-02
2.0500000000e+02,2.8900000000e+02,2.4000000000e+01,9.8710514605e-02
2.0500000000e+02,2.8900000000e+02,2.5000000000e+01,9.8711363971e-02
2.0500000000e+02,2.8900000000e+02,2.6000000000e+01,9.8712012172e-02
2.0500000000e+02,2.8900000000e+02,2.7000000000e+01,9.8712407053e-02
2.0500000000e+02,2.8900000000e+02,2.8000000000e+01,9.8712727427e-02
2.0500000000e+02,2.8900000000e+02,2.9000000000e+01,9.8712913692e-02
2.0500000000e+02,2.8900000000e+02,3.0000000000e+01,9.8713077605e-02
2.0500000000e+02,2.8900000000e+02,3.1000000000e+01,9.8713159561e-02
2.0500000000e+02,3.1600000000e+02,0.0000000000e+00,2.0002279282e+00
2.0500000000e+02,3.1600000000e+02,1.0000000000e+00,3.1685870886e-01
2.0500000000e+02,3.1600000000e+02,2.0000000000e+00,1.0114349425e-01
2.0500000000e+02,3.1600000000e+02,3.0000000000e+00,5.6652091444e-02
2.0500000000e+02,3.1600000000e+02,4.0000000000e+00,4.2347498238e-02
2.0500000000e+02,3.1600000000e+02,5.0000000000e+00,3.8808986545e-02
2.0500000000e+02,3.1600000000e+02,6.0000000000e+00,3.7404015660e-02
2.0500000000e+02,3.1600000000e+02,7.0000000000e+00,3.7215322256e-02
2.0500000000e+02,3.1600000000e+02,8.0000000000e+00,3.7117034197e-02
2.0500000000e+02,3.1600000000e+02,9.0000000000e+00,3.7187773734e-02
2.0500000000e+02,3.1600000000e+02,1.0000000000e+01,3.7211906165e-02
2.0500000000e+02,3.1600000000e+02,1.1000000000e+01,3.7260238081e-02
2.0500000000e+02,3.1600000000e+02,1.2000000000e+01,3.7280365825e-02
2.0500000000e+02,3.1600000000e+02,1.3000000000e+01,3.7302527577e-02
2.0500000000e+02,3.1600000000e+02,1.4000000000e+01,3.7312872708e-02
2.0500000000e+02,3.1600000000e+02,1.5000000000e+01,3.7322040647e-02
2.0500000000e+02,3.1600000000e+02,1.6000000000e+01,3.7326943129e-02
2.0500000000e+02,3.1600000000e+02,1.7000000000e+01,3.7330545485e-02
2.0500000000e+02,3.1600000000e+02,1.8000000000e+01,3.7332877517e-02
2.0500000000e+02,3.1600000000e+02,1.9000000000e+01,3.7334214896e-02
2.0500000000e+02,3.1600000000e+02,2.0000000000e+01,3.7335362285e-02
2.0500000000e+02,3.1600000000e+02,2.1000000000e+01,3.7335813046e-02
2.0500000000e+02,3.1600000000e+02,2.2000000000e+01,3.7336405367e-02
2.0500000000e+02,3.1600000000e+02,2.3000000000e+01,3.7336513400e-02
2.0500000000e+02,3.1600000000e+02,2.4000000000e+01,3.7336837500e-02
2.0500000000e+02,3.1600000000e+02,2.5000000000e+01,3.7336833775e-02
2.0500000000e+02,3.1600000000e+02,2.6000000000e+01,3.7337016314e-02
2.0500000000e+02,3.1600000000e+02,2.7000000000e+01,3.7336982787e-02
2.0500000000e+02,3.1600000000e+02,2.8000000000e+01,3.7337090820e-02
2.0500000000e+02,3.1600000000e+02,2.9000000000e+01,3.7337049842e-02
2.0500000000e+02,3.1600000000e+02,3.0000000000e+01,3.7337120622e-02
2.0500000000e+02,3.1600000000e+02,3.1000000000e+01,3.7337083369e-02
2.0500000000e+02,3.4400000000e+02,0.0000000000e+00,2.0018343925e+00
2.0500000000e+02,3.4400000000e+02,1.0000000000e+00,3.3519786596e-01
2.0500000000e+02,3.4400000000e+02,2.0000000000e+00,1.3705310225e-01
2.0500000000e+02,3.4400000000e+02,3.0000000000e+00,9.9942758679e-02
2.0500000000e+02,3.4400000000e+02,4.0000000000e+00,8.9362666011e-02
2.0500000000e+02,3.4400000000e+02,5.0000000000e+00,8.7532408535e-02
2.0500000000e+02,3.4400000000e+02,6.0000000000e+00,8.7049514055e-02
2.0500000000e+02,3.4400000000e+02,7.0000000000e+00,8.7324753404e-02
2.0500000000e+02,3.4400000000e+02,8.0000000000e+00,8.7490476668e-02
2.0500000000e+02,3.4400000000e+02,9.0000000000e+00,8.7706960738e-02
2.0500000000e+02,3.4400000000e+02,1.0000000000e+01,8.7815150619e-02
2.0500000000e+02,3.4400000000e+02,1.1000000000e+01,8.7915234268e-02
2.0500000000e+02,3.4400000000e+02,1.2000000000e+01,8.7963894010e-02
2.0500000000e+02,3.4400000000e+02,1.3000000000e+01,8.8006362319e-02
2.0500000000e+02,3.4400000000e+02,1.4000000000e+01,8.8026605546e-02
2.0500000000e+02,3.4400000000e+02,1.5000000000e+01,8.8044404984e-02
2.0500000000e+02,3.4400000000e+02,1.6000000000e+01,8.8052660227e-02
2.0500000000e+02,3.4400000000e+02,1.7000000000e+01,8.8060177863e-02
2.0500000000e+02,3.4400000000e+02,1.8000000000e+01,8.8063538074e-02
2.0500000000e+02,3.4400000000e+02,1.9000000000e+01,8.8066756725e-02
2.0500000000e+02,3.4400000000e+02,2.0000000000e+01,8.8068135083e-02
2.0500000000e+02,3.4400000000e+02,2.1000000000e+01,8.8069535792e-02
2.0500000000e+02,3.4400000000e+02,2.2000000000e+01,8.8070094585e-02
2.0500000000e+02,3.4400000000e+02,2.3000000000e+01,8.8070720434e-02
2.0500000000e+02,3.4400000000e+02,2.4000000000e+01,8.8070951402e-02
2.0500000000e+02,3.4400000000e+02,2.5000000000e+01,8.8071212173e-02
2.0500000000e+02,3.4400000000e+02,2.6000000000e+01,8.8071301579e-02
2.0500000000e+02,3.4400000000e+02,2.7000000000e+01,8.8071428239e-02
2.0500000000e+02,3.4400000000e+02,2.8000000000e+01,8.8071465492e-02
2.0500000000e+02,3.4400000000e+02,2.9000000000e+01,8.8071532547e-02
2.0500000000e+02,3.4400000000e+02,3.0000000000e+01,8.8071554899e-02
2.0500000000e+02,3.4400000000e+02,3.1000000000e+01,8.8071569800e-02
2.0500000000e+02,3.7200000000e+02,0.0000000000e+00,1.9936124086e+00
2.0500000000e+02,3.7200000000e+02,1.0000000000e+00,3.1509128213e-01
2.0500000000e+02,3.7200000000e+02,2.0000000000e+00,1.2712049484e-01
2.0500000000e+02,3.7200000000e+02,3.0000000000e+00,9.4878658652e-02
2.0500000000e+02,3.7200000000e+02,4.0000000000e+00,8.5925936699e-02
2.0500000000e+02,3.7200000000e+02,5.0000000000e+00,8.4805361927e-02
2.0500000000e+02,3.7200000000e+02,6.0000000000e+00,8.4488883615e-02
2.0500000000e+02,3.7200000000e+02,7.0000000000e+00,8.4818407893e-02
2.0500000000e+02,3.7200000000e+02,8.0000000000e+00,8.4964975715e-02
2.0500000000e+02,3.7200000000e+02,9.0000000000e+00,8.5156701505e-02
2.0500000000e+02,3.7200000000e+02,1.0000000000e+01,8.5240297019e-02
2.0500000000e+02,3.7200000000e+02,1.1000000000e+01,8.5319295526e-02
2.0500000000e+02,3.7200000000e+02,1.2000000000e+01,8.5354268551e-02
2.0500000000e+02,3.7200000000e+02,1.3000000000e+01,8.5384964943e-02
2.0500000000e+02,3.7200000000e+02,1.4000000000e+01,8.5398711264e-02
2.0500000000e+02,3.7200000000e+02,1.5000000000e+01,8.5410565138e-02
2.0500000000e+02,3.7200000000e+02,1.6000000000e+01,8.5415907204e-02
2.0500000000e+02,3.7200000000e+02,1.7000000000e+01,8.5420526564e-02
2.0500000000e+02,3.7200000000e+02,1.8000000000e+01,8.5422620177e-02
2.0500000000e+02,3.7200000000e+02,1.9000000000e+01,8.5424438119e-02
2.0500000000e+02,3.7200000000e+02,2.0000000000e+01,8.5425250232e-02
2.0500000000e+02,3.7200000000e+02,2.1000000000e+01,8.5425987840e-02
2.0500000000e+02,3.7200000000e+02,2.2000000000e+01,8.5426308215e-02
2.0500000000e+02,3.7200000000e+02,2.3000000000e+01,8.5426606238e-02
2.0500000000e+02,3.7200000000e+02,2.4000000000e+01,8.5426725447e-02
2.0500000000e+02,3.7200000000e+02,2.5000000000e+01,8.5426852107e-02
2.0500000000e+02,3.7200000000e+02,2.6000000000e+01,8.5426911712e-02
2.0500000000e+02,3.7200000000e+02,2.7000000000e+01,8.5426956415e-02
2.0500000000e+02,3.7200000000e+02,2.8000000000e+01,8.5426978767e-02
2.0500000000e+02,3.7200000000e+02,2.9000000000e+01,8.5427001119e-02
2.0500000000e+02,3.7200000000e+02,3.0000000000e+01,8.5427008569e-02
2.0500000000e+02,3.7200000000e+02,3.1000000000e+01,8.5427008569e-02
2.0500000000e+02,4.0000000000e+02,0.0000000000e+00,2.0148329735e+00
2.0500000000e+02,4.0000000000e+02,1.0000000000e+00,3.0250674486e-01
2.0500000000e+02,4.0000000000e+02,2.0000000000e+00,1.1836235970e-01
2.0500000000e+02,4.0000000000e+02,3.0000000000e+00,9.1197259724e-02
2.0500000000e+02,4.0000000000e+02,4.0000000000e+00,8.3369828761e-02
2.0500000000e+02,4.0000000000e+02,5.0000000000e+00,8.3098500967e-02
2.0500000000e+02,4.0000000000e+02,6.0000000000e+00,8.2894399762e-02
2.0500000000e+02,4.0000000000e+02,7.0000000000e+00,8.3343923092e-02
2.0500000000e+02,4.0000000000e+02,8.0000000000e+00,8.3474010229e-02
2.0500000000e+02,4.0000000000e+02,9.0000000000e+00,8.3672419190e-02
2.0500000000e+02,4.0000000000e+02,1.0000000000e+01,8.3738029003e-02
2.0500000000e+02,4.0000000000e+02,1.1000000000e+01,8.3810947835e-02
2.0500000000e+02,4.0000000000e+02,1.2000000000e+01,8.3836376667e-02
2.0500000000e+02,4.0000000000e+02,1.3000000000e+01,8.3862468600e-02
2.0500000000e+02,4.0000000000e+02,1.4000000000e+01,8.3871826530e-02
2.0500000000e+02,4.0000000000e+02,1.5000000000e+01,8.3881206810e-02
2.0500000000e+02,4.0000000000e+02,1.6000000000e+01,8.3884626627e-02
2.0500000000e+02,4.0000000000e+02,1.7000000000e+01,8.3888046443e-02
2.0500000000e+02,4.0000000000e+02,1.8000000000e+01,8.3889305592e-02
2.0500000000e+02,4.0000000000e+02,1.9000000000e+01,8.3890572190e-02
2.0500000000e+02,4.0000000000e+02,2.0000000000e+01,8.3891041577e-02
2.0500000000e+02,4.0000000000e+02,2.1000000000e+01,8.3891503513e-02
2.0500000000e+02,4.0000000000e+02,2.2000000000e+01,8.3891689777e-02
2.0500000000e+02,4.0000000000e+02,2.3000000000e+01,8.3891861141e-02
2.0500000000e+02,4.0000000000e+02,2.4000000000e+01,8.3891928196e-02
2.0500000000e+02,4.0000000000e+02,2.5000000000e+01,8.3891995251e-02
2.0500000000e+02,4.0000000000e+02,2.6000000000e+01,8.3892025054e-02
2.0500000000e+02,4.0000000000e+02,2.7000000000e+01,8.3892047405e-02
2.0500000000e+02,4.0000000000e+02,2.8000000000e+01,8.3892062306e-02
2.0500000000e+02,4.0000000000e+02,2.9000000000e+01,8.3892069757e-02
2.0500000000e+02,4.0000000000e+02,3.0000000000e+01,8.3892069757e-02
2.0500000000e+02,4.0000000000e+02,3.1000000000e+01,8.3892077208e-02
2.3300000000e+02,1.0000000000e+01,0.0000000000e+00,1.9891866446e+00
2.3300000000e+02,1.0000000000e+01,1.0000000000e+00,1.9465228319e+00
2.3300000000e+02,1.0000000000e+01,2.0000000000e+00,1.8628832102e+00
2.3300000000e+02,1.0000000000e+01,3.0000000000e+00,1.9504890442e+00
2.3300000000e+02,1.0000000000e+01,4.0000000000e+00,1.9358355999e+00
2.3300000000e+02,1.0000000000e+01,5.0000000000e+00,2.0082638264e+00
2.3300000000e+02,1.0000000000e+01,6.0000000000e+00,2.0190451145e+00
2.3300000000e+02,1.0000000000e+01,7.0000000000e+00,2.1522438526e+00
2.3300000000e+02,1.0000000000e+01,8.0000000000e+00,2.3116154671e+00
2.3300000000e+02,1.0000000000e+01,9.0000000000e+00,2.8648099899e+00
2.3300000000e+02,1.0000000000e+01,1.0000000000e+01,4.0364990234e+00
2.3300000000e+02,1.0000000000e+01,1.1000000000e+01,7.3301353455e+00
2.3300000000e+02,1.0000000000e+01,1.2000000000e+01,1.5517048836e+01
2.3300000000e+02,1.0000000000e+01,1.3000000000e+01,3.7646949768e+01
2.3300000000e+02,1.0000000000e+01,1.4000000000e+01,9.5630874634e+01
2.3300000000e+02,1.0000000000e+01,1.5000000000e+01,2.5201071167e+02
2.3300000000e+02,1.0000000000e+01,1.6000000000e+01,6.7097137451e+02
2.3300000000e+02,1.0000000000e+01,1.7000000000e+01,1.8067025146e+03
2.3300000000e+02,1.0000000000e+01,1.8000000000e+01,4.8854096680e+03
2.3300000000e+02,1.0000000000e+01,1.9000000000e+01,1.3278846680e+04
2.3300000000e+02,1.0000000000e+01,2.0000000000e+01,3.6196570312e+04
2.3300000000e+02,1.0000000000e+01,2.1000000000e+01,9.8974671875e+04
2.3300000000e+02,1.0000000000e+01,2.2000000000e+01,2.7122078125e+05
2.3300000000e+02,1.0000000000e+01,2.3000000000e+01,7.4478906250e+05
2.3300000000e+02,1.0000000000e+01,2.4000000000e+01,2.0485771250e+06
2.3300000000e+02,1.0000000000e+01,2.5000000000e+01,5.6430735000e+06
2.3300000000e+02,1.0000000000e+01,2.6000000000e+01,1.5563466000e+07
2.3300000000e+02,1.0000000000e+01,2.7000000000e+01,4.2969632000e+07
2.3300000000e+02,1.0000000000e+01,2.8000000000e+01,1.1874263200e+08
2.3300000000e+02,1.0000000000e+01,2.9000000000e+01,3.2839024000e+08
2.3300000000e+02,1.0000000000e+01,3.0000000000e+01,9.0878393600e+08
2.3300000000e+02,1.0000000000e+01,3.1000000000e+01,2.5163970560e+09
2.3300000000e+02,3.8000000000e+01,0.0000000000e+00,2.0061752796e+00
2.3300000000e+02,3.8000000000e+01,1.0000000000e+00,1.2873035669e+00
2.3300000000e+02,3.8000000000e+01,2.0000000000e+00,1.0419991016e+00
2.3300000000e+02,3.8000000000e+01,3.0000000000e+00,9.8694896698e-01
2.3300000000e+02,3.8000000000e+01,4.0000000000e+00,9.1251653433e-01
2.3300000000e+02,3.8000000000e+01,5.0000000000e+00,8.9929556847e-01
2.3300000000e+02,3.8000000000e+01,6.0000000000e+00,8.6302185059e-01
2.3300000000e+02,3.8000000000e+01,7.0000000000e+00,8.6638921499e-01
2.3300000000e+02,3.8000000000e+01,8.0000000000e+00,8.5077881813e-01
2.3300000000e+02,3.8000000000e+01,9.0000000000e+00,8.7281227112e-01
2.3300000000e+02,3.8000000000e+01,1.0000000000e+01,8.8518983126e-01
2.3300000000e+02,3.8000000000e+01,1.1000000000e+01,9.5194959641e-01
2.3300000000e+02,3.8000000000e+01,1.2000000000e+01,1.0425198078e+00
2.3300000000e+02,3.8000000000e+01,1.3000000000e+01,1.2615469694e+00
2.3300000000e+02,3.8000000000e+01,1.4000000000e+01,1.6473640203e+00
2.3300000000e+02,3.8000000000e+01,1.5000000000e+01,2.4779212475e+00
2.3300000000e+02,3.8000000000e+01,1.6000000000e+01,4.1258873940e+00
2.3300000000e+02,3.8000000000e+01,1.7000000000e+01,7.6533999443e+00
2.3300000000e+02,3.8000000000e+01,1.8000000000e+01,1.5077619553e+01
2.3300000000e+02,3.8000000000e+01,1.9000000000e+01,3.1206359863e+01
2.3300000000e+02,3.8000000000e+01,2.0000000000e+01,6.6236915588e+01
2.3300000000e+02,3.8000000000e+01,2.1000000000e+01,1.4347854614e+02
2.3300000000e+02,3.8000000000e+01,2.2000000000e+01,3.1435830688e+02
2.3300000000e+02,3.8000000000e+01,2.3000000000e+01,6.9552709961e+02
2.3300000000e+02,3.8000000000e+01,2.4000000000e+01,1.5487670898e+03
2.3300000000e+02,3.8000000000e+01,2.5000000000e+01,3.4684916992e+03
2.3300000000e+02,3.8000000000e+01,2.6000000000e+01,7.8007426758e+03
2.3300000000e+02,3.8000000000e+01,2.7000000000e+01,1.7611083984e+04
2.3300000000e+02,3.8000000000e+01,2.8000000000e+01,3.9880597656e+04
2.3300000000e+02,3.8000000000e+01,2.9000000000e+01,9.0557734375e+04
2.3300000000e+02,3.8000000000e+01,3.0000000000e+01,2.0610275000e+05
2.3300000000e+02,3.8000000000e+01,3.1000000000e+01,4.7003462500e+05
2.3300000000e+02,6.6000000000e+01,0.0000000000e+00,1.9936199188e+00
2.3300000000e+02,6.6000000000e+01,1.0000000000e+00,9.6595495939e-01
2.3300000000e+02,6.6000000000e+01,2.0000000000e+00,6.5402019024e-01
2.3300000000e+02,6.6000000000e+01,3.0000000000e+00,5.5274194479e-01
2.3300000000e+02,6.6000000000e+01,4.0000000000e+00,4.5929068327e-01
2.3300000000e+02,6.6000000000e+01,5.0000000000e+00,4.2143431306e-01
2.3300000000e+02,6.6000000000e+01,6.0000000000e+00,3.7488970160e-01
2.3300000000e+02,6.6000000000e+01,7.0000000000e+00,3.5746616125e-01
2.3300000000e+02,6.6000000000e+01,8.0000000000e+00,3.3102270961e-01
2.3300000000e+02,6.6000000000e+01,9.0000000000e+00,3.2570719719e-01
2.3300000000e+02,6.6000000000e+01,1.0000000000e+01,3.1370618939e-01
2.3300000000e+02,6.6000000000e+01,1.1000000000e+01,3.2238674164e-01
2.3300000000e+02,6.6000000000e+01,1.2000000000e+01,3.3046102524e-01
2.3300000000e+02,6.6000000000e+01,1.3000000000e+01,3.6799618602e-01
2.3300000000e+02,6.6000000000e+01,1.4000000000e+01,4.2270445824e-01
2.3300000000e+02,6.6000000000e+01,1.5000000000e+01,5.3863674402e-01
2.3300000000e+02,6.6000000000e+01,1.6000000000e+01,7.2728466988e-01
2.3300000000e+02,6.6000000000e+01,1.7000000000e+01,1.0786019564e+00
2.3300000000e+02,6.6000000000e+01,1.8000000000e+01,1.6798690557e+00
2.3300000000e+02,6.6000000000e+01,1.9000000000e+01,2.7662217617e+00
2.3300000000e+02,6.6000000000e+01,2.0000000000e+01,4.6728515625e+00
2.3300000000e+02,6.6000000000e+01,2.1000000000e+01,8.0977315903e+00
2.3300000000e+02,6.6000000000e+01,2.2000000000e+01,1.4187184334e+01
2.3300000000e+02,6.6000000000e+01,2.3000000000e+01,2.5129360199e+01
2.3300000000e+02,6.6000000000e+01,2.4000000000e+01,4.4721321106e+01
2.3300000000e+02,6.6000000000e+01,2.5000000000e+01,7.9981689453e+01
2.3300000000e+02,6.6000000000e+01,2.6000000000e+01,1.4336920166e+02
2.3300000000e+02,6.6000000000e+01,2.7000000000e+01,2.5762808228e+02
2.3300000000e+02,6.6000000000e+01,2.8000000000e+01,4.6353970337e+02
2.3300000000e+02,6.6000000000e+01,2.9000000000e+01,8.3518890381e+02
2.3300000000e+02,6.6000000000e+01,3.0000000000e+01,1.5060565186e+03
2.3300000000e+02,6.6000000000e+01,3.1000000000e+01,2.7181862793e+03
2.3300000000e+02,9.4000000000e+01,0.0000000000e+00,2.0012688637e+00
2.3300000000e+02,9.4000000000e+01,1.0000000000e+00,8.1391024590e-01
2.3300000000e+02,9.4000000000e+01,2.0000000000e+00,5.0128757954e-01
2.3300000000e+02,9.4000000000e+01,3.0000000000e+00,3.9627411962e-01
2.3300000000e+02,9.4000000000e+01,4.0000000000e+00,3.1676539779e-01
2.3300000000e+02,9.4000000000e+01,5.0000000000e+00,2.8307995200e-01
2.3300000000e+02,9.4000000000e+01,6.0000000000e+00,2.4909803271e-01
2.3300000000e+02,9.4000000000e+01,7.0000000000e+00,2.3557746410e-01
2.3300000000e+02,9.4000000000e+01,8.0000000000e+00,2.1855013072e-01
2.3300000000e+02,9.4000000000e+01,9.0000000000e+00,2.1407663822e-01
2.3300000000e+02,9.4000000000e+01,1.0000000000e+01,2.0618940890e-01
2.3300000000e+02,9.4000000000e+01,1.1000000000e+01,2.0816011727e-01
2.3300000000e+02,9.4000000000e+01,1.2000000000e+01,2.0816808939e-01
2.3300000000e+02,9.4000000000e+01,1.3000000000e+01,2.1849927306e-01
2.3300000000e+02,9.4000000000e+01,1.4000000000e+01,2.3053579032e-01
2.3300000000e+02,9.4000000000e+01,1.5000000000e+01,2.5784188509e-01
2.3300000000e+02,9.4000000000e+01,1.6000000000e+01,2.9630360007e-01
2.3300000000e+02,9.4000000000e+01,1.7000000000e+01,3.6529645324e-01
2.3300000000e+02,9.4000000000e+01,1.8000000000e+01,4.7086513042e-01
2.3300000000e+02,9.4000000000e+01,1.9000000000e+01,6.4962208271e-01
2.3300000000e+02,9.4000000000e+01,2.0000000000e+01,9.3495982885e-01
2.3300000000e+02,9.4000000000e+01,2.1000000000e+01,1.4118053913e+00
2.3300000000e+02,9.4000000000e+01,2.2000000000e+01,2.1905586720e+00
2.3300000000e+02,9.4000000000e+01,2.3000000000e+01,3.4912004471e+00
2.3300000000e+02,9.4000000000e+01,2.4000000000e+01,5.6433005333e+00
2.3300000000e+02,9.4000000000e+01,2.5000000000e+01,9.2467212677e+00
2.3300000000e+02,9.4000000000e+01,2.6000000000e+01,1.5256771088e+01
2.3300000000e+02,9.4000000000e+01,2.7000000000e+01,2.5348501205e+01
2.3300000000e+02,9.4000000000e+01,2.8000000000e+01,4.2266609192e+01
2.3300000000e+02,9.4000000000e+01,2.9000000000e+01,7.0743728638e+01
2.3300000000e+02,9.4000000000e+01,3.0000000000e+01,1.1864782715e+02
2.3300000000e+02,9.4000000000e+01,3.1000000000e+01,1.9943679810e+02
2.3300000000e+02,1.2100000000e+02,0.0000000000e+00,1.9936294556e+00
2.3300000000e+02,1.2100000000e+02,1.0000000000e+00,6.5786540508e-01
2.3300000000e+02,1.2100000000e+02,2.0000000000e+00,3.4073948860e-01
2.3300000000e+02,1.2100000000e+02,3.0000000000e+00,2.3735469580e-01
2.3300000000e+02,1.2100000000e+02,4.0000000000e+00,1.6883064806e-01
2.3300000000e+02,1.2100000000e+02,5.0000000000e+00,1.3991189003e-01
2.3300000000e+02,1.2100000000e+02,6.0000000000e+00,1.1468176544e-01
2.3300000000e+02,1.2100000000e+02,7.0000000000e+00,1.0425630212e-01
2.3300000000e+02,1.2100000000e+02,8.0000000000e+00,9.2937879264e-02
2.3300000000e+02,1.2100000000e+02,9.0000000000e+00,8.9117318392e-02
2.3300000000e+02,1.2100000000e+02,1.0000000000e+01,8.3586417139e-02
2.3300000000e+02,1.2100000000e+02,1.1000000000e+01,8.2677535713e-02
2.3300000000e+02,1.2100000000e+02,1.2000000000e+01,8.0048248172e-02
2.3300000000e+02,1.2100000000e+02,1.3000000000e+01,8.0769255757e-02
2.3300000000e+02,1.2100000000e+02,1.4000000000e+01,7.9970136285e-02
2.3300000000e+02,1.2100000000e+02,1.5000000000e+01,8.2004696131e-02
2.3300000000e+02,1.2100000000e+02,1.6000000000e+01,8.2808867097e-02
2.3300000000e+02,1.2100000000e+02,1.7000000000e+01,8.6406253278e-02
2.3300000000e+02,1.2100000000e+02,1.8000000000e+01,8.9175209403e-02
2.3300000000e+02,1.2100000000e+02,1.9000000000e+01,9.5125362277e-02
2.3300000000e+02,1.2100000000e+02,2.0000000000e+01,1.0086680204e-01
2.3300000000e+02,1.2100000000e+02,2.1000000000e+01,1.1070679128e-01
2.3300000000e+02,1.2100000000e+02,2.2000000000e+01,1.2137934566e-01
2.3300000000e+02,1.2100000000e+02,2.3000000000e+01,1.3785816729e-01
2.3300000000e+02,1.2100000000e+02,2.4000000000e+01,1.5699565411e-01
2.3300000000e+02,1.2100000000e+02,2.5000000000e+01,1.8493381143e-01
2.3300000000e+02,1.2100000000e+02,2.6000000000e+01,2.1878238022e-01
2.3300000000e+02,1.2100000000e+02,2.7000000000e+01,2.6660025120e-01
2.3300000000e+02,1.2100000000e+02,2.8000000000e+01,3.2613623142e-01
2.3300000000e+02,1.2100000000e+02,2.9000000000e+01,4.0854418278e-01
2.3300000000e+02,1.2100000000e+02,3.0000000000e+01,5.1302886009e-01
2.3300000000e+02,1.2100000000e+02,3.1000000000e+01,6.5575677156e-01
2.3300000000e+02,1.4900000000e+02,0.0000000000e+00,1.9901157618e+00
2.3300000000e+02,1.4900000000e+02,1.0000000000e+00,5.6489288807e-01
2.3300000000e+02,1.4900000000e+02,2.0000000000e+00,2.6545333862e-01
2.3300000000e+02,1.4900000000e+02,3.0000000000e+00,1.6932651401e-01
2.3300000000e+02,1.4900000000e+02,4.0000000000e+00,1.1501570791e-01
2.3300000000e+02,1.4900000000e+02,5.0000000000e+00,9.2348188162e-02
2.3300000000e+02,1.4900000000e+02,6.0000000000e+00,7.5701825321e-02
2.3300000000e+02,1.4900000000e+02,7.0000000000e+00,6.8790033460e-02
2.3300000000e+02,1.4900000000e+02,8.0000000000e+00,6.2560066581e-02
2.3300000000e+02,1.4900000000e+02,9.0000000000e+00,6.0346573591e-02
2.3300000000e+02,1.4900000000e+02,1.0000000000e+01,5.7777114213e-02
2.3300000000e+02,1.4900000000e+02,1.1000000000e+01,5.7209905237e-02
2.3300000000e+02,1.4900000000e+02,1.2000000000e+01,5.6153725833e-02
2.3300000000e+02,1.4900000000e+02,1.3000000000e+01,5.6272394955e-02
2.3300000000e+02,1.4900000000e+02,1.4000000000e+01,5.5994559079e-02
2.3300000000e+02,1.4900000000e+02,1.5000000000e+01,5.6547906250e-02
2.3300000000e+02,1.4900000000e+02,1.6000000000e+01,5.6878220290e-02
2.3300000000e+02,1.4900000000e+02,1.7000000000e+01,5.7962484658e-02
2.3300000000e+02,1.4900000000e+02,1.8000000000e+01,5.9084728360e-02
2.3300000000e+02,1.4900000000e+02,1.9000000000e+01,6.1118513346e-02
2.3300000000e+02,1.4900000000e+02,2.0000000000e+01,6.3628792763e-02
2.3300000000e+02,1.4900000000e+02,2.1000000000e+01,6.7537717521e-02
2.3300000000e+02,1.4900000000e+02,2.2000000000e+01,7.2737365961e-02
2.3300000000e+02,1.4900000000e+02,2.3000000000e+01,8.0411486328e-02
2.3300000000e+02,1.4900000000e+02,2.4000000000e+01,9.0966135263e-02
2.3300000000e+02,1.4900000000e+02,2.5000000000e+01,1.0621344298e-01
2.3300000000e+02,1.4900000000e+02,2.6000000000e+01,1.2750814855e-01
2.3300000000e+02,1.4900000000e+02,2.7000000000e+01,1.5798583627e-01
2.3300000000e+02,1.4900000000e+02,2.8000000000e+01,2.0086446404e-01
2.3300000000e+02,1.4900000000e+02,2.9000000000e+01,2.6196864247e-01
2.3300000000e+02,1.4900000000e+02,3.0000000000e+01,3.4824970365e-01
2.3300000000e+02,1.4900000000e+02,3.1000000000e+01,4.7094243765e-01
2.3300000000e+02,1.7700000000e+02,0.0000000000e+00,2.0050911903e+00
2.3300000000e+02,1.7700000000e+02,1.0000000000e+00,5.3346651793e-01
2.3300000000e+02,1.7700000000e+02,2.0000000000e+00,2.5863686204e-01
2.3300000000e+02,1.7700000000e+02,3.0000000000e+00,1.8145722151e-01
2.3300000000e+02,1.7700000000e+02,4.0000000000e+00,1.4242695272e-01
2.3300000000e+02,1.7700000000e+02,5.0000000000e+00,1.2882319093e-01
2.3300000000e+02,1.7700000000e+02,6.0000000000e+00,1.1964249611e-01
2.3300000000e+02,1.7700000000e+02,7.0000000000e+00,1.1695954949e-01
2.3300000000e+02,1.7700000000e+02,8.0000000000e+00,1.1441746354e-01
2.3300000000e+02,1.7700000000e+02,9.0000000000e+00,1.1416721344e-01
2.3300000000e+02,1.7700000000e+02,1.0000000000e+01,1.1342585832e-01
2.3300000000e+02,1.7700000000e+02,1.1000000000e+01,1.1369855702e-01
2.3300000000e+02,1.7700000000e+02,1.2000000000e+01,1.1348259449e-01
2.3300000000e+02,1.7700000000e+02,1.3000000000e+01,1.1380508542e-01
2.3300000000e+02,1.7700000000e+02,1.4000000000e+01,1.1374069005e-01
2.3300000000e+02,1.7700000000e+02,1.5000000000e+01,1.1400662363e-01
2.3300000000e+02,1.7700000000e+02,1.6000000000e+01,1.1398069561e-01
2.3300000000e+02,1.7700000000e+02,1.7000000000e+01,1.1418037117e-01
2.3300000000e+02,1.7700000000e+02,1.8000000000e+01,1.1416009068e-01
2.3300000000e+02,1.7700000000e+02,1.9000000000e+01,1.1430610716e-01
2.3300000000e+02,1.7700000000e+02,2.0000000000e+01,1.1428370327e-01
2.3300000000e+02,1.7700000000e+02,2.1000000000e+01,1.1439060420e-01
2.3300000000e+02,1.7700000000e+02,2.2000000000e+01,1.1436551064e-01
2.3300000000e+02,1.7700000000e+02,2.3000000000e+01,1.1444504559e-01
2.3300000000e+02,1.7700000000e+02,2.4000000000e+01,1.1441840231e-01
2.3300000000e+02,1.7700000000e+02,2.5000000000e+01,1.1447902024e-01
2.3300000000e+02,1.7700000000e+02,2.6000000000e+01,1.1445200443e-01
2.3300000000e+02,1.7700000000e+02,2.7000000000e+01,1.1449956149e-01
2.3300000000e+02,1.7700000000e+02,2.8000000000e+01,1.1447297037e-01
2.3300000000e+02,1.7700000000e+02,2.9000000000e+01,1.1451148987e-01
2.3300000000e+02,1.7700000000e+02,3.0000000000e+01,1.1448580027e-01
2.3300000000e+02,1.7700000000e+02,3.1000000000e+01,1.1451797932e-01
2.3300000000e+02,2.0500000000e+02,0.0000000000e+00,2.0008249283e+00
2.3300000000e+02,2.0500000000e+02,1.0000000000e+00,4.4682604074e-01
2.3300000000e+02,2.0500000000e+02,2.0000000000e+00,1.7639233172e-01
2.3300000000e+02,2.0500000000e+02,3.0000000000e+00,1.0188032687e-01
2.3300000000e+02,2.0500000000e+02,4.0000000000e+00,6.7638881505e-02
2.3300000000e+02,2.0500000000e+02,5.0000000000e+00,5.5614445359e-02
2.3300000000e+02,2.0500000000e+02,6.0000000000e+00,4.8290904611e-02
2.3300000000e+02,2.0500000000e+02,7.0000000000e+00,4.5937314630e-02
2.3300000000e+02,2.0500000000e+02,8.0000000000e+00,4.4013805687e-02
2.3300000000e+02,2.0500000000e+02,9.0000000000e+00,4.3628174812e-02
2.3300000000e+02,2.0500000000e+02,1.0000000000e+01,4.3053846806e-02
2.3300000000e+02,2.0500000000e+02,1.1000000000e+01,4.3080557138e-02
2.3300000000e+02,2.0500000000e+02,1.2000000000e+01,4.2886257172e-02
2.3300000000e+02,2.0500000000e+02,1.3000000000e+01,4.2975865304e-02
2.3300000000e+02,2.0500000000e+02,1.4000000000e+01,4.2898122221e-02
2.3300000000e+02,2.0500000000e+02,1.5000000000e+01,4.2976129800e-02
2.3300000000e+02,2.0500000000e+02,1.6000000000e+01,4.2937397957e-02
2.3300000000e+02,2.0500000000e+02,1.7000000000e+01,4.2994130403e-02
2.3300000000e+02,2.0500000000e+02,1.8000000000e+01,4.2970206589e-02
2.3300000000e+02,2.0500000000e+02,1.9000000000e+01,4.3009616435e-02
2.3300000000e+02,2.0500000000e+02,2.0000000000e+01,4.2992442846e-02
2.3300000000e+02,2.0500000000e+02,2.1000000000e+01,4.3019764125e-02
2.3300000000e+02,2.0500000000e+02,2.2000000000e+01,4.3006405234e-02
2.3300000000e+02,2.0500000000e+02,2.3000000000e+01,4.3025661260e-02
2.3300000000e+02,2.0500000000e+02,2.4000000000e+01,4.3014861643e-02
2.3300000000e+02,2.0500000000e+02,2.5000000000e+01,4.3028790504e-02
2.3300000000e+02,2.0500000000e+02,2.6000000000e+01,4.3019901961e-02
2.3300000000e+02,2.0500000000e+02,2.7000000000e+01,4.3030273169e-02
2.3300000000e+02,2.0500000000e+02,2.8000000000e+01,4.3022856116e-02
2.3300000000e+02,2.0500000000e+02,2.9000000000e+01,4.3030813336e-02
2.3300000000e+02,2.0500000000e+02,3.0000000000e+01,4.3024573475e-02
2.3300000000e+02,2.0500000000e+02,3.1000000000e+01,4.3030854315e-02
2.3300000000e+02,2.3300000000e+02,0.0000000000e+00,1.9955612421e+00
2.3300000000e+02,2.3300000000e+02,1.0000000000e+00,4.0125530958e-01
2.3300000000e+02,2.3300000000e+02,2.0000000000e+00,1.4747716486e-01
2.3300000000e+02,2.3300000000e+02,3.0000000000e+00,8.2284368575e-02
2.3300000000e+02,2.3300000000e+02,4.0000000000e+00,5.5376652628e-02
2.3300000000e+02,2.3300000000e+02,5.0000000000e+00,4.6471208334e-02
2.3300000000e+02,2.3300000000e+02,6.0000000000e+00,4.1806802154e-02
2.3300000000e+02,2.3300000000e+02,7.0000000000e+00,4.0383696556e-02
2.3300000000e+02,2.3300000000e+02,8.0000000000e+00,3.9464849979e-02
2.3300000000e+02,2.3300000000e+02,9.0000000000e+00,3.9303436875e-02
2.3300000000e+02,2.3300000000e+02,1.0000000000e+01,3.9134945720e-02
2.3300000000e+02,2.3300000000e+02,1.1000000000e+01,3.9172612131e-02
2.3300000000e+02,2.3300000000e+02,1.2000000000e+01,3.9158906788e-02
2.3300000000e+02,2.3300000000e+02,1.3000000000e+01,3.9205659181e-02
2.3300000000e+02,2.3300000000e+02,1.4000000000e+01,3.9219740778e-02
2.3300000000e+02,2.3300000000e+02,1.5000000000e+01,3.9249595255e-02
2.3300000000e+02,2.3300000000e+02,1.6000000000e+01,3.9265632629e-02
2.3300000000e+02,2.3300000000e+02,1.7000000000e+01,3.9281364530e-02
2.3300000000e+02,2.3300000000e+02,1.8000000000e+01,3.9295643568e-02
2.3300000000e+02,2.3300000000e+02,1.9000000000e+01,3.9302606136e-02
2.3300000000e+02,2.3300000000e+02,2.0000000000e+01,3.9315771312e-02
2.3300000000e+02,2.3300000000e+02,2.1000000000e+01,3.9317768067e-02
2.3300000000e+02,2.3300000000e+02,2.2000000000e+01,3.9330903441e-02
2.3300000000e+02,2.3300000000e+02,2.3000000000e+01,3.9330225438e-02
2.3300000000e+02,2.3300000000e+02,2.4000000000e+01,3.9344206452e-02
2.3300000000e+02,2.3300000000e+02,2.5000000000e+01,3.9342183620e-02
2.3300000000e+02,2.3300000000e+02,2.6000000000e+01,3.9357669652e-02
2.3300000000e+02,2.3300000000e+02,2.7000000000e+01,3.9355106652e-02
2.3300000000e+02,2.3300000000e+02,2.8000000000e+01,3.9372645319e-02
2.3300000000e+02,2.3300000000e+02,2.9000000000e+01,3.9370067418e-02
2.3300000000e+02,2.3300000000e+02,3.0000000000e+01,3.9390172809e-02
2.3300000000e+02,2.3300000000e+02,3.1000000000e+01,3.9387993515e-02
2.3300000000e+02,2.6100000000e+02,0.0000000000e+00,1.9952843189e+00
2.3300000000e+02,2.6100000000e+02,1.0000000000e+00,4.0557119250e-01
2.3300000000e+02,2.6100000000e+02,2.0000000000e+00,1.7732560635e-01
2.3300000000e+02,2.6100000000e+02,3.0000000000e+00,1.2503609061e-01
2.3300000000e+02,2.6100000000e+02,4.0000000000e+00,1.0653138161e-01
2.3300000000e+02,2.6100000000e+02,5.0000000000e+00,1.0161406547e-01
2.3300000000e+02,2.6100000000e+02,6.0000000000e+00,9.9616289139e-02
2.3300000000e+02,2.6100000000e+02,7.0000000000e+00,9.9490828812e-02
2.3300000000e+02,2.6100000000e+02,8.0000000000e+00,9.9464498460e-02
2.3300000000e+02,2.6100000000e+02,9.0000000000e+00,9.9755130708e-02
2.3300000000e+02,2.6100000000e+02,1.0000000000e+01,9.9898830056e-02
2.3300000000e+02,2.6100000000e+02,1.1000000000e+01,1.0010564327e-01
2.3300000000e+02,2.6100000000e+02,1.2000000000e+01,1.0020306706e-01
2.3300000000e+02,2.6100000000e+02,1.3000000000e+01,1.0031829774e-01
2.3300000000e+02,2.6100000000e+02,1.4000000000e+01,1.0037008673e-01
2.3300000000e+02,2.6100000000e+02,1.5000000000e+01,1.0043045878e-01
2.3300000000e+02,2.6100000000e+02,1.6000000000e+01,1.0045596957e-01
2.3300000000e+02,2.6100000000e+02,1.7000000000e+01,1.0048712790e-01
2.3300000000e+02,2.6100000000e+02,1.8000000000e+01,1.0049928725e-01
2.3300000000e+02,2.6100000000e+02,1.9000000000e+01,1.0051534325e-01
2.3300000000e+02,2.6100000000e+02,2.0000000000e+01,1.0052105039e-01
2.3300000000e+02,2.6100000000e+02,2.1000000000e+01,1.0052935779e-01
2.3300000000e+02,2.6100000000e+02,2.2000000000e+01,1.0053201765e-01
2.3300000000e+02,2.6100000000e+02,2.3000000000e+01,1.0053632408e-01
2.3300000000e+02,2.6100000000e+02,2.4000000000e+01,1.0053758323e-01
2.3300000000e+02,2.6100000000e+02,2.5000000000e+01,1.0053980350e-01
2.3300000000e+02,2.6100000000e+02,2.6000000000e+01,1.0054040700e-01
2.3300000000e+02,2.6100000000e+02,2.7000000000e+01,1.0054155439e-01
2.3300000000e+02,2.6100000000e+02,2.8000000000e+01,1.0054185987e-01
2.3300000000e+02,2.6100000000e+02,2.9000000000e+01,1.0054241121e-01
2.3300000000e+02,2.6100000000e+02,3.0000000000e+01,1.0054259747e-01
2.3300000000e+02,2.6100000000e+02,3.1000000000e+01,1.0054285079e-01
2.3300000000e+02,2.8900000000e+02,0.0000000000e+00,2.0045275688e+00
2.3300000000e+02,2.8900000000e+02,1.0000000000e+00,3.7625297904e-01
2.3300000000e+02,2.8900000000e+02,2.0000000000e+00,1.5892766416e-01
2.3300000000e+02,2.8900000000e+02,3.0000000000e+00,1.1094437540e-01
2.3300000000e+02,2.8900000000e+02,4.0000000000e+00,9.5723159611e-02
2.3300000000e+02,2.8900000000e+02,5.0000000000e+00,9.1789685190e-02
2.3300000000e+02,2.8900000000e+02,6.0000000000e+00,9.0555295348e-02
2.3300000000e+02,2.8900000000e+02,7.0000000000e+00,9.0526685119e-02
2.3300000000e+02,2.8900000000e+02,8.0000000000e+00,9.0652942657e-02
2.3300000000e+02,2.8900000000e+02,9.0000000000e+00,9.0879261494e-02
2.3300000000e+02,2.8900000000e+02,1.0000000000e+01,9.1039128602e-02
2.3300000000e+02,2.8900000000e+02,1.1000000000e+01,9.1180466115e-02
2.3300000000e+02,2.8900000000e+02,1.2000000000e+01,9.1269783676e-02
2.3300000000e+02,2.8900000000e+02,1.3000000000e+01,9.1341622174e-02
2.3300000000e+02,2.8900000000e+02,1.4000000000e+01,9.1384828091e-02
2.3300000000e+02,2.8900000000e+02,1.5000000000e+01,9.1419786215e-02
2.3300000000e+02,2.8900000000e+02,1.6000000000e+01,9.1439604759e-02
2.3300000000e+02,2.8900000000e+02,1.7000000000e+01,9.1456674039e-02
2.3300000000e+02,2.8900000000e+02,1.8000000000e+01,9.1465458274e-02
2.3300000000e+02,2.8900000000e+02,1.9000000000e+01,9.1473966837e-02
2.3300000000e+02,2.8900000000e+02,2.0000000000e+01,9.1477692127e-02
2.3300000000e+02,2.8900000000e+02,2.1000000000e+01,9.1482095420e-02
2.3300000000e+02,2.8900000000e+02,2.2000000000e+01,9.1483533382e-02
2.3300000000e+02,2.8900000000e+02,2.3000000000e+01,9.1485902667e-02
2.3300000000e+02,2.8900000000e+02,2.4000000000e+01,9.1486364603e-02
2.3300000000e+02,2.8900000000e+02,2.5000000000e+01,9.1487705708e-02
2.3300000000e+02,2.8900000000e+02,2.6000000000e+01,9.1487750411e-02
2.3300000000e+02,2.8900000000e+02,2.7000000000e+01,9.1488569975e-02
2.3300000000e+02,2.8900000000e+02,2.8000000000e+01,9.1488450766e-02
2.3300000000e+02,2.8900000000e+02,2.9000000000e+01,9.1488949955e-02
2.3300000000e+02,2.8900000000e+02,3.0000000000e+01,9.1488800943e-02
2.3300000000e+02,2.8900000000e+02,3.1000000000e+01,9.1489136219e-02
2.3300000000e+02,3.1600000000e+02,0.0000000000e+00,2.0041122437e+00
2.3300000000e+02,3.1600000000e+02,1.0000000000e+00,3.1413331628e-01
2.3300000000e+02,3.1600000000e+02,2.0000000000e+00,9.8440535367e-02
2.3300000000e+02,3.1600000000e+02,3.0000000000e+00,5.2830956876e-02
2.3300000000e+02,3.1600000000e+02,4.0000000000e+00,3.8016438484e-02
2.3300000000e+02,3.1600000000e+02,5.0000000000e+00,3.4151520580e-02
2.3300000000e+02,3.1600000000e+02,6.0000000000e+00,3.2573532313e-02
2.3300000000e+02,3.1600000000e+02,7.0000000000e+00,3.2286658883e-02
2.3300000000e+02,3.1600000000e+02,8.0000000000e+00,3.2130558044e-02
2.3300000000e+02,3.1600000000e+02,9.0000000000e+00,3.2170925289e-02
2.3300000000e+02,3.1600000000e+02,1.0000000000e+01,3.2173752785e-02
2.3300000000e+02,3.1600000000e+02,1.1000000000e+01,3.2213110477e-02
2.3300000000e+02,3.1600000000e+02,1.2000000000e+01,3.2224345952e-02
2.3300000000e+02,3.1600000000e+02,1.3000000000e+01,3.2244399190e-02
2.3300000000e+02,3.1600000000e+02,1.4000000000e+01,3.2250545919e-02
2.3300000000e+02,3.1600000000e+02,1.5000000000e+01,3.2259691507e-02
2.3300000000e+02,3.1600000000e+02,1.6000000000e+01,3.2262396067e-02
2.3300000000e+02,3.1600000000e+02,1.7000000000e+01,3.2266478986e-02
2.3300000000e+02,3.1600000000e+02,1.8000000000e+01,3.2267570496e-02
2.3300000000e+02,3.1600000000e+02,1.9000000000e+01,3.2269403338e-02
2.3300000000e+02,3.1600000000e+02,2.0000000000e+01,3.2269824296e-02
2.3300000000e+02,3.1600000000e+02,2.1000000000e+01,3.2270655036e-02
2.3300000000e+02,3.1600000000e+02,2.2000000000e+01,3.2270807773e-02
2.3300000000e+02,3.1600000000e+02,2.3000000000e+01,3.2271191478e-02
2.3300000000e+02,3.1600000000e+02,2.4000000000e+01,3.2271239907e-02
2.3300000000e+02,3.1600000000e+02,2.5000000000e+01,3.2271422446e-02
2.3300000000e+02,3.1600000000e+02,2.6000000000e+01,3.2271437347e-02
2.3300000000e+02,3.1600000000e+02,2.7000000000e+01,3.2271519303e-02
2.3300000000e+02,3.1600000000e+02,2.8000000000e+01,3.2271523029e-02
2.3300000000e+02,3.1600000000e+02,2.9000000000e+01,3.2271564007e-02
2.3300000000e+02,3.1600000000e+02,3.0000000000e+01,3.2271560282e-02
2.3300000000e+02,3.1600000000e+02,3.1000000000e+01,3.2271582633e-02
2.3300000000e+02,3.4400000000e+02,0.0000000000e+00,1.9939121008e+00
2.3300000000e+02,3.4400000000e+02,1.0000000000e+00,3.2923439145e-01
2.3300000000e+02,3.4400000000e+02,2.0000000000e+00,1.3539732993e-01
2.3300000000e+02,3.4400000000e+02,3.0000000000e+00,9.8601892591e-02
2.3300000000e+02,3.4400000000e+02,4.0000000000e+00,8.8888853788e-02
2.3300000000e+02,3.4400000000e+02,5.0000000000e+00,8.7024182081e-02
2.3300000000e+02,3.4400000000e+02,6.0000000000e+00,8.6740702391e-02
2.3300000000e+02,3.4400000000e+02,7.0000000000e+00,8.6978659034e-02
2.3300000000e+02,3.4400000000e+02,8.0000000000e+00,8.7197542191e-02
2.3300000000e+02,3.4400000000e+02,9.0000000000e+00,8.7392352521e-02
2.3300000000e+02,3.4400000000e+02,1.0000000000e+01,8.7516091764e-02
2.3300000000e+02,3.4400000000e+02,1.1000000000e+01,8.7604783475e-02
2.3300000000e+02,3.4400000000e+02,1.2000000000e+01,8.7658345699e-02
2.3300000000e+02,3.4400000000e+02,1.3000000000e+01,8.7694965303e-02
2.3300000000e+02,3.4400000000e+02,1.4000000000e+01,8.7716892362e-02
2.3300000000e+02,3.4400000000e+02,1.5000000000e+01,8.7731711566e-02
2.3300000000e+02,3.4400000000e+02,1.6000000000e+01,8.7740615010e-02
2.3300000000e+02,3.4400000000e+02,1.7000000000e+01,8.7746620178e-02
2.3300000000e+02,3.4400000000e+02,1.8000000000e+01,8.7750256062e-02
2.3300000000e+02,3.4400000000e+02,1.9000000000e+01,8.7752707303e-02
2.3300000000e+02,3.4400000000e+02,2.0000000000e+01,8.7754197419e-02
2.3300000000e+02,3.4400000000e+02,2.1000000000e+01,8.7755210698e-02
2.3300000000e+02,3.4400000000e+02,2.2000000000e+01,8.7755829096e-02
2.3300000000e+02,3.4400000000e+02,2.3000000000e+01,8.7756246328e-02
2.3300000000e+02,3.4400000000e+02,2.4000000000e+01,8.7756514549e-02
2.3300000000e+02,3.4400000000e+02,2.5000000000e+01,8.7756685913e-02
2.3300000000e+02,3.4400000000e+02,2.6000000000e+01,8.7756797671e-02
2.3300000000e+02,3.4400000000e+02,2.7000000000e+01,8.7756872177e-02
2.3300000000e+02,3.4400000000e+02,2.8000000000e+01,8.7756931782e-02
2.3300000000e+02,3.4400000000e+02,2.9000000000e+01,8.7756961584e-02
2.3300000000e+02,3.4400000000e+02,3.0000000000e+01,8.7756976485e-02
2.3300000000e+02,3.4400000000e+02,3.1000000000e+01,8.7756991386e-02
2.3300000000e+02,3.7200000000e+02,0.0000000000e+00,1.9963104725e+00
2.3300000000e+02,3.7200000000e+02,1.0000000000e+00,2.7038222551e-01
2.3300000000e+02,3.7200000000e+02,2.0000000000e+00,7.5366765261e-02
2.3300000000e+02,3.7200000000e+02,3.0000000000e+00,3.9831731468e-02
2.3300000000e+02,3.7200000000e+02,4.0000000000e+00,2.9176758602e-02
2.3300000000e+02,3.7200000000e+02,5.0000000000e+00,2.7082916349e-02
2.3300000000e+02,3.7200000000e+02,6.0000000000e+00,2.6167303324e-02
2.3300000000e+02,3.7200000000e+02,7.0000000000e+00,2.6148863137e-02
2.3300000000e+02,3.7200000000e+02,8.0000000000e+00,2.6075514033e-02
2.3300000000e+02,3.7200000000e+02,9.0000000000e+00,2.6137301698e-02
2.3300000000e+02,3.7200000000e+02,1.0000000000e+01,2.6139346883e-02
2.3300000000e+02,3.7200000000e+02,1.1000000000e+01,2.6168653741e-02
2.3300000000e+02,3.7200000000e+02,1.2000000000e+01,2.6173148304e-02
2.3300000000e+02,3.7200000000e+02,1.3000000000e+01,2.6184422895e-02
2.3300000000e+02,3.7200000000e+02,1.4000000000e+01,2.6186691597e-02
2.3300000000e+02,3.7200000000e+02,1.5000000000e+01,2.6190806180e-02
2.3300000000e+02,3.7200000000e+02,1.6000000000e+01,2.6191804558e-02
2.3300000000e+02,3.7200000000e+02,1.7000000000e+01,2.6193272322e-02
2.3300000000e+02,3.7200000000e+02,1.8000000000e+01,2.6193711907e-02
2.3300000000e+02,3.7200000000e+02,1.9000000000e+01,2.6194225997e-02
2.3300000000e+02,3.7200000000e+02,2.0000000000e+01,2.6194425300e-02
2.3300000000e+02,3.7200000000e+02,2.1000000000e+01,2.6194600388e-02
2.3300000000e+02,3.7200000000e+02,2.2000000000e+01,2.6194695383e-02
2.3300000000e+02,3.7200000000e+02,2.3000000000e+01,2.6194743812e-02
2.3300000000e+02,3.7200000000e+02,2.4000000000e+01,2.6194795966e-02
2.3300000000e+02,3.7200000000e+02,2.5000000000e+01,2.6194807142e-02
2.3300000000e+02,3.7200000000e+02,2.6000000000e+01,2.6194831356e-02
2.3300000000e+02,3.7200000000e+02,2.7000000000e+01,2.6194833219e-02
2.3300000000e+02,3.7200000000e+02,2.8000000000e+01,2.6194846258e-02
2.3300000000e+02,3.7200000000e+02,2.9000000000e+01,2.6194842532e-02
2.3300000000e+02,3.7200000000e+02,3.0000000000e+01,2.6194849983e-02
2.3300000000e+02,3.7200000000e+02,3.1000000000e+01,2.6194848120e-02
2.3300000000e+02,4.0000000000e+02,0.0000000000e+00,1.9919883013e+00
2.3300000000e+02,4.0000000000e+02,1.0000000000e+00,2.9602736235e-01
2.3300000000e+02,4.0000000000e+02,2.0000000000e+00,1.1582725495e-01
2.3300000000e+02,4.0000000000e+02,3.0000000000e+00,8.6826406419e-02
2.3300000000e+02,4.0000000000e+02,4.0000000000e+00,7.9355195165e-02
2.3300000000e+02,4.0000000000e+02,5.0000000000e+00,7.8625991940e-02
2.3300000000e+02,4.0000000000e+02,6.0000000000e+00,7.8498221934e-02
2.3300000000e+02,4.0000000000e+02,7.0000000000e+00,7.8832253814e-02
2.3300000000e+02,4.0000000000e+02,8.0000000000e+00,7.8986547887e-02
2.3300000000e+02,4.0000000000e+02,9.0000000000e+00,7.9153500497e-02
2.3300000000e+02,4.0000000000e+02,1.0000000000e+01,7.9228118062e-02
2.3300000000e+02,4.0000000000e+02,1.1000000000e+01,7.9291835427e-02
2.3300000000e+02,4.0000000000e+02,1.2000000000e+01,7.9320818186e-02
2.3300000000e+02,4.0000000000e+02,1.3000000000e+01,7.9344071448e-02
2.3300000000e+02,4.0000000000e+02,1.4000000000e+01,7.9354867339e-02
2.3300000000e+02,4.0000000000e+02,1.5000000000e+01,7.9363338649e-02
2.3300000000e+02,4.0000000000e+02,1.6000000000e+01,7.9367332160e-02
2.3300000000e+02,4.0000000000e+02,1.7000000000e+01,7.9370453954e-02
2.3300000000e+02,4.0000000000e+02,1.8000000000e+01,7.9371958971e-02
2.3300000000e+02,4.0000000000e+02,1.9000000000e+01,7.9373121262e-02
2.3300000000e+02,4.0000000000e+02,2.0000000000e+01,7.9373687506e-02
2.3300000000e+02,4.0000000000e+02,2.1000000000e+01,7.9374134541e-02
2.3300000000e+02,4.0000000000e+02,2.2000000000e+01,7.9374343157e-02
2.3300000000e+02,4.0000000000e+02,2.3000000000e+01,7.9374521971e-02
2.3300000000e+02,4.0000000000e+02,2.4000000000e+01,7.9374603927e-02
2.3300000000e+02,4.0000000000e+02,2.5000000000e+01,7.9374663532e-02
2.3300000000e+02,4.0000000000e+02,2.6000000000e+01,7.9374700785e-02
2.3300000000e+02,4.0000000000e+02,2.7000000000e+01,7.9374723136e-02
2.3300000000e+02,4.0000000000e+02,2.8000000000e+01,7.9374730587e-02
2.3300000000e+02,4.0000000000e+02,2.9000000000e+01,7.9374738038e-02
2.3300000000e+02,4.0000000000e+02,3.0000000000e+01,7.9374745488e-02
2.3300000000e+02,4.0000000000e+02,3.1000000000e+01,7.9374745488e-02
2.6100000000e+02,1.0000000000e+01,0.0000000000e+00,2.0080161095e+00
2.6100000000e+02,1.0000000000e+01,1.0000000000e+00,1.9136111736e+00
2.6100000000e+02,1.0000000000e+01,2.0000000000e+00,1.8463854790e+00
2.6100000000e+02,1.0000000000e+01,3.0000000000e+00,1.9086017609e+00
2.6100000000e+02,1.0000000000e+01,4.0000000000e+00,1.9021915197e+00
2.6100000000e+02,1.0000000000e+01,5.0000000000e+00,1.9483143091e+00
2.6100000000e+02,1.0000000000e+01,6.0000000000e+00,1.9555219412e+00
2.6100000000e+02,1.0000000000e+01,7.0000000000e+00,2.0207595825e+00
2.6100000000e+02,1.0000000000e+01,8.0000000000e+00,2.0808060169e+00
2.6100000000e+02,1.0000000000e+01,9.0000000000e+00,2.2754485607e+00
2.6100000000e+02,1.0000000000e+01,1.0000000000e+01,2.6064372063e+00
2.6100000000e+02,1.0000000000e+01,1.1000000000e+01,3.4394662380e+00
2.6100000000e+02,1.0000000000e+01,1.2000000000e+01,5.1509847641e+00
2.6100000000e+02,1.0000000000e+01,1.3000000000e+01,9.1649065018e+00
2.6100000000e+02,1.0000000000e+01,1.4000000000e+01,1.7952930450e+01
2.6100000000e+02,1.0000000000e+01,1.5000000000e+01,3.8164520264e+01
2.6100000000e+02,1.0000000000e+01,1.6000000000e+01,8.3541740417e+01
2.6100000000e+02,1.0000000000e+01,1.7000000000e+01,1.8746340942e+02
2.6100000000e+02,1.0000000000e+01,1.8000000000e+01,4.2349334717e+02
2.6100000000e+02,1.0000000000e+01,1.9000000000e+01,9.6422796631e+02
2.6100000000e+02,1.0000000000e+01,2.0000000000e+01,2.1998605957e+03
2.6100000000e+02,1.0000000000e+01,2.1000000000e+01,5.0349780273e+03
2.6100000000e+02,1.0000000000e+01,2.2000000000e+01,1.1536838867e+04
2.6100000000e+02,1.0000000000e+01,2.3000000000e+01,2.6479470703e+04
2.6100000000e+02,1.0000000000e+01,2.4000000000e+01,6.0827644531e+04
2.6100000000e+02,1.0000000000e+01,2.5000000000e+01,1.3987907812e+05
2.6100000000e+02,1.0000000000e+01,2.6000000000e+01,3.2188362500e+05
2.6100000000e+02,1.0000000000e+01,2.7000000000e+01,7.4124518750e+05
2.6100000000e+02,1.0000000000e+01,2.8000000000e+01,1.7078832500e+06
2.6100000000e+02,1.0000000000e+01,2.9000000000e+01,3.9371657500e+06
2.6100000000e+02,1.0000000000e+01,3.0000000000e+01,9.0801310000e+06
2.6100000000e+02,1.0000000000e+01,3.1000000000e+01,2.0949404000e+07
2.6100000000e+02,3.8000000000e+01,0.0000000000e+00,1.9942642450e+00
2.6100000000e+02,3.8000000000e+01,1.0000000000e+00,1.2568765879e+00
2.6100000000e+02,3.8000000000e+01,2.0000000000e+00,1.0111396313e+00
2.6100000000e+02,3.8000000000e+01,3.0000000000e+00,9.5208185911e-01
2.6100000000e+02,3.8000000000e+01,4.0000000000e+00,8.7857967615e-01
2.6100000000e+02,3.8000000000e+01,5.0000000000e+00,8.6286669970e-01
2.6100000000e+02,3.8000000000e+01,6.0000000000e+00,8.2759630680e-01
2.6100000000e+02,3.8000000000e+01,7.0000000000e+00,8.2836854458e-01
2.6100000000e+02,3.8000000000e+01,8.0000000000e+00,8.1284672022e-01
2.6100000000e+02,3.8000000000e+01,9.0000000000e+00,8.2950407267e-01
2.6100000000e+02,3.8000000000e+01,1.0000000000e+01,8.3563107252e-01
2.6100000000e+02,3.8000000000e+01,1.1000000000e+01,8.8082557917e-01
2.6100000000e+02,3.8000000000e+01,1.2000000000e+01,9.2885237932e-01
2.6100000000e+02,3.8000000000e+01,1.3000000000e+01,1.0404727459e+00
2.6100000000e+02,3.8000000000e+01,1.4000000000e+01,1.1912227869e+00
2.6100000000e+02,3.8000000000e+01,1.5000000000e+01,1.4733608961e+00
2.6100000000e+02,3.8000000000e+01,1.6000000000e+01,1.8976715803e+00
2.6100000000e+02,3.8000000000e+01,1.7000000000e+01,2.6401526928e+00
2.6100000000e+02,3.8000000000e+01,1.8000000000e+01,3.8232111931e+00
2.6100000000e+02,3.8000000000e+01,1.9000000000e+01,5.8547620773e+00
2.6100000000e+02,3.8000000000e+01,2.0000000000e+01,9.2083139420e+00
2.6100000000e+02,3.8000000000e+01,2.1000000000e+01,1.4967379570e+01
2.6100000000e+02,3.8000000000e+01,2.2000000000e+01,2.4712606430e+01
2.6100000000e+02,3.8000000000e+01,2.3000000000e+01,4.1584625244e+01
2.6100000000e+02,3.8000000000e+01,2.4000000000e+01,7.0703201294e+01
2.6100000000e+02,3.8000000000e+01,2.5000000000e+01,1.2171092224e+02
2.6100000000e+02,3.8000000000e+01,2.6000000000e+01,2.1126988220e+02
2.6100000000e+02,3.8000000000e+01,2.7000000000e+01,3.7024551392e+02
2.6100000000e+02,3.8000000000e+01,2.8000000000e+01,6.5380688477e+02
2.6100000000e+02,3.8000000000e+01,2.9000000000e+01,1.1640848389e+03
2.6100000000e+02,3.8000000000e+01,3.0000000000e+01,2.0876933594e+03
2.6100000000e+02,3.8000000000e+01,3.1000000000e+01,3.7721538086e+03
2.6100000000e+02,6.6000000000e+01,0.0000000000e+00,1.9978466034e+00
2.6100000000e+02,6.6000000000e+01,1.0000000000e+00,9.5451843739e-01
2.6100000000e+02,6.6000000000e+01,2.0000000000e+00,6.4825898409e-01
2.6100000000e+02,6.6000000000e+01,3.0000000000e+00,5.4000878334e-01
2.6100000000e+02,6.6000000000e+01,4.0000000000e+00,4.4659706950e-01
2.6100000000e+02,6.6000000000e+01,5.0000000000e+00,4.0482023358e-01
2.6100000000e+02,6.6000000000e+01,6.0000000000e+00,3.5723623633e-01
2.6100000000e+02,6.6000000000e+01,7.0000000000e+00,3.3694145083e-01
2.6100000000e+02,6.6000000000e+01,8.0000000000e+00,3.0837491155e-01
2.6100000000e+02,6.6000000000e+01,9.0000000000e+00,2.9951742291e-01
2.6100000000e+02,6.6000000000e+01,1.0000000000e+01,2.8237682581e-01
2.6100000000e+02,6.6000000000e+01,1.1000000000e+01,2.8281861544e-01
2.6100000000e+02,6.6000000000e+01,1.2000000000e+01,2.7593275905e-01
2.6100000000e+02,6.6000000000e+01,1.3000000000e+01,2.8789275885e-01
2.6100000000e+02,6.6000000000e+01,1.4000000000e+01,2.9505363107e-01
2.6100000000e+02,6.6000000000e+01,1.5000000000e+01,3.2639548182e-01
2.6100000000e+02,6.6000000000e+01,1.6000000000e+01,3.5921901464e-01
2.6100000000e+02,6.6000000000e+01,1.7000000000e+01,4.2893642187e-01
2.6100000000e+02,6.6000000000e+01,1.8000000000e+01,5.1549595594e-01
2.6100000000e+02,6.6000000000e+01,1.9000000000e+01,6.6742563248e-01
2.6100000000e+02,6.6000000000e+01,2.0000000000e+01,8.7338471413e-01
2.6100000000e+02,6.6000000000e+01,2.1000000000e+01,1.2090727091e+00
2.6100000000e+02,6.6000000000e+01,2.2000000000e+01,1.6884824038e+00
2.6100000000e+02,6.6000000000e+01,2.3000000000e+01,2.4461910725e+00
2.6100000000e+02,6.6000000000e+01,2.4000000000e+01,3.5642533302e+00
2.6100000000e+02,6.6000000000e+01,2.5000000000e+01,5.3105630875e+00
2.6100000000e+02,6.6000000000e+01,2.6000000000e+01,7.9428396225e+00
2.6100000000e+02,6.6000000000e+01,2.7000000000e+01,1.2041409492e+01
2.6100000000e+02,6.6000000000e+01,2.8000000000e+01,1.8308994293e+01
2.6100000000e+02,6.6000000000e+01,2.9000000000e+01,2.8076379776e+01
2.6100000000e+02,6.6000000000e+01,3.0000000000e+01,4.3165218353e+01
2.6100000000e+02,6.6000000000e+01,3.1000000000e+01,6.6740150452e+01
2.6100000000e+02,9.4000000000e+01,0.0000000000e+00,1.9940633774e+00
2.6100000000e+02,9.4000000000e+01,1.0000000000e+00,7.6885497570e-01
2.6100000000e+02,9.4000000000e+01,2.0000000000e+00,4.5008686185e-01
2.6100000000e+02,9.4000000000e+01,3.0000000000e+00,3.3507457376e-01
2.6100000000e+02,9.4000000000e+01,4.0000000000e+00,2.5288292766e-01
2.6100000000e+02,9.4000000000e+01,5.0000000000e+00,2.1384552121e-01
2.6100000000e+02,9.4000000000e+01,6.0000000000e+00,1.7831946909e-01
2.6100000000e+02,9.4000000000e+01,7.0000000000e+00,1.6103619337e-01
2.6100000000e+02,9.4000000000e+01,8.0000000000e+00,1.4271642268e-01
2.6100000000e+02,9.4000000000e+01,9.0000000000e+00,1.3494852185e-01
2.6100000000e+02,9.4000000000e+01,1.0000000000e+01,1.2531183660e-01
2.6100000000e+02,9.4000000000e+01,1.1000000000e+01,1.2337125838e-01
2.6100000000e+02,9.4000000000e+01,1.2000000000e+01,1.1984571069e-01
2.6100000000e+02,9.4000000000e+01,1.3000000000e+01,1.2344221771e-01
2.6100000000e+02,9.4000000000e+01,1.4000000000e+01,1.2669821084e-01
2.6100000000e+02,9.4000000000e+01,1.5000000000e+01,1.3859017193e-01
2.6100000000e+02,9.4000000000e+01,1.6000000000e+01,1.5325099230e-01
2.6100000000e+02,9.4000000000e+01,1.7000000000e+01,1.8153442442e-01
2.6100000000e+02,9.4000000000e+01,1.8000000000e+01,2.2012792528e-01
2.6100000000e+02,9.4000000000e+01,1.9000000000e+01,2.8489193320e-01
2.6100000000e+02,9.4000000000e+01,2.0000000000e+01,3.7841635942e-01
2.6100000000e+02,9.4000000000e+01,2.1000000000e+01,5.2863323689e-01
2.6100000000e+02,9.4000000000e+01,2.2000000000e+01,7.5325697660e-01
2.6100000000e+02,9.4000000000e+01,2.3000000000e+01,1.1093055010e+00
2.6100000000e+02,9.4000000000e+01,2.4000000000e+01,1.6539490223e+00
2.6100000000e+02,9.4000000000e+01,2.5000000000e+01,2.5156908035e+00
2.6100000000e+02,9.4000000000e+01,2.6000000000e+01,3.8549485207e+00
2.6100000000e+02,9.4000000000e+01,2.7000000000e+01,5.9798173904e+00
2.6100000000e+02,9.4000000000e+01,2.8000000000e+01,9.3219060898e+00
2.6100000000e+02,9.4000000000e+01,2.9000000000e+01,1.4649630547e+01
2.6100000000e+02,9.4000000000e+01,3.0000000000e+01,2.3111412048e+01
2.6100000000e+02,9.4000000000e+01,3.1000000000e+01,3.6676483154e+01
2.6100000000e+02,1.2100000000e+02,0.0000000000e+00,2.0081782341e+00
2.6100000000e+02,1.2100000000e+02,1.0000000000e+00,6.5301620960e-01
2.6100000000e+02,1.2100000000e+02,2.0000000000e+00,3.4052601457e-01
2.6100000000e+02,1.2100000000e+02,3.0000000000e+00,2.3308765888e-01
2.6100000000e+02,1.2100000000e+02,4.0000000000e+00,1.6598013043e-01
2.6100000000e+02,1.2100000000e+02,5.0000000000e+00,1.3545274734e-01
2.6100000000e+02,1.2100000000e+02,6.0000000000e+00,1.1107632518e-01
2.6100000000e+02,1.2100000000e+02,7.0000000000e+00,9.9747017026e-02
2.6100000000e+02,1.2100000000e+02,8.0000000000e+00,8.8982030749e-02
2.6100000000e+02,1.2100000000e+02,9.0000000000e+00,8.4569089115e-02
2.6100000000e+02,1.2100000000e+02,1.0000000000e+01,7.9373016953e-02
2.6100000000e+02,1.2100000000e+02,1.1000000000e+01,7.8010559082e-02
2.6100000000e+02,1.2100000000e+02,1.2000000000e+01,7.5504355133e-02
2.6100000000e+02,1.2100000000e+02,1.3000000000e+01,7.5774639845e-02
2.6100000000e+02,1.2100000000e+02,1.4000000000e+01,7.4824936688e-02
2.6100000000e+02,1.2100000000e+02,1.5000000000e+01,7.6239779592e-02
2.6100000000e+02,1.2100000000e+02,1.6000000000e+01,7.6457545161e-02
2.6100000000e+02,1.2100000000e+02,1.7000000000e+01,7.8987121582e-02
2.6100000000e+02,1.2100000000e+02,1.8000000000e+01,8.0399669707e-02
2.6100000000e+02,1.2100000000e+02,1.9000000000e+01,8.4337905049e-02
2.6100000000e+02,1.2100000000e+02,2.0000000000e+01,8.7310068309e-02
2.6100000000e+02,1.2100000000e+02,2.1000000000e+01,9.3290477991e-02
2.6100000000e+02,1.2100000000e+02,2.2000000000e+01,9.8578721285e-02
2.6100000000e+02,1.2100000000e+02,2.3000000000e+01,1.0769790411e-01
2.6100000000e+02,1.2100000000e+02,2.4000000000e+01,1.1661972106e-01
2.6100000000e+02,1.2100000000e+02,2.5000000000e+01,1.3068351150e-01
2.6100000000e+02,1.2100000000e+02,2.6000000000e+01,1.4543449879e-01
2.6100000000e+02,1.2100000000e+02,2.7000000000e+01,1.6738392413e-01
2.6100000000e+02,1.2100000000e+02,2.8000000000e+01,1.9158108532e-01
2.6100000000e+02,1.2100000000e+02,2.9000000000e+01,2.2620636225e-01
2.6100000000e+02,1.2100000000e+02,3.0000000000e+01,2.6579999924e-01
2.6100000000e+02,1.2100000000e+02,3.1000000000e+01,3.2093122602e-01
2.6100000000e+02,1.4900000000e+02,0.0000000000e+00,1.9985361099e+00
2.6100000000e+02,1.4900000000e+02,1.0000000000e+00,5.5989694595e-01
2.6100000000e+02,1.4900000000e+02,2.0000000000e+00,2.6176875830e-01
2.6100000000e+02,1.4900000000e+02,3.0000000000e+00,1.6357260942e-01
2.6100000000e+02,1.4900000000e+02,4.0000000000e+00,1.1040484160e-01
2.6100000000e+02,1.4900000000e+02,5.0000000000e+00,8.7097734213e-02
2.6100000000e+02,1.4900000000e+02,6.0000000000e+00,7.1082167327e-02
2.6100000000e+02,1.4900000000e+02,7.0000000000e+00,6.3879139721e-02
2.6100000000e+02,1.4900000000e+02,8.0000000000e+00,5.8004472405e-02
2.6100000000e+02,1.4900000000e+02,9.0000000000e+00,5.5609904230e-02
2.6100000000e+02,1.4900000000e+02,1.0000000000e+01,5.3248591721e-02
2.6100000000e+02,1.4900000000e+02,1.1000000000e+01,5.2522242069e-02
2.6100000000e+02,1.4900000000e+02,1.2000000000e+01,5.1579825580e-02
2.6100000000e+02,1.4900000000e+02,1.3000000000e+01,5.1498763263e-02
2.6100000000e+02,1.4900000000e+02,1.4000000000e+01,5.1234919578e-02
2.6100000000e+02,1.4900000000e+02,1.5000000000e+01,5.1460638642e-02
2.6100000000e+02,1.4900000000e+02,1.6000000000e+01,5.1628418267e-02
2.6100000000e+02,1.4900000000e+02,1.7000000000e+01,5.2092418075e-02
2.6100000000e+02,1.4900000000e+02,1.8000000000e+01,5.2674509585e-02
2.6100000000e+02,1.4900000000e+02,1.9000000000e+01,5.3460247815e-02
2.6100000000e+02,1.4900000000e+02,2.0000000000e+01,5.4603941739e-02
2.6100000000e+02,1.4900000000e+02,2.1000000000e+01,5.5944859982e-02
2.6100000000e+02,1.4900000000e+02,2.2000000000e+01,5.7993363589e-02
2.6100000000e+02,1.4900000000e+02,2.3000000000e+01,6.0348473489e-02
2.6100000000e+02,1.4900000000e+02,2.4000000000e+01,6.3957422972e-02
2.6100000000e+02,1.4900000000e+02,2.5000000000e+01,6.8181812763e-02
2.6100000000e+02,1.4900000000e+02,2.6000000000e+01,7.4558652937e-02
2.6100000000e+02,1.4900000000e+02,2.7000000000e+01,8.2231737673e-02
2.6100000000e+02,1.4900000000e+02,2.8000000000e+01,9.3588411808e-02
2.6100000000e+02,1.4900000000e+02,2.9000000000e+01,1.0762742162e-01
2.6100000000e+02,1.4900000000e+02,3.0000000000e+01,1.2802276015e-01
2.6100000000e+02,1.4900000000e+02,3.1000000000e+01,1.5382340550e-01
2.6100000000e+02,1.7700000000e+02,0.0000000000e+00,1.9977372885e+00
2.6100000000e+02,1.7700000000e+02,1.0000000000e+00,4.9315425754e-01
2.6100000000e+02,1.7700000000e+02,2.0000000000e+00,2.1163108945e-01
2.6100000000e+02,1.7700000000e+02,3.0000000000e+00,1.2534762919e-01
2.6100000000e+02,1.7700000000e+02,4.0000000000e+00,8.3338677883e-02
2.6100000000e+02,1.7700000000e+02,5.0000000000e+00,6.6196866333e-02
2.6100000000e+02,1.7700000000e+02,6.0000000000e+00,5.5558558553e-02
2.6100000000e+02,1.7700000000e+02,7.0000000000e+00,5.1157783717e-02
2.6100000000e+02,1.7700000000e+02,8.0000000000e+00,4.7843933105e-02
2.6100000000e+02,1.7700000000e+02,9.0000000000e+00,4.6659700572e-02
2.6100000000e+02,1.7700000000e+02,1.0000000000e+01,4.5491833240e-02
2.6100000000e+02,1.7700000000e+02,1.1000000000e+01,4.5222204179e-02
2.6100000000e+02,1.7700000000e+02,1.2000000000e+01,4.4765681028e-02
2.6100000000e+02,1.7700000000e+02,1.3000000000e+01,4.4759877026e-02
2.6100000000e+02,1.7700000000e+02,1.4000000000e+01,4.4559076428e-02
2.6100000000e+02,1.7700000000e+02,1.5000000000e+01,4.4620618224e-02
2.6100000000e+02,1.7700000000e+02,1.6000000000e+01,4.4517889619e-02
2.6100000000e+02,1.7700000000e+02,1.7000000000e+01,4.4587865472e-02
2.6100000000e+02,1.7700000000e+02,1.8000000000e+01,4.4525302947e-02
2.6100000000e+02,1.7700000000e+02,1.9000000000e+01,4.4588100165e-02
2.6100000000e+02,1.7700000000e+02,2.0000000000e+01,4.4543355703e-02
2.6100000000e+02,1.7700000000e+02,2.1000000000e+01,4.4596750289e-02
2.6100000000e+02,1.7700000000e+02,2.2000000000e+01,4.4560808688e-02
2.6100000000e+02,1.7700000000e+02,2.3000000000e+01,4.4606272131e-02
2.6100000000e+02,1.7700000000e+02,2.4000000000e+01,4.4575259089e-02
2.6100000000e+02,1.7700000000e+02,2.5000000000e+01,4.4614855200e-02
2.6100000000e+02,1.7700000000e+02,2.6000000000e+01,4.4586975127e-02
2.6100000000e+02,1.7700000000e+02,2.7000000000e+01,4.4622499496e-02
2.6100000000e+02,1.7700000000e+02,2.8000000000e+01,4.4596835971e-02
2.6100000000e+02,1.7700000000e+02,2.9000000000e+01,4.4629659504e-02
2.6100000000e+02,1.7700000000e+02,3.0000000000e+01,4.4605672359e-02
2.6100000000e+02,1.7700000000e+02,3.1000000000e+01,4.4636797160e-02
2.6100000000e+02,2.0500000000e+02,0.0000000000e+00,2.0036370754e+00
2.6100000000e+02,2.0500000000e+02,1.0000000000e+00,4.7604003549e-01
2.6100000000e+02,2.0500000000e+02,2.0000000000e+00,2.1580326557e-01
2.6100000000e+02,2.0500000000e+02,3.0000000000e+00,1.4758630097e-01
2.6100000000e+02,2.0500000000e+02,4.0000000000e+00,1.1712336540e-01
2.6100000000e+02,2.0500000000e+02,5.0000000000e+00,1.0745361447e-01
2.6100000000e+02,2.0500000000e+02,6.0000000000e+00,1.0199598223e-01
2.6100000000e+02,2.0500000000e+02,7.0000000000e+00,1.0078706592e-01
2.6100000000e+02,2.0500000000e+02,8.0000000000e+00,9.9905356765e-02
2.6100000000e+02,2.0500000000e+02,9.0000000000e+00,1.0014602542e-01
2.6100000000e+02,2.0500000000e+02,1.0000000000e+01,1.0018241405e-01
2.6100000000e+02,2.0500000000e+02,1.1000000000e+01,1.0056895763e-01
2.6100000000e+02,2.0500000000e+02,1.2000000000e+01,1.0074067861e-01
2.6100000000e+02,2.0500000000e+02,1.3000000000e+01,1.0104095191e-01
2.6100000000e+02,2.0500000000e+02,1.4000000000e+01,1.0118565708e-01
2.6100000000e+02,2.0500000000e+02,1.5000000000e+01,1.0138756782e-01
2.6100000000e+02,2.0500000000e+02,1.6000000000e+01,1.0148580372e-01
2.6100000000e+02,2.0500000000e+02,1.7000000000e+01,1.0161504149e-01
2.6100000000e+02,2.0500000000e+02,1.8000000000e+01,1.0167673975e-01
2.6100000000e+02,2.0500000000e+02,1.9000000000e+01,1.0175791383e-01
2.6100000000e+02,2.0500000000e+02,2.0000000000e+01,1.0179530084e-01
2.6100000000e+02,2.0500000000e+02,2.1000000000e+01,1.0184594989e-01
2.6100000000e+02,2.0500000000e+02,2.2000000000e+01,1.0186822712e-01
2.6100000000e+02,2.0500000000e+02,2.3000000000e+01,1.0189971328e-01
2.6100000000e+02,2.0500000000e+02,2.4000000000e+01,1.0191292316e-01
2.6100000000e+02,2.0500000000e+02,2.5000000000e+01,1.0193242878e-01
2.6100000000e+02,2.0500000000e+02,2.6000000000e+01,1.0194031894e-01
2.6100000000e+02,2.0500000000e+02,2.7000000000e+01,1.0195229203e-01
2.6100000000e+02,2.0500000000e+02,2.8000000000e+01,1.0195713490e-01
2.6100000000e+02,2.0500000000e+02,2.9000000000e+01,1.0196435452e-01
2.6100000000e+02,2.0500000000e+02,3.0000000000e+01,1.0196748376e-01
2.6100000000e+02,2.0500000000e+02,3.1000000000e+01,1.0197165608e-01
2.6100000000e+02,2.3300000000e+02,0.0000000000e+00,1.9989315271e+00
2.6100000000e+02,2.3300000000e+02,1.0000000000e+00,4.3673220277e-01
2.6100000000e+02,2.3300000000e+02,2.0000000000e+00,1.9266116619e-01
2.6100000000e+02,2.3300000000e+02,3.0000000000e+00,1.3227234781e-01
2.6100000000e+02,2.3300000000e+02,4.0000000000e+00,1.0817116499e-01
2.6100000000e+02,2.3300000000e+02,5.0000000000e+00,1.0110813379e-01
2.6100000000e+02,2.3300000000e+02,6.0000000000e+00,9.7656130791e-02
2.6100000000e+02,2.3300000000e+02,7.0000000000e+00,9.7106769681e-02
2.6100000000e+02,2.3300000000e+02,8.0000000000e+00,9.6777729690e-02
2.6100000000e+02,2.3300000000e+02,9.0000000000e+00,9.7066886723e-02
2.6100000000e+02,2.3300000000e+02,1.0000000000e+01,9.7197450697e-02
2.6100000000e+02,2.3300000000e+02,1.1000000000e+01,9.7477436066e-02
2.6100000000e+02,2.3300000000e+02,1.2000000000e+01,9.7615897655e-02
2.6100000000e+02,2.3300000000e+02,1.3000000000e+01,9.7797147930e-02
2.6100000000e+02,2.3300000000e+02,1.4000000000e+01,9.7886420786e-02
2.6100000000e+02,2.3300000000e+02,1.5000000000e+01,9.7993589938e-02
2.6100000000e+02,2.3300000000e+02,1.6000000000e+01,9.8043583333e-02
2.6100000000e+02,2.3300000000e+02,1.7000000000e+01,9.8105810583e-02
2.6100000000e+02,2.3300000000e+02,1.8000000000e+01,9.8131515086e-02
2.6100000000e+02,2.3300000000e+02,1.9000000000e+01,9.8168119788e-02
2.6100000000e+02,2.3300000000e+02,2.0000000000e+01,9.8180040717e-02
2.6100000000e+02,2.3300000000e+02,2.1000000000e+01,9.8202288151e-02
2.6100000000e+02,2.3300000000e+02,2.2000000000e+01,9.8206698895e-02
2.6100000000e+02,2.3300000000e+02,2.3000000000e+01,9.8220892251e-02
2.6100000000e+02,2.3300000000e+02,2.4000000000e+01,9.8221331835e-02
2.6100000000e+02,2.3300000000e+02,2.5000000000e+01,9.8230943084e-02
2.6100000000e+02,2.3300000000e+02,2.6000000000e+01,9.8229363561e-02
2.6100000000e+02,2.3300000000e+02,2.7000000000e+01,9.8236314952e-02
2.6100000000e+02,2.3300000000e+02,2.8000000000e+01,9.8233759403e-02
2.6100000000e+02,2.3300000000e+02,2.9000000000e+01,9.8239123821e-02
2.6100000000e+02,2.3300000000e+02,3.0000000000e+01,9.8236173391e-02
2.6100000000e+02,2.3300000000e+02,3.1000000000e+01,9.8240554333e-02
2.6100000000e+02,2.6100000000e+02,0.0000000000e+00,2.0046529770e+00
2.6100000000e+02,2.6100000000e+02,1.0000000000e+00,4.0132361650e-01
2.6100000000e+02,2.6100000000e+02,2.0000000000e+00,1.7103716731e-01
2.6100000000e+02,2.6100000000e+02,3.0000000000e+00,1.1673311144e-01
2.6100000000e+02,2.6100000000e+02,4.0000000000e+00,9.7463205457e-02
2.6100000000e+02,2.6100000000e+02,5.0000000000e+00,9.2021048069e-02
2.6100000000e+02,2.6100000000e+02,6.0000000000e+00,8.9840911329e-02
2.6100000000e+02,2.6100000000e+02,7.0000000000e+00,8.9573182166e-02
2.6100000000e+02,2.6100000000e+02,8.0000000000e+00,8.9523330331e-02
2.6100000000e+02,2.6100000000e+02,9.0000000000e+00,8.9774832129e-02
2.6100000000e+02,2.6100000000e+02,1.0000000000e+01,8.9929670095e-02
2.6100000000e+02,2.6100000000e+02,1.1000000000e+01,9.0125650167e-02
2.6100000000e+02,2.6100000000e+02,1.2000000000e+01,9.0237051249e-02
2.6100000000e+02,2.6100000000e+02,1.3000000000e+01,9.0349242091e-02
2.6100000000e+02,2.6100000000e+02,1.4000000000e+01,9.0411439538e-02
2.6100000000e+02,2.6100000000e+02,1.5000000000e+01,9.0470924973e-02
2.6100000000e+02,2.6100000000e+02,1.6000000000e+01,9.0503156185e-02
2.6100000000e+02,2.6100000000e+02,1.7000000000e+01,9.0534038842e-02
2.6100000000e+02,2.6100000000e+02,1.8000000000e+01,9.0550273657e-02
2.6100000000e+02,2.6100000000e+02,1.9000000000e+01,9.0566299856e-02
2.6100000000e+02,2.6100000000e+02,2.0000000000e+01,9.0574331582e-02
2.6100000000e+02,2.6100000000e+02,2.1000000000e+01,9.0582713485e-02
2.6100000000e+02,2.6100000000e+02,2.2000000000e+01,9.0586684644e-02
2.6100000000e+02,2.6100000000e+02,2.3000000000e+01,9.0591102839e-02
2.6100000000e+02,2.6100000000e+02,2.4000000000e+01,9.0593025088e-02
2.6100000000e+02,2.6100000000e+02,2.5000000000e+01,9.0595401824e-02
2.6100000000e+02,2.6100000000e+02,2.6000000000e+01,9.0596318245e-02
2.6100000000e+02,2.6100000000e+02,2.7000000000e+01,9.0597614646e-02
2.6100000000e+02,2.6100000000e+02,2.8000000000e+01,9.0598039329e-02
2.6100000000e+02,2.6100000000e+02,2.9000000000e+01,9.0598762035e-02
2.6100000000e+02,2.6100000000e+02,3.0000000000e+01,9.0598955750e-02
2.6100000000e+02,2.6100000000e+02,3.1000000000e+01,9.0599358082e-02
2.6100000000e+02,2.8900000000e+02,0.0000000000e+00,2.0005385876e+00
2.6100000000e+02,2.8900000000e+02,1.0000000000e+00,3.7377455831e-01
2.6100000000e+02,2.8900000000e+02,2.0000000000e+00,1.5351374447e-01
2.6100000000e+02,2.8900000000e+02,3.0000000000e+00,1.0651774704e-01
2.6100000000e+02,2.8900000000e+02,4.0000000000e+00,9.0311869979e-02
2.6100000000e+02,2.8900000000e+02,5.0000000000e+00,8.6639262736e-02
2.6100000000e+02,2.8900000000e+02,6.0000000000e+00,8.5092045367e-02
2.6100000000e+02,2.8900000000e+02,7.0000000000e+00,8.5185259581e-02
2.6100000000e+02,2.8900000000e+02,8.0000000000e+00,8.5209973156e-02
2.6100000000e+02,2.8900000000e+02,9.0000000000e+00,8.5499823093e-02
2.6100000000e+02,2.8900000000e+02,1.0000000000e+01,8.5625514388e-02
2.6100000000e+02,2.8900000000e+02,1.1000000000e+01,8.5799820721e-02
2.6100000000e+02,2.8900000000e+02,1.2000000000e+01,8.5877224803e-02
2.6100000000e+02,2.8900000000e+02,1.3000000000e+01,8.5965923965e-02
2.6100000000e+02,2.8900000000e+02,1.4000000000e+01,8.6004875600e-02
2.6100000000e+02,2.8900000000e+02,1.5000000000e+01,8.6048372090e-02
2.6100000000e+02,2.8900000000e+02,1.6000000000e+01,8.6066663265e-02
2.6100000000e+02,2.8900000000e+02,1.7000000000e+01,8.6087994277e-02
2.6100000000e+02,2.8900000000e+02,1.8000000000e+01,8.6096271873e-02
2.6100000000e+02,2.8900000000e+02,1.9000000000e+01,8.6106888950e-02
2.6100000000e+02,2.8900000000e+02,2.0000000000e+01,8.6110487580e-02
2.6100000000e+02,2.8900000000e+02,2.1000000000e+01,8.6115911603e-02
2.6100000000e+02,2.8900000000e+02,2.2000000000e+01,8.6117357016e-02
2.6100000000e+02,2.8900000000e+02,2.3000000000e+01,8.6120225489e-02
2.6100000000e+02,2.8900000000e+02,2.4000000000e+01,8.6120732129e-02
2.6100000000e+02,2.8900000000e+02,2.5000000000e+01,8.6122304201e-02
2.6100000000e+02,2.8900000000e+02,2.6000000000e+01,8.6122393608e-02
2.6100000000e+02,2.8900000000e+02,2.7000000000e+01,8.6123287678e-02
2.6100000000e+02,2.8900000000e+02,2.8000000000e+01,8.6123220623e-02
2.6100000000e+02,2.8900000000e+02,2.9000000000e+01,8.6123764515e-02
2.6100000000e+02,2.8900000000e+02,3.0000000000e+01,8.6123652756e-02
2.6100000000e+02,2.8900000000e+02,3.1000000000e+01,8.6123988032e-02
2.6100000000e+02,3.1600000000e+02,0.0000000000e+00,2.0024507046e+00
2.6100000000e+02,3.1600000000e+02,1.0000000000e+00,3.0814564228e-01
2.6100000000e+02,3.1600000000e+02,2.0000000000e+00,9.3373924494e-02
2.6100000000e+02,3.1600000000e+02,3.0000000000e+00,4.7701783478e-02
2.6100000000e+02,3.1600000000e+02,4.0000000000e+00,3.2711632550e-02
2.6100000000e+02,3.1600000000e+02,5.0000000000e+00,2.8804460540e-02
2.6100000000e+02,3.1600000000e+02,6.0000000000e+00,2.7119472623e-02
2.6100000000e+02,3.1600000000e+02,7.0000000000e+00,2.6808271185e-02
2.6100000000e+02,3.1600000000e+02,8.0000000000e+00,2.6606615633e-02
2.6100000000e+02,3.1600000000e+02,9.0000000000e+00,2.6635937393e-02
2.6100000000e+02,3.1600000000e+02,1.0000000000e+01,2.6620406657e-02
2.6100000000e+02,3.1600000000e+02,1.1000000000e+01,2.6654962450e-02
2.6100000000e+02,3.1600000000e+02,1.2000000000e+01,2.6658836752e-02
2.6100000000e+02,3.1600000000e+02,1.3000000000e+01,2.6676790789e-02
2.6100000000e+02,3.1600000000e+02,1.4000000000e+01,2.6679962873e-02
2.6100000000e+02,3.1600000000e+02,1.5000000000e+01,2.6688169688e-02
2.6100000000e+02,3.1600000000e+02,1.6000000000e+01,2.6689667255e-02
2.6100000000e+02,3.1600000000e+02,1.7000000000e+01,2.6693319902e-02
2.6100000000e+02,3.1600000000e+02,1.8000000000e+01,2.6693921536e-02
2.6100000000e+02,3.1600000000e+02,1.9000000000e+01,2.6695551351e-02
2.6100000000e+02,3.1600000000e+02,2.0000000000e+01,2.6695765555e-02
2.6100000000e+02,3.1600000000e+02,2.1000000000e+01,2.6696508750e-02
2.6100000000e+02,3.1600000000e+02,2.2000000000e+01,2.6696570218e-02
2.6100000000e+02,3.1600000000e+02,2.3000000000e+01,2.6696918532e-02
2.6100000000e+02,3.1600000000e+02,2.4000000000e+01,2.6696922258e-02
2.6100000000e+02,3.1600000000e+02,2.5000000000e+01,2.6697093621e-02
2.6100000000e+02,3.1600000000e+02,2.6000000000e+01,2.6697084308e-02
2.6100000000e+02,3.1600000000e+02,2.7000000000e+01,2.6697164401e-02
2.6100000000e+02,3.1600000000e+02,2.8000000000e+01,2.6697155088e-02
2.6100000000e+02,3.1600000000e+02,2.9000000000e+01,2.6697196066e-02
2.6100000000e+02,3.1600000000e+02,3.0000000000e+01,2.6697186753e-02
2.6100000000e+02,3.1600000000e+02,3.1000000000e+01,2.6697209105e-02
2.6100000000e+02,3.4400000000e+02,0.0000000000e+00,1.9957666397e+00
2.6100000000e+02,3.4400000000e+02,1.0000000000e+00,3.2471856475e-01
2.6100000000e+02,3.4400000000e+02,2.0000000000e+00,1.2859839201e-01
2.6100000000e+02,3.4400000000e+02,3.0000000000e+00,9.1355219483e-02
2.6100000000e+02,3.4400000000e+02,4.0000000000e+00,8.1012614071e-02
2.6100000000e+02,3.4400000000e+02,5.0000000000e+00,7.9115711153e-02
2.6100000000e+02,3.4400000000e+02,6.0000000000e+00,7.8715726733e-02
2.6100000000e+02,3.4400000000e+02,7.0000000000e+00,7.8983694315e-02
2.6100000000e+02,3.4400000000e+02,8.0000000000e+00,7.9191930592e-02
2.6100000000e+02,3.4400000000e+02,9.0000000000e+00,7.9412437975e-02
2.6100000000e+02,3.4400000000e+02,1.0000000000e+01,7.9542182386e-02
2.6100000000e+02,3.4400000000e+02,1.1000000000e+01,7.9645827413e-02
2.6100000000e+02,3.4400000000e+02,1.2000000000e+01,7.9705059528e-02
2.6100000000e+02,3.4400000000e+02,1.3000000000e+01,7.9749427736e-02
2.6100000000e+02,3.4400000000e+02,1.4000000000e+01,7.9774774611e-02
2.6100000000e+02,3.4400000000e+02,1.5000000000e+01,7.9793430865e-02
2.6100000000e+02,3.4400000000e+02,1.6000000000e+01,7.9804122448e-02
2.6100000000e+02,3.4400000000e+02,1.7000000000e+01,7.9811975360e-02
2.6100000000e+02,3.4400000000e+02,1.8000000000e+01,7.9816497862e-02
2.6100000000e+02,3.4400000000e+02,1.9000000000e+01,7.9819843173e-02
2.6100000000e+02,3.4400000000e+02,2.0000000000e+01,7.9821765423e-02
2.6100000000e+02,3.4400000000e+02,2.1000000000e+01,7.9823203385e-02
2.6100000000e+02,3.4400000000e+02,2.2000000000e+01,7.9824030399e-02
2.6100000000e+02,3.4400000000e+02,2.3000000000e+01,7.9824648798e-02
2.6100000000e+02,3.4400000000e+02,2.4000000000e+01,7.9825013876e-02
2.6100000000e+02,3.4400000000e+02,2.5000000000e+01,7.9825282097e-02
2.6100000000e+02,3.4400000000e+02,2.6000000000e+01,7.9825438559e-02
2.6100000000e+02,3.4400000000e+02,2.7000000000e+01,7.9825557768e-02
2.6100000000e+02,3.4400000000e+02,2.8000000000e+01,7.9825617373e-02
2.6100000000e+02,3.4400000000e+02,2.9000000000e+01,7.9825676978e-02
2.6100000000e+02,3.4400000000e+02,3.0000000000e+01,7.9825699329e-02
2.6100000000e+02,3.4400000000e+02,3.1000000000e+01,7.9825736582e-02
2.6100000000e+02,3.7200000000e+02,0.0000000000e+00,1.9911981821e+00
2.6100000000e+02,3.7200000000e+02,1.0000000000e+00,2.6899528503e-01
2.6100000000e+02,3.7200000000e+02,2.0000000000e+00,7.7302917838e-02
2.6100000000e+02,3.7200000000e+02,3.0000000000e+00,4.0864672512e-02
2.6100000000e+02,3.7200000000e+02,4.0000000000e+00,3.1125484034e-02
2.6100000000e+02,3.7200000000e+02,5.0000000000e+00,2.8844416142e-02
2.6100000000e+02,3.7200000000e+02,6.0000000000e+00,2.8205297887e-02
2.6100000000e+02,3.7200000000e+02,7.0000000000e+00,2.8138734400e-02
2.6100000000e+02,3.7200000000e+02,8.0000000000e+00,2.8152521700e-02
2.6100000000e+02,3.7200000000e+02,9.0000000000e+00,2.8199881315e-02
2.6100000000e+02,3.7200000000e+02,1.0000000000e+01,2.8230192140e-02
2.6100000000e+02,3.7200000000e+02,1.1000000000e+01,2.8254861012e-02
2.6100000000e+02,3.7200000000e+02,1.2000000000e+01,2.8268646449e-02
2.6100000000e+02,3.7200000000e+02,1.3000000000e+01,2.8278447688e-02
2.6100000000e+02,3.7200000000e+02,1.4000000000e+01,2.8283746913e-02
2.6100000000e+02,3.7200000000e+02,1.5000000000e+01,2.8287449852e-02
2.6100000000e+02,3.7200000000e+02,1.6000000000e+01,2.8289398178e-02
2.6100000000e+02,3.7200000000e+02,1.7000000000e+01,2.8290800750e-02
2.6100000000e+02,3.7200000000e+02,1.8000000000e+01,2.8291501105e-02
2.6100000000e+02,3.7200000000e+02,1.9000000000e+01,2.8292044997e-02
2.6100000000e+02,3.7200000000e+02,2.0000000000e+01,2.8292287141e-02
2.6100000000e+02,3.7200000000e+02,2.1000000000e+01,2.8292508796e-02
2.6100000000e+02,3.7200000000e+02,2.2000000000e+01,2.8292590752e-02
2.6100000000e+02,3.7200000000e+02,2.3000000000e+01,2.8292682022e-02
2.6100000000e+02,3.7200000000e+02,2.4000000000e+01,2.8292708099e-02
2.6100000000e+02,3.7200000000e+02,2.5000000000e+01,2.8292747214e-02
2.6100000000e+02,3.7200000000e+02,2.6000000000e+01,2.8292756528e-02
2.6100000000e+02,3.7200000000e+02,2.7000000000e+01,2.8292771429e-02
2.6100000000e+02,3.7200000000e+02,2.8000000000e+01,2.8292773291e-02
2.6100000000e+02,3.7200000000e+02,2.9000000000e+01,2.8292780742e-02
2.6100000000e+02,3.7200000000e+02,3.0000000000e+01,2.8292778879e-02
2.6100000000e+02,3.7200000000e+02,3.1000000000e+01,2.8292784467e-02
2.6100000000e+02,4.0000000000e+02,0.0000000000e+00,2.0008435249e+00
2.6100000000e+02,4.0000000000e+02,1.0000000000e+00,2.8995251656e-01
2.6100000000e+02,4.0000000000e+02,2.0000000000e+00,1.1172328144e-01
2.6100000000e+02,4.0000000000e+02,3.0000000000e+00,8.1789135933e-02
2.6100000000e+02,4.0000000000e+02,4.0000000000e+00,7.4422940612e-02
2.6100000000e+02,4.0000000000e+02,5.0000000000e+00,7.3586456478e-02
2.6100000000e+02,4.0000000000e+02,6.0000000000e+00,7.3509700596e-02
2.6100000000e+02,4.0000000000e+02,7.0000000000e+00,7.3851376772e-02
2.6100000000e+02,4.0000000000e+02,8.0000000000e+00,7.4034996331e-02
2.6100000000e+02,4.0000000000e+02,9.0000000000e+00,7.4217244983e-02
2.6100000000e+02,4.0000000000e+02,1.0000000000e+01,7.4306398630e-02
2.6100000000e+02,4.0000000000e+02,1.1000000000e+01,7.4379503727e-02
2.6100000000e+02,4.0000000000e+02,1.2000000000e+01,7.4415139854e-02
2.6100000000e+02,4.0000000000e+02,1.3000000000e+01,7.4443101883e-02
2.6100000000e+02,4.0000000000e+02,1.4000000000e+01,7.4456818402e-02
2.6100000000e+02,4.0000000000e+02,1.5000000000e+01,7.4467480183e-02
2.6100000000e+02,4.0000000000e+02,1.6000000000e+01,7.4472747743e-02
2.6100000000e+02,4.0000000000e+02,1.7000000000e+01,7.4476853013e-02
2.6100000000e+02,4.0000000000e+02,1.8000000000e+01,7.4478879571e-02
2.6100000000e+02,4.0000000000e+02,1.9000000000e+01,7.4480473995e-02
2.6100000000e+02,4.0000000000e+02,2.0000000000e+01,7.4481271207e-02
2.6100000000e+02,4.0000000000e+02,2.1000000000e+01,7.4481889606e-02
2.6100000000e+02,4.0000000000e+02,2.2000000000e+01,7.4482217431e-02
2.6100000000e+02,4.0000000000e+02,2.3000000000e+01,7.4482455850e-02
2.6100000000e+02,4.0000000000e+02,2.4000000000e+01,7.4482582510e-02
2.6100000000e+02,4.0000000000e+02,2.5000000000e+01,7.4482686818e-02
2.6100000000e+02,4.0000000000e+02,2.6000000000e+01,7.4482731521e-02
2.6100000000e+02,4.0000000000e+02,2.7000000000e+01,7.4482768774e-02
2.6100000000e+02,4.0000000000e+02,2.8000000000e+01,7.4482798576e-02
2.6100000000e+02,4.0000000000e+02,2.9000000000e+01,7.4482813478e-02
2.6100000000e+02,4.0000000000e+02,3.0000000000e+01,7.4482813478e-02
2.6100000000e+02,4.0000000000e+02,3.1000000000e+01,7.4482828379e-02
2.8900000000e+02,1.0000000000e+01,0.0000000000e+00,1.9923847914e+00
2.8900000000e+02,1.0000000000e+01,1.0000000000e+00,1.8595850468e+00
2.8900000000e+02,1.0000000000e+01,2.0000000000e+00,1.7931811810e+00
2.8900000000e+02,1.0000000000e+01,3.0000000000e+00,1.8396550417e+00
2.8900000000e+02,1.0000000000e+01,4.0000000000e+00,1.8327625990e+00
2.8900000000e+02,1.0000000000e+01,5.0000000000e+00,1.8688069582e+00
2.8900000000e+02,1.0000000000e+01,6.0000000000e+00,1.8741060495e+00
2.8900000000e+02,1.0000000000e+01,7.0000000000e+00,1.9243491888e+00
2.8900000000e+02,1.0000000000e+01,8.0000000000e+00,1.9685056210e+00
2.8900000000e+02,1.0000000000e+01,9.0000000000e+00,2.1106326580e+00
2.8900000000e+02,1.0000000000e+01,1.0000000000e+01,2.3465087414e+00
2.8900000000e+02,1.0000000000e+01,1.1000000000e+01,2.9394621849e+00
2.8900000000e+02,1.0000000000e+01,1.2000000000e+01,4.1647496223e+00
2.8900000000e+02,1.0000000000e+01,1.3000000000e+01,7.0832958221e+00
2.8900000000e+02,1.0000000000e+01,1.4000000000e+01,1.3658717155e+01
2.8900000000e+02,1.0000000000e+01,1.5000000000e+01,2.9302886963e+01
2.8900000000e+02,1.0000000000e+01,1.6000000000e+01,6.6058387756e+01
2.8900000000e+02,1.0000000000e+01,1.7000000000e+01,1.5449159241e+02
2.8900000000e+02,1.0000000000e+01,1.8000000000e+01,3.6725411987e+02
2.8900000000e+02,1.0000000000e+01,1.9000000000e+01,8.8519683838e+02
2.8900000000e+02,1.0000000000e+01,2.0000000000e+01,2.1496662598e+03
2.8900000000e+02,1.0000000000e+01,2.1000000000e+01,5.2566328125e+03
2.8900000000e+02,1.0000000000e+01,2.2000000000e+01,1.2912887695e+04
2.8900000000e+02,1.0000000000e+01,2.3000000000e+01,3.1851462891e+04
2.8900000000e+02,1.0000000000e+01,2.4000000000e+01,7.8803171875e+04
2.8900000000e+02,1.0000000000e+01,2.5000000000e+01,1.9547631250e+05
2.8900000000e+02,1.0000000000e+01,2.6000000000e+01,4.8586590625e+05
2.8900000000e+02,1.0000000000e+01,2.7000000000e+01,1.2096863750e+06
2.8900000000e+02,1.0000000000e+01,2.8000000000e+01,3.0158235000e+06
2.8900000000e+02,1.0000000000e+01,2.9000000000e+01,7.5268985000e+06
2.8900000000e+02,1.0000000000e+01,3.0000000000e+01,1.8802052000e+07
2.8900000000e+02,1.0000000000e+01,3.1000000000e+01,4.7000772000e+07
2.8900000000e+02,3.8000000000e+01,0.0000000000e+00,1.9914029837e+00
2.8900000000e+02,3.8000000000e+01,1.0000000000e+00,1.2472443581e+00
2.8900000000e+02,3.8000000000e+01,2.0000000000e+00,1.0091905594e+00
2.8900000000e+02,3.8000000000e+01,3.0000000000e+00,9.4395059347e-01
2.8900000000e+02,3.8000000000e+01,4.0000000000e+00,8.7249386311e-01
2.8900000000e+02,3.8000000000e+01,5.0000000000e+00,8.5271537304e-01
2.8900000000e+02,3.8000000000e+01,6.0000000000e+00,8.1808829308e-01
2.8900000000e+02,3.8000000000e+01,7.0000000000e+00,8.1520879269e-01
2.8900000000e+02,3.8000000000e+01,8.0000000000e+00,7.9901772738e-01
2.8900000000e+02,3.8000000000e+01,9.0000000000e+00,8.1084090471e-01
2.8900000000e+02,3.8000000000e+01,1.0000000000e+01,8.1356304884e-01
2.8900000000e+02,3.8000000000e+01,1.1000000000e+01,8.4971326590e-01
2.8900000000e+02,3.8000000000e+01,1.2000000000e+01,8.8734126091e-01
2.8900000000e+02,3.8000000000e+01,1.3000000000e+01,9.7836655378e-01
2.8900000000e+02,3.8000000000e+01,1.4000000000e+01,1.1002376080e+00
2.8900000000e+02,3.8000000000e+01,1.5000000000e+01,1.3310666084e+00
2.8900000000e+02,3.8000000000e+01,1.6000000000e+01,1.6767668724e+00
2.8900000000e+02,3.8000000000e+01,1.7000000000e+01,2.2846240997e+00
2.8900000000e+02,3.8000000000e+01,1.8000000000e+01,3.2505621910e+00
2.8900000000e+02,3.8000000000e+01,1.9000000000e+01,4.9106268883e+00
2.8900000000e+02,3.8000000000e+01,2.0000000000e+01,7.6392574310e+00
2.8900000000e+02,3.8000000000e+01,2.1000000000e+01,1.2306945801e+01
2.8900000000e+02,3.8000000000e+01,2.2000000000e+01,2.0137702942e+01
2.8900000000e+02,3.8000000000e+01,2.3000000000e+01,3.3557121277e+01
2.8900000000e+02,3.8000000000e+01,2.4000000000e+01,5.6367607117e+01
2.8900000000e+02,3.8000000000e+01,2.5000000000e+01,9.5603942871e+01
2.8900000000e+02,3.8000000000e+01,2.6000000000e+01,1.6289384460e+02
2.8900000000e+02,3.8000000000e+01,2.7000000000e+01,2.7910363770e+02
2.8900000000e+02,3.8000000000e+01,2.8000000000e+01,4.7966415405e+02
2.8900000000e+02,3.8000000000e+01,2.9000000000e+01,8.2730609131e+02
2.8900000000e+02,3.8000000000e+01,3.0000000000e+01,1.4300861816e+03
2.8900000000e+02,3.8000000000e+01,3.1000000000e+01,2.4782343750e+03
2.8900000000e+02,6.6000000000e+01,0.0000000000e+00,1.9945988655e+00
2.8900000000e+02,6.6000000000e+01,1.0000000000e+00,9.4393604994e-01
2.8900000000e+02,6.6000000000e+01,2.0000000000e+00,6.4382117987e-01
2.8900000000e+02,6.6000000000e+01,3.0000000000e+00,5.3253382444e-01
2.8900000000e+02,6.6000000000e+01,4.0000000000e+00,4.4285550714e-01
2.8900000000e+02,6.6000000000e+01,5.0000000000e+00,3.9986419678e-01
2.8900000000e+02,6.6000000000e+01,6.0000000000e+00,3.5653352737e-01
2.8900000000e+02,6.6000000000e+01,7.0000000000e+00,3.3750408888e-01
2.8900000000e+02,6.6000000000e+01,8.0000000000e+00,3.1689888239e-01
2.8900000000e+02,6.6000000000e+01,9.0000000000e+00,3.1627678871e-01
2.8900000000e+02,6.6000000000e+01,1.0000000000e+01,3.1927773356e-01
2.8900000000e+02,6.6000000000e+01,1.1000000000e+01,3.4922572970e-01
2.8900000000e+02,6.6000000000e+01,1.2000000000e+01,3.9982157946e-01
2.8900000000e+02,6.6000000000e+01,1.3000000000e+01,5.0624775887e-01
2.8900000000e+02,6.6000000000e+01,1.4000000000e+01,6.8443638086e-01
2.8900000000e+02,6.6000000000e+01,1.5000000000e+01,1.0083595514e+00
2.8900000000e+02,6.6000000000e+01,1.6000000000e+01,1.5581187010e+00
2.8900000000e+02,6.6000000000e+01,1.7000000000e+01,2.5255885124e+00
2.8900000000e+02,6.6000000000e+01,1.8000000000e+01,4.1869525909e+00
2.8900000000e+02,6.6000000000e+01,1.9000000000e+01,7.0915379524e+00
2.8900000000e+02,6.6000000000e+01,2.0000000000e+01,1.2121798515e+01
2.8900000000e+02,6.6000000000e+01,2.1000000000e+01,2.0919589996e+01
2.8900000000e+02,6.6000000000e+01,2.2000000000e+01,3.6249820709e+01
2.8900000000e+02,6.6000000000e+01,2.3000000000e+01,6.3121215820e+01
2.8900000000e+02,6.6000000000e+01,2.4000000000e+01,1.1016287994e+02
2.8900000000e+02,6.6000000000e+01,2.5000000000e+01,1.9283003235e+02
2.8900000000e+02,6.6000000000e+01,2.6000000000e+01,3.3807846069e+02
2.8900000000e+02,6.6000000000e+01,2.7000000000e+01,5.9395373535e+02
2.8900000000e+02,6.6000000000e+01,2.8000000000e+01,1.0448666992e+03
2.8900000000e+02,6.6000000000e+01,2.9000000000e+01,1.8409874268e+03
2.8900000000e+02,6.6000000000e+01,3.0000000000e+01,3.2473830566e+03
2.8900000000e+02,6.6000000000e+01,3.1000000000e+01,5.7354096680e+03
2.8900000000e+02,9.4000000000e+01,0.0000000000e+00,2.0119171143e+00
2.8900000000e+02,9.4000000000e+01,1.0000000000e+00,7.6802438498e-01
2.8900000000e+02,9.4000000000e+01,2.0000000000e+00,4.4944673777e-01
2.8900000000e+02,9.4000000000e+01,3.0000000000e+00,3.3183729649e-01
2.8900000000e+02,9.4000000000e+01,4.0000000000e+00,2.4993579090e-01
2.8900000000e+02,9.4000000000e+01,5.0000000000e+00,2.0980842412e-01
2.8900000000e+02,9.4000000000e+01,6.0000000000e+00,1.7440123856e-01
2.8900000000e+02,9.4000000000e+01,7.0000000000e+00,1.5682220459e-01
2.8900000000e+02,9.4000000000e+01,8.0000000000e+00,1.3877379894e-01
2.8900000000e+02,9.4000000000e+01,9.0000000000e+00,1.3147257268e-01
2.8900000000e+02,9.4000000000e+01,1.0000000000e+01,1.2282280624e-01
2.8900000000e+02,9.4000000000e+01,1.1000000000e+01,1.2288510054e-01
2.8900000000e+02,9.4000000000e+01,1.2000000000e+01,1.2269266695e-01
2.8900000000e+02,9.4000000000e+01,1.3000000000e+01,1.3263459504e-01
2.8900000000e+02,9.4000000000e+01,1.4000000000e+01,1.4664332569e-01
2.8900000000e+02,9.4000000000e+01,1.5000000000e+01,1.7815215886e-01
2.8900000000e+02,9.4000000000e+01,1.6000000000e+01,2.2675870359e-01
2.8900000000e+02,9.4000000000e+01,1.7000000000e+01,3.1566408277e-01
2.8900000000e+02,9.4000000000e+01,1.8000000000e+01,4.6008959413e-01
2.8900000000e+02,9.4000000000e+01,1.9000000000e+01,7.1184045076e-01
2.8900000000e+02,9.4000000000e+01,2.0000000000e+01,1.1324887276e+00
2.8900000000e+02,9.4000000000e+01,2.1000000000e+01,1.8573120832e+00
2.8900000000e+02,9.4000000000e+01,2.2000000000e+01,3.0866558552e+00
2.8900000000e+02,9.4000000000e+01,2.3000000000e+01,5.2013454437e+00
2.8900000000e+02,9.4000000000e+01,2.4000000000e+01,8.8171424866e+00
2.8900000000e+02,9.4000000000e+01,2.5000000000e+01,1.5042241096e+01
2.8900000000e+02,9.4000000000e+01,2.6000000000e+01,2.5735656738e+01
2.8900000000e+02,9.4000000000e+01,2.7000000000e+01,4.4170551300e+01
2.8900000000e+02,9.4000000000e+01,2.8000000000e+01,7.5928039551e+01
2.8900000000e+02,9.4000000000e+01,2.9000000000e+01,1.3074607849e+02
2.8900000000e+02,9.4000000000e+01,3.0000000000e+01,2.2535807800e+02
2.8900000000e+02,9.4000000000e+01,3.1000000000e+01,3.8884936523e+02
2.8900000000e+02,1.2100000000e+02,0.0000000000e+00,1.9876695871e+00
2.8900000000e+02,1.2100000000e+02,1.0000000000e+00,6.4539301395e-01
2.8900000000e+02,1.2100000000e+02,2.0000000000e+00,3.3487308025e-01
2.8900000000e+02,1.2100000000e+02,3.0000000000e+00,2.2805315256e-01
2.8900000000e+02,1.2100000000e+02,4.0000000000e+00,1.6065378487e-01
2.8900000000e+02,1.2100000000e+02,5.0000000000e+00,1.3006965816e-01
2.8900000000e+02,1.2100000000e+02,6.0000000000e+00,1.0521343350e-01
2.8900000000e+02,1.2100000000e+02,7.0000000000e+00,9.3723662198e-02
2.8900000000e+02,1.2100000000e+02,8.0000000000e+00,8.2483336329e-02
2.8900000000e+02,1.2100000000e+02,9.0000000000e+00,7.7791139483e-02
2.8900000000e+02,1.2100000000e+02,1.0000000000e+01,7.2124421597e-02
2.8900000000e+02,1.2100000000e+02,1.1000000000e+01,7.0302285254e-02
2.8900000000e+02,1.2100000000e+02,1.2000000000e+01,6.7278809845e-02
2.8900000000e+02,1.2100000000e+02,1.3000000000e+01,6.6820278764e-02
2.8900000000e+02,1.2100000000e+02,1.4000000000e+01,6.5210767090e-02
2.8900000000e+02,1.2100000000e+02,1.5000000000e+01,6.5491408110e-02
2.8900000000e+02,1.2100000000e+02,1.6000000000e+01,6.4750693738e-02
2.8900000000e+02,1.2100000000e+02,1.7000000000e+01,6.5525189042e-02
2.8900000000e+02,1.2100000000e+02,1.8000000000e+01,6.5430462360e-02
2.8900000000e+02,1.2100000000e+02,1.9000000000e+01,6.6648282111e-02
2.8900000000e+02,1.2100000000e+02,2.0000000000e+01,6.7160882056e-02
2.8900000000e+02,1.2100000000e+02,2.1000000000e+01,6.8901471794e-02
2.8900000000e+02,1.2100000000e+02,2.2000000000e+01,7.0121280849e-02
2.8900000000e+02,1.2100000000e+02,2.3000000000e+01,7.2585351765e-02
2.8900000000e+02,1.2100000000e+02,2.4000000000e+01,7.4754625559e-02
2.8900000000e+02,1.2100000000e+02,2.5000000000e+01,7.8292556107e-02
2.8900000000e+02,1.2100000000e+02,2.6000000000e+01,8.1838041544e-02
2.8900000000e+02,1.2100000000e+02,2.7000000000e+01,8.7015129626e-02
2.8900000000e+02,1.2100000000e+02,2.8000000000e+01,9.2633627355e-02
2.8900000000e+02,1.2100000000e+02,2.9000000000e+01,1.0034473985e-01
2.8900000000e+02,1.2100000000e+02,3.0000000000e+01,1.0915000737e-01
2.8900000000e+02,1.2100000000e+02,3.1000000000e+01,1.2080960721e-01
2.8900000000e+02,1.4900000000e+02,0.0000000000e+00,1.9982031584e+00
2.8900000000e+02,1.4900000000e+02,1.0000000000e+00,5.5691403151e-01
2.8900000000e+02,1.4900000000e+02,2.0000000000e+00,2.6116603613e-01
2.8900000000e+02,1.4900000000e+02,3.0000000000e+00,1.6251111031e-01
2.8900000000e+02,1.4900000000e+02,4.0000000000e+00,1.0906126350e-01
2.8900000000e+02,1.4900000000e+02,5.0000000000e+00,8.5387706757e-02
2.8900000000e+02,1.4900000000e+02,6.0000000000e+00,6.8910196424e-02
2.8900000000e+02,1.4900000000e+02,7.0000000000e+00,6.1498947442e-02
2.8900000000e+02,1.4900000000e+02,8.0000000000e+00,5.5205002427e-02
2.8900000000e+02,1.4900000000e+02,9.0000000000e+00,5.2721921355e-02
2.8900000000e+02,1.4900000000e+02,1.0000000000e+01,4.9988910556e-02
2.8900000000e+02,1.4900000000e+02,1.1000000000e+01,4.9251887947e-02
2.8900000000e+02,1.4900000000e+02,1.2000000000e+01,4.7959040850e-02
2.8900000000e+02,1.4900000000e+02,1.3000000000e+01,4.7914423048e-02
2.8900000000e+02,1.4900000000e+02,1.4000000000e+01,4.7293514013e-02
2.8900000000e+02,1.4900000000e+02,1.5000000000e+01,4.7583028674e-02
2.8900000000e+02,1.4900000000e+02,1.6000000000e+01,4.7362003475e-02
2.8900000000e+02,1.4900000000e+02,1.7000000000e+01,4.7906860709e-02
2.8900000000e+02,1.4900000000e+02,1.8000000000e+01,4.8046562821e-02
2.8900000000e+02,1.4900000000e+02,1.9000000000e+01,4.8930406570e-02
2.8900000000e+02,1.4900000000e+02,2.0000000000e+01,4.9562077969e-02
2.8900000000e+02,1.4900000000e+02,2.1000000000e+01,5.1035329700e-02
2.8900000000e+02,1.4900000000e+02,2.2000000000e+01,5.2500598133e-02
2.8900000000e+02,1.4900000000e+02,2.3000000000e+01,5.5072218180e-02
2.8900000000e+02,1.4900000000e+02,2.4000000000e+01,5.8061260730e-02
2.8900000000e+02,1.4900000000e+02,2.5000000000e+01,6.2704943120e-02
2.8900000000e+02,1.4900000000e+02,2.6000000000e+01,6.8543918431e-02
2.8900000000e+02,1.4900000000e+02,2.7000000000e+01,7.7101022005e-02
2.8900000000e+02,1.4900000000e+02,2.8000000000e+01,8.8306784630e-02
2.8900000000e+02,1.4900000000e+02,2.9000000000e+01,1.0425282270e-01
2.8900000000e+02,1.4900000000e+02,3.0000000000e+01,1.2558585405e-01
2.8900000000e+02,1.4900000000e+02,3.1000000000e+01,1.5548035502e-01
2.8900000000e+02,1.7700000000e+02,0.0000000000e+00,1.9897269011e+00
2.8900000000e+02,1.7700000000e+02,1.0000000000e+00,4.8519456387e-01
2.8900000000e+02,1.7700000000e+02,2.0000000000e+00,2.0422767103e-01
2.8900000000e+02,1.7700000000e+02,3.0000000000e+00,1.1942555010e-01
2.8900000000e+02,1.7700000000e+02,4.0000000000e+00,7.7407144010e-02
2.8900000000e+02,1.7700000000e+02,5.0000000000e+00,6.0714073479e-02
2.8900000000e+02,1.7700000000e+02,6.0000000000e+00,5.0171904266e-02
2.8900000000e+02,1.7700000000e+02,7.0000000000e+00,4.5913316309e-02
2.8900000000e+02,1.7700000000e+02,8.0000000000e+00,4.2722240090e-02
2.8900000000e+02,1.7700000000e+02,9.0000000000e+00,4.1565008461e-02
2.8900000000e+02,1.7700000000e+02,1.0000000000e+01,4.0508568287e-02
2.8900000000e+02,1.7700000000e+02,1.1000000000e+01,4.0220659226e-02
2.8900000000e+02,1.7700000000e+02,1.2000000000e+01,3.9856038988e-02
2.8900000000e+02,1.7700000000e+02,1.3000000000e+01,3.9815269411e-02
2.8900000000e+02,1.7700000000e+02,1.4000000000e+01,3.9688240737e-02
2.8900000000e+02,1.7700000000e+02,1.5000000000e+01,3.9710231125e-02
2.8900000000e+02,1.7700000000e+02,1.6000000000e+01,3.9666704834e-02
2.8900000000e+02,1.7700000000e+02,1.7000000000e+01,3.9697531611e-02
2.8900000000e+02,1.7700000000e+02,1.8000000000e+01,3.9683006704e-02
2.8900000000e+02,1.7700000000e+02,1.9000000000e+01,3.9708901197e-02
2.8900000000e+02,1.7700000000e+02,2.0000000000e+01,3.9703778923e-02
2.8900000000e+02,1.7700000000e+02,2.1000000000e+01,3.9722971618e-02
2.8900000000e+02,1.7700000000e+02,2.2000000000e+01,3.9720289409e-02
2.8900000000e+02,1.7700000000e+02,2.3000000000e+01,3.9734128863e-02
2.8900000000e+02,1.7700000000e+02,2.4000000000e+01,3.9731539786e-02
2.8900000000e+02,1.7700000000e+02,2.5000000000e+01,3.9741743356e-02
2.8900000000e+02,1.7700000000e+02,2.6000000000e+01,3.9738580585e-02
2.8900000000e+02,1.7700000000e+02,2.7000000000e+01,3.9746541530e-02
2.8900000000e+02,1.7700000000e+02,2.8000000000e+01,3.9742693305e-02
2.8900000000e+02,1.7700000000e+02,2.9000000000e+01,3.9749410003e-02
2.8900000000e+02,1.7700000000e+02,3.0000000000e+01,3.9744950831e-02
2.8900000000e+02,1.7700000000e+02,3.1000000000e+01,3.9751064032e-02
2.8900000000e+02,2.0500000000e+02,0.0000000000e+00,2.0032572746e+00
2.8900000000e+02,2.0500000000e+02,1.0000000000e+00,4.7380045056e-01
2.8900000000e+02,2.0500000000e+02,2.0000000000e+00,2.1367688477e-01
2.8900000000e+02,2.0500000000e+02,3.0000000000e+00,1.4538763463e-01
2.8900000000e+02,2.0500000000e+02,4.0000000000e+00,1.1462353915e-01
2.8900000000e+02,2.0500000000e+02,5.0000000000e+00,1.0523168743e-01
2.8900000000e+02,2.0500000000e+02,6.0000000000e+00,9.9565312266e-02
2.8900000000e+02,2.0500000000e+02,7.0000000000e+00,9.8576046526e-02
2.8900000000e+02,2.0500000000e+02,8.0000000000e+00,9.7537569702e-02
2.8900000000e+02,2.0500000000e+02,9.0000000000e+00,9.7917817533e-02
2.8900000000e+02,2.0500000000e+02,1.0000000000e+01,9.7835361958e-02
2.8900000000e+02,2.0500000000e+02,1.1000000000e+01,9.8309293389e-02
2.8900000000e+02,2.0500000000e+02,1.2000000000e+01,9.8391175270e-02
2.8900000000e+02,2.0500000000e+02,1.3000000000e+01,9.8749175668e-02
2.8900000000e+02,2.0500000000e+02,1.4000000000e+01,9.8825402558e-02
2.8900000000e+02,2.0500000000e+02,1.5000000000e+01,9.9068827927e-02
2.8900000000e+02,2.0500000000e+02,1.6000000000e+01,9.9113710225e-02
2.8900000000e+02,2.0500000000e+02,1.7000000000e+01,9.9275596440e-02
2.8900000000e+02,2.0500000000e+02,1.8000000000e+01,9.9294416606e-02
2.8900000000e+02,2.0500000000e+02,1.9000000000e+01,9.9403321743e-02
2.8900000000e+02,2.0500000000e+02,2.0000000000e+01,9.9405013025e-02
2.8900000000e+02,2.0500000000e+02,2.1000000000e+01,9.9480509758e-02
2.8900000000e+02,2.0500000000e+02,2.2000000000e+01,9.9472001195e-02
2.8900000000e+02,2.0500000000e+02,2.3000000000e+01,9.9526606500e-02
2.8900000000e+02,2.0500000000e+02,2.4000000000e+01,9.9512435496e-02
2.8900000000e+02,2.0500000000e+02,2.5000000000e+01,9.9553883076e-02
2.8900000000e+02,2.0500000000e+02,2.6000000000e+01,9.9536783993e-02
2.8900000000e+02,2.0500000000e+02,2.7000000000e+01,9.9569886923e-02
2.8900000000e+02,2.0500000000e+02,2.8000000000e+01,9.9551431835e-02
2.8900000000e+02,2.0500000000e+02,2.9000000000e+01,9.9579155445e-02
2.8900000000e+02,2.0500000000e+02,3.0000000000e+01,9.9560216069e-02
2.8900000000e+02,2.0500000000e+02,3.1000000000e+01,9.9584437907e-02
2.8900000000e+02,2.3300000000e+02,0.0000000000e+00,2.0050644875e+00
2.8900000000e+02,2.3300000000e+02,1.0000000000e+00,3.9548161626e-01
2.8900000000e+02,2.3300000000e+02,2.0000000000e+00,1.4279240370e-01
2.8900000000e+02,2.3300000000e+02,3.0000000000e+00,7.5754404068e-02
2.8900000000e+02,2.3300000000e+02,4.0000000000e+00,4.8609033227e-02
2.8900000000e+02,2.3300000000e+02,5.0000000000e+00,3.9169218391e-02
2.8900000000e+02,2.3300000000e+02,6.0000000000e+00,3.4320004284e-02
2.8900000000e+02,2.3300000000e+02,7.0000000000e+00,3.2690942287e-02
2.8900000000e+02,2.3300000000e+02,8.0000000000e+00,3.1658351421e-02
2.8900000000e+02,2.3300000000e+02,9.0000000000e+00,3.1411740929e-02
2.8900000000e+02,2.3300000000e+02,1.0000000000e+01,3.1176425517e-02
2.8900000000e+02,2.3300000000e+02,1.1000000000e+01,3.1178791076e-02
2.8900000000e+02,2.3300000000e+02,1.2000000000e+01,3.1125037000e-02
2.8900000000e+02,2.3300000000e+02,1.3000000000e+01,3.1157970428e-02
2.8900000000e+02,2.3300000000e+02,1.4000000000e+01,3.1146470457e-02
2.8900000000e+02,2.3300000000e+02,1.5000000000e+01,3.1171966344e-02
2.8900000000e+02,2.3300000000e+02,1.6000000000e+01,3.1169934198e-02
2.8900000000e+02,2.3300000000e+02,1.7000000000e+01,3.1185539439e-02
2.8900000000e+02,2.3300000000e+02,1.8000000000e+01,3.1185388565e-02
2.8900000000e+02,2.3300000000e+02,1.9000000000e+01,3.1194141135e-02
2.8900000000e+02,2.3300000000e+02,2.0000000000e+01,3.1194280833e-02
2.8900000000e+02,2.3300000000e+02,2.1000000000e+01,3.1198926270e-02
2.8900000000e+02,2.3300000000e+02,2.2000000000e+01,3.1199099496e-02
2.8900000000e+02,2.3300000000e+02,2.3000000000e+01,3.1201422215e-02
2.8900000000e+02,2.3300000000e+02,2.4000000000e+01,3.1201623380e-02
2.8900000000e+02,2.3300000000e+02,2.5000000000e+01,3.1202664599e-02
2.8900000000e+02,2.3300000000e+02,2.6000000000e+01,3.1202904880e-02
2.8900000000e+02,2.3300000000e+02,2.7000000000e+01,3.1203258783e-02
2.8900000000e+02,2.3300000000e+02,2.8000000000e+01,3.1203534454e-02
2.8900000000e+02,2.3300000000e+02,2.9000000000e+01,3.1203530729e-02
2.8900000000e+02,2.3300000000e+02,3.0000000000e+01,3.1203819439e-02
2.8900000000e+02,2.3300000000e+02,3.1000000000e+01,3.1203642488e-02
2.8900000000e+02,2.6100000000e+02,0.0000000000e+00,1.9882738590e+00
2.8900000000e+02,2.6100000000e+02,1.0000000000e+00,3.9231514931e-01
2.8900000000e+02,2.6100000000e+02,2.0000000000e+00,1.6784352064e-01
2.8900000000e+02,2.6100000000e+02,3.0000000000e+00,1.1309080571e-01
2.8900000000e+02,2.6100000000e+02,4.0000000000e+00,9.4420418143e-02
2.8900000000e+02,2.6100000000e+02,5.0000000000e+00,8.8726930320e-02
2.8900000000e+02,2.6100000000e+02,6.0000000000e+00,8.6697563529e-02
2.8900000000e+02,2.6100000000e+02,7.0000000000e+00,8.6314082146e-02
2.8900000000e+02,2.6100000000e+02,8.0000000000e+00,8.6327612400e-02
2.8900000000e+02,2.6100000000e+02,9.0000000000e+00,8.6523666978e-02
2.8900000000e+02,2.6100000000e+02,1.0000000000e+01,8.6712695658e-02
2.8900000000e+02,2.6100000000e+02,1.1000000000e+01,8.6880542338e-02
2.8900000000e+02,2.6100000000e+02,1.2000000000e+01,8.7012529373e-02
2.8900000000e+02,2.6100000000e+02,1.3000000000e+01,8.7109521031e-02
2.8900000000e+02,2.6100000000e+02,1.4000000000e+01,8.7184727192e-02
2.8900000000e+02,2.6100000000e+02,1.5000000000e+01,8.7235473096e-02
2.8900000000e+02,2.6100000000e+02,1.6000000000e+01,8.7276101112e-02
2.8900000000e+02,2.6100000000e+02,1.7000000000e+01,8.7301641703e-02
2.8900000000e+02,2.6100000000e+02,1.8000000000e+01,8.7323382497e-02
2.8900000000e+02,2.6100000000e+02,1.9000000000e+01,8.7335966527e-02
2.8900000000e+02,2.6100000000e+02,2.0000000000e+01,8.7347686291e-02
2.8900000000e+02,2.6100000000e+02,2.1000000000e+01,8.7353743613e-02
2.8900000000e+02,2.6100000000e+02,2.2000000000e+01,8.7360173464e-02
2.8900000000e+02,2.6100000000e+02,2.3000000000e+01,8.7362997234e-02
2.8900000000e+02,2.6100000000e+02,2.4000000000e+01,8.7366603315e-02
2.8900000000e+02,2.6100000000e+02,2.5000000000e+01,8.7367869914e-02
2.8900000000e+02,2.6100000000e+02,2.6000000000e+01,8.7369941175e-02
2.8900000000e+02,2.6100000000e+02,2.7000000000e+01,8.7370425463e-02
2.8900000000e+02,2.6100000000e+02,2.8000000000e+01,8.7371677160e-02
2.8900000000e+02,2.6100000000e+02,2.9000000000e+01,8.7371803820e-02
2.8900000000e+02,2.6100000000e+02,3.0000000000e+01,8.7372571230e-02
2.8900000000e+02,2.6100000000e+02,3.1000000000e+01,8.7372541428e-02
2.8900000000e+02,2.8900000000e+02,0.0000000000e+00,1.9961746931e+00
2.8900000000e+02,2.8900000000e+02,1.0000000000e+00,3.7091994286e-01
2.8900000000e+02,2.8900000000e+02,2.0000000000e+00,1.5421655774e-01
2.8900000000e+02,2.8900000000e+02,3.0000000000e+00,1.0763646662e-01
2.8900000000e+02,2.8900000000e+02,4.0000000000e+00,9.2153280973e-02
2.8900000000e+02,2.8900000000e+02,5.0000000000e+00,8.8448360562e-02
2.8900000000e+02,2.8900000000e+02,6.0000000000e+00,8.7043985724e-02
2.8900000000e+02,2.8900000000e+02,7.0000000000e+00,8.7066188455e-02
2.8900000000e+02,2.8900000000e+02,8.0000000000e+00,8.7112002075e-02
2.8900000000e+02,2.8900000000e+02,9.0000000000e+00,8.7352856994e-02
2.8900000000e+02,2.8900000000e+02,1.0000000000e+01,8.7476715446e-02
2.8900000000e+02,2.8900000000e+02,1.1000000000e+01,8.7622381747e-02
2.8900000000e+02,2.8900000000e+02,1.2000000000e+01,8.7696015835e-02
2.8900000000e+02,2.8900000000e+02,1.3000000000e+01,8.7768673897e-02
2.8900000000e+02,2.8900000000e+02,1.4000000000e+01,8.7805345654e-02
2.8900000000e+02,2.8900000000e+02,1.5000000000e+01,8.7839879096e-02
2.8900000000e+02,2.8900000000e+02,1.6000000000e+01,8.7857238948e-02
2.8900000000e+02,2.8900000000e+02,1.7000000000e+01,8.7873473763e-02
2.8900000000e+02,2.8900000000e+02,1.8000000000e+01,8.7881579995e-02
2.8900000000e+02,2.8900000000e+02,1.9000000000e+01,8.7889239192e-02
2.8900000000e+02,2.8900000000e+02,2.0000000000e+01,8.7893016636e-02
2.8900000000e+02,2.8900000000e+02,2.1000000000e+01,8.7896659970e-02
2.8900000000e+02,2.8900000000e+02,2.2000000000e+01,8.7898418307e-02
2.8900000000e+02,2.8900000000e+02,2.3000000000e+01,8.7900176644e-02
2.8900000000e+02,2.8900000000e+02,2.4000000000e+01,8.7901003659e-02
2.8900000000e+02,2.8900000000e+02,2.5000000000e+01,8.7901853025e-02
2.8900000000e+02,2.8900000000e+02,2.6000000000e+01,8.7902225554e-02
2.8900000000e+02,2.8900000000e+02,2.7000000000e+01,8.7902665138e-02
2.8900000000e+02,2.8900000000e+02,2.8000000000e+01,8.7902829051e-02
2.8900000000e+02,2.8900000000e+02,2.9000000000e+01,8.7903045118e-02
2.8900000000e+02,2.8900000000e+02,3.0000000000e+01,8.7903119624e-02
2.8900000000e+02,2.8900000000e+02,3.1000000000e+01,8.7903238833e-02
2.8900000000e+02,3.1600000000e+02,0.0000000000e+00,1.9982783794e+00
2.8900000000e+02,3.1600000000e+02,1.0000000000e+00,3.0621320009e-01
2.8900000000e+02,3.1600000000e+02,2.0000000000e+00,9.2344179749e-02
2.8900000000e+02,3.1600000000e+02,3.0000000000e+00,4.6105071902e-02
2.8900000000e+02,3.1600000000e+02,4.0000000000e+00,3.0807500705e-02
2.8900000000e+02,3.1600000000e+02,5.0000000000e+00,2.6762412861e-02
2.8900000000e+02,3.1600000000e+02,6.0000000000e+00,2.4962654337e-02
2.8900000000e+02,3.1600000000e+02,7.0000000000e+00,2.4612918496e-02
2.8900000000e+02,3.1600000000e+02,8.0000000000e+00,2.4370558560e-02
2.8900000000e+02,3.1600000000e+02,9.0000000000e+00,2.4388093501e-02
2.8900000000e+02,3.1600000000e+02,1.0000000000e+01,2.4357508868e-02
2.8900000000e+02,3.1600000000e+02,1.1000000000e+01,2.4388216436e-02
2.8900000000e+02,3.1600000000e+02,1.2000000000e+01,2.4386227131e-02
2.8900000000e+02,3.1600000000e+02,1.3000000000e+01,2.4402877316e-02
2.8900000000e+02,3.1600000000e+02,1.4000000000e+01,2.4403652176e-02
2.8900000000e+02,3.1600000000e+02,1.5000000000e+01,2.4411415681e-02
2.8900000000e+02,3.1600000000e+02,1.6000000000e+01,2.4411885068e-02
2.8900000000e+02,3.1600000000e+02,1.7000000000e+01,2.4415401742e-02
2.8900000000e+02,3.1600000000e+02,1.8000000000e+01,2.4415537715e-02
2.8900000000e+02,3.1600000000e+02,1.9000000000e+01,2.4417145178e-02
2.8900000000e+02,3.1600000000e+02,2.0000000000e+01,2.4417135864e-02
2.8900000000e+02,3.1600000000e+02,2.1000000000e+01,2.4417888373e-02
2.8900000000e+02,3.1600000000e+02,2.2000000000e+01,2.4417838082e-02
2.8900000000e+02,3.1600000000e+02,2.3000000000e+01,2.4418201298e-02
2.8900000000e+02,3.1600000000e+02,2.4000000000e+01,2.4418149143e-02
2.8900000000e+02,3.1600000000e+02,2.5000000000e+01,2.4418331683e-02
2.8900000000e+02,3.1600000000e+02,2.6000000000e+01,2.4418290704e-02
2.8900000000e+02,3.1600000000e+02,2.7000000000e+01,2.4418387562e-02
2.8900000000e+02,3.1600000000e+02,2.8000000000e+01,2.4418357760e-02
2.8900000000e+02,3.1600000000e+02,2.9000000000e+01,2.4418408051e-02
2.8900000000e+02,3.1600000000e+02,3.0000000000e+01,2.4418385699e-02
2.8900000000e+02,3.1600000000e+02,3.1000000000e+01,2.4418417364e-02
2.8900000000e+02,3.4400000000e+02,0.0000000000e+00,1.9903318882e+00
2.8900000000e+02,3.4400000000e+02,1.0000000000e+00,3.2452547550e-01
2.8900000000e+02,3.4400000000e+02,2.0000000000e+00,1.3072824478e-01
2.8900000000e+02,3.4400000000e+02,3.0000000000e+00,9.3275323510e-02
2.8900000000e+02,3.4400000000e+02,4.0000000000e+00,8.3323337138e-02
2.8900000000e+02,3.4400000000e+02,5.0000000000e+00,8.1499174237e-02
2.8900000000e+02,3.4400000000e+02,6.0000000000e+00,8.1235401332e-02
2.8900000000e+02,3.4400000000e+02,7.0000000000e+00,8.1559434533e-02
2.8900000000e+02,3.4400000000e+02,8.0000000000e+00,8.1822693348e-02
2.8900000000e+02,3.4400000000e+02,9.0000000000e+00,8.2072049379e-02
2.8900000000e+02,3.4400000000e+02,1.0000000000e+01,8.2224987447e-02
2.8900000000e+02,3.4400000000e+02,1.1000000000e+01,8.2342162728e-02
2.8900000000e+02,3.4400000000e+02,1.2000000000e+01,8.2411378622e-02
2.8900000000e+02,3.4400000000e+02,1.3000000000e+01,8.2461908460e-02
2.8900000000e+02,3.4400000000e+02,1.4000000000e+01,8.2491636276e-02
2.8900000000e+02,3.4400000000e+02,1.5000000000e+01,8.2513041794e-02
2.8900000000e+02,3.4400000000e+02,1.6000000000e+01,8.2525700331e-02
2.8900000000e+02,3.4400000000e+02,1.7000000000e+01,8.2534775138e-02
2.8900000000e+02,3.4400000000e+02,1.8000000000e+01,8.2540214062e-02
2.8900000000e+02,3.4400000000e+02,1.9000000000e+01,8.2544073462e-02
2.8900000000e+02,3.4400000000e+02,2.0000000000e+01,8.2546435297e-02
2.8900000000e+02,3.4400000000e+02,2.1000000000e+01,8.2548081875e-02
2.8900000000e+02,3.4400000000e+02,2.2000000000e+01,8.2549124956e-02
2.8900000000e+02,3.4400000000e+02,2.3000000000e+01,8.2549825311e-02
2.8900000000e+02,3.4400000000e+02,2.4000000000e+01,8.2550302148e-02
2.8900000000e+02,3.4400000000e+02,2.5000000000e+01,8.2550600171e-02
2.8900000000e+02,3.4400000000e+02,2.6000000000e+01,8.2550816238e-02
2.8900000000e+02,3.4400000000e+02,2.7000000000e+01,8.2550942898e-02
2.8900000000e+02,3.4400000000e+02,2.8000000000e+01,8.2551039755e-02
2.8900000000e+02,3.4400000000e+02,2.9000000000e+01,8.2551091909e-02
2.8900000000e+02,3.4400000000e+02,3.0000000000e+01,8.2551136613e-02
2.8900000000e+02,3.4400000000e+02,3.1000000000e+01,8.2551158965e-02
2.8900000000e+02,3.7200000000e+02,0.0000000000e+00,2.0026443005e+00
2.8900000000e+02,3.7200000000e+02,1.0000000000e+00,2.6564171910e-01
2.8900000000e+02,3.7200000000e+02,2.0000000000e+00,7.4698448181e-02
2.8900000000e+02,3.7200000000e+02,3.0000000000e+00,3.7340167910e-02
2.8900000000e+02,3.7200000000e+02,4.0000000000e+00,2.7355475351e-02
2.8900000000e+02,3.7200000000e+02,5.0000000000e+00,2.4811152369e-02
2.8900000000e+02,3.7200000000e+02,6.0000000000e+00,2.4064704776e-02
2.8900000000e+02,3.7200000000e+02,7.0000000000e+00,2.3919392377e-02
2.8900000000e+02,3.7200000000e+02,8.0000000000e+00,2.3895490915e-02
2.8900000000e+02,3.7200000000e+02,9.0000000000e+00,2.3918768391e-02
2.8900000000e+02,3.7200000000e+02,1.0000000000e+01,2.3935737088e-02
2.8900000000e+02,3.7200000000e+02,1.1000000000e+01,2.3952875286e-02
2.8900000000e+02,3.7200000000e+02,1.2000000000e+01,2.3961763829e-02
2.8900000000e+02,3.7200000000e+02,1.3000000000e+01,2.3969177157e-02
2.8900000000e+02,3.7200000000e+02,1.4000000000e+01,2.3972619325e-02
2.8900000000e+02,3.7200000000e+02,1.5000000000e+01,2.3975556716e-02
2.8900000000e+02,3.7200000000e+02,1.6000000000e+01,2.3976782337e-02
2.8900000000e+02,3.7200000000e+02,1.7000000000e+01,2.3977940902e-02
2.8900000000e+02,3.7200000000e+02,1.8000000000e+01,2.3978356272e-02
2.8900000000e+02,3.7200000000e+02,1.9000000000e+01,2.3978821933e-02
2.8900000000e+02,3.7200000000e+02,2.0000000000e+01,2.3978954181e-02
2.8900000000e+02,3.7200000000e+02,2.1000000000e+01,2.3979147896e-02
2.8900000000e+02,3.7200000000e+02,2.2000000000e+01,2.3979187012e-02
2.8900000000e+02,3.7200000000e+02,2.3000000000e+01,2.3979267105e-02
2.8900000000e+02,3.7200000000e+02,2.4000000000e+01,2.3979278281e-02
2.8900000000e+02,3.7200000000e+02,2.5000000000e+01,2.3979313672e-02
2.8900000000e+02,3.7200000000e+02,2.6000000000e+01,2.3979313672e-02
2.8900000000e+02,3.7200000000e+02,2.7000000000e+01,2.3979332298e-02
2.8900000000e+02,3.7200000000e+02,2.8000000000e+01,2.3979328573e-02
2.8900000000e+02,3.7200000000e+02,2.9000000000e+01,2.3979337886e-02
2.8900000000e+02,3.7200000000e+02,3.0000000000e+01,2.3979336023e-02
2.8900000000e+02,3.7200000000e+02,3.1000000000e+01,2.3979339749e-02
2.8900000000e+02,4.0000000000e+02,0.0000000000e+00,2.0043694973e+00
2.8900000000e+02,4.0000000000e+02,1.0000000000e+00,2.8900054097e-01
2.8900000000e+02,4.0000000000e+02,2.0000000000e+00,1.1216142774e-01
2.8900000000e+02,4.0000000000e+02,3.0000000000e+00,8.1527620554e-02
2.8900000000e+02,4.0000000000e+02,4.0000000000e+00,7.4231676757e-02
2.8900000000e+02,4.0000000000e+02,5.0000000000e+00,7.3102988303e-02
2.8900000000e+02,4.0000000000e+02,6.0000000000e+00,7.2986803949e-02
2.8900000000e+02,4.0000000000e+02,7.0000000000e+00,7.3201231658e-02
2.8900000000e+02,4.0000000000e+02,8.0000000000e+00,7.3356844485e-02
2.8900000000e+02,4.0000000000e+02,9.0000000000e+00,7.3485456407e-02
2.8900000000e+02,4.0000000000e+02,1.0000000000e+01,7.3560819030e-02
2.8900000000e+02,4.0000000000e+02,1.1000000000e+01,7.3611706495e-02
2.8900000000e+02,4.0000000000e+02,1.2000000000e+01,7.3641210794e-02
2.8900000000e+02,4.0000000000e+02,1.3000000000e+01,7.3660001159e-02
2.8900000000e+02,4.0000000000e+02,1.4000000000e+01,7.3671095073e-02
2.8900000000e+02,4.0000000000e+02,1.5000000000e+01,7.3677971959e-02
2.8900000000e+02,4.0000000000e+02,1.6000000000e+01,7.3682136834e-02
2.8900000000e+02,4.0000000000e+02,1.7000000000e+01,7.3684670031e-02
2.8900000000e+02,4.0000000000e+02,1.8000000000e+01,7.3686249554e-02
2.8900000000e+02,4.0000000000e+02,1.9000000000e+01,7.3687195778e-02
2.8900000000e+02,4.0000000000e+02,2.0000000000e+01,7.3687799275e-02
2.8900000000e+02,4.0000000000e+02,2.1000000000e+01,7.3688149452e-02
2.8900000000e+02,4.0000000000e+02,2.2000000000e+01,7.3688380420e-02
2.8900000000e+02,4.0000000000e+02,2.3000000000e+01,7.3688521981e-02
2.8900000000e+02,4.0000000000e+02,2.4000000000e+01,7.3688611388e-02
2.8900000000e+02,4.0000000000e+02,2.5000000000e+01,7.3688656092e-02
2.8900000000e+02,4.0000000000e+02,2.6000000000e+01,7.3688693345e-02
2.8900000000e+02,4.0000000000e+02,2.7000000000e+01,7.3688708246e-02
2.8900000000e+02,4.0000000000e+02,2.8000000000e+01,7.3688730597e-02
2.8900000000e+02,4.0000000000e+02,2.9000000000e+01,7.3688730597e-02
2.8900000000e+02,4.0000000000e+02,3.0000000000e+01,7.3688738048e-02
2.8900000000e+02,4.0000000000e+02,3.1000000000e+01,7.3688738048e-02
3.1600000000e+02,1.0000000000e+01,0.0000000000e+00,2.0054814816e+00
3.1600000000e+02,1.0000000000e+01,1.0000000000e+00,1.8574057817e+00
3.1600000000e+02,1.0000000000e+01,2.0000000000e+00,1.7859392166e+00
3.1600000000e+02,1.0000000000e+01,3.0000000000e+00,1.8282142878e+00
3.1600000000e+02,1.0000000000e+01,4.0000000000e+00,1.8173710108e+00
3.1600000000e+02,1.0000000000e+01,5.0000000000e+00,1.8474265337e+00
3.1600000000e+02,1.0000000000e+01,6.0000000000e+00,1.8465590477e+00
3.1600000000e+02,1.0000000000e+01,7.0000000000e+00,1.8810341358e+00
3.1600000000e+02,1.0000000000e+01,8.0000000000e+00,1.9063911438e+00
3.1600000000e+02,1.0000000000e+01,9.0000000000e+00,2.0031032562e+00
3.1600000000e+02,1.0000000000e+01,1.0000000000e+01,2.1817312241e+00
3.1600000000e+02,1.0000000000e+01,1.1000000000e+01,2.6692826748e+00
3.1600000000e+02,1.0000000000e+01,1.2000000000e+01,3.8226349354e+00
3.1600000000e+02,1.0000000000e+01,1.3000000000e+01,6.8342256546e+00
3.1600000000e+02,1.0000000000e+01,1.4000000000e+01,1.4498097420e+01
3.1600000000e+02,1.0000000000e+01,1.5000000000e+01,3.4630298615e+01
3.1600000000e+02,1.0000000000e+01,1.6000000000e+01,8.7464782715e+01
3.1600000000e+02,1.0000000000e+01,1.7000000000e+01,2.2803993225e+02
3.1600000000e+02,1.0000000000e+01,1.8000000000e+01,6.0353570557e+02
3.1600000000e+02,1.0000000000e+01,1.9000000000e+01,1.6142609863e+03
3.1600000000e+02,1.0000000000e+01,2.0000000000e+01,4.3465122070e+03
3.1600000000e+02,1.0000000000e+01,2.1000000000e+01,1.1769846680e+04
3.1600000000e+02,1.0000000000e+01,2.2000000000e+01,3.2012275391e+04
3.1600000000e+02,1.0000000000e+01,2.3000000000e+01,8.7409789062e+04
3.1600000000e+02,1.0000000000e+01,2.4000000000e+01,2.3945656250e+05
3.1600000000e+02,1.0000000000e+01,2.5000000000e+01,6.5788431250e+05
3.1600000000e+02,1.0000000000e+01,2.6000000000e+01,1.8119641250e+06
3.1600000000e+02,1.0000000000e+01,2.7000000000e+01,5.0014165000e+06
3.1600000000e+02,1.0000000000e+01,2.8000000000e+01,1.3830912000e+07
3.1600000000e+02,1.0000000000e+01,2.9000000000e+01,3.8310452000e+07
3.1600000000e+02,1.0000000000e+01,3.0000000000e+01,1.0626647200e+08
3.1600000000e+02,1.0000000000e+01,3.1000000000e+01,2.9512502400e+08
3.1600000000e+02,3.8000000000e+01,0.0000000000e+00,2.0055418015e+00
3.1600000000e+02,3.8000000000e+01,1.0000000000e+00,1.2365448475e+00
3.1600000000e+02,3.8000000000e+01,2.0000000000e+00,1.0116230249e+00
3.1600000000e+02,3.8000000000e+01,3.0000000000e+00,9.3373465538e-01
3.1600000000e+02,3.8000000000e+01,4.0000000000e+00,8.6685639620e-01
3.1600000000e+02,3.8000000000e+01,5.0000000000e+00,8.3929026127e-01
3.1600000000e+02,3.8000000000e+01,6.0000000000e+00,8.0810546875e-01
3.1600000000e+02,3.8000000000e+01,7.0000000000e+00,7.9966628551e-01
3.1600000000e+02,3.8000000000e+01,8.0000000000e+00,7.8824865818e-01
3.1600000000e+02,3.8000000000e+01,9.0000000000e+00,7.9822278023e-01
3.1600000000e+02,3.8000000000e+01,1.0000000000e+01,8.1334239244e-01
3.1600000000e+02,3.8000000000e+01,1.1000000000e+01,8.6272293329e-01
3.1600000000e+02,3.8000000000e+01,1.2000000000e+01,9.4663786888e-01
3.1600000000e+02,3.8000000000e+01,1.3000000000e+01,1.1193877459e+00
3.1600000000e+02,3.8000000000e+01,1.4000000000e+01,1.4374338388e+00
3.1600000000e+02,3.8000000000e+01,1.5000000000e+01,2.0615231991e+00
3.1600000000e+02,3.8000000000e+01,1.6000000000e+01,3.2762670517e+00
3.1600000000e+02,3.8000000000e+01,1.7000000000e+01,5.7011656761e+00
3.1600000000e+02,3.8000000000e+01,1.8000000000e+01,1.0605248451e+01
3.1600000000e+02,3.8000000000e+01,1.9000000000e+01,2.0651239395e+01
3.1600000000e+02,3.8000000000e+01,2.0000000000e+01,4.1510791779e+01
3.1600000000e+02,3.8000000000e+01,2.1000000000e+01,8.5173759460e+01
3.1600000000e+02,3.8000000000e+01,2.2000000000e+01,1.7748806763e+02
3.1600000000e+02,3.8000000000e+01,2.3000000000e+01,3.7374765015e+02
3.1600000000e+02,3.8000000000e+01,2.4000000000e+01,7.9379833984e+02
3.1600000000e+02,3.8000000000e+01,2.5000000000e+01,1.6963117676e+03
3.1600000000e+02,3.8000000000e+01,2.6000000000e+01,3.6438361816e+03
3.1600000000e+02,3.8000000000e+01,2.7000000000e+01,7.8576386719e+03
3.1600000000e+02,3.8000000000e+01,2.8000000000e+01,1.7000125000e+04
3.1600000000e+02,3.8000000000e+01,2.9000000000e+01,3.6872347656e+04
3.1600000000e+02,3.8000000000e+01,3.0000000000e+01,8.0142968750e+04
3.1600000000e+02,3.8000000000e+01,3.1000000000e+01,1.7447829688e+05
3.1600000000e+02,6.6000000000e+01,0.0000000000e+00,2.0058045387e+00
3.1600000000e+02,6.6000000000e+01,1.0000000000e+00,9.4497358799e-01
3.1600000000e+02,6.6000000000e+01,2.0000000000e+00,6.4679074287e-01
3.1600000000e+02,6.6000000000e+01,3.0000000000e+00,5.3205925226e-01
3.1600000000e+02,6.6000000000e+01,4.0000000000e+00,4.4244584441e-01
3.1600000000e+02,6.6000000000e+01,5.0000000000e+00,3.9739236236e-01
3.1600000000e+02,6.6000000000e+01,6.0000000000e+00,3.5261330009e-01
3.1600000000e+02,6.6000000000e+01,7.0000000000e+00,3.3021476865e-01
3.1600000000e+02,6.6000000000e+01,8.0000000000e+00,3.0424904823e-01
3.1600000000e+02,6.6000000000e+01,9.0000000000e+00,2.9407498240e-01
3.1600000000e+02,6.6000000000e+01,1.0000000000e+01,2.7985325456e-01
3.1600000000e+02,6.6000000000e+01,1.1000000000e+01,2.7987906337e-01
3.1600000000e+02,6.6000000000e+01,1.2000000000e+01,2.7679675817e-01
3.1600000000e+02,6.6000000000e+01,1.3000000000e+01,2.8967842460e-01
3.1600000000e+02,6.6000000000e+01,1.4000000000e+01,3.0227801204e-01
3.1600000000e+02,6.6000000000e+01,1.5000000000e+01,3.3659917116e-01
3.1600000000e+02,6.6000000000e+01,1.6000000000e+01,3.7737601995e-01
3.1600000000e+02,6.6000000000e+01,1.7000000000e+01,4.5280289650e-01
3.1600000000e+02,6.6000000000e+01,1.8000000000e+01,5.5007439852e-01
3.1600000000e+02,6.6000000000e+01,1.9000000000e+01,7.0942240953e-01
3.1600000000e+02,6.6000000000e+01,2.0000000000e+01,9.2521119118e-01
3.1600000000e+02,6.6000000000e+01,2.1000000000e+01,1.2611995935e+00
3.1600000000e+02,6.6000000000e+01,2.2000000000e+01,1.7308309078e+00
3.1600000000e+02,6.6000000000e+01,2.3000000000e+01,2.4451036453e+00
3.1600000000e+02,6.6000000000e+01,2.4000000000e+01,3.4647598267e+00
3.1600000000e+02,6.6000000000e+01,2.5000000000e+01,4.9984116554e+00
3.1600000000e+02,6.6000000000e+01,2.6000000000e+01,7.2192482948e+00
3.1600000000e+02,6.6000000000e+01,2.7000000000e+01,1.0542531013e+01
3.1600000000e+02,6.6000000000e+01,2.8000000000e+01,1.5402464867e+01
3.1600000000e+02,6.6000000000e+01,2.9000000000e+01,2.2659969330e+01
3.1600000000e+02,6.6000000000e+01,3.0000000000e+01,3.3347122192e+01
3.1600000000e+02,6.6000000000e+01,3.1000000000e+01,4.9299133301e+01
3.1600000000e+02,9.4000000000e+01,0.0000000000e+00,1.9973580837e+00
3.1600000000e+02,9.4000000000e+01,1.0000000000e+00,7.6118600368e-01
3.1600000000e+02,9.4000000000e+01,2.0000000000e+00,4.4412881136e-01
3.1600000000e+02,9.4000000000e+01,3.0000000000e+00,3.2678070664e-01
3.1600000000e+02,9.4000000000e+01,4.0000000000e+00,2.4474169314e-01
3.1600000000e+02,9.4000000000e+01,5.0000000000e+00,2.0501285791e-01
3.1600000000e+02,9.4000000000e+01,6.0000000000e+00,1.6920562088e-01
3.1600000000e+02,9.4000000000e+01,7.0000000000e+00,1.5184515715e-01
3.1600000000e+02,9.4000000000e+01,8.0000000000e+00,1.3295531273e-01
3.1600000000e+02,9.4000000000e+01,9.0000000000e+00,1.2522457540e-01
3.1600000000e+02,9.4000000000e+01,1.0000000000e+01,1.1459714919e-01
3.1600000000e+02,9.4000000000e+01,1.1000000000e+01,1.1231300235e-01
3.1600000000e+02,9.4000000000e+01,1.2000000000e+01,1.0685295612e-01
3.1600000000e+02,9.4000000000e+01,1.3000000000e+01,1.0874704272e-01
3.1600000000e+02,9.4000000000e+01,1.4000000000e+01,1.0767684877e-01
3.1600000000e+02,9.4000000000e+01,1.5000000000e+01,1.1408878863e-01
3.1600000000e+02,9.4000000000e+01,1.6000000000e+01,1.1823398620e-01
3.1600000000e+02,9.4000000000e+01,1.7000000000e+01,1.3106805086e-01
3.1600000000e+02,9.4000000000e+01,1.8000000000e+01,1.4313976467e-01
3.1600000000e+02,9.4000000000e+01,1.9000000000e+01,1.6660439968e-01
3.1600000000e+02,9.4000000000e+01,2.0000000000e+01,1.9234769046e-01
3.1600000000e+02,9.4000000000e+01,2.1000000000e+01,2.3469567299e-01
3.1600000000e+02,9.4000000000e+01,2.2000000000e+01,2.8535076976e-01
3.1600000000e+02,9.4000000000e+01,2.3000000000e+01,3.6236599088e-01
3.1600000000e+02,9.4000000000e+01,2.4000000000e+01,4.5953094959e-01
3.1600000000e+02,9.4000000000e+01,2.5000000000e+01,6.0132932663e-01
3.1600000000e+02,9.4000000000e+01,2.6000000000e+01,7.8643518686e-01
3.1600000000e+02,9.4000000000e+01,2.7000000000e+01,1.0506944656e+00
3.1600000000e+02,9.4000000000e+01,2.8000000000e+01,1.4034713507e+00
3.1600000000e+02,9.4000000000e+01,2.9000000000e+01,1.9012483358e+00
3.1600000000e+02,9.4000000000e+01,3.0000000000e+01,2.5758500099e+00
3.1600000000e+02,9.4000000000e+01,3.1000000000e+01,3.5221896172e+00
3.1600000000e+02,1.2100000000e+02,0.0000000000e+00,2.0009663105e+00
3.1600000000e+02,1.2100000000e+02,1.0000000000e+00,6.4292806387e-01
3.1600000000e+02,1.2100000000e+02,2.0000000000e+00,3.3242180943e-01
3.1600000000e+02,1.2100000000e+02,3.0000000000e+00,2.2291001678e-01
3.1600000000e+02,1.2100000000e+02,4.0000000000e+00,1.5497986972e-01
3.1600000000e+02,1.2100000000e+02,5.0000000000e+00,1.2330812961e-01
3.1600000000e+02,1.2100000000e+02,6.0000000000e+00,9.8241940141e-02
3.1600000000e+02,1.2100000000e+02,7.0000000000e+00,8.6113467813e-02
3.1600000000e+02,1.2100000000e+02,8.0000000000e+00,7.4872821569e-02
3.1600000000e+02,1.2100000000e+02,9.0000000000e+00,6.9783493876e-02
3.1600000000e+02,1.2100000000e+02,1.0000000000e+01,6.4290657640e-02
3.1600000000e+02,1.2100000000e+02,1.1000000000e+01,6.2298387289e-02
3.1600000000e+02,1.2100000000e+02,1.2000000000e+01,5.9688244015e-02
3.1600000000e+02,1.2100000000e+02,1.3000000000e+01,5.9391487390e-02
3.1600000000e+02,1.2100000000e+02,1.4000000000e+01,5.8646321297e-02
3.1600000000e+02,1.2100000000e+02,1.5000000000e+01,5.9711221606e-02
3.1600000000e+02,1.2100000000e+02,1.6000000000e+01,6.0769084841e-02
3.1600000000e+02,1.2100000000e+02,1.7000000000e+01,6.3611969352e-02
3.1600000000e+02,1.2100000000e+02,1.8000000000e+01,6.7284695804e-02
3.1600000000e+02,1.2100000000e+02,1.9000000000e+01,7.3291599751e-02
3.1600000000e+02,1.2100000000e+02,2.0000000000e+01,8.1722222269e-02
3.1600000000e+02,1.2100000000e+02,2.1000000000e+01,9.4039663672e-02
3.1600000000e+02,1.2100000000e+02,2.2000000000e+01,1.1190979183e-01
3.1600000000e+02,1.2100000000e+02,2.3000000000e+01,1.3723747432e-01
3.1600000000e+02,1.2100000000e+02,2.4000000000e+01,1.7439922690e-01
3.1600000000e+02,1.2100000000e+02,2.5000000000e+01,2.2680304945e-01
3.1600000000e+02,1.2100000000e+02,2.6000000000e+01,3.0382835865e-01
3.1600000000e+02,1.2100000000e+02,2.7000000000e+01,4.1274872422e-01
3.1600000000e+02,1.2100000000e+02,2.8000000000e+01,5.7255268097e-01
3.1600000000e+02,1.2100000000e+02,2.9000000000e+01,7.9957491159e-01
3.1600000000e+02,1.2100000000e+02,3.0000000000e+01,1.1317300797e+00
3.1600000000e+02,1.2100000000e+02,3.1000000000e+01,1.6056898832e+00
3.1600000000e+02,1.4900000000e+02,0.0000000000e+00,2.0048048496e+00
3.1600000000e+02,1.4900000000e+02,1.0000000000e+00,5.9262502193e-01
3.1600000000e+02,1.4900000000e+02,2.0000000000e+00,3.0830660462e-01
3.1600000000e+02,1.4900000000e+02,3.0000000000e+00,2.1498766541e-01
3.1600000000e+02,1.4900000000e+02,4.0000000000e+00,1.6665078700e-01
3.1600000000e+02,1.4900000000e+02,5.0000000000e+00,1.4527988434e-01
3.1600000000e+02,1.4900000000e+02,6.0000000000e+00,1.3174420595e-01
3.1600000000e+02,1.4900000000e+02,7.0000000000e+00,1.2555514276e-01
3.1600000000e+02,1.4900000000e+02,8.0000000000e+00,1.2113542855e-01
3.1600000000e+02,1.4900000000e+02,9.0000000000e+00,1.1934679747e-01
3.1600000000e+02,1.4900000000e+02,1.0000000000e+01,1.1787669361e-01
3.1600000000e+02,1.4900000000e+02,1.1000000000e+01,1.1753071845e-01
3.1600000000e+02,1.4900000000e+02,1.2000000000e+01,1.1711409688e-01
3.1600000000e+02,1.4900000000e+02,1.3000000000e+01,1.1726025492e-01
3.1600000000e+02,1.4900000000e+02,1.4000000000e+01,1.1724137515e-01
3.1600000000e+02,1.4900000000e+02,1.5000000000e+01,1.1755958200e-01
3.1600000000e+02,1.4900000000e+02,1.6000000000e+01,1.1770565808e-01
3.1600000000e+02,1.4900000000e+02,1.7000000000e+01,1.1810041964e-01
3.1600000000e+02,1.4900000000e+02,1.8000000000e+01,1.1834098399e-01
3.1600000000e+02,1.4900000000e+02,1.9000000000e+01,1.1880735308e-01
3.1600000000e+02,1.4900000000e+02,2.0000000000e+01,1.1914450675e-01
3.1600000000e+02,1.4900000000e+02,2.1000000000e+01,1.1972364783e-01
3.1600000000e+02,1.4900000000e+02,2.2000000000e+01,1.2020296603e-01
3.1600000000e+02,1.4900000000e+02,2.3000000000e+01,1.2097220123e-01
3.1600000000e+02,1.4900000000e+02,2.4000000000e+01,1.2167951465e-01
3.1600000000e+02,1.4900000000e+02,2.5000000000e+01,1.2275925279e-01
3.1600000000e+02,1.4900000000e+02,2.6000000000e+01,1.2383233756e-01
3.1600000000e+02,1.4900000000e+02,2.7000000000e+01,1.2540546060e-01
3.1600000000e+02,1.4900000000e+02,2.8000000000e+01,1.2705890834e-01
3.1600000000e+02,1.4900000000e+02,2.9000000000e+01,1.2940420210e-01
3.1600000000e+02,1.4900000000e+02,3.0000000000e+01,1.3197098672e-01
3.1600000000e+02,1.4900000000e+02,3.1000000000e+01,1.3551628590e-01
3.1600000000e+02,1.7700000000e+02,0.0000000000e+00,1.9998084307e+00
3.1600000000e+02,1.7700000000e+02,1.0000000000e+00,5.1821088791e-01
3.1600000000e+02,1.7700000000e+02,2.0000000000e+00,2.4723413587e-01
3.1600000000e+02,1.7700000000e+02,3.0000000000e+00,1.6541332006e-01
3.1600000000e+02,1.7700000000e+02,4.0000000000e+00,1.2662026286e-01
3.1600000000e+02,1.7700000000e+02,5.0000000000e+00,1.1153936386e-01
3.1600000000e+02,1.7700000000e+02,6.0000000000e+00,1.0276430845e-01
3.1600000000e+02,1.7700000000e+02,7.0000000000e+00,9.9646613002e-02
3.1600000000e+02,1.7700000000e+02,8.0000000000e+00,9.7612485290e-02
3.1600000000e+02,1.7700000000e+02,9.0000000000e+00,9.7297430038e-02
3.1600000000e+02,1.7700000000e+02,1.0000000000e+01,9.7044482827e-02
3.1600000000e+02,1.7700000000e+02,1.1000000000e+01,9.7371943295e-02
3.1600000000e+02,1.7700000000e+02,1.2000000000e+01,9.7577214241e-02
3.1600000000e+02,1.7700000000e+02,1.3000000000e+01,9.7976863384e-02
3.1600000000e+02,1.7700000000e+02,1.4000000000e+01,9.8258830607e-02
3.1600000000e+02,1.7700000000e+02,1.5000000000e+01,9.8588883877e-02
3.1600000000e+02,1.7700000000e+02,1.6000000000e+01,9.8842799664e-02
3.1600000000e+02,1.7700000000e+02,1.7000000000e+01,9.9083498120e-02
3.1600000000e+02,1.7700000000e+02,1.8000000000e+01,9.9289566278e-02
3.1600000000e+02,1.7700000000e+02,1.9000000000e+01,9.9453538656e-02
3.1600000000e+02,1.7700000000e+02,2.0000000000e+01,9.9616698921e-02
3.1600000000e+02,1.7700000000e+02,2.1000000000e+01,9.9721878767e-02
3.1600000000e+02,1.7700000000e+02,2.2000000000e+01,9.9852472544e-02
3.1600000000e+02,1.7700000000e+02,2.3000000000e+01,9.9914588034e-02
3.1600000000e+02,1.7700000000e+02,2.4000000000e+01,1.0002237558e-01
3.1600000000e+02,1.7700000000e+02,2.5000000000e+01,1.0005350411e-01
3.1600000000e+02,1.7700000000e+02,2.6000000000e+01,1.0014633089e-01
3.1600000000e+02,1.7700000000e+02,2.7000000000e+01,1.0015524179e-01
3.1600000000e+02,1.7700000000e+02,2.8000000000e+01,1.0023893416e-01
3.1600000000e+02,1.7700000000e+02,2.9000000000e+01,1.0023184866e-01
3.1600000000e+02,1.7700000000e+02,3.0000000000e+01,1.0031066835e-01
3.1600000000e+02,1.7700000000e+02,3.1000000000e+01,1.0029194504e-01
3.1600000000e+02,2.0500000000e+02,0.0000000000e+00,1.9999659061e+00
3.1600000000e+02,2.0500000000e+02,1.0000000000e+00,4.3212366104e-01
3.1600000000e+02,2.0500000000e+02,2.0000000000e+00,1.6327036917e-01
3.1600000000e+02,2.0500000000e+02,3.0000000000e+00,8.9584968984e-02
3.1600000000e+02,2.0500000000e+02,4.0000000000e+00,5.5627208203e-02
3.1600000000e+02,2.0500000000e+02,5.0000000000e+00,4.3861556798e-02
3.1600000000e+02,2.0500000000e+02,6.0000000000e+00,3.6569889635e-02
3.1600000000e+02,2.0500000000e+02,7.0000000000e+00,3.4288555384e-02
3.1600000000e+02,2.0500000000e+02,8.0000000000e+00,3.2351087779e-02
3.1600000000e+02,2.0500000000e+02,9.0000000000e+00,3.1977694482e-02
3.1600000000e+02,2.0500000000e+02,1.0000000000e+01,3.1386703253e-02
3.1600000000e+02,2.0500000000e+02,1.1000000000e+01,3.1409122050e-02
3.1600000000e+02,2.0500000000e+02,1.2000000000e+01,3.1203303486e-02
3.1600000000e+02,2.0500000000e+02,1.3000000000e+01,3.1285915524e-02
3.1600000000e+02,2.0500000000e+02,1.4000000000e+01,3.1201522797e-02
3.1600000000e+02,2.0500000000e+02,1.5000000000e+01,3.1273514032e-02
3.1600000000e+02,2.0500000000e+02,1.6000000000e+01,3.1231410801e-02
3.1600000000e+02,2.0500000000e+02,1.7000000000e+01,3.1283639371e-02
3.1600000000e+02,2.0500000000e+02,1.8000000000e+01,3.1258299947e-02
3.1600000000e+02,2.0500000000e+02,1.9000000000e+01,3.1294446439e-02
3.1600000000e+02,2.0500000000e+02,2.0000000000e+01,3.1276948750e-02
3.1600000000e+02,2.0500000000e+02,2.1000000000e+01,3.1301882118e-02
3.1600000000e+02,2.0500000000e+02,2.2000000000e+01,3.1288769096e-02
3.1600000000e+02,2.0500000000e+02,2.3000000000e+01,3.1306229532e-02
3.1600000000e+02,2.0500000000e+02,2.4000000000e+01,3.1295958906e-02
3.1600000000e+02,2.0500000000e+02,2.5000000000e+01,3.1308494508e-02
3.1600000000e+02,2.0500000000e+02,2.6000000000e+01,3.1300239265e-02
3.1600000000e+02,2.0500000000e+02,2.7000000000e+01,3.1309496611e-02
3.1600000000e+02,2.0500000000e+02,2.8000000000e+01,3.1302746385e-02
3.1600000000e+02,2.0500000000e+02,2.9000000000e+01,3.1309787184e-02
3.1600000000e+02,2.0500000000e+02,3.0000000000e+01,3.1304191798e-02
3.1600000000e+02,2.0500000000e+02,3.1000000000e+01,3.1309708953e-02
3.1600000000e+02,2.3300000000e+02,0.0000000000e+00,1.9966032505e+00
3.1600000000e+02,2.3300000000e+02,1.0000000000e+00,3.8956540823e-01
3.1600000000e+02,2.3300000000e+02,2.0000000000e+00,1.3888572156e-01
3.1600000000e+02,2.3300000000e+02,3.0000000000e+00,7.1904763579e-02
3.1600000000e+02,2.3300000000e+02,4.0000000000e+00,4.4700149447e-02
3.1600000000e+02,2.3300000000e+02,5.0000000000e+00,3.5205755383e-02
3.1600000000e+02,2.3300000000e+02,6.0000000000e+00,3.0253253877e-02
3.1600000000e+02,2.3300000000e+02,7.0000000000e+00,2.8596984223e-02
3.1600000000e+02,2.3300000000e+02,8.0000000000e+00,2.7511954308e-02
3.1600000000e+02,2.3300000000e+02,9.0000000000e+00,2.7253413573e-02
3.1600000000e+02,2.3300000000e+02,1.0000000000e+01,2.6995725930e-02
3.1600000000e+02,2.3300000000e+02,1.1000000000e+01,2.6991603896e-02
3.1600000000e+02,2.3300000000e+02,1.2000000000e+01,2.6930032298e-02
3.1600000000e+02,2.3300000000e+02,1.3000000000e+01,2.6958074421e-02
3.1600000000e+02,2.3300000000e+02,1.4000000000e+01,2.6945572346e-02
3.1600000000e+02,2.3300000000e+02,1.5000000000e+01,2.6966523379e-02
3.1600000000e+02,2.3300000000e+02,1.6000000000e+01,2.6966670528e-02
3.1600000000e+02,2.3300000000e+02,1.7000000000e+01,2.6977730915e-02
3.1600000000e+02,2.3300000000e+02,1.8000000000e+01,2.6981238276e-02
3.1600000000e+02,2.3300000000e+02,1.9000000000e+01,2.6985399425e-02
3.1600000000e+02,2.3300000000e+02,2.0000000000e+01,2.6989866048e-02
3.1600000000e+02,2.3300000000e+02,2.1000000000e+01,2.6989893988e-02
3.1600000000e+02,2.3300000000e+02,2.2000000000e+01,2.6994686574e-02
3.1600000000e+02,2.3300000000e+02,2.3000000000e+01,2.6992389932e-02
3.1600000000e+02,2.3300000000e+02,2.4000000000e+01,2.6997316629e-02
3.1600000000e+02,2.3300000000e+02,2.5000000000e+01,2.6993764564e-02
3.1600000000e+02,2.3300000000e+02,2.6000000000e+01,2.6998745278e-02
3.1600000000e+02,2.3300000000e+02,2.7000000000e+01,2.6994548738e-02
3.1600000000e+02,2.3300000000e+02,2.8000000000e+01,2.6999542490e-02
3.1600000000e+02,2.3300000000e+02,2.9000000000e+01,2.6995033026e-02
3.1600000000e+02,2.3300000000e+02,3.0000000000e+01,2.7000004426e-02
3.1600000000e+02,2.3300000000e+02,3.1000000000e+01,2.6995373890e-02
3.1600000000e+02,2.6100000000e+02,0.0000000000e+00,1.9958441257e+00
3.1600000000e+02,2.6100000000e+02,1.0000000000e+00,3.8935813308e-01
3.1600000000e+02,2.6100000000e+02,2.0000000000e+00,1.6175363958e-01
3.1600000000e+02,2.6100000000e+02,3.0000000000e+00,1.0738718510e-01
3.1600000000e+02,2.6100000000e+02,4.0000000000e+00,8.7999559939e-02
3.1600000000e+02,2.6100000000e+02,5.0000000000e+00,8.2509875298e-02
3.1600000000e+02,2.6100000000e+02,6.0000000000e+00,8.0210752785e-02
3.1600000000e+02,2.6100000000e+02,7.0000000000e+00,7.9945281148e-02
3.1600000000e+02,2.6100000000e+02,8.0000000000e+00,7.9851448536e-02
3.1600000000e+02,2.6100000000e+02,9.0000000000e+00,8.0120958388e-02
3.1600000000e+02,2.6100000000e+02,1.0000000000e+01,8.0265022814e-02
3.1600000000e+02,2.6100000000e+02,1.1000000000e+01,8.0477818847e-02
3.1600000000e+02,2.6100000000e+02,1.2000000000e+01,8.0589614809e-02
3.1600000000e+02,2.6100000000e+02,1.3000000000e+01,8.0713443458e-02
3.1600000000e+02,2.6100000000e+02,1.4000000000e+01,8.0778867006e-02
3.1600000000e+02,2.6100000000e+02,1.5000000000e+01,8.0845341086e-02
3.1600000000e+02,2.6100000000e+02,1.6000000000e+01,8.0880895257e-02
3.1600000000e+02,2.6100000000e+02,1.7000000000e+01,8.0915570259e-02
3.1600000000e+02,2.6100000000e+02,1.8000000000e+01,8.0934539437e-02
3.1600000000e+02,2.6100000000e+02,1.9000000000e+01,8.0952346325e-02
3.1600000000e+02,2.6100000000e+02,2.0000000000e+01,8.0962516367e-02
3.1600000000e+02,2.6100000000e+02,2.1000000000e+01,8.0971568823e-02
3.1600000000e+02,2.6100000000e+02,2.2000000000e+01,8.0977112055e-02
3.1600000000e+02,2.6100000000e+02,2.3000000000e+01,8.0981619656e-02
3.1600000000e+02,2.6100000000e+02,2.4000000000e+01,8.0984741449e-02
3.1600000000e+02,2.6100000000e+02,2.5000000000e+01,8.0986917019e-02
3.1600000000e+02,2.6100000000e+02,2.6000000000e+01,8.0988742411e-02
3.1600000000e+02,2.6100000000e+02,2.7000000000e+01,8.0989725888e-02
3.1600000000e+02,2.6100000000e+02,2.8000000000e+01,8.0990836024e-02
3.1600000000e+02,2.6100000000e+02,2.9000000000e+01,8.0991230905e-02
3.1600000000e+02,2.6100000000e+02,3.0000000000e+01,8.0991938710e-02
3.1600000000e+02,2.6100000000e+02,3.1000000000e+01,8.0992043018e-02
3.1600000000e+02,2.8900000000e+02,0.0000000000e+00,1.9993311167e+00
3.1600000000e+02,2.8900000000e+02,1.0000000000e+00,3.6588308215e-01
3.1600000000e+02,2.8900000000e+02,2.0000000000e+00,1.4842990041e-01
3.1600000000e+02,2.8900000000e+02,3.0000000000e+00,1.0105999559e-01
3.1600000000e+02,2.8900000000e+02,4.0000000000e+00,8.5630007088e-02
3.1600000000e+02,2.8900000000e+02,5.0000000000e+00,8.2017771900e-02
3.1600000000e+02,2.8900000000e+02,6.0000000000e+00,8.0775618553e-02
3.1600000000e+02,2.8900000000e+02,7.0000000000e+00,8.0950617790e-02
3.1600000000e+02,2.8900000000e+02,8.0000000000e+00,8.1116683781e-02
3.1600000000e+02,2.8900000000e+02,9.0000000000e+00,8.1464745104e-02
3.1600000000e+02,2.8900000000e+02,1.0000000000e+01,8.1659786403e-02
3.1600000000e+02,2.8900000000e+02,1.1000000000e+01,8.1869311631e-02
3.1600000000e+02,2.8900000000e+02,1.2000000000e+01,8.1981331110e-02
3.1600000000e+02,2.8900000000e+02,1.3000000000e+01,8.2089848816e-02
3.1600000000e+02,2.8900000000e+02,1.4000000000e+01,8.2146234810e-02
3.1600000000e+02,2.8900000000e+02,1.5000000000e+01,8.2200437784e-02
3.1600000000e+02,2.8900000000e+02,1.6000000000e+01,8.2227632403e-02
3.1600000000e+02,2.8900000000e+02,1.7000000000e+01,8.2254581153e-02
3.1600000000e+02,2.8900000000e+02,1.8000000000e+01,8.2267463207e-02
3.1600000000e+02,2.8900000000e+02,1.9000000000e+01,8.2280963659e-02
3.1600000000e+02,2.8900000000e+02,2.0000000000e+01,8.2287006080e-02
3.1600000000e+02,2.8900000000e+02,2.1000000000e+01,8.2293853164e-02
3.1600000000e+02,2.8900000000e+02,2.2000000000e+01,8.2296654582e-02
3.1600000000e+02,2.8900000000e+02,2.3000000000e+01,8.2300186157e-02
3.1600000000e+02,2.8900000000e+02,2.4000000000e+01,8.2301452756e-02
3.1600000000e+02,2.8900000000e+02,2.5000000000e+01,8.2303300500e-02
3.1600000000e+02,2.8900000000e+02,2.6000000000e+01,8.2303866744e-02
3.1600000000e+02,2.8900000000e+02,2.7000000000e+01,8.2304842770e-02
3.1600000000e+02,2.8900000000e+02,2.8000000000e+01,8.2305096090e-02
3.1600000000e+02,2.8900000000e+02,2.9000000000e+01,8.2305625081e-02
3.1600000000e+02,2.8900000000e+02,3.0000000000e+01,8.2305729389e-02
3.1600000000e+02,2.8900000000e+02,3.1000000000e+01,8.2306005061e-02
3.1600000000e+02,3.1600000000e+02,0.0000000000e+00,2.0033361912e+00
3.1600000000e+02,3.1600000000e+02,1.0000000000e+00,3.0335202813e-01
3.1600000000e+02,3.1600000000e+02,2.0000000000e+00,9.0368270874e-02
3.1600000000e+02,3.1600000000e+02,3.0000000000e+00,4.3364062905e-02
3.1600000000e+02,3.1600000000e+02,4.0000000000e+00,2.8335427865e-02
3.1600000000e+02,3.1600000000e+02,5.0000000000e+00,2.4097129703e-02
3.1600000000e+02,3.1600000000e+02,6.0000000000e+00,2.2361285985e-02
3.1600000000e+02,3.1600000000e+02,7.0000000000e+00,2.1950690076e-02
3.1600000000e+02,3.1600000000e+02,8.0000000000e+00,2.1725984290e-02
3.1600000000e+02,3.1600000000e+02,9.0000000000e+00,2.1721556783e-02
3.1600000000e+02,3.1600000000e+02,1.0000000000e+01,2.1697442979e-02
3.1600000000e+02,3.1600000000e+02,1.1000000000e+01,2.1719209850e-02
3.1600000000e+02,3.1600000000e+02,1.2000000000e+01,2.1720496938e-02
3.1600000000e+02,3.1600000000e+02,1.3000000000e+01,2.1732987836e-02
3.1600000000e+02,3.1600000000e+02,1.4000000000e+01,2.1735809743e-02
3.1600000000e+02,3.1600000000e+02,1.5000000000e+01,2.1741349250e-02
3.1600000000e+02,3.1600000000e+02,1.6000000000e+01,2.1743226796e-02
3.1600000000e+02,3.1600000000e+02,1.7000000000e+01,2.1745393053e-02
3.1600000000e+02,3.1600000000e+02,1.8000000000e+01,2.1746527404e-02
3.1600000000e+02,3.1600000000e+02,1.9000000000e+01,2.1747244522e-02
3.1600000000e+02,3.1600000000e+02,2.0000000000e+01,2.1747952327e-02
3.1600000000e+02,3.1600000000e+02,2.1000000000e+01,2.1748090163e-02
3.1600000000e+02,3.1600000000e+02,2.2000000000e+01,2.1748557687e-02
3.1600000000e+02,3.1600000000e+02,2.3000000000e+01,2.1748483181e-02
3.1600000000e+02,3.1600000000e+02,2.4000000000e+01,2.1748803556e-02
3.1600000000e+02,3.1600000000e+02,2.5000000000e+01,2.1748671308e-02
3.1600000000e+02,3.1600000000e+02,2.6000000000e+01,2.1748904139e-02
3.1600000000e+02,3.1600000000e+02,2.7000000000e+01,2.1748768166e-02
3.1600000000e+02,3.1600000000e+02,2.8000000000e+01,2.1748935804e-02
3.1600000000e+02,3.1600000000e+02,2.9000000000e+01,2.1748820320e-02
3.1600000000e+02,3.1600000000e+02,3.0000000000e+01,2.1748945117e-02
3.1600000000e+02,3.1600000000e+02,3.1000000000e+01,2.1748848259e-02
3.1600000000e+02,3.4400000000e+02,0.0000000000e+00,1.9912917614e+00
3.1600000000e+02,3.4400000000e+02,1.0000000000e+00,2.7913230658e-01
3.1600000000e+02,3.4400000000e+02,2.0000000000e+00,7.8842230141e-02
3.1600000000e+02,3.4400000000e+02,3.0000000000e+00,3.7583515048e-02
3.1600000000e+02,3.4400000000e+02,4.0000000000e+00,2.5726538152e-02
3.1600000000e+02,3.4400000000e+02,5.0000000000e+00,2.2581353784e-02
3.1600000000e+02,3.4400000000e+02,6.0000000000e+00,2.1550524980e-02
3.1600000000e+02,3.4400000000e+02,7.0000000000e+00,2.1338447928e-02
3.1600000000e+02,3.4400000000e+02,8.0000000000e+00,2.1283961833e-02
3.1600000000e+02,3.4400000000e+02,9.0000000000e+00,2.1310042590e-02
3.1600000000e+02,3.4400000000e+02,1.0000000000e+01,2.1330732852e-02
3.1600000000e+02,3.4400000000e+02,1.1000000000e+01,2.1353932098e-02
3.1600000000e+02,3.4400000000e+02,1.2000000000e+01,2.1367818117e-02
3.1600000000e+02,3.4400000000e+02,1.3000000000e+01,2.1378390491e-02
3.1600000000e+02,3.4400000000e+02,1.4000000000e+01,2.1384786814e-02
3.1600000000e+02,3.4400000000e+02,1.5000000000e+01,2.1389026195e-02
3.1600000000e+02,3.4400000000e+02,1.6000000000e+01,2.1391768008e-02
3.1600000000e+02,3.4400000000e+02,1.7000000000e+01,2.1393392235e-02
3.1600000000e+02,3.4400000000e+02,1.8000000000e+01,2.1394563839e-02
3.1600000000e+02,3.4400000000e+02,1.9000000000e+01,2.1395159885e-02
3.1600000000e+02,3.4400000000e+02,2.0000000000e+01,2.1395677701e-02
3.1600000000e+02,3.4400000000e+02,2.1000000000e+01,2.1395882592e-02
3.1600000000e+02,3.4400000000e+02,2.2000000000e+01,2.1396121010e-02
3.1600000000e+02,3.4400000000e+02,2.3000000000e+01,2.1396182477e-02
3.1600000000e+02,3.4400000000e+02,2.4000000000e+01,2.1396296099e-02
3.1600000000e+02,3.4400000000e+02,2.5000000000e+01,2.1396307275e-02
3.1600000000e+02,3.4400000000e+02,2.6000000000e+01,2.1396366879e-02
3.1600000000e+02,3.4400000000e+02,2.7000000000e+01,2.1396361291e-02
3.1600000000e+02,3.4400000000e+02,2.8000000000e+01,2.1396394819e-02
3.1600000000e+02,3.4400000000e+02,2.9000000000e+01,2.1396383643e-02
3.1600000000e+02,3.4400000000e+02,3.0000000000e+01,2.1396405995e-02
3.1600000000e+02,3.4400000000e+02,3.1000000000e+01,2.1396394819e-02
3.1600000000e+02,3.7200000000e+02,0.0000000000e+00,1.9995226860e+00
3.1600000000e+02,3.7200000000e+02,1.0000000000e+00,2.6369267702e-01
3.1600000000e+02,3.7200000000e+02,2.0000000000e+00,7.1489319205e-02
3.1600000000e+02,3.7200000000e+02,3.0000000000e+00,3.4570578486e-02
3.1600000000e+02,3.7200000000e+02,4.0000000000e+00,2.4389067665e-02
3.1600000000e+02,3.7200000000e+02,5.0000000000e+00,2.1995341405e-02
3.1600000000e+02,3.7200000000e+02,6.0000000000e+00,2.1184161305e-02
3.1600000000e+02,3.7200000000e+02,7.0000000000e+00,2.1086620167e-02
3.1600000000e+02,3.7200000000e+02,8.0000000000e+00,2.1039301530e-02
3.1600000000e+02,3.7200000000e+02,9.0000000000e+00,2.1078580990e-02
3.1600000000e+02,3.7200000000e+02,1.0000000000e+01,2.1087203175e-02
3.1600000000e+02,3.7200000000e+02,1.1000000000e+01,2.1109983325e-02
3.1600000000e+02,3.7200000000e+02,1.2000000000e+01,2.1115938202e-02
3.1600000000e+02,3.7200000000e+02,1.3000000000e+01,2.1125391126e-02
3.1600000000e+02,3.7200000000e+02,1.4000000000e+01,2.1127820015e-02
3.1600000000e+02,3.7200000000e+02,1.5000000000e+01,2.1131500602e-02
3.1600000000e+02,3.7200000000e+02,1.6000000000e+01,2.1132383496e-02
3.1600000000e+02,3.7200000000e+02,1.7000000000e+01,2.1133804694e-02
3.1600000000e+02,3.7200000000e+02,1.8000000000e+01,2.1134113893e-02
3.1600000000e+02,3.7200000000e+02,1.9000000000e+01,2.1134667099e-02
3.1600000000e+02,3.7200000000e+02,2.0000000000e+01,2.1134773269e-02
3.1600000000e+02,3.7200000000e+02,2.1000000000e+01,2.1134991199e-02
3.1600000000e+02,3.7200000000e+02,2.2000000000e+01,2.1135028452e-02
3.1600000000e+02,3.7200000000e+02,2.3000000000e+01,2.1135114133e-02
3.1600000000e+02,3.7200000000e+02,2.4000000000e+01,2.1135125309e-02
3.1600000000e+02,3.7200000000e+02,2.5000000000e+01,2.1135160699e-02
3.1600000000e+02,3.7200000000e+02,2.6000000000e+01,2.1135166287e-02
3.1600000000e+02,3.7200000000e+02,2.7000000000e+01,2.1135179326e-02
3.1600000000e+02,3.7200000000e+02,2.8000000000e+01,2.1135181189e-02
3.1600000000e+02,3.7200000000e+02,2.9000000000e+01,2.1135184914e-02
3.1600000000e+02,3.7200000000e+02,3.0000000000e+01,2.1135184914e-02
3.1600000000e+02,3.7200000000e+02,3.1000000000e+01,2.1135188639e-02
3.1600000000e+02,4.0000000000e+02,0.0000000000e+00,2.0019528866e+00
3.1600000000e+02,4.0000000000e+02,1.0000000000e+00,2.8641009331e-01
3.1600000000e+02,4.0000000000e+02,2.0000000000e+00,1.1139008403e-01
3.1600000000e+02,4.0000000000e+02,3.0000000000e+00,7.9495310783e-02
3.1600000000e+02,4.0000000000e+02,4.0000000000e+00,7.2559624910e-02
3.1600000000e+02,4.0000000000e+02,5.0000000000e+00,7.1129031479e-02
3.1600000000e+02,4.0000000000e+02,6.0000000000e+00,7.1126550436e-02
3.1600000000e+02,4.0000000000e+02,7.0000000000e+00,7.1272805333e-02
3.1600000000e+02,4.0000000000e+02,8.0000000000e+00,7.1468219161e-02
3.1600000000e+02,4.0000000000e+02,9.0000000000e+00,7.1580909193e-02
3.1600000000e+02,4.0000000000e+02,1.0000000000e+01,7.1670748293e-02
3.1600000000e+02,4.0000000000e+02,1.1000000000e+01,7.1717783809e-02
3.1600000000e+02,4.0000000000e+02,1.2000000000e+01,7.1752712131e-02
3.1600000000e+02,4.0000000000e+02,1.3000000000e+01,7.1770533919e-02
3.1600000000e+02,4.0000000000e+02,1.4000000000e+01,7.1783721447e-02
3.1600000000e+02,4.0000000000e+02,1.5000000000e+01,7.1790337563e-02
3.1600000000e+02,4.0000000000e+02,1.6000000000e+01,7.1795322001e-02
3.1600000000e+02,4.0000000000e+02,1.7000000000e+01,7.1797780693e-02
3.1600000000e+02,4.0000000000e+02,1.8000000000e+01,7.1799695492e-02
3.1600000000e+02,4.0000000000e+02,1.9000000000e+01,7.1800604463e-02
3.1600000000e+02,4.0000000000e+02,2.0000000000e+01,7.1801349521e-02
3.1600000000e+02,4.0000000000e+02,2.1000000000e+01,7.1801684797e-02
3.1600000000e+02,4.0000000000e+02,2.2000000000e+01,7.1801982820e-02
3.1600000000e+02,4.0000000000e+02,2.3000000000e+01,7.1802116930e-02
3.1600000000e+02,4.0000000000e+02,2.4000000000e+01,7.1802221239e-02
3.1600000000e+02,4.0000000000e+02,2.5000000000e+01,7.1802273393e-02
3.1600000000e+02,4.0000000000e+02,2.6000000000e+01,7.1802318096e-02
3.1600000000e+02,4.0000000000e+02,2.7000000000e+01,7.1802340448e-02
3.1600000000e+02,4.0000000000e+02,2.8000000000e+01,7.1802355349e-02
3.1600000000e+02,4.0000000000e+02,2.9000000000e+01,7.1802362800e-02
3.1600000000e+02,4.0000000000e+02,3.0000000000e+01,7.1802370250e-02
3.1600000000e+02,4.0000000000e+02,3.1000000000e+01,7.1802377701e-02
3.4400000000e+02,1.0000000000e+01,0.0000000000e+00,1.9945118427e+00
3.4400000000e+02,1.0000000000e+01,1.0000000000e+00,1.8308494091e+00
3.4400000000e+02,1.0000000000e+01,2.0000000000e+00,1.7672390938e+00
3.4400000000e+02,1.0000000000e+01,3.0000000000e+00,1.8049178123e+00
3.4400000000e+02,1.0000000000e+01,4.0000000000e+00,1.7991181612e+00
3.4400000000e+02,1.0000000000e+01,5.0000000000e+00,1.8303925991e+00
3.4400000000e+02,1.0000000000e+01,6.0000000000e+00,1.8396625519e+00
3.4400000000e+02,1.0000000000e+01,7.0000000000e+00,1.8931164742e+00
3.4400000000e+02,1.0000000000e+01,8.0000000000e+00,1.9626953602e+00
3.4400000000e+02,1.0000000000e+01,9.0000000000e+00,2.1643531322e+00
3.4400000000e+02,1.0000000000e+01,1.0000000000e+01,2.5777964592e+00
3.4400000000e+02,1.0000000000e+01,1.1000000000e+01,3.6313898563e+00
3.4400000000e+02,1.0000000000e+01,1.2000000000e+01,6.0925707817e+00
3.4400000000e+02,1.0000000000e+01,1.3000000000e+01,1.2255220413e+01
3.4400000000e+02,1.0000000000e+01,1.4000000000e+01,2.7372249603e+01
3.4400000000e+02,1.0000000000e+01,1.5000000000e+01,6.5459846497e+01
3.4400000000e+02,1.0000000000e+01,1.6000000000e+01,1.6116793823e+02
3.4400000000e+02,1.0000000000e+01,1.7000000000e+01,4.0461059570e+02
3.4400000000e+02,1.0000000000e+01,1.8000000000e+01,1.0249309082e+03
3.4400000000e+02,1.0000000000e+01,1.9000000000e+01,2.6156477051e+03
3.4400000000e+02,1.0000000000e+01,2.0000000000e+01,6.7045942383e+03
3.4400000000e+02,1.0000000000e+01,2.1000000000e+01,1.7254089844e+04
3.4400000000e+02,1.0000000000e+01,2.2000000000e+01,4.4527941406e+04
3.4400000000e+02,1.0000000000e+01,2.3000000000e+01,1.1520348438e+05
3.4400000000e+02,1.0000000000e+01,2.4000000000e+01,2.9863737500e+05
3.4400000000e+02,1.0000000000e+01,2.5000000000e+01,7.7546718750e+05
3.4400000000e+02,1.0000000000e+01,2.6000000000e+01,2.0164376250e+06
3.4400000000e+02,1.0000000000e+01,2.7000000000e+01,5.2496365000e+06
3.4400000000e+02,1.0000000000e+01,2.8000000000e+01,1.3680857000e+07
3.4400000000e+02,1.0000000000e+01,2.9000000000e+01,3.5684620000e+07
3.4400000000e+02,1.0000000000e+01,3.0000000000e+01,9.3149376000e+07
3.4400000000e+02,1.0000000000e+01,3.1000000000e+01,2.4331660800e+08
3.4400000000e+02,3.8000000000e+01,0.0000000000e+00,1.9852720499e+00
3.4400000000e+02,3.8000000000e+01,1.0000000000e+00,1.2142295837e+00
3.4400000000e+02,3.8000000000e+01,2.0000000000e+00,9.9035555124e-01
3.4400000000e+02,3.8000000000e+01,3.0000000000e+00,9.1308116913e-01
3.4400000000e+02,3.8000000000e+01,4.0000000000e+00,8.4692364931e-01
3.4400000000e+02,3.8000000000e+01,5.0000000000e+00,8.1958448887e-01
3.4400000000e+02,3.8000000000e+01,6.0000000000e+00,7.8874987364e-01
3.4400000000e+02,3.8000000000e+01,7.0000000000e+00,7.8027117252e-01
3.4400000000e+02,3.8000000000e+01,8.0000000000e+00,7.6840466261e-01
3.4400000000e+02,3.8000000000e+01,9.0000000000e+00,7.7692931890e-01
3.4400000000e+02,3.8000000000e+01,1.0000000000e+01,7.8788506985e-01
3.4400000000e+02,3.8000000000e+01,1.1000000000e+01,8.2779097557e-01
3.4400000000e+02,3.8000000000e+01,1.2000000000e+01,8.8846743107e-01
3.4400000000e+02,3.8000000000e+01,1.3000000000e+01,1.0094459057e+00
3.4400000000e+02,3.8000000000e+01,1.4000000000e+01,1.2073931694e+00
3.4400000000e+02,3.8000000000e+01,1.5000000000e+01,1.5643211603e+00
3.4400000000e+02,3.8000000000e+01,1.6000000000e+01,2.1737155914e+00
3.4400000000e+02,3.8000000000e+01,1.7000000000e+01,3.2534499168e+00
3.4400000000e+02,3.8000000000e+01,1.8000000000e+01,5.1445584297e+00
3.4400000000e+02,3.8000000000e+01,1.9000000000e+01,8.5065994263e+00
3.4400000000e+02,3.8000000000e+01,2.0000000000e+01,1.4491729736e+01
3.4400000000e+02,3.8000000000e+01,2.1000000000e+01,2.5219747543e+01
3.4400000000e+02,3.8000000000e+01,2.2000000000e+01,4.4536331177e+01
3.4400000000e+02,3.8000000000e+01,2.3000000000e+01,7.9455665588e+01
3.4400000000e+02,3.8000000000e+01,2.4000000000e+01,1.4287918091e+02
3.4400000000e+02,3.8000000000e+01,2.5000000000e+01,2.5841503906e+02
3.4400000000e+02,3.8000000000e+01,2.6000000000e+01,4.6975555420e+02
3.4400000000e+02,3.8000000000e+01,2.7000000000e+01,8.5733245850e+02
3.4400000000e+02,3.8000000000e+01,2.8000000000e+01,1.5705926514e+03
3.4400000000e+02,3.8000000000e+01,2.9000000000e+01,2.8862770996e+03
3.4400000000e+02,3.8000000000e+01,3.0000000000e+01,5.3203198242e+03
3.4400000000e+02,3.8000000000e+01,3.1000000000e+01,9.8330566406e+03
3.4400000000e+02,6.6000000000e+01,0.0000000000e+00,1.9972785711e+00
3.4400000000e+02,6.6000000000e+01,1.0000000000e+00,9.3617159128e-01
3.4400000000e+02,6.6000000000e+01,2.0000000000e+00,6.3658457994e-01
3.4400000000e+02,6.6000000000e+01,3.0000000000e+00,5.2376180887e-01
3.4400000000e+02,6.6000000000e+01,4.0000000000e+00,4.3369463086e-01
3.4400000000e+02,6.6000000000e+01,5.0000000000e+00,3.9025667310e-01
3.4400000000e+02,6.6000000000e+01,6.0000000000e+00,3.4645581245e-01
3.4400000000e+02,6.6000000000e+01,7.0000000000e+00,3.2682988048e-01
3.4400000000e+02,6.6000000000e+01,8.0000000000e+00,3.0459454656e-01
3.4400000000e+02,6.6000000000e+01,9.0000000000e+00,3.0091452599e-01
3.4400000000e+02,6.6000000000e+01,1.0000000000e+01,2.9726824164e-01
3.4400000000e+02,6.6000000000e+01,1.1000000000e+01,3.1449654698e-01
3.4400000000e+02,6.6000000000e+01,1.2000000000e+01,3.4065017104e-01
3.4400000000e+02,6.6000000000e+01,1.3000000000e+01,4.0147018433e-01
3.4400000000e+02,6.6000000000e+01,1.4000000000e+01,4.9628791213e-01
3.4400000000e+02,6.6000000000e+01,1.5000000000e+01,6.6805636883e-01
3.4400000000e+02,6.6000000000e+01,1.6000000000e+01,9.4568967819e-01
3.4400000000e+02,6.6000000000e+01,1.7000000000e+01,1.4240645170e+00
3.4400000000e+02,6.6000000000e+01,1.8000000000e+01,2.2197515965e+00
3.4400000000e+02,6.6000000000e+01,1.9000000000e+01,3.5838847160e+00
3.4400000000e+02,6.6000000000e+01,2.0000000000e+01,5.9018206596e+00
3.4400000000e+02,6.6000000000e+01,2.1000000000e+01,9.9033803940e+00
3.4400000000e+02,6.6000000000e+01,2.2000000000e+01,1.6811153412e+01
3.4400000000e+02,6.6000000000e+01,2.3000000000e+01,2.8846151352e+01
3.4400000000e+02,6.6000000000e+01,2.4000000000e+01,4.9867702484e+01
3.4400000000e+02,6.6000000000e+01,2.5000000000e+01,8.6801582336e+01
3.4400000000e+02,6.6000000000e+01,2.6000000000e+01,1.5188374329e+02
3.4400000000e+02,6.6000000000e+01,2.7000000000e+01,2.6702270508e+02
3.4400000000e+02,6.6000000000e+01,2.8000000000e+01,4.7124987793e+02
3.4400000000e+02,6.6000000000e+01,2.9000000000e+01,8.3451263428e+02
3.4400000000e+02,6.6000000000e+01,3.0000000000e+01,1.4820140381e+03
3.4400000000e+02,6.6000000000e+01,3.1000000000e+01,2.6384963379e+03
3.4400000000e+02,9.4000000000e+01,0.0000000000e+00,1.9923139811e+00
3.4400000000e+02,9.4000000000e+01,1.0000000000e+00,7.4969649315e-01
3.4400000000e+02,9.4000000000e+01,2.0000000000e+00,4.3822112679e-01
3.4400000000e+02,9.4000000000e+01,3.0000000000e+00,3.1770890951e-01
3.4400000000e+02,9.4000000000e+01,4.0000000000e+00,2.3733411729e-01
3.4400000000e+02,9.4000000000e+01,5.0000000000e+00,1.9552786648e-01
3.4400000000e+02,9.4000000000e+01,6.0000000000e+00,1.6088415682e-01
3.4400000000e+02,9.4000000000e+01,7.0000000000e+00,1.4179883897e-01
3.4400000000e+02,9.4000000000e+01,8.0000000000e+00,1.2409555912e-01
3.4400000000e+02,9.4000000000e+01,9.0000000000e+00,1.1482473463e-01
3.4400000000e+02,9.4000000000e+01,1.0000000000e+01,1.0563994944e-01
3.4400000000e+02,9.4000000000e+01,1.1000000000e+01,1.0203371197e-01
3.4400000000e+02,9.4000000000e+01,1.2000000000e+01,9.8573997617e-02
3.4400000000e+02,9.4000000000e+01,1.3000000000e+01,9.9623881280e-02
3.4400000000e+02,9.4000000000e+01,1.4000000000e+01,1.0172312707e-01
3.4400000000e+02,9.4000000000e+01,1.5000000000e+01,1.0850138962e-01
3.4400000000e+02,9.4000000000e+01,1.6000000000e+01,1.1833655089e-01
3.4400000000e+02,9.4000000000e+01,1.7000000000e+01,1.3455659151e-01
3.4400000000e+02,9.4000000000e+01,1.8000000000e+01,1.5787163377e-01
3.4400000000e+02,9.4000000000e+01,1.9000000000e+01,1.9201219082e-01
3.4400000000e+02,9.4000000000e+01,2.0000000000e+01,2.4137909710e-01
3.4400000000e+02,9.4000000000e+01,2.1000000000e+01,3.1156292558e-01
3.4400000000e+02,9.4000000000e+01,2.2000000000e+01,4.1359335184e-01
3.4400000000e+02,9.4000000000e+01,2.3000000000e+01,5.5815625191e-01
3.4400000000e+02,9.4000000000e+01,2.4000000000e+01,7.6903885603e-01
3.4400000000e+02,9.4000000000e+01,2.5000000000e+01,1.0692714453e+00
3.4400000000e+02,9.4000000000e+01,2.6000000000e+01,1.5082154274e+00
3.4400000000e+02,9.4000000000e+01,2.7000000000e+01,2.1374220848e+00
3.4400000000e+02,9.4000000000e+01,2.8000000000e+01,3.0589118004e+00
3.4400000000e+02,9.4000000000e+01,2.9000000000e+01,4.3886814117e+00
3.4400000000e+02,9.4000000000e+01,3.0000000000e+01,6.3392691612e+00
3.4400000000e+02,9.4000000000e+01,3.1000000000e+01,9.1706600189e+00
3.4400000000e+02,1.2100000000e+02,0.0000000000e+00,2.0016360283e+00
3.4400000000e+02,1.2100000000e+02,1.0000000000e+00,6.6758483648e-01
3.4400000000e+02,1.2100000000e+02,2.0000000000e+00,3.7232366204e-01
3.4400000000e+02,1.2100000000e+02,3.0000000000e+00,2.6647067070e-01
3.4400000000e+02,1.2100000000e+02,4.0000000000e+00,2.0510697365e-01
3.4400000000e+02,1.2100000000e+02,5.0000000000e+00,1.7562423646e-01
3.4400000000e+02,1.2100000000e+02,6.0000000000e+00,1.5440654755e-01
3.4400000000e+02,1.2100000000e+02,7.0000000000e+00,1.4382064342e-01
3.4400000000e+02,1.2100000000e+02,8.0000000000e+00,1.3514026999e-01
3.4400000000e+02,1.2100000000e+02,9.0000000000e+00,1.3117796183e-01
3.4400000000e+02,1.2100000000e+02,1.0000000000e+01,1.2747901678e-01
3.4400000000e+02,1.2100000000e+02,1.1000000000e+01,1.2628473341e-01
3.4400000000e+02,1.2100000000e+02,1.2000000000e+01,1.2488549203e-01
3.4400000000e+02,1.2100000000e+02,1.3000000000e+01,1.2504422665e-01
3.4400000000e+02,1.2100000000e+02,1.4000000000e+01,1.2489473075e-01
3.4400000000e+02,1.2100000000e+02,1.5000000000e+01,1.2591280043e-01
3.4400000000e+02,1.2100000000e+02,1.6000000000e+01,1.2665995955e-01
3.4400000000e+02,1.2100000000e+02,1.7000000000e+01,1.2850648165e-01
3.4400000000e+02,1.2100000000e+02,1.8000000000e+01,1.3020971417e-01
3.4400000000e+02,1.2100000000e+02,1.9000000000e+01,1.3321439922e-01
3.4400000000e+02,1.2100000000e+02,2.0000000000e+01,1.3632521033e-01
3.4400000000e+02,1.2100000000e+02,2.1000000000e+01,1.4126968384e-01
3.4400000000e+02,1.2100000000e+02,2.2000000000e+01,1.4680105448e-01
3.4400000000e+02,1.2100000000e+02,2.3000000000e+01,1.5521095693e-01
3.4400000000e+02,1.2100000000e+02,2.4000000000e+01,1.6515436769e-01
3.4400000000e+02,1.2100000000e+02,2.5000000000e+01,1.7991258204e-01
3.4400000000e+02,1.2100000000e+02,2.6000000000e+01,1.9808796048e-01
3.4400000000e+02,1.2100000000e+02,2.7000000000e+01,2.2464554012e-01
3.4400000000e+02,1.2100000000e+02,2.8000000000e+01,2.5837785006e-01
3.4400000000e+02,1.2100000000e+02,2.9000000000e+01,3.0712553859e-01
3.4400000000e+02,1.2100000000e+02,3.0000000000e+01,3.7054237723e-01
3.4400000000e+02,1.2100000000e+02,3.1000000000e+01,4.6146976948e-01
3.4400000000e+02,1.4900000000e+02,0.0000000000e+00,2.0082366467e+00
3.4400000000e+02,1.4900000000e+02,1.0000000000e+00,5.8606290817e-01
3.4400000000e+02,1.4900000000e+02,2.0000000000e+00,3.0011281371e-01
3.4400000000e+02,1.4900000000e+02,3.0000000000e+00,2.0652921498e-01
3.4400000000e+02,1.4900000000e+02,4.0000000000e+00,1.5791706741e-01
3.4400000000e+02,1.4900000000e+02,5.0000000000e+00,1.3681302965e-01
3.4400000000e+02,1.4900000000e+02,6.0000000000e+00,1.2337441742e-01
3.4400000000e+02,1.4900000000e+02,7.0000000000e+00,1.1753132939e-01
3.4400000000e+02,1.4900000000e+02,8.0000000000e+00,1.1335793138e-01
3.4400000000e+02,1.4900000000e+02,9.0000000000e+00,1.1190558225e-01
3.4400000000e+02,1.4900000000e+02,1.0000000000e+01,1.1072608083e-01
3.4400000000e+02,1.4900000000e+02,1.1000000000e+01,1.1066202819e-01
3.4400000000e+02,1.4900000000e+02,1.2000000000e+01,1.1052629352e-01
3.4400000000e+02,1.4900000000e+02,1.3000000000e+01,1.1087642610e-01
3.4400000000e+02,1.4900000000e+02,1.4000000000e+01,1.1110210419e-01
3.4400000000e+02,1.4900000000e+02,1.5000000000e+01,1.1153223366e-01
3.4400000000e+02,1.4900000000e+02,1.6000000000e+01,1.1187161505e-01
3.4400000000e+02,1.4900000000e+02,1.7000000000e+01,1.1227266490e-01
3.4400000000e+02,1.4900000000e+02,1.8000000000e+01,1.1264170706e-01
3.4400000000e+02,1.4900000000e+02,1.9000000000e+01,1.1298842728e-01
3.4400000000e+02,1.4900000000e+02,2.0000000000e+01,1.1336874962e-01
3.4400000000e+02,1.4900000000e+02,2.1000000000e+01,1.1366829276e-01
3.4400000000e+02,1.4900000000e+02,2.2000000000e+01,1.1407014728e-01
3.4400000000e+02,1.4900000000e+02,2.3000000000e+01,1.1434333771e-01
3.4400000000e+02,1.4900000000e+02,2.4000000000e+01,1.1479204148e-01
3.4400000000e+02,1.4900000000e+02,2.5000000000e+01,1.1506783962e-01
3.4400000000e+02,1.4900000000e+02,2.6000000000e+01,1.1560052633e-01
3.4400000000e+02,1.4900000000e+02,2.7000000000e+01,1.1591660231e-01
3.4400000000e+02,1.4900000000e+02,2.8000000000e+01,1.1658415198e-01
3.4400000000e+02,1.4900000000e+02,2.9000000000e+01,1.1699099839e-01
3.4400000000e+02,1.4900000000e+02,3.0000000000e+01,1.1786396056e-01
3.4400000000e+02,1.4900000000e+02,3.1000000000e+01,1.1843254417e-01
3.4400000000e+02,1.7700000000e+02,0.0000000000e+00,1.9936497211e+00
3.4400000000e+02,1.7700000000e+02,1.0000000000e+00,4.8157927394e-01
3.4400000000e+02,1.7700000000e+02,2.0000000000e+00,2.0063471794e-01
3.4400000000e+02,1.7700000000e+02,3.0000000000e+00,1.1425326020e-01
3.4400000000e+02,1.7700000000e+02,4.0000000000e+00,7.2226732969e-02
3.4400000000e+02,1.7700000000e+02,5.0000000000e+00,5.5045284331e-02
3.4400000000e+02,1.7700000000e+02,6.0000000000e+00,4.4415976852e-02
3.4400000000e+02,1.7700000000e+02,7.0000000000e+00,3.9963681251e-02
3.4400000000e+02,1.7700000000e+02,8.0000000000e+00,3.6672525108e-02
3.4400000000e+02,1.7700000000e+02,9.0000000000e+00,3.5434611142e-02
3.4400000000e+02,1.7700000000e+02,1.0000000000e+01,3.4291192889e-02
3.4400000000e+02,1.7700000000e+02,1.1000000000e+01,3.3972948790e-02
3.4400000000e+02,1.7700000000e+02,1.2000000000e+01,3.3540260047e-02
3.4400000000e+02,1.7700000000e+02,1.3000000000e+01,3.3492803574e-02
3.4400000000e+02,1.7700000000e+02,1.4000000000e+01,3.3315192908e-02
3.4400000000e+02,1.7700000000e+02,1.5000000000e+01,3.3341351897e-02
3.4400000000e+02,1.7700000000e+02,1.6000000000e+01,3.3261518925e-02
3.4400000000e+02,1.7700000000e+02,1.7000000000e+01,3.3300876617e-02
3.4400000000e+02,1.7700000000e+02,1.8000000000e+01,3.3261265606e-02
3.4400000000e+02,1.7700000000e+02,1.9000000000e+01,3.3296685666e-02
3.4400000000e+02,1.7700000000e+02,2.0000000000e+01,3.3275309950e-02
3.4400000000e+02,1.7700000000e+02,2.1000000000e+01,3.3303316683e-02
3.4400000000e+02,1.7700000000e+02,2.2000000000e+01,3.3291455358e-02
3.4400000000e+02,1.7700000000e+02,2.3000000000e+01,3.3312570304e-02
3.4400000000e+02,1.7700000000e+02,2.4000000000e+01,3.3306628466e-02
3.4400000000e+02,1.7700000000e+02,2.5000000000e+01,3.3322244883e-02
3.4400000000e+02,1.7700000000e+02,2.6000000000e+01,3.3320676535e-02
3.4400000000e+02,1.7700000000e+02,2.7000000000e+01,3.3332124352e-02
3.4400000000e+02,1.7700000000e+02,2.8000000000e+01,3.3334229141e-02
3.4400000000e+02,1.7700000000e+02,2.9000000000e+01,3.3342570066e-02
3.4400000000e+02,1.7700000000e+02,3.0000000000e+01,3.3347990364e-02
3.4400000000e+02,1.7700000000e+02,3.1000000000e+01,3.3354025334e-02
3.4400000000e+02,2.0500000000e+02,0.0000000000e+00,2.0038280487e+00
3.4400000000e+02,2.0500000000e+02,1.0000000000e+00,4.6600314975e-01
3.4400000000e+02,2.0500000000e+02,2.0000000000e+00,2.1319819987e-01
3.4400000000e+02,2.0500000000e+02,3.0000000000e+00,1.4029650390e-01
3.4400000000e+02,2.0500000000e+02,4.0000000000e+00,1.1052226275e-01
3.4400000000e+02,2.0500000000e+02,5.0000000000e+00,9.9111996591e-02
3.4400000000e+02,2.0500000000e+02,6.0000000000e+00,9.3772746623e-02
3.4400000000e+02,2.0500000000e+02,7.0000000000e+00,9.1875836253e-02
3.4400000000e+02,2.0500000000e+02,8.0000000000e+00,9.1055966914e-02
3.4400000000e+02,2.0500000000e+02,9.0000000000e+00,9.1013476253e-02
3.4400000000e+02,2.0500000000e+02,1.0000000000e+01,9.1101661325e-02
3.4400000000e+02,2.0500000000e+02,1.1000000000e+01,9.1369360685e-02
3.4400000000e+02,2.0500000000e+02,1.2000000000e+01,9.1583602130e-02
3.4400000000e+02,2.0500000000e+02,1.3000000000e+01,9.1834247112e-02
3.4400000000e+02,2.0500000000e+02,1.4000000000e+01,9.2011459172e-02
3.4400000000e+02,2.0500000000e+02,1.5000000000e+01,9.2193670571e-02
3.4400000000e+02,2.0500000000e+02,1.6000000000e+01,9.2315316200e-02
3.4400000000e+02,2.0500000000e+02,1.7000000000e+01,9.2437960207e-02
3.4400000000e+02,2.0500000000e+02,1.8000000000e+01,9.2515669763e-02
3.4400000000e+02,2.0500000000e+02,1.9000000000e+01,9.2596076429e-02
3.4400000000e+02,2.0500000000e+02,2.0000000000e+01,9.2643827200e-02
3.4400000000e+02,2.0500000000e+02,2.1000000000e+01,9.2696249485e-02
3.4400000000e+02,2.0500000000e+02,2.2000000000e+01,9.2724725604e-02
3.4400000000e+02,2.0500000000e+02,2.3000000000e+01,9.2759102583e-02
3.4400000000e+02,2.0500000000e+02,2.4000000000e+01,9.2775553465e-02
3.4400000000e+02,2.0500000000e+02,2.5000000000e+01,9.2798396945e-02
3.4400000000e+02,2.0500000000e+02,2.6000000000e+01,9.2807434499e-02
3.4400000000e+02,2.0500000000e+02,2.7000000000e+01,9.2822916806e-02
3.4400000000e+02,2.0500000000e+02,2.8000000000e+01,9.2827461660e-02
3.4400000000e+02,2.0500000000e+02,2.9000000000e+01,9.2838212848e-02
3.4400000000e+02,2.0500000000e+02,3.0000000000e+01,9.2840053141e-02
3.4400000000e+02,2.0500000000e+02,3.1000000000e+01,9.2847749591e-02
3.4400000000e+02,2.3300000000e+02,0.0000000000e+00,2.0081822872e+00
3.4400000000e+02,2.3300000000e+02,1.0000000000e+00,3.8869008422e-01
3.4400000000e+02,2.3300000000e+02,2.0000000000e+00,1.3820175827e-01
3.4400000000e+02,2.3300000000e+02,3.0000000000e+00,7.0260040462e-02
3.4400000000e+02,2.3300000000e+02,4.0000000000e+00,4.4123157859e-02
3.4400000000e+02,2.3300000000e+02,5.0000000000e+00,3.4356154501e-02
3.4400000000e+02,2.3300000000e+02,6.0000000000e+00,2.9852889478e-02
3.4400000000e+02,2.3300000000e+02,7.0000000000e+00,2.8075322509e-02
3.4400000000e+02,2.3300000000e+02,8.0000000000e+00,2.7173906565e-02
3.4400000000e+02,2.3300000000e+02,9.0000000000e+00,2.6858173311e-02
3.4400000000e+02,2.3300000000e+02,1.0000000000e+01,2.6676869020e-02
3.4400000000e+02,2.3300000000e+02,1.1000000000e+01,2.6647469029e-02
3.4400000000e+02,2.3300000000e+02,1.2000000000e+01,2.6616711169e-02
3.4400000000e+02,2.3300000000e+02,1.3000000000e+01,2.6635760441e-02
3.4400000000e+02,2.3300000000e+02,1.4000000000e+01,2.6633735746e-02
3.4400000000e+02,2.3300000000e+02,1.5000000000e+01,2.6653973386e-02
3.4400000000e+02,2.3300000000e+02,1.6000000000e+01,2.6655238122e-02
3.4400000000e+02,2.3300000000e+02,1.7000000000e+01,2.6669701561e-02
3.4400000000e+02,2.3300000000e+02,1.8000000000e+01,2.6669986546e-02
3.4400000000e+02,2.3300000000e+02,1.9000000000e+01,2.6679493487e-02
3.4400000000e+02,2.3300000000e+02,2.0000000000e+01,2.6678770781e-02
3.4400000000e+02,2.3300000000e+02,2.1000000000e+01,2.6684962213e-02
3.4400000000e+02,2.3300000000e+02,2.2000000000e+01,2.6683753356e-02
3.4400000000e+02,2.3300000000e+02,2.3000000000e+01,2.6687856764e-02
3.4400000000e+02,2.3300000000e+02,2.4000000000e+01,2.6686532423e-02
3.4400000000e+02,2.3300000000e+02,2.5000000000e+01,2.6689330116e-02
3.4400000000e+02,2.3300000000e+02,2.6000000000e+01,2.6688082144e-02
3.4400000000e+02,2.3300000000e+02,2.7000000000e+01,2.6690049097e-02
3.4400000000e+02,2.3300000000e+02,2.8000000000e+01,2.6688951999e-02
3.4400000000e+02,2.3300000000e+02,2.9000000000e+01,2.6690378785e-02
3.4400000000e+02,2.3300000000e+02,3.0000000000e+01,2.6689454913e-02
3.4400000000e+02,2.3300000000e+02,3.1000000000e+01,2.6690512896e-02
3.4400000000e+02,2.6100000000e+02,0.0000000000e+00,2.0050394535e+00
3.4400000000e+02,2.6100000000e+02,1.0000000000e+00,3.5369181633e-01
3.4400000000e+02,2.6100000000e+02,2.0000000000e+00,1.1549096555e-01
3.4400000000e+02,2.6100000000e+02,3.0000000000e+00,5.7913582772e-02
3.4400000000e+02,2.6100000000e+02,4.0000000000e+00,3.6243777722e-02
3.4400000000e+02,2.6100000000e+02,5.0000000000e+00,2.9614653438e-02
3.4400000000e+02,2.6100000000e+02,6.0000000000e+00,2.6366719976e-02
3.4400000000e+02,2.6100000000e+02,7.0000000000e+00,2.5519046932e-02
3.4400000000e+02,2.6100000000e+02,8.0000000000e+00,2.4962833151e-02
3.4400000000e+02,2.6100000000e+02,9.0000000000e+00,2.4920962751e-02
3.4400000000e+02,2.6100000000e+02,1.0000000000e+01,2.4831861258e-02
3.4400000000e+02,2.6100000000e+02,1.1000000000e+01,2.4878809229e-02
3.4400000000e+02,2.6100000000e+02,1.2000000000e+01,2.4871805683e-02
3.4400000000e+02,2.6100000000e+02,1.3000000000e+01,2.4908028543e-02
3.4400000000e+02,2.6100000000e+02,1.4000000000e+01,2.4912403896e-02
3.4400000000e+02,2.6100000000e+02,1.5000000000e+01,2.4932930246e-02
3.4400000000e+02,2.6100000000e+02,1.6000000000e+01,2.4936761707e-02
3.4400000000e+02,2.6100000000e+02,1.7000000000e+01,2.4947494268e-02
3.4400000000e+02,2.6100000000e+02,1.8000000000e+01,2.4949714541e-02
3.4400000000e+02,2.6100000000e+02,1.9000000000e+01,2.4955198169e-02
3.4400000000e+02,2.6100000000e+02,2.0000000000e+01,2.4956328794e-02
3.4400000000e+02,2.6100000000e+02,2.1000000000e+01,2.4959120899e-02
3.4400000000e+02,2.6100000000e+02,2.2000000000e+01,2.4959668517e-02
3.4400000000e+02,2.6100000000e+02,2.3000000000e+01,2.4961099029e-02
3.4400000000e+02,2.6100000000e+02,2.4000000000e+01,2.4961350486e-02
3.4400000000e+02,2.6100000000e+02,2.5000000000e+01,2.4962088093e-02
3.4400000000e+02,2.6100000000e+02,2.6000000000e+01,2.4962201715e-02
3.4400000000e+02,2.6100000000e+02,2.7000000000e+01,2.4962585419e-02
3.4400000000e+02,2.6100000000e+02,2.8000000000e+01,2.4962637573e-02
3.4400000000e+02,2.6100000000e+02,2.9000000000e+01,2.4962836877e-02
3.4400000000e+02,2.6100000000e+02,3.0000000000e+01,2.4962857366e-02
3.4400000000e+02,2.6100000000e+02,3.1000000000e+01,2.4962957948e-02
3.4400000000e+02,2.8900000000e+02,0.0000000000e+00,2.0015826225e+00
3.4400000000e+02,2.8900000000e+02,1.0000000000e+00,3.2737410069e-01
3.4400000000e+02,2.8900000000e+02,2.0000000000e+00,1.0231803358e-01
3.4400000000e+02,2.8900000000e+02,3.0000000000e+00,4.9718786031e-02
3.4400000000e+02,2.8900000000e+02,4.0000000000e+00,3.1505070627e-02
3.4400000000e+02,2.8900000000e+02,5.0000000000e+00,2.6069872081e-02
3.4400000000e+02,2.8900000000e+02,6.0000000000e+00,2.3612968624e-02
3.4400000000e+02,2.8900000000e+02,7.0000000000e+00,2.2986158729e-02
3.4400000000e+02,2.8900000000e+02,8.0000000000e+00,2.2592727095e-02
3.4400000000e+02,2.8900000000e+02,9.0000000000e+00,2.2566292435e-02
3.4400000000e+02,2.8900000000e+02,1.0000000000e+01,2.2499261424e-02
3.4400000000e+02,2.8900000000e+02,1.1000000000e+01,2.2530348971e-02
3.4400000000e+02,2.8900000000e+02,1.2000000000e+01,2.2518631071e-02
3.4400000000e+02,2.8900000000e+02,1.3000000000e+01,2.2541159764e-02
3.4400000000e+02,2.8900000000e+02,1.4000000000e+01,2.2538747638e-02
3.4400000000e+02,2.8900000000e+02,1.5000000000e+01,2.2551085800e-02
3.4400000000e+02,2.8900000000e+02,1.6000000000e+01,2.2550161928e-02
3.4400000000e+02,2.8900000000e+02,1.7000000000e+01,2.2556532174e-02
3.4400000000e+02,2.8900000000e+02,1.8000000000e+01,2.2555887699e-02
3.4400000000e+02,2.8900000000e+02,1.9000000000e+01,2.2559162229e-02
3.4400000000e+02,2.8900000000e+02,2.0000000000e+01,2.2558663040e-02
3.4400000000e+02,2.8900000000e+02,2.1000000000e+01,2.2560378537e-02
3.4400000000e+02,2.8900000000e+02,2.2000000000e+01,2.2560002282e-02
3.4400000000e+02,2.8900000000e+02,2.3000000000e+01,2.2560920566e-02
3.4400000000e+02,2.8900000000e+02,2.4000000000e+01,2.2560652345e-02
3.4400000000e+02,2.8900000000e+02,2.5000000000e+01,2.2561157122e-02
3.4400000000e+02,2.8900000000e+02,2.6000000000e+01,2.2560974583e-02
3.4400000000e+02,2.8900000000e+02,2.7000000000e+01,2.2561259568e-02
3.4400000000e+02,2.8900000000e+02,2.8000000000e+01,2.2561134771e-02
3.4400000000e+02,2.8900000000e+02,2.9000000000e+01,2.2561302409e-02
3.4400000000e+02,2.8900000000e+02,3.0000000000e+01,2.2561216727e-02
3.4400000000e+02,2.8900000000e+02,3.1000000000e+01,2.2561315447e-02
3.4400000000e+02,3.1600000000e+02,0.0000000000e+00,2.0086147785e+00
3.4400000000e+02,3.1600000000e+02,1.0000000000e+00,3.4188055992e-01
3.4400000000e+02,3.1600000000e+02,2.0000000000e+00,1.3598786294e-01
3.4400000000e+02,3.1600000000e+02,3.0000000000e+00,9.3848675489e-02
3.4400000000e+02,3.1600000000e+02,4.0000000000e+00,8.1129804254e-02
3.4400000000e+02,3.1600000000e+02,5.0000000000e+00,7.8576847911e-02
3.4400000000e+02,3.1600000000e+02,6.0000000000e+00,7.7849149704e-02
3.4400000000e+02,3.1600000000e+02,7.0000000000e+00,7.8164540231e-02
3.4400000000e+02,3.1600000000e+02,8.0000000000e+00,7.8395798802e-02
3.4400000000e+02,3.1600000000e+02,9.0000000000e+00,7.8716844320e-02
3.4400000000e+02,3.1600000000e+02,1.0000000000e+01,7.8898146749e-02
3.4400000000e+02,3.1600000000e+02,1.1000000000e+01,7.9067714512e-02
3.4400000000e+02,3.1600000000e+02,1.2000000000e+01,7.9161211848e-02
3.4400000000e+02,3.1600000000e+02,1.3000000000e+01,7.9241596162e-02
3.4400000000e+02,3.1600000000e+02,1.4000000000e+01,7.9285770655e-02
3.4400000000e+02,3.1600000000e+02,1.5000000000e+01,7.9322949052e-02
3.4400000000e+02,3.1600000000e+02,1.6000000000e+01,7.9343333840e-02
3.4400000000e+02,3.1600000000e+02,1.7000000000e+01,7.9360522330e-02
3.4400000000e+02,3.1600000000e+02,1.8000000000e+01,7.9369887710e-02
3.4400000000e+02,3.1600000000e+02,1.9000000000e+01,7.9377874732e-02
3.4400000000e+02,3.1600000000e+02,2.0000000000e+01,7.9382196069e-02
3.4400000000e+02,3.1600000000e+02,2.1000000000e+01,7.9385951161e-02
3.4400000000e+02,3.1600000000e+02,2.2000000000e+01,7.9387947917e-02
3.4400000000e+02,3.1600000000e+02,2.3000000000e+01,7.9389721155e-02
3.4400000000e+02,3.1600000000e+02,2.4000000000e+01,7.9390652478e-02
3.4400000000e+02,3.1600000000e+02,2.5000000000e+01,7.9391509295e-02
3.4400000000e+02,3.1600000000e+02,2.6000000000e+01,7.9391941428e-02
3.4400000000e+02,3.1600000000e+02,2.7000000000e+01,7.9392358661e-02
3.4400000000e+02,3.1600000000e+02,2.8000000000e+01,7.9392552376e-02
3.4400000000e+02,3.1600000000e+02,2.9000000000e+01,7.9392768443e-02
3.4400000000e+02,3.1600000000e+02,3.0000000000e+01,7.9392857850e-02
3.4400000000e+02,3.1600000000e+02,3.1000000000e+01,7.9392962158e-02
3.4400000000e+02,3.4400000000e+02,0.0000000000e+00,2.0017678738e+00
3.4400000000e+02,3.4400000000e+02,1.0000000000e+00,2.8210145235e-01
3.4400000000e+02,3.4400000000e+02,2.0000000000e+00,7.8650608659e-02
3.4400000000e+02,3.4400000000e+02,3.0000000000e+00,3.6609765142e-02
3.4400000000e+02,3.4400000000e+02,4.0000000000e+00,2.4403873831e-02
3.4400000000e+02,3.4400000000e+02,5.0000000000e+00,2.1106639877e-02
3.4400000000e+02,3.4400000000e+02,6.0000000000e+00,1.9999546930e-02
3.4400000000e+02,3.4400000000e+02,7.0000000000e+00,1.9746892154e-02
3.4400000000e+02,3.4400000000e+02,8.0000000000e+00,1.9668780267e-02
3.4400000000e+02,3.4400000000e+02,9.0000000000e+00,1.9683077931e-02
3.4400000000e+02,3.4400000000e+02,1.0000000000e+01,1.9694950432e-02
3.4400000000e+02,3.4400000000e+02,1.1000000000e+01,1.9714780152e-02
3.4400000000e+02,3.4400000000e+02,1.2000000000e+01,1.9724987447e-02
3.4400000000e+02,3.4400000000e+02,1.3000000000e+01,1.9734691828e-02
3.4400000000e+02,3.4400000000e+02,1.4000000000e+01,1.9739452749e-02
3.4400000000e+02,3.4400000000e+02,1.5000000000e+01,1.9743539393e-02
3.4400000000e+02,3.4400000000e+02,1.6000000000e+01,1.9745524973e-02
3.4400000000e+02,3.4400000000e+02,1.7000000000e+01,1.9747171551e-02
3.4400000000e+02,3.4400000000e+02,1.8000000000e+01,1.9747983664e-02
3.4400000000e+02,3.4400000000e+02,1.9000000000e+01,1.9748633727e-02
3.4400000000e+02,3.4400000000e+02,2.0000000000e+01,1.9748970866e-02
3.4400000000e+02,3.4400000000e+02,2.1000000000e+01,1.9749224186e-02
3.4400000000e+02,3.4400000000e+02,2.2000000000e+01,1.9749369472e-02
3.4400000000e+02,3.4400000000e+02,2.3000000000e+01,1.9749462605e-02
3.4400000000e+02,3.4400000000e+02,2.4000000000e+01,1.9749529660e-02
3.4400000000e+02,3.4400000000e+02,2.5000000000e+01,1.9749565050e-02
3.4400000000e+02,3.4400000000e+02,2.6000000000e+01,1.9749594852e-02
3.4400000000e+02,3.4400000000e+02,2.7000000000e+01,1.9749606028e-02
3.4400000000e+02,3.4400000000e+02,2.8000000000e+01,1.9749620929e-02
3.4400000000e+02,3.4400000000e+02,2.9000000000e+01,1.9749624655e-02
3.4400000000e+02,3.4400000000e+02,3.0000000000e+01,1.9749632105e-02
3.4400000000e+02,3.4400000000e+02,3.1000000000e+01,1.9749632105e-02
3.4400000000e+02,3.7200000000e+02,0.0000000000e+00,2.0077676773e+00
3.4400000000e+02,3.7200000000e+02,1.0000000000e+00,3.0305308104e-01
3.4400000000e+02,3.7200000000e+02,2.0000000000e+00,1.1686746031e-01
3.4400000000e+02,3.7200000000e+02,3.0000000000e+00,8.2997433841e-02
3.4400000000e+02,3.7200000000e+02,4.0000000000e+00,7.4717983603e-02
3.4400000000e+02,3.7200000000e+02,5.0000000000e+00,7.3324017227e-02
3.4400000000e+02,3.7200000000e+02,6.0000000000e+00,7.3263451457e-02
3.4400000000e+02,3.7200000000e+02,7.0000000000e+00,7.3559716344e-02
3.4400000000e+02,3.7200000000e+02,8.0000000000e+00,7.3814138770e-02
3.4400000000e+02,3.7200000000e+02,9.0000000000e+00,7.4011564255e-02
3.4400000000e+02,3.7200000000e+02,1.0000000000e+01,7.4141539633e-02
3.4400000000e+02,3.7200000000e+02,1.1000000000e+01,7.4227884412e-02
3.4400000000e+02,3.7200000000e+02,1.2000000000e+01,7.4282884598e-02
3.4400000000e+02,3.7200000000e+02,1.3000000000e+01,7.4317947030e-02
3.4400000000e+02,3.7200000000e+02,1.4000000000e+01,7.4340358377e-02
3.4400000000e+02,3.7200000000e+02,1.5000000000e+01,7.4354395270e-02
3.4400000000e+02,3.7200000000e+02,1.6000000000e+01,7.4363514781e-02
3.4400000000e+02,3.7200000000e+02,1.7000000000e+01,7.4369132519e-02
3.4400000000e+02,3.7200000000e+02,1.8000000000e+01,7.4372880161e-02
3.4400000000e+02,3.7200000000e+02,1.9000000000e+01,7.4375137687e-02
3.4400000000e+02,3.7200000000e+02,2.0000000000e+01,7.4376702309e-02
3.4400000000e+02,3.7200000000e+02,2.1000000000e+01,7.4377603829e-02
3.4400000000e+02,3.7200000000e+02,2.2000000000e+01,7.4378266931e-02
3.4400000000e+02,3.7200000000e+02,2.3000000000e+01,7.4378639460e-02
3.4400000000e+02,3.7200000000e+02,2.4000000000e+01,7.4378915131e-02
3.4400000000e+02,3.7200000000e+02,2.5000000000e+01,7.4379056692e-02
3.4400000000e+02,3.7200000000e+02,2.6000000000e+01,7.4379183352e-02
3.4400000000e+02,3.7200000000e+02,2.7000000000e+01,7.4379242957e-02
3.4400000000e+02,3.7200000000e+02,2.8000000000e+01,7.4379302561e-02
3.4400000000e+02,3.7200000000e+02,2.9000000000e+01,7.4379317462e-02
3.4400000000e+02,3.7200000000e+02,3.0000000000e+01,7.4379339814e-02
3.4400000000e+02,3.7200000000e+02,3.1000000000e+01,7.4379354715e-02
3.4400000000e+02,4.0000000000e+02,0.0000000000e+00,1.9943768978e+00
3.4400000000e+02,4.0000000000e+02,1.0000000000e+00,2.4367801845e-01
3.4400000000e+02,4.0000000000e+02,2.0000000000e+00,6.2729373574e-02
3.4400000000e+02,4.0000000000e+02,3.0000000000e+00,2.9002346098e-02
3.4400000000e+02,4.0000000000e+02,4.0000000000e+00,2.0295793191e-02
3.4400000000e+02,4.0000000000e+02,5.0000000000e+00,1.8198238686e-02
3.4400000000e+02,4.0000000000e+02,6.0000000000e+00,1.7549363896e-02
3.4400000000e+02,4.0000000000e+02,7.0000000000e+00,1.7427016050e-02
3.4400000000e+02,4.0000000000e+02,8.0000000000e+00,1.7387052998e-02
3.4400000000e+02,4.0000000000e+02,9.0000000000e+00,1.7396807671e-02
3.4400000000e+02,4.0000000000e+02,1.0000000000e+01,1.7400879413e-02
3.4400000000e+02,4.0000000000e+02,1.1000000000e+01,1.7409250140e-02
3.4400000000e+02,4.0000000000e+02,1.2000000000e+01,1.7412602901e-02
3.4400000000e+02,4.0000000000e+02,1.3000000000e+01,1.7415959388e-02
3.4400000000e+02,4.0000000000e+02,1.4000000000e+01,1.7417360097e-02
3.4400000000e+02,4.0000000000e+02,1.5000000000e+01,1.7418548465e-02
3.4400000000e+02,4.0000000000e+02,1.6000000000e+01,1.7419073731e-02
3.4400000000e+02,4.0000000000e+02,1.7000000000e+01,1.7419479787e-02
3.4400000000e+02,4.0000000000e+02,1.8000000000e+01,1.7419675365e-02
3.4400000000e+02,4.0000000000e+02,1.9000000000e+01,1.7419815063e-02
3.4400000000e+02,4.0000000000e+02,2.0000000000e+01,1.7419885844e-02
3.4400000000e+02,4.0000000000e+02,2.1000000000e+01,1.7419932410e-02
3.4400000000e+02,4.0000000000e+02,2.2000000000e+01,1.7419960350e-02
3.4400000000e+02,4.0000000000e+02,2.3000000000e+01,1.7419975251e-02
3.4400000000e+02,4.0000000000e+02,2.4000000000e+01,1.7419986427e-02
3.4400000000e+02,4.0000000000e+02,2.5000000000e+01,1.7419993877e-02
3.4400000000e+02,4.0000000000e+02,2.6000000000e+01,1.7419995740e-02
3.4400000000e+02,4.0000000000e+02,2.7000000000e+01,1.7419997603e-02
3.4400000000e+02,4.0000000000e+02,2.8000000000e+01,1.7419999465e-02
3.4400000000e+02,4.0000000000e+02,2.9000000000e+01,1.7420001328e-02
3.4400000000e+02,4.0000000000e+02,3.0000000000e+01,1.7420001328e-02
3.4400000000e+02,4.0000000000e+02,3.1000000000e+01,1.7420001328e-02
3.7200000000e+02,1.0000000000e+01,0.0000000000e+00,1.9942363501e+00
3.7200000000e+02,1.0000000000e+01,1.0000000000e+00,1.8231356144e+00
3.7200000000e+02,1.0000000000e+01,2.0000000000e+00,1.7587635517e+00
3.7200000000e+02,1.0000000000e+01,3.0000000000e+00,1.7937963009e+00
3.7200000000e+02,1.0000000000e+01,4.0000000000e+00,1.7861213684e+00
3.7200000000e+02,1.0000000000e+01,5.0000000000e+00,1.8123846054e+00
3.7200000000e+02,1.0000000000e+01,6.0000000000e+00,1.8127535582e+00
3.7200000000e+02,1.0000000000e+01,7.0000000000e+00,1.8421207666e+00
3.7200000000e+02,1.0000000000e+01,8.0000000000e+00,1.8569391966e+00
3.7200000000e+02,1.0000000000e+01,9.0000000000e+00,1.9163362980e+00
3.7200000000e+02,1.0000000000e+01,1.0000000000e+01,1.9879250526e+00
3.7200000000e+02,1.0000000000e+01,1.1000000000e+01,2.1709547043e+00
3.7200000000e+02,1.0000000000e+01,1.2000000000e+01,2.4807436466e+00
3.7200000000e+02,1.0000000000e+01,1.3000000000e+01,3.1763577461e+00
3.7200000000e+02,1.0000000000e+01,1.4000000000e+01,4.5274944305e+00
3.7200000000e+02,1.0000000000e+01,1.5000000000e+01,7.4656977654e+00
3.7200000000e+02,1.0000000000e+01,1.6000000000e+01,1.3542181969e+01
3.7200000000e+02,1.0000000000e+01,1.7000000000e+01,2.6733282089e+01
3.7200000000e+02,1.0000000000e+01,1.8000000000e+01,5.4915176392e+01
3.7200000000e+02,1.0000000000e+01,1.9000000000e+01,1.1649542999e+02
3.7200000000e+02,1.0000000000e+01,2.0000000000e+01,2.5055647278e+02
3.7200000000e+02,1.0000000000e+01,2.1000000000e+01,5.4575964355e+02
3.7200000000e+02,1.0000000000e+01,2.2000000000e+01,1.1960897217e+03
3.7200000000e+02,1.0000000000e+01,2.3000000000e+01,2.6378796387e+03
3.7200000000e+02,1.0000000000e+01,2.4000000000e+01,5.8395449219e+03
3.7200000000e+02,1.0000000000e+01,2.5000000000e+01,1.2976710938e+04
3.7200000000e+02,1.0000000000e+01,2.6000000000e+01,2.8914878906e+04
3.7200000000e+02,1.0000000000e+01,2.7000000000e+01,6.4597527344e+04
3.7200000000e+02,1.0000000000e+01,2.8000000000e+01,1.4460945312e+05
3.7200000000e+02,1.0000000000e+01,2.9000000000e+01,3.2434421875e+05
3.7200000000e+02,1.0000000000e+01,3.0000000000e+01,7.2861993750e+05
3.7200000000e+02,1.0000000000e+01,3.1000000000e+01,1.6391686250e+06
3.7200000000e+02,3.8000000000e+01,0.0000000000e+00,2.0075147152e+00
3.7200000000e+02,3.8000000000e+01,1.0000000000e+00,1.2318243980e+00
3.7200000000e+02,3.8000000000e+01,2.0000000000e+00,9.9999165535e-01
3.7200000000e+02,3.8000000000e+01,3.0000000000e+00,9.2592370510e-01
3.7200000000e+02,3.8000000000e+01,4.0000000000e+00,8.5608518124e-01
3.7200000000e+02,3.8000000000e+01,5.0000000000e+00,8.3050048351e-01
3.7200000000e+02,3.8000000000e+01,6.0000000000e+00,7.9648995399e-01
3.7200000000e+02,3.8000000000e+01,7.0000000000e+00,7.8840458393e-01
3.7200000000e+02,3.8000000000e+01,8.0000000000e+00,7.7224028111e-01
3.7200000000e+02,3.8000000000e+01,9.0000000000e+00,7.7923113108e-01
3.7200000000e+02,3.8000000000e+01,1.0000000000e+01,7.8286558390e-01
3.7200000000e+02,3.8000000000e+01,1.1000000000e+01,8.1817179918e-01
3.7200000000e+02,3.8000000000e+01,1.2000000000e+01,8.6668837070e-01
3.7200000000e+02,3.8000000000e+01,1.3000000000e+01,9.8154407740e-01
3.7200000000e+02,3.8000000000e+01,1.4000000000e+01,1.1695488691e+00
3.7200000000e+02,3.8000000000e+01,1.5000000000e+01,1.5465326309e+00
3.7200000000e+02,3.8000000000e+01,1.6000000000e+01,2.2201070786e+00
3.7200000000e+02,3.8000000000e+01,1.7000000000e+01,3.5310153961e+00
3.7200000000e+02,3.8000000000e+01,1.8000000000e+01,5.9924688339e+00
3.7200000000e+02,3.8000000000e+01,1.9000000000e+01,1.0795879364e+01
3.7200000000e+02,3.8000000000e+01,2.0000000000e+01,2.0084478378e+01
3.7200000000e+02,3.8000000000e+01,2.1000000000e+01,3.8383953094e+01
3.7200000000e+02,3.8000000000e+01,2.2000000000e+01,7.4416816711e+01
3.7200000000e+02,3.8000000000e+01,2.3000000000e+01,1.4605877686e+02
3.7200000000e+02,3.8000000000e+01,2.4000000000e+01,2.8875277710e+02
3.7200000000e+02,3.8000000000e+01,2.5000000000e+01,5.7450732422e+02
3.7200000000e+02,3.8000000000e+01,2.6000000000e+01,1.1478969727e+03
3.7200000000e+02,3.8000000000e+01,2.7000000000e+01,2.3021347656e+03
3.7200000000e+02,3.8000000000e+01,2.8000000000e+01,4.6294692383e+03
3.7200000000e+02,3.8000000000e+01,2.9000000000e+01,9.3314375000e+03
3.7200000000e+02,3.8000000000e+01,3.0000000000e+01,1.8842613281e+04
3.7200000000e+02,3.8000000000e+01,3.1000000000e+01,3.8106031250e+04
3.7200000000e+02,6.6000000000e+01,0.0000000000e+00,2.0061342716e+00
3.7200000000e+02,6.6000000000e+01,1.0000000000e+00,9.3253397942e-01
3.7200000000e+02,6.6000000000e+01,2.0000000000e+00,6.3809776306e-01
3.7200000000e+02,6.6000000000e+01,3.0000000000e+00,5.1648402214e-01
3.7200000000e+02,6.6000000000e+01,4.0000000000e+00,4.2835813761e-01
3.7200000000e+02,6.6000000000e+01,5.0000000000e+00,3.7906107306e-01
3.7200000000e+02,6.6000000000e+01,6.0000000000e+00,3.3536195755e-01
3.7200000000e+02,6.6000000000e+01,7.0000000000e+00,3.0979922414e-01
3.7200000000e+02,6.6000000000e+01,8.0000000000e+00,2.8483229876e-01
3.7200000000e+02,6.6000000000e+01,9.0000000000e+00,2.7227962017e-01
3.7200000000e+02,6.6000000000e+01,1.0000000000e+01,2.5963565707e-01
3.7200000000e+02,6.6000000000e+01,1.1000000000e+01,2.5900852680e-01
3.7200000000e+02,6.6000000000e+01,1.2000000000e+01,2.6040306687e-01
3.7200000000e+02,6.6000000000e+01,1.3000000000e+01,2.7858731151e-01
3.7200000000e+02,6.6000000000e+01,1.4000000000e+01,3.0653488636e-01
3.7200000000e+02,6.6000000000e+01,1.5000000000e+01,3.6670804024e-01
3.7200000000e+02,6.6000000000e+01,1.6000000000e+01,4.5993894339e-01
3.7200000000e+02,6.6000000000e+01,1.7000000000e+01,6.2908875942e-01
3.7200000000e+02,6.6000000000e+01,1.8000000000e+01,8.9979112148e-01
3.7200000000e+02,6.6000000000e+01,1.9000000000e+01,1.3702223301e+00
3.7200000000e+02,6.6000000000e+01,2.0000000000e+01,2.1437172890e+00
3.7200000000e+02,6.6000000000e+01,2.1000000000e+01,3.4737577438e+00
3.7200000000e+02,6.6000000000e+01,2.2000000000e+01,5.7026548386e+00
3.7200000000e+02,6.6000000000e+01,2.3000000000e+01,9.5320777893e+00
3.7200000000e+02,6.6000000000e+01,2.4000000000e+01,1.6031864166e+01
3.7200000000e+02,6.6000000000e+01,2.5000000000e+01,2.7221591949e+01
3.7200000000e+02,6.6000000000e+01,2.6000000000e+01,4.6377262115e+01
3.7200000000e+02,6.6000000000e+01,2.7000000000e+01,7.9442588806e+01
3.7200000000e+02,6.6000000000e+01,2.8000000000e+01,1.3637977600e+02
3.7200000000e+02,6.6000000000e+01,2.9000000000e+01,2.3491580200e+02
3.7200000000e+02,6.6000000000e+01,3.0000000000e+01,4.0529998779e+02
3.7200000000e+02,6.6000000000e+01,3.1000000000e+01,7.0085205078e+02
3.7200000000e+02,9.4000000000e+01,0.0000000000e+00,1.9928885698e+00
3.7200000000e+02,9.4000000000e+01,1.0000000000e+00,7.5039827824e-01
3.7200000000e+02,9.4000000000e+01,2.0000000000e+00,4.4159981608e-01
3.7200000000e+02,9.4000000000e+01,3.0000000000e+00,3.1891554594e-01
3.7200000000e+02,9.4000000000e+01,4.0000000000e+00,2.3933133483e-01
3.7200000000e+02,9.4000000000e+01,5.0000000000e+00,1.9619631767e-01
3.7200000000e+02,9.4000000000e+01,6.0000000000e+00,1.6207119823e-01
3.7200000000e+02,9.4000000000e+01,7.0000000000e+00,1.4223375916e-01
3.7200000000e+02,9.4000000000e+01,8.0000000000e+00,1.2512744963e-01
3.7200000000e+02,9.4000000000e+01,9.0000000000e+00,1.1570697278e-01
3.7200000000e+02,9.4000000000e+01,1.0000000000e+01,1.0764089972e-01
3.7200000000e+02,9.4000000000e+01,1.1000000000e+01,1.0505623370e-01
3.7200000000e+02,9.4000000000e+01,1.2000000000e+01,1.0439023376e-01
3.7200000000e+02,9.4000000000e+01,1.3000000000e+01,1.0954017192e-01
3.7200000000e+02,9.4000000000e+01,1.4000000000e+01,1.1940269917e-01
3.7200000000e+02,9.4000000000e+01,1.5000000000e+01,1.3895818591e-01
3.7200000000e+02,9.4000000000e+01,1.6000000000e+01,1.7093673348e-01
3.7200000000e+02,9.4000000000e+01,1.7000000000e+01,2.2453983128e-01
3.7200000000e+02,9.4000000000e+01,1.8000000000e+01,3.1097999215e-01
3.7200000000e+02,9.4000000000e+01,1.9000000000e+01,4.5183655620e-01
3.7200000000e+02,9.4000000000e+01,2.0000000000e+01,6.7980015278e-01
3.7200000000e+02,9.4000000000e+01,2.1000000000e+01,1.0506057739e+00
3.7200000000e+02,9.4000000000e+01,2.2000000000e+01,1.6537616253e+00
3.7200000000e+02,9.4000000000e+01,2.3000000000e+01,2.6377687454e+00
3.7200000000e+02,9.4000000000e+01,2.4000000000e+01,4.2446470261e+00
3.7200000000e+02,9.4000000000e+01,2.5000000000e+01,6.8738770485e+00
3.7200000000e+02,9.4000000000e+01,2.6000000000e+01,1.1179077148e+01
3.7200000000e+02,9.4000000000e+01,2.7000000000e+01,1.8238420486e+01
3.7200000000e+02,9.4000000000e+01,2.8000000000e+01,2.9818845749e+01
3.7200000000e+02,9.4000000000e+01,2.9000000000e+01,4.8834552765e+01
3.7200000000e+02,9.4000000000e+01,3.0000000000e+01,8.0067085266e+01
3.7200000000e+02,9.4000000000e+01,3.1000000000e+01,1.3140066528e+02
3.7200000000e+02,1.2100000000e+02,0.0000000000e+00,1.9993205070e+00
3.7200000000e+02,1.2100000000e+02,1.0000000000e+00,6.3164973259e-01
3.7200000000e+02,1.2100000000e+02,2.0000000000e+00,3.2776585221e-01
3.7200000000e+02,1.2100000000e+02,3.0000000000e+00,2.1363374591e-01
3.7200000000e+02,1.2100000000e+02,4.0000000000e+00,1.4798332751e-01
3.7200000000e+02,1.2100000000e+02,5.0000000000e+00,1.1416649818e-01
3.7200000000e+02,1.2100000000e+02,6.0000000000e+00,9.0170152485e-02
3.7200000000e+02,1.2100000000e+02,7.0000000000e+00,7.6784394681e-02
3.7200000000e+02,1.2100000000e+02,8.0000000000e+00,6.6090628505e-02
3.7200000000e+02,1.2100000000e+02,9.0000000000e+00,6.0138531029e-02
3.7200000000e+02,1.2100000000e+02,1.0000000000e+01,5.4869137704e-02
3.7200000000e+02,1.2100000000e+02,1.1000000000e+01,5.2147768438e-02
3.7200000000e+02,1.2100000000e+02,1.2000000000e+01,4.9431160092e-02
3.7200000000e+02,1.2100000000e+02,1.3000000000e+01,4.8298604786e-02
3.7200000000e+02,1.2100000000e+02,1.4000000000e+01,4.6929337084e-02
3.7200000000e+02,1.2100000000e+02,1.5000000000e+01,4.6686291695e-02
3.7200000000e+02,1.2100000000e+02,1.6000000000e+01,4.6129327267e-02
3.7200000000e+02,1.2100000000e+02,1.7000000000e+01,4.6487249434e-02
3.7200000000e+02,1.2100000000e+02,1.8000000000e+01,4.6524830163e-02
3.7200000000e+02,1.2100000000e+02,1.9000000000e+01,4.7410573810e-02
3.7200000000e+02,1.2100000000e+02,2.0000000000e+01,4.8010133207e-02
3.7200000000e+02,1.2100000000e+02,2.1000000000e+01,4.9499578774e-02
3.7200000000e+02,1.2100000000e+02,2.2000000000e+01,5.0776533782e-02
3.7200000000e+02,1.2100000000e+02,2.3000000000e+01,5.3093101829e-02
3.7200000000e+02,1.2100000000e+02,2.4000000000e+01,5.5330023170e-02
3.7200000000e+02,1.2100000000e+02,2.5000000000e+01,5.8892764151e-02
3.7200000000e+02,1.2100000000e+02,2.6000000000e+01,6.2611587346e-02
3.7200000000e+02,1.2100000000e+02,2.7000000000e+01,6.8142160773e-02
3.7200000000e+02,1.2100000000e+02,2.8000000000e+01,7.4248328805e-02
3.7200000000e+02,1.2100000000e+02,2.9000000000e+01,8.2968056202e-02
3.7200000000e+02,1.2100000000e+02,3.0000000000e+01,9.3010842800e-02
3.7200000000e+02,1.2100000000e+02,3.1000000000e+01,1.0698923469e-01
3.7200000000e+02,1.4900000000e+02,0.0000000000e+00,2.0010938644e+00
3.7200000000e+02,1.4900000000e+02,1.0000000000e+00,5.4754197598e-01
3.7200000000e+02,1.4900000000e+02,2.0000000000e+00,2.4825002253e-01
3.7200000000e+02,1.4900000000e+02,3.0000000000e+00,1.4999254048e-01
3.7200000000e+02,1.4900000000e+02,4.0000000000e+00,9.6099965274e-02
3.7200000000e+02,1.4900000000e+02,5.0000000000e+00,7.2812989354e-02
3.7200000000e+02,1.4900000000e+02,6.0000000000e+00,5.6392528117e-02
3.7200000000e+02,1.4900000000e+02,7.0000000000e+00,4.9153789878e-02
3.7200000000e+02,1.4900000000e+02,8.0000000000e+00,4.2996894568e-02
3.7200000000e+02,1.4900000000e+02,9.0000000000e+00,4.0545888245e-02
3.7200000000e+02,1.4900000000e+02,1.0000000000e+01,3.7939026952e-02
3.7200000000e+02,1.4900000000e+02,1.1000000000e+01,3.7139762193e-02
3.7200000000e+02,1.4900000000e+02,1.2000000000e+01,3.5933982581e-02
3.7200000000e+02,1.4900000000e+02,1.3000000000e+01,3.5744570196e-02
3.7200000000e+02,1.4900000000e+02,1.4000000000e+01,3.5146225244e-02
3.7200000000e+02,1.4900000000e+02,1.5000000000e+01,3.5187665373e-02
3.7200000000e+02,1.4900000000e+02,1.6000000000e+01,3.4877505153e-02
3.7200000000e+02,1.4900000000e+02,1.7000000000e+01,3.5008206964e-02
3.7200000000e+02,1.4900000000e+02,1.8000000000e+01,3.4852899611e-02
3.7200000000e+02,1.4900000000e+02,1.9000000000e+01,3.5024616867e-02
3.7200000000e+02,1.4900000000e+02,2.0000000000e+01,3.4971680492e-02
3.7200000000e+02,1.4900000000e+02,2.1000000000e+01,3.5177491605e-02
3.7200000000e+02,1.4900000000e+02,2.2000000000e+01,3.5215325654e-02
3.7200000000e+02,1.4900000000e+02,2.3000000000e+01,3.5471834242e-02
3.7200000000e+02,1.4900000000e+02,2.4000000000e+01,3.5616144538e-02
3.7200000000e+02,1.4900000000e+02,2.5000000000e+01,3.5960540175e-02
3.7200000000e+02,1.4900000000e+02,2.6000000000e+01,3.6253701895e-02
3.7200000000e+02,1.4900000000e+02,2.7000000000e+01,3.6749582738e-02
3.7200000000e+02,1.4900000000e+02,2.8000000000e+01,3.7269089371e-02
3.7200000000e+02,1.4900000000e+02,2.9000000000e+01,3.8020420820e-02
3.7200000000e+02,1.4900000000e+02,3.0000000000e+01,3.8896966726e-02
3.7200000000e+02,1.4900000000e+02,3.1000000000e+01,4.0072765201e-02
3.7200000000e+02,1.7700000000e+02,0.0000000000e+00,2.0090246201e+00
3.7200000000e+02,1.7700000000e+02,1.0000000000e+00,4.8008319736e-01
3.7200000000e+02,1.7700000000e+02,2.0000000000e+00,2.0051608980e-01
3.7200000000e+02,1.7700000000e+02,3.0000000000e+00,1.1164426059e-01
3.7200000000e+02,1.7700000000e+02,4.0000000000e+00,6.9561868906e-02
3.7200000000e+02,1.7700000000e+02,5.0000000000e+00,5.1422737539e-02
3.7200000000e+02,1.7700000000e+02,6.0000000000e+00,4.0688153356e-02
3.7200000000e+02,1.7700000000e+02,7.0000000000e+00,3.5770069808e-02
3.7200000000e+02,1.7700000000e+02,8.0000000000e+00,3.2437488437e-02
3.7200000000e+02,1.7700000000e+02,9.0000000000e+00,3.0943844467e-02
3.7200000000e+02,1.7700000000e+02,1.0000000000e+01,2.9802136123e-02
3.7200000000e+02,1.7700000000e+02,1.1000000000e+01,2.9330171645e-02
3.7200000000e+02,1.7700000000e+02,1.2000000000e+01,2.8919957578e-02
3.7200000000e+02,1.7700000000e+02,1.3000000000e+01,2.8772767633e-02
3.7200000000e+02,1.7700000000e+02,1.4000000000e+01,2.8625538573e-02
3.7200000000e+02,1.7700000000e+02,1.5000000000e+01,2.8582781553e-02
3.7200000000e+02,1.7700000000e+02,1.6000000000e+01,2.8534820303e-02
3.7200000000e+02,1.7700000000e+02,1.7000000000e+01,2.8524162248e-02
3.7200000000e+02,1.7700000000e+02,1.8000000000e+01,2.8514932841e-02
3.7200000000e+02,1.7700000000e+02,1.9000000000e+01,2.8512813151e-02
3.7200000000e+02,1.7700000000e+02,2.0000000000e+01,2.8519038111e-02
3.7200000000e+02,1.7700000000e+02,2.1000000000e+01,2.8518324718e-02
3.7200000000e+02,1.7700000000e+02,2.2000000000e+01,2.8530828655e-02
3.7200000000e+02,1.7700000000e+02,2.3000000000e+01,2.8529854491e-02
3.7200000000e+02,1.7700000000e+02,2.4000000000e+01,2.8544969857e-02
3.7200000000e+02,1.7700000000e+02,2.5000000000e+01,2.8543753549e-02
3.7200000000e+02,1.7700000000e+02,2.6000000000e+01,2.8560020030e-02
3.7200000000e+02,1.7700000000e+02,2.7000000000e+01,2.8558997437e-02
3.7200000000e+02,1.7700000000e+02,2.8000000000e+01,2.8575863689e-02
3.7200000000e+02,1.7700000000e+02,2.9000000000e+01,2.8575468808e-02
3.7200000000e+02,1.7700000000e+02,3.0000000000e+01,2.8592750430e-02
3.7200000000e+02,1.7700000000e+02,3.1000000000e+01,2.8593346477e-02
3.7200000000e+02,2.0500000000e+02,0.0000000000e+00,2.0069303513e+00
3.7200000000e+02,2.0500000000e+02,1.0000000000e+00,4.3119722605e-01
3.7200000000e+02,2.0500000000e+02,2.0000000000e+00,1.6400890052e-01
3.7200000000e+02,2.0500000000e+02,3.0000000000e+00,8.8015094399e-02
3.7200000000e+02,2.0500000000e+02,4.0000000000e+00,5.4470296949e-02
3.7200000000e+02,2.0500000000e+02,5.0000000000e+00,4.2034123093e-02
3.7200000000e+02,2.0500000000e+02,6.0000000000e+00,3.5017367452e-02
3.7200000000e+02,2.0500000000e+02,7.0000000000e+00,3.2508313656e-02
3.7200000000e+02,2.0500000000e+02,8.0000000000e+00,3.0741814524e-02
3.7200000000e+02,2.0500000000e+02,9.0000000000e+00,3.0282225460e-02
3.7200000000e+02,2.0500000000e+02,1.0000000000e+01,2.9791953042e-02
3.7200000000e+02,2.0500000000e+02,1.1000000000e+01,2.9778191820e-02
3.7200000000e+02,2.0500000000e+02,1.2000000000e+01,2.9630020261e-02
3.7200000000e+02,2.0500000000e+02,1.3000000000e+01,2.9695974663e-02
3.7200000000e+02,2.0500000000e+02,1.4000000000e+01,2.9643768445e-02
3.7200000000e+02,2.0500000000e+02,1.5000000000e+01,2.9707690701e-02
3.7200000000e+02,2.0500000000e+02,1.6000000000e+01,2.9682872817e-02
3.7200000000e+02,2.0500000000e+02,1.7000000000e+01,2.9731374234e-02
3.7200000000e+02,2.0500000000e+02,1.8000000000e+01,2.9714547098e-02
3.7200000000e+02,2.0500000000e+02,1.9000000000e+01,2.9749445617e-02
3.7200000000e+02,2.0500000000e+02,2.0000000000e+01,2.9735265300e-02
3.7200000000e+02,2.0500000000e+02,2.1000000000e+01,2.9760515317e-02
3.7200000000e+02,2.0500000000e+02,2.2000000000e+01,2.9747614637e-02
3.7200000000e+02,2.0500000000e+02,2.3000000000e+01,2.9766447842e-02
3.7200000000e+02,2.0500000000e+02,2.4000000000e+01,2.9754506424e-02
3.7200000000e+02,2.0500000000e+02,2.5000000000e+01,2.9769144952e-02
3.7200000000e+02,2.0500000000e+02,2.6000000000e+01,2.9758084565e-02
3.7200000000e+02,2.0500000000e+02,2.7000000000e+01,2.9769958928e-02
3.7200000000e+02,2.0500000000e+02,2.8000000000e+01,2.9759727418e-02
3.7200000000e+02,2.0500000000e+02,2.9000000000e+01,2.9769742861e-02
3.7200000000e+02,2.0500000000e+02,3.0000000000e+01,2.9760276899e-02
3.7200000000e+02,2.0500000000e+02,3.1000000000e+01,2.9769007117e-02
3.7200000000e+02,2.3300000000e+02,0.0000000000e+00,1.9941488504e+00
3.7200000000e+02,2.3300000000e+02,1.0000000000e+00,4.1760993004e-01
3.7200000000e+02,2.3300000000e+02,2.0000000000e+00,1.8119081855e-01
3.7200000000e+02,2.3300000000e+02,3.0000000000e+00,1.1835926771e-01
3.7200000000e+02,2.3300000000e+02,4.0000000000e+00,9.5316626132e-02
3.7200000000e+02,2.3300000000e+02,5.0000000000e+00,8.7299577892e-02
3.7200000000e+02,2.3300000000e+02,6.0000000000e+00,8.4161780775e-02
3.7200000000e+02,2.3300000000e+02,7.0000000000e+00,8.3273679018e-02
3.7200000000e+02,2.3300000000e+02,8.0000000000e+00,8.3124272525e-02
3.7200000000e+02,2.3300000000e+02,9.0000000000e+00,8.3309009671e-02
3.7200000000e+02,2.3300000000e+02,1.0000000000e+01,8.3562105894e-02
3.7200000000e+02,2.3300000000e+02,1.1000000000e+01,8.3819299936e-02
3.7200000000e+02,2.3300000000e+02,1.2000000000e+01,8.4041431546e-02
3.7200000000e+02,2.3300000000e+02,1.3000000000e+01,8.4224596620e-02
3.7200000000e+02,2.3300000000e+02,1.4000000000e+01,8.4369935095e-02
3.7200000000e+02,2.3300000000e+02,1.5000000000e+01,8.4483928978e-02
3.7200000000e+02,2.3300000000e+02,1.6000000000e+01,8.4571175277e-02
3.7200000000e+02,2.3300000000e+02,1.7000000000e+01,8.4639117122e-02
3.7200000000e+02,2.3300000000e+02,1.8000000000e+01,8.4689706564e-02
3.7200000000e+02,2.3300000000e+02,1.9000000000e+01,8.4729686379e-02
3.7200000000e+02,2.3300000000e+02,2.0000000000e+01,8.4758535028e-02
3.7200000000e+02,2.3300000000e+02,2.1000000000e+01,8.4782071412e-02
3.7200000000e+02,2.3300000000e+02,2.2000000000e+01,8.4798328578e-02
3.7200000000e+02,2.3300000000e+02,2.3000000000e+01,8.4812283516e-02
3.7200000000e+02,2.3300000000e+02,2.4000000000e+01,8.4821358323e-02
3.7200000000e+02,2.3300000000e+02,2.5000000000e+01,8.4829732776e-02
3.7200000000e+02,2.3300000000e+02,2.6000000000e+01,8.4834732115e-02
3.7200000000e+02,2.3300000000e+02,2.7000000000e+01,8.4839835763e-02
3.7200000000e+02,2.3300000000e+02,2.8000000000e+01,8.4842517972e-02
3.7200000000e+02,2.3300000000e+02,2.9000000000e+01,8.4845699370e-02
3.7200000000e+02,2.3300000000e+02,3.0000000000e+01,8.4847085178e-02
3.7200000000e+02,2.3300000000e+02,3.1000000000e+01,8.4849096835e-02
3.7200000000e+02,2.6100000000e+02,0.0000000000e+00,1.9962369204e+00
3.7200000000e+02,2.6100000000e+02,1.0000000000e+00,3.8988855481e-01
3.7200000000e+02,2.6100000000e+02,2.0000000000e+00,1.6410617530e-01
3.7200000000e+02,2.6100000000e+02,3.0000000000e+00,1.0702803731e-01
3.7200000000e+02,2.6100000000e+02,4.0000000000e+00,8.8053882122e-02
3.7200000000e+02,2.6100000000e+02,5.0000000000e+00,8.1938490272e-02
3.7200000000e+02,2.6100000000e+02,6.0000000000e+00,7.9937398434e-02
3.7200000000e+02,2.6100000000e+02,7.0000000000e+00,7.9544983804e-02
3.7200000000e+02,2.6100000000e+02,8.0000000000e+00,7.9653032124e-02
3.7200000000e+02,2.6100000000e+02,9.0000000000e+00,7.9922527075e-02
3.7200000000e+02,2.6100000000e+02,1.0000000000e+01,8.0194920301e-02
3.7200000000e+02,2.6100000000e+02,1.1000000000e+01,8.0432631075e-02
3.7200000000e+02,2.6100000000e+02,1.2000000000e+01,8.0622553825e-02
3.7200000000e+02,2.6100000000e+02,1.3000000000e+01,8.0769509077e-02
3.7200000000e+02,2.6100000000e+02,1.4000000000e+01,8.0881163478e-02
3.7200000000e+02,2.6100000000e+02,1.5000000000e+01,8.0964125693e-02
3.7200000000e+02,2.6100000000e+02,1.6000000000e+01,8.1026583910e-02
3.7200000000e+02,2.6100000000e+02,1.7000000000e+01,8.1071905792e-02
3.7200000000e+02,2.6100000000e+02,1.8000000000e+01,8.1106357276e-02
3.7200000000e+02,2.6100000000e+02,1.9000000000e+01,8.1130743027e-02
3.7200000000e+02,2.6100000000e+02,2.0000000000e+01,8.1149771810e-02
3.7200000000e+02,2.6100000000e+02,2.1000000000e+01,8.1162780523e-02
3.7200000000e+02,2.6100000000e+02,2.2000000000e+01,8.1173375249e-02
3.7200000000e+02,2.6100000000e+02,2.3000000000e+01,8.1180237234e-02
3.7200000000e+02,2.6100000000e+02,2.4000000000e+01,8.1186227500e-02
3.7200000000e+02,2.6100000000e+02,2.5000000000e+01,8.1189811230e-02
3.7200000000e+02,2.6100000000e+02,2.6000000000e+01,8.1193238497e-02
3.7200000000e+02,2.6100000000e+02,2.7000000000e+01,8.1195056438e-02
3.7200000000e+02,2.6100000000e+02,2.8000000000e+01,8.1197097898e-02
3.7200000000e+02,2.6100000000e+02,2.9000000000e+01,8.1197962165e-02
3.7200000000e+02,2.6100000000e+02,3.0000000000e+01,8.1199198961e-02
3.7200000000e+02,2.6100000000e+02,3.1000000000e+01,8.1199571490e-02
3.7200000000e+02,2.8900000000e+02,0.0000000000e+00,2.0093863010e+00
3.7200000000e+02,2.8900000000e+02,1.0000000000e+00,3.6192783713e-01
3.7200000000e+02,2.8900000000e+02,2.0000000000e+00,1.4559136331e-01
3.7200000000e+02,2.8900000000e+02,3.0000000000e+00,9.6779420972e-02
3.7200000000e+02,2.8900000000e+02,4.0000000000e+00,8.1373192370e-02
3.7200000000e+02,2.8900000000e+02,5.0000000000e+00,7.7236652374e-02
3.7200000000e+02,2.8900000000e+02,6.0000000000e+00,7.5992278755e-02
3.7200000000e+02,2.8900000000e+02,7.0000000000e+00,7.5950682163e-02
3.7200000000e+02,2.8900000000e+02,8.0000000000e+00,7.6125584543e-02
3.7200000000e+02,2.8900000000e+02,9.0000000000e+00,7.6377838850e-02
3.7200000000e+02,2.8900000000e+02,1.0000000000e+01,7.6582945883e-02
3.7200000000e+02,2.8900000000e+02,1.1000000000e+01,7.6747871935e-02
3.7200000000e+02,2.8900000000e+02,1.2000000000e+01,7.6867699623e-02
3.7200000000e+02,2.8900000000e+02,1.3000000000e+01,7.6954573393e-02
3.7200000000e+02,2.8900000000e+02,1.4000000000e+01,7.7016294003e-02
3.7200000000e+02,2.8900000000e+02,1.5000000000e+01,7.7059604228e-02
3.7200000000e+02,2.8900000000e+02,1.6000000000e+01,7.7090218663e-02
3.7200000000e+02,2.8900000000e+02,1.7000000000e+01,7.7111527324e-02
3.7200000000e+02,2.8900000000e+02,1.8000000000e+01,7.7126532793e-02
3.7200000000e+02,2.8900000000e+02,1.9000000000e+01,7.7137038112e-02
3.7200000000e+02,2.8900000000e+02,2.0000000000e+01,7.7144376934e-02
3.7200000000e+02,2.8900000000e+02,2.1000000000e+01,7.7149607241e-02
3.7200000000e+02,2.8900000000e+02,2.2000000000e+01,7.7153176069e-02
3.7200000000e+02,2.8900000000e+02,2.3000000000e+01,7.7155828476e-02
3.7200000000e+02,2.8900000000e+02,2.4000000000e+01,7.7157542109e-02
3.7200000000e+02,2.8900000000e+02,2.5000000000e+01,7.7158927917e-02
3.7200000000e+02,2.8900000000e+02,2.6000000000e+01,7.7159725130e-02
3.7200000000e+02,2.8900000000e+02,2.7000000000e+01,7.7160470188e-02
3.7200000000e+02,2.8900000000e+02,2.8000000000e+01,7.7160827816e-02
3.7200000000e+02,2.8900000000e+02,2.9000000000e+01,7.7161237597e-02
3.7200000000e+02,2.8900000000e+02,3.0000000000e+01,7.7161379158e-02
3.7200000000e+02,2.8900000000e+02,3.1000000000e+01,7.7161639929e-02
3.7200000000e+02,3.1600000000e+02,0.0000000000e+00,1.9867802858e+00
3.7200000000e+02,3.1600000000e+02,1.0000000000e+00,2.9711988568e-01
3.7200000000e+02,3.1600000000e+02,2.0000000000e+00,8.7563350797e-02
3.7200000000e+02,3.1600000000e+02,3.0000000000e+00,3.9585337043e-02
3.7200000000e+02,3.1600000000e+02,4.0000000000e+00,2.4996781722e-02
3.7200000000e+02,3.1600000000e+02,5.0000000000e+00,2.0400922745e-02
3.7200000000e+02,3.1600000000e+02,6.0000000000e+00,1.8790235743e-02
3.7200000000e+02,3.1600000000e+02,7.0000000000e+00,1.8262704834e-02
3.7200000000e+02,3.1600000000e+02,8.0000000000e+00,1.8082257360e-02
3.7200000000e+02,3.1600000000e+02,9.0000000000e+00,1.8038801849e-02
3.7200000000e+02,3.1600000000e+02,1.0000000000e+01,1.8030311912e-02
3.7200000000e+02,3.1600000000e+02,1.1000000000e+01,1.8039073795e-02
3.7200000000e+02,3.1600000000e+02,1.2000000000e+01,1.8045328557e-02
3.7200000000e+02,3.1600000000e+02,1.3000000000e+01,1.8053814769e-02
3.7200000000e+02,3.1600000000e+02,1.4000000000e+01,1.8057743087e-02
3.7200000000e+02,3.1600000000e+02,1.5000000000e+01,1.8062394112e-02
3.7200000000e+02,3.1600000000e+02,1.6000000000e+01,1.8064089119e-02
3.7200000000e+02,3.1600000000e+02,1.7000000000e+01,1.8066391349e-02
3.7200000000e+02,3.1600000000e+02,1.8000000000e+01,1.8067011610e-02
3.7200000000e+02,3.1600000000e+02,1.9000000000e+01,1.8068125471e-02
3.7200000000e+02,3.1600000000e+02,2.0000000000e+01,1.8068319187e-02
3.7200000000e+02,3.1600000000e+02,2.1000000000e+01,1.8068861216e-02
3.7200000000e+02,3.1600000000e+02,2.2000000000e+01,1.8068902194e-02
3.7200000000e+02,3.1600000000e+02,2.3000000000e+01,1.8069166690e-02
3.7200000000e+02,3.1600000000e+02,2.4000000000e+01,1.8069164827e-02
3.7200000000e+02,3.1600000000e+02,2.5000000000e+01,1.8069293350e-02
3.7200000000e+02,3.1600000000e+02,2.6000000000e+01,1.8069282174e-02
3.7200000000e+02,3.1600000000e+02,2.7000000000e+01,1.8069341779e-02
3.7200000000e+02,3.1600000000e+02,2.8000000000e+01,1.8069334328e-02
3.7200000000e+02,3.1600000000e+02,2.9000000000e+01,1.8069364130e-02
3.7200000000e+02,3.1600000000e+02,3.0000000000e+01,1.8069362268e-02
3.7200000000e+02,3.1600000000e+02,3.1000000000e+01,1.8069371581e-02
3.7200000000e+02,3.4400000000e+02,0.0000000000e+00,1.9999369383e+00
3.7200000000e+02,3.4400000000e+02,1.0000000000e+00,3.1817388535e-01
3.7200000000e+02,3.4400000000e+02,2.0000000000e+00,1.2326839566e-01
3.7200000000e+02,3.4400000000e+02,3.0000000000e+00,8.4614805877e-02
3.7200000000e+02,3.4400000000e+02,4.0000000000e+00,7.4097946286e-02
3.7200000000e+02,3.4400000000e+02,5.0000000000e+00,7.1876697242e-02
3.7200000000e+02,3.4400000000e+02,6.0000000000e+00,7.1435451508e-02
3.7200000000e+02,3.4400000000e+02,7.0000000000e+00,7.1645334363e-02
3.7200000000e+02,3.4400000000e+02,8.0000000000e+00,7.1862652898e-02
3.7200000000e+02,3.4400000000e+02,9.0000000000e+00,7.2082504630e-02
3.7200000000e+02,3.4400000000e+02,1.0000000000e+01,7.2226271033e-02
3.7200000000e+02,3.4400000000e+02,1.1000000000e+01,7.2337046266e-02
3.7200000000e+02,3.4400000000e+02,1.2000000000e+01,7.2405964136e-02
3.7200000000e+02,3.4400000000e+02,1.3000000000e+01,7.2455786169e-02
3.7200000000e+02,3.4400000000e+02,1.4000000000e+01,7.2486691177e-02
3.7200000000e+02,3.4400000000e+02,1.5000000000e+01,7.2508506477e-02
3.7200000000e+02,3.4400000000e+02,1.6000000000e+01,7.2522170842e-02
3.7200000000e+02,3.4400000000e+02,1.7000000000e+01,7.2531677783e-02
3.7200000000e+02,3.4400000000e+02,1.8000000000e+01,7.2537750006e-02
3.7200000000e+02,3.4400000000e+02,1.9000000000e+01,7.2541892529e-02
3.7200000000e+02,3.4400000000e+02,2.0000000000e+01,7.2544611990e-02
3.7200000000e+02,3.4400000000e+02,2.1000000000e+01,7.2546437383e-02
3.7200000000e+02,3.4400000000e+02,2.2000000000e+01,7.2547651827e-02
3.7200000000e+02,3.4400000000e+02,2.3000000000e+01,7.2548456490e-02
3.7200000000e+02,3.4400000000e+02,2.4000000000e+01,7.2549022734e-02
3.7200000000e+02,3.4400000000e+02,2.5000000000e+01,7.2549372911e-02
3.7200000000e+02,3.4400000000e+02,2.6000000000e+01,7.2549641132e-02
3.7200000000e+02,3.4400000000e+02,2.7000000000e+01,7.2549790144e-02
3.7200000000e+02,3.4400000000e+02,2.8000000000e+01,7.2549909353e-02
3.7200000000e+02,3.4400000000e+02,2.9000000000e+01,7.2549983859e-02
3.7200000000e+02,3.4400000000e+02,3.0000000000e+01,7.2550036013e-02
3.7200000000e+02,3.4400000000e+02,3.1000000000e+01,7.2550058365e-02
3.7200000000e+02,3.7200000000e+02,0.0000000000e+00,1.9967300892e+00
3.7200000000e+02,3.7200000000e+02,1.0000000000e+00,3.0037540197e-01
3.7200000000e+02,3.7200000000e+02,2.0000000000e+00,1.1482769251e-01
3.7200000000e+02,3.7200000000e+02,3.0000000000e+00,8.1539392471e-02
3.7200000000e+02,3.7200000000e+02,4.0000000000e+00,7.3159351945e-02
3.7200000000e+02,3.7200000000e+02,5.0000000000e+00,7.1930602193e-02
3.7200000000e+02,3.7200000000e+02,6.0000000000e+00,7.1844570339e-02
3.7200000000e+02,3.7200000000e+02,7.0000000000e+00,7.2196476161e-02
3.7200000000e+02,3.7200000000e+02,8.0000000000e+00,7.2442248464e-02
3.7200000000e+02,3.7200000000e+02,9.0000000000e+00,7.2658739984e-02
3.7200000000e+02,3.7200000000e+02,1.0000000000e+01,7.2784841061e-02
3.7200000000e+02,3.7200000000e+02,1.1000000000e+01,7.2877869010e-02
3.7200000000e+02,3.7200000000e+02,1.2000000000e+01,7.2931051254e-02
3.7200000000e+02,3.7200000000e+02,1.3000000000e+01,7.2968497872e-02
3.7200000000e+02,3.7200000000e+02,1.4000000000e+01,7.2990089655e-02
3.7200000000e+02,3.7200000000e+02,1.5000000000e+01,7.3004990816e-02
3.7200000000e+02,3.7200000000e+02,1.6000000000e+01,7.3013760149e-02
3.7200000000e+02,3.7200000000e+02,1.7000000000e+01,7.3019698262e-02
3.7200000000e+02,3.7200000000e+02,1.8000000000e+01,7.3023296893e-02
3.7200000000e+02,3.7200000000e+02,1.9000000000e+01,7.3025658727e-02
3.7200000000e+02,3.7200000000e+02,2.0000000000e+01,7.3027178645e-02
3.7200000000e+02,3.7200000000e+02,2.1000000000e+01,7.3028109968e-02
3.7200000000e+02,3.7200000000e+02,2.2000000000e+01,7.3028758168e-02
3.7200000000e+02,3.7200000000e+02,2.3000000000e+01,7.3029130697e-02
3.7200000000e+02,3.7200000000e+02,2.4000000000e+01,7.3029406369e-02
3.7200000000e+02,3.7200000000e+02,2.5000000000e+01,7.3029555380e-02
3.7200000000e+02,3.7200000000e+02,2.6000000000e+01,7.3029682040e-02
3.7200000000e+02,3.7200000000e+02,2.7000000000e+01,7.3029726744e-02
3.7200000000e+02,3.7200000000e+02,2.8000000000e+01,7.3029801250e-02
3.7200000000e+02,3.7200000000e+02,2.9000000000e+01,7.3029816151e-02
3.7200000000e+02,3.7200000000e+02,3.0000000000e+01,7.3029845953e-02
3.7200000000e+02,3.7200000000e+02,3.1000000000e+01,7.3029845953e-02
3.7200000000e+02,4.0000000000e+02,0.0000000000e+00,2.0039167404e+00
3.7200000000e+02,4.0000000000e+02,1.0000000000e+00,2.8435531259e-01
3.7200000000e+02,4.0000000000e+02,2.0000000000e+00,1.0740637779e-01
3.7200000000e+02,4.0000000000e+02,3.0000000000e+00,7.6296903193e-02
3.7200000000e+02,4.0000000000e+02,4.0000000000e+00,6.9043315947e-02
3.7200000000e+02,4.0000000000e+02,5.0000000000e+00,6.7866653204e-02
3.7200000000e+02,4.0000000000e+02,6.0000000000e+00,6.7790344357e-02
3.7200000000e+02,4.0000000000e+02,7.0000000000e+00,6.8012610078e-02
3.7200000000e+02,4.0000000000e+02,8.0000000000e+00,6.8188861012e-02
3.7200000000e+02,4.0000000000e+02,9.0000000000e+00,6.8325832486e-02
3.7200000000e+02,4.0000000000e+02,1.0000000000e+01,6.8410709500e-02
3.7200000000e+02,4.0000000000e+02,1.1000000000e+01,6.8465992808e-02
3.7200000000e+02,4.0000000000e+02,1.2000000000e+01,6.8499684334e-02
3.7200000000e+02,4.0000000000e+02,1.3000000000e+01,6.8520456553e-02
3.7200000000e+02,4.0000000000e+02,1.4000000000e+01,6.8533368409e-02
3.7200000000e+02,4.0000000000e+02,1.5000000000e+01,6.8541079760e-02
3.7200000000e+02,4.0000000000e+02,1.6000000000e+01,6.8546019495e-02
3.7200000000e+02,4.0000000000e+02,1.7000000000e+01,6.8548887968e-02
3.7200000000e+02,4.0000000000e+02,1.8000000000e+01,6.8550810218e-02
3.7200000000e+02,4.0000000000e+02,1.9000000000e+01,6.8551883101e-02
3.7200000000e+02,4.0000000000e+02,2.0000000000e+01,6.8552628160e-02
3.7200000000e+02,4.0000000000e+02,2.1000000000e+01,6.8553037941e-02
3.7200000000e+02,4.0000000000e+02,2.2000000000e+01,6.8553335965e-02
3.7200000000e+02,4.0000000000e+02,2.3000000000e+01,6.8553484976e-02
3.7200000000e+02,4.0000000000e+02,2.4000000000e+01,6.8553604186e-02
3.7200000000e+02,4.0000000000e+02,2.5000000000e+01,6.8553663790e-02
3.7200000000e+02,4.0000000000e+02,2.6000000000e+01,6.8553708494e-02
3.7200000000e+02,4.0000000000e+02,2.7000000000e+01,6.8553730845e-02
3.7200000000e+02,4.0000000000e+02,2.8000000000e+01,6.8553753197e-02
3.7200000000e+02,4.0000000000e+02,2.9000000000e+01,6.8553760648e-02
3.7200000000e+02,4.0000000000e+02,3.0000000000e+01,6.8553768098e-02
3.7200000000e+02,4.0000000000e+02,3.1000000000e+01,6.8553775549e-02
4.0000000000e+02,1.0000000000e+01,0.0000000000e+00,2.0016937256e+00
4.0000000000e+02,1.0000000000e+01,1.0000000000e+00,1.8082188368e+00
4.0000000000e+02,1.0000000000e+01,2.0000000000e+00,1.7450144291e+00
4.0000000000e+02,1.0000000000e+01,3.0000000000e+00,1.7704427242e+00
4.0000000000e+02,1.0000000000e+01,4.0000000000e+00,1.7621601820e+00
4.0000000000e+02,1.0000000000e+01,5.0000000000e+00,1.7803587914e+00
4.0000000000e+02,1.0000000000e+01,6.0000000000e+00,1.7774121761e+00
4.0000000000e+02,1.0000000000e+01,7.0000000000e+00,1.7926720381e+00
4.0000000000e+02,1.0000000000e+01,8.0000000000e+00,1.7924506664e+00
4.0000000000e+02,1.0000000000e+01,9.0000000000e+00,1.8113155365e+00
4.0000000000e+02,1.0000000000e+01,1.0000000000e+01,1.8183691502e+00
4.0000000000e+02,1.0000000000e+01,1.1000000000e+01,1.8529192209e+00
4.0000000000e+02,1.0000000000e+01,1.2000000000e+01,1.8831433058e+00
4.0000000000e+02,1.0000000000e+01,1.3000000000e+01,1.9651095867e+00
4.0000000000e+02,1.0000000000e+01,1.4000000000e+01,2.0684659481e+00
4.0000000000e+02,1.0000000000e+01,1.5000000000e+01,2.2915296555e+00
4.0000000000e+02,1.0000000000e+01,1.6000000000e+01,2.6252944469e+00
4.0000000000e+02,1.0000000000e+01,1.7000000000e+01,3.2774162292e+00
4.0000000000e+02,1.0000000000e+01,1.8000000000e+01,4.3398132324e+00
4.0000000000e+02,1.0000000000e+01,1.9000000000e+01,6.3237218857e+00
4.0000000000e+02,1.0000000000e+01,2.0000000000e+01,9.7026596069e+00
4.0000000000e+02,1.0000000000e+01,2.1000000000e+01,1.5882879257e+01
4.0000000000e+02,1.0000000000e+01,2.2000000000e+01,2.6666471481e+01
4.0000000000e+02,1.0000000000e+01,2.3000000000e+01,4.6208358765e+01
4.0000000000e+02,1.0000000000e+01,2.4000000000e+01,8.0775245667e+01
4.0000000000e+02,1.0000000000e+01,2.5000000000e+01,1.4317991638e+02
4.0000000000e+02,1.0000000000e+01,2.6000000000e+01,2.5445541382e+02
4.0000000000e+02,1.0000000000e+01,2.7000000000e+01,4.5510430908e+02
4.0000000000e+02,1.0000000000e+01,2.8000000000e+01,8.1465728760e+02
4.0000000000e+02,1.0000000000e+01,2.9000000000e+01,1.4629954834e+03
4.0000000000e+02,1.0000000000e+01,3.0000000000e+01,2.6284963379e+03
4.0000000000e+02,1.0000000000e+01,3.1000000000e+01,4.7312075195e+03
4.0000000000e+02,3.8000000000e+01,0.0000000000e+00,1.9896974564e+00
4.0000000000e+02,3.8000000000e+01,1.0000000000e+00,1.2145850658e+00
4.0000000000e+02,3.8000000000e+01,2.0000000000e+00,9.8160558939e-01
4.0000000000e+02,3.8000000000e+01,3.0000000000e+00,9.0665382147e-01
4.0000000000e+02,3.8000000000e+01,4.0000000000e+00,8.3643341064e-01
4.0000000000e+02,3.8000000000e+01,5.0000000000e+00,8.1121170521e-01
4.0000000000e+02,3.8000000000e+01,6.0000000000e+00,7.7726411819e-01
4.0000000000e+02,3.8000000000e+01,7.0000000000e+00,7.7091991901e-01
4.0000000000e+02,3.8000000000e+01,8.0000000000e+00,7.5629860163e-01
4.0000000000e+02,3.8000000000e+01,9.0000000000e+00,7.6817226410e-01
4.0000000000e+02,3.8000000000e+01,1.0000000000e+01,7.7839529514e-01
4.0000000000e+02,3.8000000000e+01,1.1000000000e+01,8.2854008675e-01
4.0000000000e+02,3.8000000000e+01,1.2000000000e+01,9.0152496099e-01
4.0000000000e+02,3.8000000000e+01,1.3000000000e+01,1.0660351515e+00
4.0000000000e+02,3.8000000000e+01,1.4000000000e+01,1.3431911469e+00
4.0000000000e+02,3.8000000000e+01,1.5000000000e+01,1.8949104548e+00
4.0000000000e+02,3.8000000000e+01,1.6000000000e+01,2.8925008774e+00
4.0000000000e+02,3.8000000000e+01,1.7000000000e+01,4.8286142349e+00
4.0000000000e+02,3.8000000000e+01,1.8000000000e+01,8.4606943130e+00
4.0000000000e+02,3.8000000000e+01,1.9000000000e+01,1.5497164726e+01
4.0000000000e+02,3.8000000000e+01,2.0000000000e+01,2.8964035034e+01
4.0000000000e+02,3.8000000000e+01,2.1000000000e+01,5.5142448425e+01
4.0000000000e+02,3.8000000000e+01,2.2000000000e+01,1.0581895447e+02
4.0000000000e+02,3.8000000000e+01,2.3000000000e+01,2.0470751953e+02
4.0000000000e+02,3.8000000000e+01,2.4000000000e+01,3.9744927979e+02
4.0000000000e+02,3.8000000000e+01,2.5000000000e+01,7.7475512695e+02
4.0000000000e+02,3.8000000000e+01,2.6000000000e+01,1.5133105469e+03
4.0000000000e+02,3.8000000000e+01,2.7000000000e+01,2.9625917969e+03
4.0000000000e+02,3.8000000000e+01,2.8000000000e+01,5.8074184570e+03
4.0000000000e+02,3.8000000000e+01,2.9000000000e+01,1.1399945312e+04
4.0000000000e+02,3.8000000000e+01,3.0000000000e+01,2.2398400391e+04
4.0000000000e+02,3.8000000000e+01,3.1000000000e+01,4.4048718750e+04
4.0000000000e+02,6.6000000000e+01,0.0000000000e+00,2.0075683594e+00
4.0000000000e+02,6.6000000000e+01,1.0000000000e+00,9.2352253199e-01
4.0000000000e+02,6.6000000000e+01,2.0000000000e+00,6.3063472509e-01
4.0000000000e+02,6.6000000000e+01,3.0000000000e+00,5.0899732113e-01
4.0000000000e+02,6.6000000000e+01,4.0000000000e+00,4.2181101441e-01
4.0000000000e+02,6.6000000000e+01,5.0000000000e+00,3.7255251408e-01
4.0000000000e+02,6.6000000000e+01,6.0000000000e+00,3.2950466871e-01
4.0000000000e+02,6.6000000000e+01,7.0000000000e+00,3.0384123325e-01
4.0000000000e+02,6.6000000000e+01,8.0000000000e+00,2.7947607636e-01
4.0000000000e+02,6.6000000000e+01,9.0000000000e+00,2.6657444239e-01
4.0000000000e+02,6.6000000000e+01,1.0000000000e+01,2.5450879335e-01
4.0000000000e+02,6.6000000000e+01,1.1000000000e+01,2.5299632549e-01
4.0000000000e+02,6.6000000000e+01,1.2000000000e+01,2.5478440523e-01
4.0000000000e+02,6.6000000000e+01,1.3000000000e+01,2.7098330855e-01
4.0000000000e+02,6.6000000000e+01,1.4000000000e+01,2.9900369048e-01
4.0000000000e+02,6.6000000000e+01,1.5000000000e+01,3.5601559281e-01
4.0000000000e+02,6.6000000000e+01,1.6000000000e+01,4.5149201155e-01
4.0000000000e+02,6.6000000000e+01,1.7000000000e+01,6.2330490351e-01
4.0000000000e+02,6.6000000000e+01,1.8000000000e+01,9.1978853941e-01
4.0000000000e+02,6.6000000000e+01,1.9000000000e+01,1.4496134520e+00
4.0000000000e+02,6.6000000000e+01,2.0000000000e+01,2.3947536945e+00
4.0000000000e+02,6.6000000000e+01,2.1000000000e+01,4.1122636795e+00
4.0000000000e+02,6.6000000000e+01,2.2000000000e+01,7.2569017410e+00
4.0000000000e+02,6.6000000000e+01,2.3000000000e+01,1.3075042725e+01
4.0000000000e+02,6.6000000000e+01,2.4000000000e+01,2.3922626495e+01
4.0000000000e+02,6.6000000000e+01,2.5000000000e+01,4.4273105621e+01
4.0000000000e+02,6.6000000000e+01,2.6000000000e+01,8.2672134399e+01
4.0000000000e+02,6.6000000000e+01,2.7000000000e+01,1.5540289307e+02
4.0000000000e+02,6.6000000000e+01,2.8000000000e+01,2.9369863892e+02
4.0000000000e+02,6.6000000000e+01,2.9000000000e+01,5.5729364014e+02
4.0000000000e+02,6.6000000000e+01,3.0000000000e+01,1.0609814453e+03
4.0000000000e+02,6.6000000000e+01,3.1000000000e+01,2.0249185791e+03
4.0000000000e+02,9.4000000000e+01,0.0000000000e+00,1.9991608858e+00
4.0000000000e+02,9.4000000000e+01,1.0000000000e+00,7.4463862181e-01
4.0000000000e+02,9.4000000000e+01,2.0000000000e+00,4.3413460255e-01
4.0000000000e+02,9.4000000000e+01,3.0000000000e+00,3.1246057153e-01
4.0000000000e+02,9.4000000000e+01,4.0000000000e+00,2.3238140345e-01
4.0000000000e+02,9.4000000000e+01,5.0000000000e+00,1.8988274038e-01
4.0000000000e+02,9.4000000000e+01,6.0000000000e+00,1.5505051613e-01
4.0000000000e+02,9.4000000000e+01,7.0000000000e+00,1.3536566496e-01
4.0000000000e+02,9.4000000000e+01,8.0000000000e+00,1.1704500020e-01
4.0000000000e+02,9.4000000000e+01,9.0000000000e+00,1.0703594983e-01
4.0000000000e+02,9.4000000000e+01,1.0000000000e+01,9.6579067409e-02
4.0000000000e+02,9.4000000000e+01,1.1000000000e+01,9.1699406505e-02
4.0000000000e+02,9.4000000000e+01,1.2000000000e+01,8.5761927068e-02
4.0000000000e+02,9.4000000000e+01,1.3000000000e+01,8.4236793220e-02
4.0000000000e+02,9.4000000000e+01,1.4000000000e+01,8.1498689950e-02
4.0000000000e+02,9.4000000000e+01,1.5000000000e+01,8.2826271653e-02
4.0000000000e+02,9.4000000000e+01,1.6000000000e+01,8.3069749177e-02
4.0000000000e+02,9.4000000000e+01,1.7000000000e+01,8.7649911642e-02
4.0000000000e+02,9.4000000000e+01,1.8000000000e+01,9.1611839831e-02
4.0000000000e+02,9.4000000000e+01,1.9000000000e+01,1.0087804496e-01
4.0000000000e+02,9.4000000000e+01,2.0000000000e+01,1.1057121307e-01
4.0000000000e+02,9.4000000000e+01,2.1000000000e+01,1.2758380175e-01
4.0000000000e+02,9.4000000000e+01,2.2000000000e+01,1.4718039334e-01
4.0000000000e+02,9.4000000000e+01,2.3000000000e+01,1.7793279886e-01
4.0000000000e+02,9.4000000000e+01,2.4000000000e+01,2.1561470628e-01
4.0000000000e+02,9.4000000000e+01,2.5000000000e+01,2.7166926861e-01
4.0000000000e+02,9.4000000000e+01,2.6000000000e+01,3.4333845973e-01
4.0000000000e+02,9.4000000000e+01,2.7000000000e+01,4.4707861543e-01
4.0000000000e+02,9.4000000000e+01,2.8000000000e+01,5.8376538754e-01
4.0000000000e+02,9.4000000000e+01,2.9000000000e+01,7.7889102697e-01
4.0000000000e+02,9.4000000000e+01,3.0000000000e+01,1.0416141748e+00
4.0000000000e+02,9.4000000000e+01,3.1000000000e+01,1.4142516851e+00
4.0000000000e+02,1.2100000000e+02,0.0000000000e+00,1.9978442192e+00
4.0000000000e+02,1.2100000000e+02,1.0000000000e+00,6.2822586298e-01
4.0000000000e+02,1.2100000000e+02,2.0000000000e+00,3.2242542505e-01
4.0000000000e+02,1.2100000000e+02,3.0000000000e+00,2.0981155336e-01
4.0000000000e+02,1.2100000000e+02,4.0000000000e+00,1.4387613535e-01
4.0000000000e+02,1.2100000000e+02,5.0000000000e+00,1.1075855792e-01
4.0000000000e+02,1.2100000000e+02,6.0000000000e+00,8.6707785726e-02
4.0000000000e+02,1.2100000000e+02,7.0000000000e+00,7.3712155223e-02
4.0000000000e+02,1.2100000000e+02,8.0000000000e+00,6.3033431768e-02
4.0000000000e+02,1.2100000000e+02,9.0000000000e+00,5.7325839996e-02
4.0000000000e+02,1.2100000000e+02,1.0000000000e+01,5.2105374634e-02
4.0000000000e+02,1.2100000000e+02,1.1000000000e+01,4.9552716315e-02
4.0000000000e+02,1.2100000000e+02,1.2000000000e+01,4.6916618943e-02
4.0000000000e+02,1.2100000000e+02,1.3000000000e+01,4.5912191272e-02
4.0000000000e+02,1.2100000000e+02,1.4000000000e+01,4.4667772949e-02
4.0000000000e+02,1.2100000000e+02,1.5000000000e+01,4.4534064829e-02
4.0000000000e+02,1.2100000000e+02,1.6000000000e+01,4.4170569628e-02
4.0000000000e+02,1.2100000000e+02,1.7000000000e+01,4.4638454914e-02
4.0000000000e+02,1.2100000000e+02,1.8000000000e+01,4.4976361096e-02
4.0000000000e+02,1.2100000000e+02,1.9000000000e+01,4.5998625457e-02
4.0000000000e+02,1.2100000000e+02,2.0000000000e+01,4.7064885497e-02
4.0000000000e+02,1.2100000000e+02,2.1000000000e+01,4.8760592937e-02
4.0000000000e+02,1.2100000000e+02,2.2000000000e+01,5.0764422864e-02
4.0000000000e+02,1.2100000000e+02,2.3000000000e+01,5.3433191031e-02
4.0000000000e+02,1.2100000000e+02,2.4000000000e+01,5.6806858629e-02
4.0000000000e+02,1.2100000000e+02,2.5000000000e+01,6.1002068222e-02
4.0000000000e+02,1.2100000000e+02,2.6000000000e+01,6.6508091986e-02
4.0000000000e+02,1.2100000000e+02,2.7000000000e+01,7.3184698820e-02
4.0000000000e+02,1.2100000000e+02,2.8000000000e+01,8.2116082311e-02
4.0000000000e+02,1.2100000000e+02,2.9000000000e+01,9.2893153429e-02
4.0000000000e+02,1.2100000000e+02,3.0000000000e+01,1.0742232203e-01
4.0000000000e+02,1.2100000000e+02,3.1000000000e+01,1.2503598630e-01
4.0000000000e+02,1.4900000000e+02,0.0000000000e+00,2.0058357716e+00
4.0000000000e+02,1.4900000000e+02,1.0000000000e+00,5.4670363665e-01
4.0000000000e+02,1.4900000000e+02,2.0000000000e+00,2.5233146548e-01
4.0000000000e+02,1.4900000000e+02,3.0000000000e+00,1.5138649940e-01
4.0000000000e+02,1.4900000000e+02,4.0000000000e+00,9.7980886698e-02
4.0000000000e+02,1.4900000000e+02,5.0000000000e+00,7.3221124709e-02
4.0000000000e+02,1.4900000000e+02,6.0000000000e+00,5.6821230799e-02
4.0000000000e+02,1.4900000000e+02,7.0000000000e+00,4.8756435513e-02
4.0000000000e+02,1.4900000000e+02,8.0000000000e+00,4.2581375688e-02
4.0000000000e+02,1.4900000000e+02,9.0000000000e+00,3.9664212614e-02
4.0000000000e+02,1.4900000000e+02,1.0000000000e+01,3.7054825574e-02
4.0000000000e+02,1.4900000000e+02,1.1000000000e+01,3.5998553038e-02
4.0000000000e+02,1.4900000000e+02,1.2000000000e+01,3.4804277122e-02
4.0000000000e+02,1.4900000000e+02,1.3000000000e+01,3.4486252815e-02
4.0000000000e+02,1.4900000000e+02,1.4000000000e+01,3.3905062824e-02
4.0000000000e+02,1.4900000000e+02,1.5000000000e+01,3.3901613206e-02
4.0000000000e+02,1.4900000000e+02,1.6000000000e+01,3.3606581390e-02
4.0000000000e+02,1.4900000000e+02,1.7000000000e+01,3.3749654889e-02
4.0000000000e+02,1.4900000000e+02,1.8000000000e+01,3.3600032330e-02
4.0000000000e+02,1.4900000000e+02,1.9000000000e+01,3.3823039383e-02
4.0000000000e+02,1.4900000000e+02,2.0000000000e+01,3.3756941557e-02
4.0000000000e+02,1.4900000000e+02,2.1000000000e+01,3.4036152065e-02
4.0000000000e+02,1.4900000000e+02,2.2000000000e+01,3.4027419984e-02
4.0000000000e+02,1.4900000000e+02,2.3000000000e+01,3.4358419478e-02
4.0000000000e+02,1.4900000000e+02,2.4000000000e+01,3.4398384392e-02
4.0000000000e+02,1.4900000000e+02,2.5000000000e+01,3.4786369652e-02
4.0000000000e+02,1.4900000000e+02,2.6000000000e+01,3.4875888377e-02
4.0000000000e+02,1.4900000000e+02,2.7000000000e+01,3.5331822932e-02
4.0000000000e+02,1.4900000000e+02,2.8000000000e+01,3.5477973521e-02
4.0000000000e+02,1.4900000000e+02,2.9000000000e+01,3.6017257720e-02
4.0000000000e+02,1.4900000000e+02,3.0000000000e+01,3.6232143641e-02
4.0000000000e+02,1.4900000000e+02,3.1000000000e+01,3.6874610931e-02
4.0000000000e+02,1.7700000000e+02,0.0000000000e+00,2.0080304146e+00
4.0000000000e+02,1.7700000000e+02,1.0000000000e+00,4.7987127304e-01
4.0000000000e+02,1.7700000000e+02,2.0000000000e+00,1.9987551868e-01
4.0000000000e+02,1.7700000000e+02,3.0000000000e+00,1.1103472114e-01
4.0000000000e+02,1.7700000000e+02,4.0000000000e+00,6.9207094610e-02
4.0000000000e+02,1.7700000000e+02,5.0000000000e+00,5.1125604659e-02
4.0000000000e+02,1.7700000000e+02,6.0000000000e+00,4.0588684380e-02
4.0000000000e+02,1.7700000000e+02,7.0000000000e+00,3.5722911358e-02
4.0000000000e+02,1.7700000000e+02,8.0000000000e+00,3.2503101975e-02
4.0000000000e+02,1.7700000000e+02,9.0000000000e+00,3.1041033566e-02
4.0000000000e+02,1.7700000000e+02,1.0000000000e+01,2.9961425811e-02
4.0000000000e+02,1.7700000000e+02,1.1000000000e+01,2.9505496845e-02
4.0000000000e+02,1.7700000000e+02,1.2000000000e+01,2.9130032286e-02
4.0000000000e+02,1.7700000000e+02,1.3000000000e+01,2.8989609331e-02
4.0000000000e+02,1.7700000000e+02,1.4000000000e+01,2.8862170875e-02
4.0000000000e+02,1.7700000000e+02,1.5000000000e+01,2.8821066022e-02
4.0000000000e+02,1.7700000000e+02,1.6000000000e+01,2.8784293681e-02
4.0000000000e+02,1.7700000000e+02,1.7000000000e+01,2.8772624210e-02
4.0000000000e+02,1.7700000000e+02,1.8000000000e+01,2.8769297525e-02
4.0000000000e+02,1.7700000000e+02,1.9000000000e+01,2.8764851391e-02
4.0000000000e+02,1.7700000000e+02,2.0000000000e+01,2.8773492202e-02
4.0000000000e+02,1.7700000000e+02,2.1000000000e+01,2.8769906610e-02
4.0000000000e+02,1.7700000000e+02,2.2000000000e+01,2.8782323003e-02
4.0000000000e+02,1.7700000000e+02,2.3000000000e+01,2.8778338805e-02
4.0000000000e+02,1.7700000000e+02,2.4000000000e+01,2.8791442513e-02
4.0000000000e+02,1.7700000000e+02,2.5000000000e+01,2.8787298128e-02
4.0000000000e+02,1.7700000000e+02,2.6000000000e+01,2.8799964115e-02
4.0000000000e+02,1.7700000000e+02,2.7000000000e+01,2.8796192259e-02
4.0000000000e+02,1.7700000000e+02,2.8000000000e+01,2.8808061033e-02
4.0000000000e+02,1.7700000000e+02,2.9000000000e+01,2.8805145994e-02
4.0000000000e+02,1.7700000000e+02,3.0000000000e+01,2.8816146776e-02
4.0000000000e+02,1.7700000000e+02,3.1000000000e+01,2.8814442456e-02
4.0000000000e+02,2.0500000000e+02,0.0000000000e+00,2.0085129738e+00
4.0000000000e+02,2.0500000000e+02,1.0000000000e+00,4.6292981505e-01
4.0000000000e+02,2.0500000000e+02,2.0000000000e+00,2.0909446478e-01
4.0000000000e+02,2.0500000000e+02,3.0000000000e+00,1.3548852503e-01
4.0000000000e+02,2.0500000000e+02,4.0000000000e+00,1.0555424541e-01
4.0000000000e+02,2.0500000000e+02,5.0000000000e+00,9.4088606536e-02
4.0000000000e+02,2.0500000000e+02,6.0000000000e+00,8.8774368167e-02
4.0000000000e+02,2.0500000000e+02,7.0000000000e+00,8.6900860071e-02
4.0000000000e+02,2.0500000000e+02,8.0000000000e+00,8.6127594113e-02
4.0000000000e+02,2.0500000000e+02,9.0000000000e+00,8.6107045412e-02
4.0000000000e+02,2.0500000000e+02,1.0000000000e+01,8.6233794689e-02
4.0000000000e+02,2.0500000000e+02,1.1000000000e+01,8.6514070630e-02
4.0000000000e+02,2.0500000000e+02,1.2000000000e+01,8.6755633354e-02
4.0000000000e+02,2.0500000000e+02,1.3000000000e+01,8.7012223899e-02
4.0000000000e+02,2.0500000000e+02,1.4000000000e+01,8.7207622826e-02
4.0000000000e+02,2.0500000000e+02,1.5000000000e+01,8.7392061949e-02
4.0000000000e+02,2.0500000000e+02,1.6000000000e+01,8.7525375187e-02
4.0000000000e+02,2.0500000000e+02,1.7000000000e+01,8.7648503482e-02
4.0000000000e+02,2.0500000000e+02,1.8000000000e+01,8.7733440101e-02
4.0000000000e+02,2.0500000000e+02,1.9000000000e+01,8.7813585997e-02
4.0000000000e+02,2.0500000000e+02,2.0000000000e+01,8.7865658104e-02
4.0000000000e+02,2.0500000000e+02,2.1000000000e+01,8.7917618454e-02
4.0000000000e+02,2.0500000000e+02,2.2000000000e+01,8.7948523462e-02
4.0000000000e+02,2.0500000000e+02,2.3000000000e+01,8.7982475758e-02
4.0000000000e+02,2.0500000000e+02,2.4000000000e+01,8.8000133634e-02
4.0000000000e+02,2.0500000000e+02,2.5000000000e+01,8.8022679090e-02
4.0000000000e+02,2.0500000000e+02,2.6000000000e+01,8.8032133877e-02
4.0000000000e+02,2.0500000000e+02,2.7000000000e+01,8.8047467172e-02
4.0000000000e+02,2.0500000000e+02,2.8000000000e+01,8.8051930070e-02
4.0000000000e+02,2.0500000000e+02,2.9000000000e+01,8.8062688708e-02
4.0000000000e+02,2.0500000000e+02,3.0000000000e+01,8.8064111769e-02
4.0000000000e+02,2.0500000000e+02,3.1000000000e+01,8.8071942329e-02
4.0000000000e+02,2.3300000000e+02,0.0000000000e+00,1.9983917475e+00
4.0000000000e+02,2.3300000000e+02,1.0000000000e+00,3.8123321533e-01
4.0000000000e+02,2.3300000000e+02,2.0000000000e+00,1.3229542971e-01
4.0000000000e+02,2.3300000000e+02,3.0000000000e+00,6.5475344658e-02
4.0000000000e+02,2.3300000000e+02,4.0000000000e+00,3.8565509021e-02
4.0000000000e+02,2.3300000000e+02,5.0000000000e+00,2.9087681323e-02
4.0000000000e+02,2.3300000000e+02,6.0000000000e+00,2.4141112342e-02
4.0000000000e+02,2.3300000000e+02,7.0000000000e+00,2.2461192682e-02
4.0000000000e+02,2.3300000000e+02,8.0000000000e+00,2.1335639060e-02
4.0000000000e+02,2.3300000000e+02,9.0000000000e+00,2.1060694009e-02
4.0000000000e+02,2.3300000000e+02,1.0000000000e+01,2.0764958113e-02
4.0000000000e+02,2.3300000000e+02,1.1000000000e+01,2.0755978301e-02
4.0000000000e+02,2.3300000000e+02,1.2000000000e+01,2.0665340126e-02
4.0000000000e+02,2.3300000000e+02,1.3000000000e+01,2.0695960149e-02
4.0000000000e+02,2.3300000000e+02,1.4000000000e+01,2.0661765710e-02
4.0000000000e+02,2.3300000000e+02,1.5000000000e+01,2.0689021796e-02
4.0000000000e+02,2.3300000000e+02,1.6000000000e+01,2.0672550425e-02
4.0000000000e+02,2.3300000000e+02,1.7000000000e+01,2.0691426471e-02
4.0000000000e+02,2.3300000000e+02,1.8000000000e+01,2.0681688562e-02
4.0000000000e+02,2.3300000000e+02,1.9000000000e+01,2.0694022998e-02
4.0000000000e+02,2.3300000000e+02,2.0000000000e+01,2.0687505603e-02
4.0000000000e+02,2.3300000000e+02,2.1000000000e+01,2.0695528015e-02
4.0000000000e+02,2.3300000000e+02,2.2000000000e+01,2.0690890029e-02
4.0000000000e+02,2.3300000000e+02,2.3000000000e+01,2.0696192980e-02
4.0000000000e+02,2.3300000000e+02,2.4000000000e+01,2.0692802966e-02
4.0000000000e+02,2.3300000000e+02,2.5000000000e+01,2.0696390420e-02
4.0000000000e+02,2.3300000000e+02,2.6000000000e+01,2.0693868399e-02
4.0000000000e+02,2.3300000000e+02,2.7000000000e+01,2.0696366206e-02
4.0000000000e+02,2.3300000000e+02,2.8000000000e+01,2.0694471896e-02
4.0000000000e+02,2.3300000000e+02,2.9000000000e+01,2.0696252584e-02
4.0000000000e+02,2.3300000000e+02,3.0000000000e+01,2.0694818348e-02
4.0000000000e+02,2.3300000000e+02,3.1000000000e+01,2.0696116611e-02
4.0000000000e+02,2.6100000000e+02,0.0000000000e+00,2.0009706020e+00
4.0000000000e+02,2.6100000000e+02,1.0000000000e+00,3.8632851839e-01
4.0000000000e+02,2.6100000000e+02,2.0000000000e+00,1.6023613513e-01
4.0000000000e+02,2.6100000000e+02,3.0000000000e+00,1.0447517782e-01
4.0000000000e+02,2.6100000000e+02,4.0000000000e+00,8.5917666554e-02
4.0000000000e+02,2.6100000000e+02,5.0000000000e+00,8.0315820873e-02
4.0000000000e+02,2.6100000000e+02,6.0000000000e+00,7.8578658402e-02
4.0000000000e+02,2.6100000000e+02,7.0000000000e+00,7.8459784389e-02
4.0000000000e+02,2.6100000000e+02,8.0000000000e+00,7.8741088510e-02
4.0000000000e+02,2.6100000000e+02,9.0000000000e+00,7.9170405865e-02
4.0000000000e+02,2.6100000000e+02,1.0000000000e+01,7.9552680254e-02
4.0000000000e+02,2.6100000000e+02,1.1000000000e+01,7.9884693027e-02
4.0000000000e+02,2.6100000000e+02,1.2000000000e+01,8.0141872168e-02
4.0000000000e+02,2.6100000000e+02,1.3000000000e+01,8.0344267190e-02
4.0000000000e+02,2.6100000000e+02,1.4000000000e+01,8.0496132374e-02
4.0000000000e+02,2.6100000000e+02,1.5000000000e+01,8.0611586571e-02
4.0000000000e+02,2.6100000000e+02,1.6000000000e+01,8.0697670579e-02
4.0000000000e+02,2.6100000000e+02,1.7000000000e+01,8.0762080848e-02
4.0000000000e+02,2.6100000000e+02,1.8000000000e+01,8.0810248852e-02
4.0000000000e+02,2.6100000000e+02,1.9000000000e+01,8.0845922232e-02
4.0000000000e+02,2.6100000000e+02,2.0000000000e+01,8.0872796476e-02
4.0000000000e+02,2.6100000000e+02,2.1000000000e+01,8.0892533064e-02
4.0000000000e+02,2.6100000000e+02,2.2000000000e+01,8.0907553434e-02
4.0000000000e+02,2.6100000000e+02,2.3000000000e+01,8.0918490887e-02
4.0000000000e+02,2.6100000000e+02,2.4000000000e+01,8.0926932395e-02
4.0000000000e+02,2.6100000000e+02,2.5000000000e+01,8.0933004618e-02
4.0000000000e+02,2.6100000000e+02,2.6000000000e+01,8.0937772989e-02
4.0000000000e+02,2.6100000000e+02,2.7000000000e+01,8.0941148102e-02
4.0000000000e+02,2.6100000000e+02,2.8000000000e+01,8.0943860114e-02
4.0000000000e+02,2.6100000000e+02,2.9000000000e+01,8.0945745111e-02
4.0000000000e+02,2.6100000000e+02,3.0000000000e+01,8.0947279930e-02
4.0000000000e+02,2.6100000000e+02,3.1000000000e+01,8.0948337913e-02
4.0000000000e+02,2.8900000000e+02,0.0000000000e+00,2.0031871796e+00
4.0000000000e+02,2.8900000000e+02,1.0000000000e+00,3.5973200202e-01
4.0000000000e+02,2.8900000000e+02,2.0000000000e+00,1.4540258050e-01
4.0000000000e+02,2.8900000000e+02,3.0000000000e+00,9.6927136183e-02
4.0000000000e+02,2.8900000000e+02,4.0000000000e+00,8.1835880876e-02
4.0000000000e+02,2.8900000000e+02,5.0000000000e+00,7.7850714326e-02
4.0000000000e+02,2.8900000000e+02,6.0000000000e+00,7.6703302562e-02
4.0000000000e+02,2.8900000000e+02,7.0000000000e+00,7.6767690480e-02
4.0000000000e+02,2.8900000000e+02,8.0000000000e+00,7.6985590160e-02
4.0000000000e+02,2.8900000000e+02,9.0000000000e+00,7.7303238213e-02
4.0000000000e+02,2.8900000000e+02,1.0000000000e+01,7.7529817820e-02
4.0000000000e+02,2.8900000000e+02,1.1000000000e+01,7.7732078731e-02
4.0000000000e+02,2.8900000000e+02,1.2000000000e+01,7.7862843871e-02
4.0000000000e+02,2.8900000000e+02,1.3000000000e+01,7.7970303595e-02
4.0000000000e+02,2.8900000000e+02,1.4000000000e+01,7.8037492931e-02
4.0000000000e+02,2.8900000000e+02,1.5000000000e+01,7.8092031181e-02
4.0000000000e+02,2.8900000000e+02,1.6000000000e+01,7.8125305474e-02
4.0000000000e+02,2.8900000000e+02,1.7000000000e+01,7.8152760863e-02
4.0000000000e+02,2.8900000000e+02,1.8000000000e+01,7.8168973327e-02
4.0000000000e+02,2.8900000000e+02,1.9000000000e+01,7.8182876110e-02
4.0000000000e+02,2.8900000000e+02,2.0000000000e+01,7.8190721571e-02
4.0000000000e+02,2.8900000000e+02,2.1000000000e+01,7.8197866678e-02
4.0000000000e+02,2.8900000000e+02,2.2000000000e+01,7.8201591969e-02
4.0000000000e+02,2.8900000000e+02,2.3000000000e+01,7.8205332160e-02
4.0000000000e+02,2.8900000000e+02,2.4000000000e+01,7.8207075596e-02
4.0000000000e+02,2.8900000000e+02,2.5000000000e+01,7.8209064901e-02
4.0000000000e+02,2.8900000000e+02,2.6000000000e+01,7.8209854662e-02
4.0000000000e+02,2.8900000000e+02,2.7000000000e+01,7.8210957348e-02
4.0000000000e+02,2.8900000000e+02,2.8000000000e+01,7.8211277723e-02
4.0000000000e+02,2.8900000000e+02,2.9000000000e+01,7.8211903572e-02
4.0000000000e+02,2.8900000000e+02,3.0000000000e+01,7.8212007880e-02
4.0000000000e+02,2.8900000000e+02,3.1000000000e+01,7.8212380409e-02
4.0000000000e+02,3.1600000000e+02,0.0000000000e+00,2.0020904541e+00
4.0000000000e+02,3.1600000000e+02,1.0000000000e+00,3.3729392290e-01
4.0000000000e+02,3.1600000000e+02,2.0000000000e+00,1.3203787804e-01
4.0000000000e+02,3.1600000000e+02,3.0000000000e+00,8.9080676436e-02
4.0000000000e+02,3.1600000000e+02,4.0000000000e+00,7.6039522886e-02
4.0000000000e+02,3.1600000000e+02,5.0000000000e+00,7.3135986924e-02
4.0000000000e+02,3.1600000000e+02,6.0000000000e+00,7.2230368853e-02
4.0000000000e+02,3.1600000000e+02,7.0000000000e+00,7.2387829423e-02
4.0000000000e+02,3.1600000000e+02,8.0000000000e+00,7.2535745800e-02
4.0000000000e+02,3.1600000000e+02,9.0000000000e+00,7.2784841061e-02
4.0000000000e+02,3.1600000000e+02,1.0000000000e+01,7.2928488255e-02
4.0000000000e+02,3.1600000000e+02,1.1000000000e+01,7.3065087199e-02
4.0000000000e+02,3.1600000000e+02,1.2000000000e+01,7.3141708970e-02
4.0000000000e+02,3.1600000000e+02,1.3000000000e+01,7.3206923902e-02
4.0000000000e+02,3.1600000000e+02,1.4000000000e+01,7.3243491352e-02
4.0000000000e+02,3.1600000000e+02,1.5000000000e+01,7.3273628950e-02
4.0000000000e+02,3.1600000000e+02,1.6000000000e+01,7.3290556669e-02
4.0000000000e+02,3.1600000000e+02,1.7000000000e+01,7.3304459453e-02
4.0000000000e+02,3.1600000000e+02,1.8000000000e+01,7.3312230408e-02
4.0000000000e+02,3.1600000000e+02,1.9000000000e+01,7.3318690062e-02
4.0000000000e+02,3.1600000000e+02,2.0000000000e+01,7.3322251439e-02
4.0000000000e+02,3.1600000000e+02,2.1000000000e+01,7.3325283825e-02
4.0000000000e+02,3.1600000000e+02,2.2000000000e+01,7.3326930404e-02
4.0000000000e+02,3.1600000000e+02,2.3000000000e+01,7.3328368366e-02
4.0000000000e+02,3.1600000000e+02,2.4000000000e+01,7.3329128325e-02
4.0000000000e+02,3.1600000000e+02,2.5000000000e+01,7.3329821229e-02
4.0000000000e+02,3.1600000000e+02,2.6000000000e+01,7.3330171406e-02
4.0000000000e+02,3.1600000000e+02,2.7000000000e+01,7.3330506682e-02
4.0000000000e+02,3.1600000000e+02,2.8000000000e+01,7.3330670595e-02
4.0000000000e+02,3.1600000000e+02,2.9000000000e+01,7.3330834508e-02
4.0000000000e+02,3.1600000000e+02,3.0000000000e+01,7.3330909014e-02
4.0000000000e+02,3.1600000000e+02,3.1000000000e+01,7.3330990970e-02
4.0000000000e+02,3.4400000000e+02,0.0000000000e+00,1.9977116585e+00
4.0000000000e+02,3.4400000000e+02,1.0000000000e+00,3.1550377607e-01
4.0000000000e+02,3.4400000000e+02,2.0000000000e+00,1.2166567147e-01
4.0000000000e+02,3.4400000000e+02,3.0000000000e+00,8.3373397589e-02
4.0000000000e+02,3.4400000000e+02,4.0000000000e+00,7.3149509728e-02
4.0000000000e+02,3.4400000000e+02,5.0000000000e+00,7.1288131177e-02
4.0000000000e+02,3.4400000000e+02,6.0000000000e+00,7.1033179760e-02
4.0000000000e+02,3.4400000000e+02,7.0000000000e+00,7.1433648467e-02
4.0000000000e+02,3.4400000000e+02,8.0000000000e+00,7.1752063930e-02
4.0000000000e+02,3.4400000000e+02,9.0000000000e+00,7.2064310312e-02
4.0000000000e+02,3.4400000000e+02,1.0000000000e+01,7.2258800268e-02
4.0000000000e+02,3.4400000000e+02,1.1000000000e+01,7.2413437068e-02
4.0000000000e+02,3.4400000000e+02,1.2000000000e+01,7.2506859899e-02
4.0000000000e+02,3.4400000000e+02,1.3000000000e+01,7.2577431798e-02
4.0000000000e+02,3.4400000000e+02,1.4000000000e+01,7.2619944811e-02
4.0000000000e+02,3.4400000000e+02,1.5000000000e+01,7.2651609778e-02
4.0000000000e+02,3.4400000000e+02,1.6000000000e+01,7.2670713067e-02
4.0000000000e+02,3.4400000000e+02,1.7000000000e+01,7.2684936225e-02
4.0000000000e+02,3.4400000000e+02,1.8000000000e+01,7.2693519294e-02
4.0000000000e+02,3.4400000000e+02,1.9000000000e+01,7.2699964046e-02
4.0000000000e+02,3.4400000000e+02,2.0000000000e+01,7.2703823447e-02
4.0000000000e+02,3.4400000000e+02,2.1000000000e+01,7.2706758976e-02
4.0000000000e+02,3.4400000000e+02,2.2000000000e+01,7.2708517313e-02
4.0000000000e+02,3.4400000000e+02,2.3000000000e+01,7.2709858418e-02
4.0000000000e+02,3.4400000000e+02,2.4000000000e+01,7.2710663080e-02
4.0000000000e+02,3.4400000000e+02,2.5000000000e+01,7.2711288929e-02
4.0000000000e+02,3.4400000000e+02,2.6000000000e+01,7.2711661458e-02
4.0000000000e+02,3.4400000000e+02,2.7000000000e+01,7.2711952031e-02
4.0000000000e+02,3.4400000000e+02,2.8000000000e+01,7.2712115943e-02
4.0000000000e+02,3.4400000000e+02,2.9000000000e+01,7.2712257504e-02
4.0000000000e+02,3.4400000000e+02,3.0000000000e+01,7.2712332010e-02
4.0000000000e+02,3.4400000000e+02,3.1000000000e+01,7.2712391615e-02
4.0000000000e+02,3.7200000000e+02,0.0000000000e+00,2.0029740334e+00
4.0000000000e+02,3.7200000000e+02,1.0000000000e+00,2.9490104318e-01
4.0000000000e+02,3.7200000000e+02,2.0000000000e+00,1.1293166131e-01
4.0000000000e+02,3.7200000000e+02,3.0000000000e+00,7.6737120748e-02
4.0000000000e+02,3.7200000000e+02,4.0000000000e+00,6.8723008037e-02
4.0000000000e+02,3.7200000000e+02,5.0000000000e+00,6.6871277988e-02
4.0000000000e+02,3.7200000000e+02,6.0000000000e+00,6.6988646984e-02
4.0000000000e+02,3.7200000000e+02,7.0000000000e+00,6.7259147763e-02
4.0000000000e+02,3.7200000000e+02,8.0000000000e+00,6.7636892200e-02
4.0000000000e+02,3.7200000000e+02,9.0000000000e+00,6.7873120308e-02
4.0000000000e+02,3.7200000000e+02,1.0000000000e+01,6.8072900176e-02
4.0000000000e+02,3.7200000000e+02,1.1000000000e+01,6.8191230297e-02
4.0000000000e+02,3.7200000000e+02,1.2000000000e+01,6.8282075226e-02
4.0000000000e+02,3.7200000000e+02,1.3000000000e+01,6.8336002529e-02
4.0000000000e+02,3.7200000000e+02,1.4000000000e+01,6.8375982344e-02
4.0000000000e+02,3.7200000000e+02,1.5000000000e+01,6.8400010467e-02
4.0000000000e+02,3.7200000000e+02,1.6000000000e+01,6.8417534232e-02
4.0000000000e+02,3.7200000000e+02,1.7000000000e+01,6.8428203464e-02
4.0000000000e+02,3.7200000000e+02,1.8000000000e+01,6.8435907364e-02
4.0000000000e+02,3.7200000000e+02,1.9000000000e+01,6.8440660834e-02
4.0000000000e+02,3.7200000000e+02,2.0000000000e+01,6.8444080651e-02
4.0000000000e+02,3.7200000000e+02,2.1000000000e+01,6.8446211517e-02
4.0000000000e+02,3.7200000000e+02,2.2000000000e+01,6.8447731435e-02
4.0000000000e+02,3.7200000000e+02,2.3000000000e+01,6.8448692560e-02
4.0000000000e+02,3.7200000000e+02,2.4000000000e+01,6.8449378014e-02
4.0000000000e+02,3.7200000000e+02,2.5000000000e+01,6.8449817598e-02
4.0000000000e+02,3.7200000000e+02,2.6000000000e+01,6.8450115621e-02
4.0000000000e+02,3.7200000000e+02,2.7000000000e+01,6.8450316787e-02
4.0000000000e+02,3.7200000000e+02,2.8000000000e+01,6.8450450897e-02
4.0000000000e+02,3.7200000000e+02,2.9000000000e+01,6.8450540304e-02
4.0000000000e+02,3.7200000000e+02,3.0000000000e+01,6.8450599909e-02
4.0000000000e+02,3.7200000000e+02,3.1000000000e+01,6.8450652063e-02
4.0000000000e+02,4.0000000000e+02,0.0000000000e+00,2.0017225742e+00
4.0000000000e+02,4.0000000000e+02,1.0000000000e+00,2.8244745731e-01
4.0000000000e+02,4.0000000000e+02,2.0000000000e+00,1.0619640350e-01
4.0000000000e+02,4.0000000000e+02,3.0000000000e+00,7.5261533260e-02
4.0000000000e+02,4.0000000000e+02,4.0000000000e+00,6.8250894547e-02
4.0000000000e+02,4.0000000000e+02,5.0000000000e+00,6.7210972309e-02
4.0000000000e+02,4.0000000000e+02,6.0000000000e+00,6.7249834538e-02
4.0000000000e+02,4.0000000000e+02,7.0000000000e+00,6.7553095520e-02
4.0000000000e+02,4.0000000000e+02,8.0000000000e+00,6.7784443498e-02
4.0000000000e+02,4.0000000000e+02,9.0000000000e+00,6.7962713540e-02
4.0000000000e+02,4.0000000000e+02,1.0000000000e+01,6.8072453141e-02
4.0000000000e+02,4.0000000000e+02,1.1000000000e+01,6.8147130311e-02
4.0000000000e+02,4.0000000000e+02,1.2000000000e+01,6.8191617727e-02
4.0000000000e+02,4.0000000000e+02,1.3000000000e+01,6.8221136928e-02
4.0000000000e+02,4.0000000000e+02,1.4000000000e+01,6.8238638341e-02
4.0000000000e+02,4.0000000000e+02,1.5000000000e+01,6.8250216544e-02
4.0000000000e+02,4.0000000000e+02,1.6000000000e+01,6.8257093430e-02
4.0000000000e+02,4.0000000000e+02,1.7000000000e+01,6.8261668086e-02
4.0000000000e+02,4.0000000000e+02,1.8000000000e+01,6.8264387548e-02
4.0000000000e+02,4.0000000000e+02,1.9000000000e+01,6.8266205490e-02
4.0000000000e+02,4.0000000000e+02,2.0000000000e+01,6.8267285824e-02
4.0000000000e+02,4.0000000000e+02,2.1000000000e+01,6.8268023431e-02
4.0000000000e+02,4.0000000000e+02,2.2000000000e+01,6.8268455565e-02
4.0000000000e+02,4.0000000000e+02,2.3000000000e+01,6.8268761039e-02
4.0000000000e+02,4.0000000000e+02,2.4000000000e+01,6.8268932402e-02
4.0000000000e+02,4.0000000000e+02,2.5000000000e+01,6.8269059062e-02
4.0000000000e+02,4.0000000000e+02,2.6000000000e+01,6.8269126117e-02
4.0000000000e+02,4.0000000000e+02,2.7000000000e+01,6.8269170821e-02
4.0000000000e+02,4.0000000000e+02,2.8000000000e+01,6.8269208074e-02
4.0000000000e+02,4.0000000000e+02,2.9000000000e+01,6.8269222975e-02
4.0000000000e+02,4.0000000000e+02,3.0000000000e+01,6.8269237876e-02
4.0000000000e+02,4.0000000000e+02,3.1000000000e+01,6.8269252777e-02
